{"results": {"api.supers.time_createadd": {"result": [1.2799181253649294], "stats": [{"ci_99": [1.2586425254121423, 1.3230149736627936], "q_25": 1.262490704189986, "q_75": 1.2978555769659579, "min": 1.2586425254121423, "max": 1.3230149736627936, "mean": 1.283076648786664, "std": 0.02129820539001905, "repeat": 10, "number": 1}]}, "api.supers.time_createadd_to_dataset": {"result": [1.2099996604956686], "stats": [{"ci_99": [1.2016105195507407, 1.2310674665495753], "q_25": 1.2046004317235202, "q_75": 1.215249712811783, "min": 1.2016105195507407, "max": 1.2310674665495753, "mean": 1.2120037090033293, "std": 0.009089037107257012, "repeat": 10, "number": 1}]}, "api.supers.time_diff": null, "api.supers.time_diff_recursive": null, "api.supers.time_installr": {"result": [5.063580297399312], "stats": [{"ci_99": [3.8225388335995376, 6.304621761199086], "q_25": 5.0511698827613145, "q_75": 5.07599071203731, "min": 5.038759468123317, "max": 5.088401126675308, "mean": 5.063580297399312, "std": 0.024820829275995493, "repeat": 2, "number": 1}]}, "api.supers.time_ls": {"result": [0.1835357123054564], "stats": [{"ci_99": [0.17898848373442888, 0.18933171685785055], "q_25": 0.18194615188986063, "q_75": 0.18502546101808548, "min": 0.17898848373442888, "max": 0.18933171685785055, "mean": 0.18347130604088308, "std": 0.0028613691779549996, "repeat": 10, "number": 1}]}, "api.supers.time_ls_recursive": {"result": [1.777688158210367], "stats": [{"ci_99": [1.7692480562254786, 1.7923588193953037], "q_25": 1.7744670065585524, "q_75": 1.7805891893804073, "min": 1.7692480562254786, "max": 1.7923588193953037, "mean": 1.7782481694594026, "std": 0.006542684970245883, "repeat": 10, "number": 1}]}, "api.supers.time_ls_recursive_long_all": {"result": [1.9434883436188102], "stats": [{"ci_99": [1.9308542013168335, 1.9507185770198703], "q_25": 1.9375605885870755, "q_75": 1.9458897807635367, "min": 1.9308542013168335, "max": 1.9507185770198703, "mean": 1.9417018928797916, "std": 0.006718918169214579, "repeat": 8, "number": 1}]}, "api.supers.time_remove": null, "api.supers.time_status": {"result": [0.7241886202245951], "stats": [{"ci_99": [0.7205294510349631, 0.7303992575034499], "q_25": 0.7218902509193867, "q_75": 0.7261918422300369, "min": 0.7205294510349631, "max": 0.7303992575034499, "mean": 0.7243389979936182, "std": 0.002861856566870504, "repeat": 10, "number": 1}]}, "api.supers.time_status_recursive": {"result": [1.367387821432203], "stats": [{"ci_99": [1.3601387664675713, 1.3714607805013657], "q_25": 1.3647586712613702, "q_75": 1.3694633785635233, "min": 1.3601387664675713, "max": 1.3714607805013657, "mean": 1.3668774781748652, "std": 0.0034494015817937125, "repeat": 10, "number": 1}]}, "api.supers.time_subdatasets": {"result": [0.08599997265264392], "stats": [{"ci_99": [0.08049434423446655, 0.0902086729183793], "q_25": 0.08283156994730234, "q_75": 0.08725890656933188, "min": 0.08049434423446655, "max": 0.0902086729183793, "mean": 0.08532547187060117, "std": 0.0029874643369613763, "repeat": 10, "number": 1}]}, "api.supers.time_subdatasets_recursive": {"result": [0.41937115928158164], "stats": [{"ci_99": [0.4104031231254339, 0.42114945501089096], "q_25": 0.4141181046143174, "q_75": 0.42013272223994136, "min": 0.4104031231254339, "max": 0.42114945501089096, "mean": 0.41727028470486405, "std": 0.0038194993742314744, "repeat": 10, "number": 1}]}, "api.supers.time_subdatasets_recursive_first": {"result": [0.08302904246374965], "stats": [{"ci_99": [0.08071167953312397, 0.0885174609720707], "q_25": 0.08187156077474356, "q_75": 0.08593273931182921, "min": 0.08071167953312397, "max": 0.0885174609720707, "mean": 0.08385562486946582, "std": 0.0026667533762006305, "repeat": 10, "number": 1}]}, "api.supers.time_uninstall": {"result": [4.132678659167141], "stats": [{"ci_99": [4.122186725098288, 4.141653129294866], "q_25": 4.130863767117262, "q_75": 4.133734819246456, "min": 4.1260204911231995, "max": 4.136301899328828, "mean": 4.131919927196577, "std": 0.003716071446046027, "repeat": 4, "number": 1}]}, "repo.gitrepo.time_get_content_info": {"result": [0.01528430636972189], "stats": [{"ci_99": [0.014804239384829998, 0.017621704377233982], "q_25": 0.015001526568084955, "q_75": 0.016268612584099174, "min": 0.014804239384829998, "max": 0.017621704377233982, "mean": 0.015677998308092356, "std": 0.0008528893284196566, "repeat": 10, "number": 1}]}, "api.testds.time_create_test_dataset1": {"result": [0.6000761538743973], "stats": [{"ci_99": [0.5948836402967572, 0.6146365562453866], "q_25": 0.5983510273508728, "q_75": 0.603674279525876, "min": 0.5948836402967572, "max": 0.6146365562453866, "mean": 0.6022543221712112, "std": 0.005884595376468382, "repeat": 10, "number": 1}]}, "api.testds.time_create_test_dataset2x2": {"result": [3.685304847545922], "stats": [{"ci_99": [3.6375356132347756, 3.7342989447343475], "q_25": 3.678258344065398, "q_75": 3.6929637824650854, "min": 3.6609413446858525, "max": 3.71211807616055, "mean": 3.6859172789845616, "std": 0.01812647395018442, "repeat": 4, "number": 1}]}, "core.runner.time_echo": {"result": [0.0017862878739833832], "stats": [{"ci_99": [0.0017070503905415534, 0.0020331721752882004], "q_25": 0.0017113336827605963, "q_75": 0.0019254027400165796, "min": 0.0017070503905415534, "max": 0.0020331721752882004, "mean": 0.0018249346688389775, "std": 0.00012341768636292362, "repeat": 10, "number": 5}]}, "core.runner.time_echo_gitrunner": {"result": [0.0024261082522571086], "stats": [{"ci_99": [0.002125809155404568, 0.002856406755745411], "q_25": 0.0021371852140873674, "q_75": 0.002669424749910831, "min": 0.002125809155404568, "max": 0.002856406755745411, "mean": 0.002436675373464823, "std": 0.0002821150914299533, "repeat": 10, "number": 5}]}, "core.startup.time_help_np": {"result": [0.6045999433845282], "stats": [{"ci_99": [0.5295766955241561, 0.6368155432865024], "q_25": 0.5730017777532339, "q_75": 0.6163568708579987, "min": 0.5295766955241561, "max": 0.6368155432865024, "mean": 0.592967017646879, "std": 0.03592918044332375, "repeat": 10, "number": 1}]}, "core.startup.time_import": {"result": [0.1773172919638455], "stats": [{"ci_99": [0.11809522472321987, 0.20043119136244059], "q_25": 0.16378842503763735, "q_75": 0.1888248275499791, "min": 0.11809522472321987, "max": 0.20043119136244059, "mean": 0.1702968630939722, "std": 0.027788559535533747, "repeat": 10, "number": 1}]}, "core.startup.time_import_api": {"result": [0.5331292101182044], "stats": [{"ci_99": [0.4882887518033385, 0.5755958268418908], "q_25": 0.5190308599267155, "q_75": 0.5496375169605017, "min": 0.4882887518033385, "max": 0.5755958268418908, "mean": 0.5337028047069907, "std": 0.02463911953624208, "repeat": 10, "number": 1}]}, "support.path.get_parent_paths.time_allsubmods_toplevel": {"result": [0.007793189957737923], "stats": [{"ci_99": [0.006948268972337246, 0.008754849899560213], "q_25": 0.007338593597523868, "q_75": 0.008096054894849658, "min": 0.006948268972337246, "max": 0.008754849899560213, "mean": 0.007784774852916598, "std": 0.0006043341214350178, "repeat": 10, "number": 2}]}, "support.path.get_parent_paths.time_allsubmods_toplevel_only": {"result": [0.007284149993211031], "stats": [{"ci_99": [0.006465345621109009, 0.008271158207207918], "q_25": 0.006878180429339409, "q_75": 0.007628324558027089, "min": 0.006465345621109009, "max": 0.008271158207207918, "mean": 0.007295361161231995, "std": 0.0005655907266450769, "repeat": 10, "number": 2}]}, "support.path.get_parent_paths.time_no_submods": {"result": [3.12288800098153e-07], "stats": [{"ci_99": [2.7820250730481167e-07, 3.701647578778275e-07], "q_25": 2.939980947715196e-07, "q_75": 3.360534433709782e-07, "min": 2.7820250730481167e-07, "max": 3.701647578778275e-07, "mean": 3.1739538496790604e-07, "std": 2.8467336533992318e-08, "repeat": 10, "number": 32019}]}, "support.path.get_parent_paths.time_one_submod_subdir": {"result": [0.005413760896772146], "stats": [{"ci_99": [0.005323079880326986, 0.006397755350917578], "q_25": 0.005368040292523801,