{"results": {"api.supers.time_createadd": {"result": [0.9864594996906817], "stats": [{"ci_99": [0.9739961577579379, 1.018185413442552], "q_25": 0.9765339677687734, "q_75": 0.992902749683708, "min": 0.9739961577579379, "max": 1.018185413442552, "mean": 0.9874750009737909, "std": 0.012839790152673457, "repeat": 10, "number": 1}]}, "api.supers.time_createadd_to_dataset": {"result": [0.9836748582310975], "stats": [{"ci_99": [0.972301715053618, 0.9947846978902817], "q_25": 0.9785516683477908, "q_75": 0.9899589060805738, "min": 0.972301715053618, "max": 0.9947846978902817, "mean": 0.9837743313983083, "std": 0.00716733008419225, "repeat": 10, "number": 1}]}, "api.supers.time_diff": null, "api.supers.time_diff_recursive": null, "api.supers.time_installr": {"result": [4.0914776851423085], "stats": [{"ci_99": [4.021493721492341, 4.181613098625342], "q_25": 4.083793570753187, "q_75": 4.109237524447963, "min": 4.069871099665761, "max": 4.1533871702849865, "mean": 4.101553410058841, "std": 0.03127327610237008, "repeat": 4, "number": 1}]}, "api.supers.time_ls": {"result": [0.6921509485691786], "stats": [{"ci_99": [0.6813189005479217, 0.7125983741134405], "q_25": 0.6893136450089514, "q_75": 0.6936136125586927, "min": 0.6813189005479217, "max": 0.7125983741134405, "mean": 0.693516900204122, "std": 0.009434571833234724, "repeat": 10, "number": 1}]}, "api.supers.time_ls_recursive": {"result": [2.7875929321162403], "stats": [{"ci_99": [2.6787660071672716, 2.9046149791482376], "q_25": 2.737550610443577, "q_75": 2.838620158145204, "min": 2.710123307071626, "max": 2.8883347176015377, "mean": 2.791690493157754, "std": 0.0657879783316358, "repeat": 6, "number": 1}]}, "api.supers.time_ls_recursive_long_all": {"result": [2.944822800345719], "stats": [{"ci_99": [2.8275124847438926, 3.0608496860740586], "q_25": 2.8786774890031666, "q_75": 3.011010739253834, "min": 2.873028608970344, "max": 3.012709865346551, "mean": 2.944181085408976, "std": 0.06647329405771264, "repeat": 6, "number": 1}]}, "api.supers.time_remove": {"result": [2.073826464358717], "stats": [{"ci_99": [1.9988714521750808, 2.145833509042859], "q_25": 2.0295893081929535, "q_75": 2.1172889333683997, "min": 1.9988714521750808, "max": 2.145833509042859, "mean": 2.0745173478499055, "std": 0.0534456448926984, "repeat": 8, "number": 1}]}, "api.supers.time_status": {"result": [0.6871185936033726], "stats": [{"ci_99": [0.6836073622107506, 0.7011457337066531], "q_25": 0.6865036697126925, "q_75": 0.6913759720046073, "min": 0.6836073622107506, "max": 0.7011457337066531, "mean": 0.6890783408656717, "std": 0.004889498312904372, "repeat": 10, "number": 1}]}, "api.supers.time_status_recursive": {"result": [1.1449492378160357], "stats": [{"ci_99": [1.1297069042921066, 1.15716424677521], "q_25": 1.1409655846655369, "q_75": 1.1481385882943869, "min": 1.1297069042921066, "max": 1.15716424677521, "mean": 1.143681571446359, "std": 0.00747359899517374, "repeat": 10, "number": 1}]}, "api.supers.time_subdatasets": {"result": [0.06616337178274989], "stats": [{"ci_99": [0.06263237074017525, 0.0717104496434331], "q_25": 0.0650401774328202, "q_75": 0.06827423325739801, "min": 0.06263237074017525, "max": 0.0717104496434331, "mean": 0.06683751670643687, "std": 0.0027487769017100357, "repeat": 10, "number": 1}]}, "api.supers.time_subdatasets_recursive": {"result": [0.2445114846341312], "stats": [{"ci_99": [0.24158972688019276, 0.25067672692239285], "q_25": 0.24245258513838053, "q_75": 0.24690516479313374, "min": 0.24158972688019276, "max": 0.25067672692239285, "mean": 0.24504129886627196, "std": 0.002879113911178912, "repeat": 10, "number": 1}]}, "api.supers.time_subdatasets_recursive_first": {"result": [0.06618916196748614], "stats": [{"ci_99": [0.06236370746046305, 0.07352456171065569], "q_25": 0.06408417946659029, "q_75": 0.06788240233436227, "min": 0.06236370746046305, "max": 0.07352456171065569, "mean": 0.0665069448761642, "std": 0.003168874454698171, "repeat": 10, "number": 1}]}, "api.supers.time_uninstall": {"result": [1.9701797752641141], "stats": [{"ci_99": [1.9581851307302713, 2.002739883027971], "q_25": 1.9658053789753467, "q_75": 1.9749426131602377, "min": 1.9581851307302713, "max": 2.002739883027971, "mean": 1.9734859813470393, "std": 0.012871938587019177, "repeat": 8, "number": 1}]}, "repo.gitrepo.time_get_content_info": {"result": [0.02175158029422164], "stats": [{"ci_99": [0.017308883368968964, 0.024529102258384228], "q_25": 0.019499681191518903, "q_75": 0.02205483103170991, "min": 0.017308883368968964, "max": 0.024529102258384228, "mean": 0.02101696552708745, "std": 0.001981324272252871, "repeat": 10, "number": 1}]}, "api.testds.time_create_test_dataset1": {"result": [0.44026560988277197], "stats": [{"ci_99": [0.43217376433312893, 0.46607946138828993], "q_25": 0.4359027200844139, "q_75": 0.44641213049180806, "min": 0.43217376433312893, "max": 0.46607946138828993, "mean": 0.44245888851583004, "std": 0.00932851198994335, "repeat": 10, "number": 1}]}, "api.testds.time_create_test_dataset2x2": {"result": [2.780042882543057], "stats": [{"ci_99": [2.7453605326045363, 2.8153880106753304], "q_25": 2.7649093514773995, "q_75": 2.800236428854987, "min": 2.7518088361248374, "max": 2.8035185765475035, "mean": 2.7803742716399333, "std": 0.020261609572788723, "repeat": 6, "number": 1}]}, "core.runner.time_echo": {"result": [0.00196576991584152], "stats": [{"ci_99": [0.0017349445261061192, 0.002576060825958848], "q_25": 0.0017408626736141741, "q_75": 0.0022735641105100513, "min": 0.0017349445261061192, "max": 0.002576060825958848, "mean": 0.002035366138443351, "std": 0.00030956077730483797, "repeat": 10, "number": 4}]}, "core.runner.time_echo_gitrunner": {"result": [0.0023452882887795568], "stats": [{"ci_99": [0.0021282571833580732, 0.002726022619754076], "q_25": 0.002247719618026167, "q_75": 0.0025098726036958396, "min": 0.0021282571833580732, "max": 0.002726022619754076, "mean": 0.002384835761040449, "std": 0.00018723490031058627, "repeat": 10, "number": 4}]}, "core.startup.time_help_np": {"result": [0.5748211327008903], "stats": [{"ci_99": [0.5036988696083426, 0.6407709093764424], "q_25": 0.5593073696363717, "q_75": 0.6127276429906487, "min": 0.5036988696083426, "max": 0.6407709093764424, "mean": 0.581522454507649, "std": 0.03828574558049218, "repeat": 10, "number": 1}]}, "core.startup.time_import": {"result": [0.16762681351974607], "stats": [{"ci_99": [0.1429096506908536, 0.20938371308147907], "q_25": 0.15402709366753697, "q_75": 0.18586384947411716, "min": 0.1429096506908536, "max": 0.20938371308147907, "mean": 0.17033593384549023, "std": 0.02067532194152713, "repeat": 10, "number": 1}]}, "core.startup.time_import_api": {"result": [0.49250652780756354], "stats": [{"ci_99": [0.4449479803442955, 0.5695065325126052], "q_25": 0.45939351595006883, "q_75": 0.539373277919367, "min": 0.4449479803442955, "max": 0.5695065325126052, "mean": 0.501084070559591, "std": 0.045392078735446, "repeat": 10, "number": 1}]}, "support.path.get_parent_paths.time_allsubmods_toplevel": null, "support.path.get_parent_paths.time_allsubmods_toplevel_only": null, "support.path.get_parent_paths.time_no_submods": null, "support.path.get_parent_paths.time_one_submod_subdir": null, "support.path.get_parent_paths.time_one_submod_toplevel": null, "usecases.study_forrest.time_make_studyforrest_mockup": {"result": [26.959460380487144], "stats": [{"ci_99": [26.94961290154606, 26.969307859428227], "q_25": 26.959361905697733, "q_75": 26.959558855276555, "min": 26.959263430908322, "max": 26.959657330065966, "mean": 26.959460380487144, "std": 0.0001969495788216591, "repeat": 2, "number": 1}]}, "core.runner.track_overhead_100ms": 1.69, "core.runner.track_overhead_echo": 37.14, "core.runner.track_overhead_heavyout": 0.4, "core.runner.track_overhead_heavyout_online_process": 1.02, "core.runner.track_overhead_heavyout_online_through": 10.96}, "params": {"arch": "x86_64", "cpu": "Intel(R) Xeon(R) CPU E5-1607 v2 @ 3.00GHz", "machine": "drogon-neurodebian0.20200209.1",