{"results": {"api.supers.time_createadd": {"result": [1.26674783276394], "stats": [{"ci_99": [1.25816554389894, 1.2985851131379604], "q_25": 1.2637356370687485, "q_75": 1.2739630159921944, "min": 1.25816554389894, "max": 1.2985851131379604, "mean": 1.2702006604522467, "std": 0.011319870085972532, "repeat": 10, "number": 1}]}, "api.supers.time_createadd_to_dataset": {"result": [1.2188261654227972], "stats": [{"ci_99": [1.2050851583480835, 1.2291844971477985], "q_25": 1.2120618384797126, "q_75": 1.2264484574552625, "min": 1.2050851583480835, "max": 1.2291844971477985, "mean": 1.218690734449774, "std": 0.008040888789933105, "repeat": 10, "number": 1}]}, "api.supers.time_diff": null, "api.supers.time_diff_recursive": null, "api.supers.time_installr": {"result": [5.058535150717944], "stats": [{"ci_99": [4.522062916774303, 5.595007384661585], "q_25": 5.0531704283785075, "q_75": 5.06389987305738, "min": 5.047805706039071, "max": 5.069264595396817, "mean": 5.058535150717944, "std": 0.010729444678872824, "repeat": 2, "number": 1}]}, "api.supers.time_ls": {"result": [0.18292886950075626], "stats": [{"ci_99": [0.17827481869608164, 0.19716565869748592], "q_25": 0.1810117030981928, "q_75": 0.18717894447036088, "min": 0.17827481869608164, "max": 0.19716565869748592, "mean": 0.18470188761129974, "std": 0.005563134941051019, "repeat": 10, "number": 1}]}, "api.supers.time_ls_recursive": {"result": [1.7994083263911307], "stats": [{"ci_99": [1.7874450273811817, 1.8141294941306114], "q_25": 1.7919356185011566, "q_75": 1.8078698781318963, "min": 1.7874450273811817, "max": 1.8141294941306114, "mean": 1.8003994290716947, "std": 0.00932553307201549, "repeat": 10, "number": 1}]}, "api.supers.time_ls_recursive_long_all": {"result": [1.959104279987514], "stats": [{"ci_99": [1.9485159097239375, 1.966882573440671], "q_25": 1.9564155593980104, "q_75": 1.9641413434874266, "min": 1.9485159097239375, "max": 1.966882573440671, "mean": 1.959454037831165, "std": 0.005798775597033799, "repeat": 8, "number": 1}]}, "api.supers.time_remove": null, "api.supers.time_status": {"result": [0.7579084313474596], "stats": [{"ci_99": [0.7456626379862428, 0.7782414006069303], "q_25": 0.7528781606815755, "q_75": 0.7670850558206439, "min": 0.7456626379862428, "max": 0.7782414006069303, "mean": 0.7599444821476936, "std": 0.00926075844440878, "repeat": 10, "number": 1}]}, "api.supers.time_status_recursive": {"result": [1.3959752055816352], "stats": [{"ci_99": [1.382365825586021, 1.4130185190588236], "q_25": 1.3866022215224802, "q_75": 1.403348401421681, "min": 1.382365825586021, "max": 1.4130185190588236, "mean": 1.3962790268473326, "std": 0.010275085041597482, "repeat": 10, "number": 1}]}, "api.supers.time_subdatasets": {"result": [0.1079387036152184], "stats": [{"ci_99": [0.10562577471137047, 0.1143855769187212], "q_25": 0.10666376911103725, "q_75": 0.10958626656793058, "min": 0.10562577471137047, "max": 0.1143855769187212, "mean": 0.10859025083482265, "std": 0.002637595603760054, "repeat": 10, "number": 1}]}, "api.supers.time_subdatasets_recursive": {"result": [0.43986525293439627], "stats": [{"ci_99": [0.4327630205079913, 0.4478072468191385], "q_25": 0.43789260648190975, "q_75": 0.44259370560757816, "min": 0.4327630205079913, "max": 0.4478072468191385, "mean": 0.440301185939461, "std": 0.004525534016189124, "repeat": 10, "number": 1}]}, "api.supers.time_subdatasets_recursive_first": {"result": [0.1077585993334651], "stats": [{"ci_99": [0.10552019532769918, 0.11331771314144135], "q_25": 0.10724851745180786, "q_75": 0.11055702017620206, "min": 0.10552019532769918, "max": 0.11331771314144135, "mean": 0.108935911860317, "std": 0.002595473849065523, "repeat": 10, "number": 1}]}, "api.supers.time_uninstall": {"result": [4.170094868633896], "stats": [{"ci_99": [4.010520315304811, 4.333250244572347], "q_25": 4.117213230347261, "q_75": 4.224766918225214, "min": 4.115918468683958, "max": 4.231432913802564, "mean": 4.171885279938579, "std": 0.05519653865878681, "repeat": 4, "number": 1}]}, "repo.gitrepo.time_get_content_info": {"result": [0.015031650196760893], "stats": [{"ci_99": [0.014316143468022346, 0.01828655693680048], "q_25": 0.014668335672467947, "q_75": 0.015689340187236667, "min": 0.014316143468022346, "max": 0.01828655693680048, "mean": 0.015365382842719554, "std": 0.0011206763686825991, "repeat": 10, "number": 1}]}, "api.testds.time_create_test_dataset1": {"result": [0.6148144621402025], "stats": [{"ci_99": [0.590736991725862, 0.6206742711365223], "q_25": 0.5989797473885119, "q_75": 0.6170714560430497, "min": 0.590736991725862, "max": 0.6206742711365223, "mean": 0.6089682431891561, "std": 0.010414716102714716, "repeat": 10, "number": 1}]}, "api.testds.time_create_test_dataset2x2": {"result": [3.5757666737772524], "stats": [{"ci_99": [3.5263025422899457, 3.6208177621157436], "q_25": 3.5602288777008653, "q_75": 3.589097948279232, "min": 3.5525754345580935, "max": 3.59013182669878, "mean": 3.5735601522028446, "std": 0.01629434193599915, "repeat": 4, "number": 1}]}, "core.runner.time_echo": {"result": [0.0017202609063436587], "stats": [{"ci_99": [0.001703316190590461, 0.0019228700548410416], "q_25": 0.00170936012485375, "q_75": 0.0017226242925971746, "min": 0.001703316190590461, "max": 0.0019228700548410416, "mean": 0.001737553362424175, "std": 6.247145033707685e-05, "repeat": 10, "number": 6}]}, "core.runner.time_echo_gitrunner": {"result": [0.0021058879792690277], "stats": [{"ci_99": [0.002092471905052662, 0.0021135102957487105], "q_25": 0.0021032002754509446, "q_75": 0.0021070241928100586, "min": 0.002092471905052662, "max": 0.0021135102957487105, "mean": 0.0021050059422850604, "std": 5.456952054971358e-06, "repeat": 10, "number": 5}]}, "core.startup.time_help_np": {"result": [0.5627593863755465], "stats": [{"ci_99": [0.5182276852428913, 0.6325648371130228], "q_25": 0.5531891717109829, "q_75": 0.5832638130523264, "min": 0.5182276852428913, "max": 0.6325648371130228, "mean": 0.5690689056180418, "std": 0.03262342999056621, "repeat": 10, "number": 1}]}, "core.startup.time_import": {"result": [0.16050692833960056], "stats": [{"ci_99": [0.12077667657285929, 0.18987436033785343], "q_25": 0.15344663010910153, "q_75": 0.16475312551483512, "min": 0.12077667657285929, "max": 0.18987436033785343, "mean": 0.1585510260425508, "std": 0.01626681744578694, "repeat": 10, "number": 1}]}, "core.startup.time_import_api": {"result": [0.5162921417504549], "stats": [{"ci_99": [0.46446165442466736, 0.5653358297422528], "q_25": 0.49710382521152496, "q_75": 0.542655159952119, "min": 0.46446165442466736, "max": 0.5653358297422528, "mean": 0.5177199751138687, "std": 0.031329945488390853, "repeat": 10, "number": 1}]}, "support.path.get_parent_paths.time_allsubmods_toplevel": {"result": [0.007037014467641711], "stats": [{"ci_99": [0.006932076998054981, 0.00828929664567113], "q_25": 0.006989480811171234, "q_75": 0.007342005032114685, "min": 0.006932076998054981, "max": 0.00828929664567113, "mean": 0.0072570409625768665, "std": 0.00043067685814689985, "repeat": 10, "number": 2}]}, "support.path.get_parent_paths.time_allsubmods_toplevel_only": {"result": [0.006526149343699217], "stats": [{"ci_99": [0.006385780870914459, 0.008148018270730972], "q_25": 0.006412289920262992, "q_75": 0.007206238922663033, "min": 0.006385780870914459, "max": 0.008148018270730972, "mean": 0.006870060041546821, "std": 0.0005985213010277976, "repeat": 10, "number": 2}]}, "support.path.get_parent_paths.time_no_submods": {"result": [2.9451825706288743e-07], "stats": [{"ci_99": [2.730173312374047e-07, 3.52619574209088e-07], "q_25": 2.772159023162484e-07, "q_75": 3.225234899183291e-07, "min": 2.730173312374047e-07, "max": 3.52619574209088e-07, "mean": 3.022814277745941e-07, "std": 2.761320335721333e-08, "repeat": 10, "number": 28296}]}, "support.path.get_parent_paths.time_one_submod_subdir": {"result": [0.0065414574928581715], "stats": [{"ci_99": [0.005831561051309109, 0.007895953487604856], "q_25": 0.006209599203430116, "q_75": 0.00686971633695066,