{"results": {"api.supers.time_createadd": {"result": [1.277355051599443], "stats": [{"ci_99": [1.2555562471970916, 1.2905180035158992], "q_25": 1.2619238544721156, "q_75": 1.285862677032128, "min": 1.2555562471970916, "max": 1.2905180035158992, "mean": 1.274621973093599, "std": 0.012481063763716013, "repeat": 10, "number": 1}]}, "api.supers.time_createadd_to_dataset": {"result": [1.2127184816636145], "stats": [{"ci_99": [1.2010192116722465, 1.247744519263506], "q_25": 1.2068778488319367, "q_75": 1.217518006451428, "min": 1.2010192116722465, "max": 1.247744519263506, "mean": 1.2170047224499285, "std": 0.015019993535715342, "repeat": 10, "number": 1}]}, "api.supers.time_diff": null, "api.supers.time_diff_recursive": null, "api.supers.time_installr": {"result": [5.102803205139935], "stats": [{"ci_99": [3.8762254836037755, 6.329380926676094], "q_25": 5.090537427924573, "q_75": 5.115068982355297, "min": 5.078271650709212, "max": 5.127334759570658, "mean": 5.102803205139935, "std": 0.02453155443072319, "repeat": 2, "number": 1}]}, "api.supers.time_ls": {"result": [0.1823164983652532], "stats": [{"ci_99": [0.17813205253332853, 0.19146556220948696], "q_25": 0.18058787821792066, "q_75": 0.18549739243462682, "min": 0.17813205253332853, "max": 0.19146556220948696, "mean": 0.18331721480935811, "std": 0.003982311054413089, "repeat": 10, "number": 1}]}, "api.supers.time_ls_recursive": {"result": [1.8148701740428805], "stats": [{"ci_99": [1.7915536295622587, 1.8459379589185119], "q_25": 1.8055073921568692, "q_75": 1.8190758703276515, "min": 1.7915536295622587, "max": 1.8459379589185119, "mean": 1.8138366006314754, "std": 0.014976651037768355, "repeat": 10, "number": 1}]}, "api.supers.time_ls_recursive_long_all": {"result": [1.9507824555039406], "stats": [{"ci_99": [1.9437580900266767, 1.9805295867845416], "q_25": 1.9477039673365653, "q_75": 1.9593918768223375, "min": 1.9437580900266767, "max": 1.9805295867845416, "mean": 1.955238064401783, "std": 0.011263215827781099, "repeat": 8, "number": 1}]}, "api.supers.time_remove": null, "api.supers.time_status": {"result": [0.7517584818415344], "stats": [{"ci_99": [0.742879256606102, 0.7689165566116571], "q_25": 0.7468751443084329, "q_75": 0.7594682220369577, "min": 0.742879256606102, "max": 0.7689165566116571, "mean": 0.7539858027361334, "std": 0.008693835931500669, "repeat": 10, "number": 1}]}, "api.supers.time_status_recursive": {"result": [1.3987636803649366], "stats": [{"ci_99": [1.3849014332517982, 1.4609142914414406], "q_25": 1.3931906204670668, "q_75": 1.4260065401904285, "min": 1.3849014332517982, "max": 1.4609142914414406, "mean": 1.4112583856098353, "std": 0.025603336006199903, "repeat": 10, "number": 1}]}, "api.supers.time_subdatasets": {"result": [0.1105681648477912], "stats": [{"ci_99": [0.10791146475821733, 0.11425456311553717], "q_25": 0.1098560830578208, "q_75": 0.11104585975408554, "min": 0.10791146475821733, "max": 0.11425456311553717, "mean": 0.11056420402601361, "std": 0.001549892536958077, "repeat": 10, "number": 1}]}, "api.supers.time_subdatasets_recursive": {"result": [0.4400117672048509], "stats": [{"ci_99": [0.43768100440502167, 0.44735325686633587], "q_25": 0.43845366942696273, "q_75": 0.443039865931496, "min": 0.43768100440502167, "max": 0.44735325686633587, "mean": 0.44104205556213855, "std": 0.0030496499490331535, "repeat": 10, "number": 1}]}, "api.supers.time_subdatasets_recursive_first": {"result": [0.109456533100456], "stats": [{"ci_99": [0.10682032816112041, 0.12103794794529676], "q_25": 0.10866490448825061, "q_75": 0.1120289380196482, "min": 0.10682032816112041, "max": 0.12103794794529676, "mean": 0.1107156545855105, "std": 0.00391063710237688, "repeat": 10, "number": 1}]}, "api.supers.time_uninstall": {"result": [4.126485543325543], "stats": [{"ci_99": [4.102604907752294, 4.158716764486115], "q_25": 4.123785447096452, "q_75": 4.133360932348296, "min": 4.120424666441977, "max": 4.149247591383755, "mean": 4.130660836119205, "std": 0.011069152456192978, "repeat": 4, "number": 1}]}, "repo.gitrepo.time_get_content_info": {"result": [0.015679337084293365], "stats": [{"ci_99": [0.014397270046174526, 0.01749579142779112], "q_25": 0.015239575877785683, "q_75": 0.01662243716418743, "min": 0.014397270046174526, "max": 0.01749579142779112, "mean": 0.015904595516622065, "std": 0.0009882732237069501, "repeat": 10, "number": 1}]}, "api.testds.time_create_test_dataset1": {"result": [0.599340008571744], "stats": [{"ci_99": [0.5951092913746834, 0.6157537279650569], "q_25": 0.5964668572414666, "q_75": 0.6009276080876589, "min": 0.5951092913746834, "max": 0.6157537279650569, "mean": 0.6014846448786557, "std": 0.0071249523867493985, "repeat": 10, "number": 1}]}, "api.testds.time_create_test_dataset2x2": {"result": [3.540292096324265], "stats": [{"ci_99": [3.5047555772938135, 3.5937980867571833], "q_25": 3.5379067114554346, "q_75": 3.5516622168943286, "min": 3.5356250163167715, "max": 3.580898119136691, "mean": 3.549276832025498, "std": 0.01839163465320204, "repeat": 4, "number": 1}]}, "core.runner.time_echo": {"result": [0.0019410161301493644], "stats": [{"ci_99": [0.0017008280381560325, 0.002593695558607578], "q_25": 0.001712862029671669, "q_75": 0.0022663101088255646, "min": 0.0017008280381560325, "max": 0.002593695558607578, "mean": 0.0020195420831441878, "std": 0.00032088044425160984, "repeat": 10, "number": 5}]}, "core.runner.time_echo_gitrunner": {"result": [0.002615727949887514], "stats": [{"ci_99": [0.0024428667966276407, 0.0029065795242786407], "q_25": 0.0025355496909469366, "q_75": 0.002693491755053401, "min": 0.0024428667966276407, "max": 0.0029065795242786407, "mean": 0.0026363984448835253, "std": 0.00013248745591730148, "repeat": 10, "number": 4}]}, "core.startup.time_help_np": {"result": [0.572390990331769], "stats": [{"ci_99": [0.5215874519199133, 0.5884027387946844], "q_25": 0.5645610024221241, "q_75": 0.5850588376633823, "min": 0.5215874519199133, "max": 0.5884027387946844, "mean": 0.5686925793997943, "std": 0.020063288161220678, "repeat": 10, "number": 1}]}, "core.startup.time_import": {"result": [0.15525951981544495], "stats": [{"ci_99": [0.11486200895160437, 0.187846883200109], "q_25": 0.12949801166541874, "q_75": 0.15988239482976496, "min": 0.11486200895160437, "max": 0.187846883200109, "mean": 0.1483317377977073, "std": 0.021489150531725707, "repeat": 10, "number": 1}]}, "core.startup.time_import_api": {"result": [0.5260138399899006], "stats": [{"ci_99": [0.44868341367691755, 0.5798541735857725], "q_25": 0.5038695854600519, "q_75": 0.561898780753836, "min": 0.44868341367691755, "max": 0.5798541735857725, "mean": 0.5227755322121084, "std": 0.04523547411429249, "repeat": 10, "number": 1}]}, "support.path.get_parent_paths.time_allsubmods_toplevel": {"result": [0.007761750603094697], "stats": [{"ci_99": [0.006980468984693289, 0.008768090978264809], "q_25": 0.007367452257312834, "q_75": 0.008190154214389622, "min": 0.006980468984693289, "max": 0.008768090978264809, "mean": 0.00781472004018724, "std": 0.0006109682363379942, "repeat": 10, "number": 2}]}, "support.path.get_parent_paths.time_allsubmods_toplevel_only": {"result": [0.007150076562538743], "stats": [{"ci_99": [0.006404537241905928, 0.0082144676707685], "q_25": 0.0067596156150102615, "q_75": 0.007838900084607303, "min": 0.006404537241905928, "max": 0.0082144676707685, "mean": 0.0072576893959194425, "std": 0.0006259169648069009, "repeat": 10, "number": 2}]}, "support.path.get_parent_paths.time_no_submods": {"result": [3.2646266490019734e-07], "stats": [{"ci_99": [3.050626643691526e-07, 3.5453855452837173e-07], "q_25": 3.1568706609971864e-07, "q_75": 3.4479766436256585e-07, "min": 3.050626643691526e-07, "max": 3.5453855452837173e-07, "mean": 3.296703085977255e-07, "std": 1.747154292813569e-08, "repeat": 10, "number": 28279}]}, "support.path.get_parent_paths.time_one_submod_subdir": {"result": [0.005489204544574022], "stats": [{"ci_99": [0.005198484752327204, 0.006868390366435051], "q_25": 0.005338195594958961,