{"results": {"api.supers.time_createadd": {"result": [1.3633918855339289], "stats": [{"ci_99": [1.354070925153792, 1.3864885801449418], "q_25": 1.3556881276890635, "q_75": 1.3676626535598189, "min": 1.354070925153792, "max": 1.3864885801449418, "mean": 1.3655082069337368, "std": 0.011398568971101948, "repeat": 10, "number": 1}]}, "api.supers.time_createadd_to_dataset": {"result": [1.1328046577982605], "stats": [{"ci_99": [1.1068158969283104, 1.165618826635182], "q_25": 1.1202331406529993, "q_75": 1.135487606516108, "min": 1.1068158969283104, "max": 1.165618826635182, "mean": 1.1315478783100843, "std": 0.016418504960214835, "repeat": 10, "number": 1}]}, "api.supers.time_diff": {"result": [0.09799218038097024], "stats": [{"ci_99": [0.08975545223802328, 0.1124398298561573], "q_25": 0.0959303465206176, "q_75": 0.10450728121213615, "min": 0.08975545223802328, "max": 0.1124398298561573, "mean": 0.09994816407561302, "std": 0.006391221471691903, "repeat": 10, "number": 1}]}, "api.supers.time_diff_recursive": {"result": [0.3026065011508763], "stats": [{"ci_99": [0.29651509039103985, 0.32350363209843636], "q_25": 0.30179780372418463, "q_75": 0.3046694849617779, "min": 0.29651509039103985, "max": 0.32350363209843636, "mean": 0.3047984185628593, "std": 0.006950861238335338, "repeat": 10, "number": 1}]}, "api.supers.time_installr": {"result": [3.7961021759547293], "stats": [{"ci_99": [3.7601880175468207, 3.8290581740032255], "q_25": 3.785321580246091, "q_75": 3.8054036914836615, "min": 3.778790923766792, "max": 3.807497107423842, "mean": 3.794623095775023, "std": 0.011924982827388856, "repeat": 4, "number": 1}]}, "api.supers.time_ls": {"result": [0.6915852990932763], "stats": [{"ci_99": [0.6870328467339277, 0.71068733651191], "q_25": 0.6901765803340822, "q_75": 0.6943982909433544, "min": 0.6870328467339277, "max": 0.71068733651191, "mean": 0.6944934592582286, "std": 0.0071224208832440135, "repeat": 10, "number": 1}]}, "api.supers.time_ls_recursive": {"result": [2.596304280217737], "stats": [{"ci_99": [2.5837284655427104, 2.621903703548014], "q_25": 2.5929996802005917, "q_75": 2.6054831233341247, "min": 2.5894115921109915, "max": 2.621903703548014, "mean": 2.600727456777046, "std": 0.011167686798470057, "repeat": 6, "number": 1}]}, "api.supers.time_ls_recursive_long_all": {"result": [2.755733096972108], "stats": [{"ci_99": [2.730423510601217, 2.8185837734490633], "q_25": 2.7523914454504848, "q_75": 2.7789540174417198, "min": 2.7448382321745157, "max": 2.8185837734490633, "mean": 2.7688100142404437, "std": 0.025826651142664227, "repeat": 6, "number": 1}]}, "api.supers.time_remove": {"result": [2.0710271107964218], "stats": [{"ci_99": [2.058016304858029, 2.0994838131591678], "q_25": 2.0599882442038506, "q_75": 2.0832938260864466, "min": 2.058016304858029, "max": 2.0994838131591678, "mean": 2.0742200129898265, "std": 0.015179164494250977, "repeat": 8, "number": 1}]}, "api.supers.time_status": {"result": [0.6870258399285376], "stats": [{"ci_99": [0.6783227063715458, 0.6989790219813585], "q_25": 0.6840094742365181, "q_75": 0.6906912000849843, "min": 0.6783227063715458, "max": 0.6989790219813585, "mean": 0.6871549183502793, "std": 0.005784176216990428, "repeat": 10, "number": 1}]}, "api.supers.time_status_recursive": {"result": [1.1365206227637827], "stats": [{"ci_99": [1.127709318883717, 1.151506599970162], "q_25": 1.134365990292281, "q_75": 1.1399835031479597, "min": 1.127709318883717, "max": 1.151506599970162, "mean": 1.1375535584054888, "std": 0.006674632557943012, "repeat": 10, "number": 1}]}, "api.supers.time_subdatasets": {"result": [0.050359458196908236], "stats": [{"ci_99": [0.04675954673439264, 0.06036050710827112], "q_25": 0.048058730782940984, "q_75": 0.052991221426054835, "min": 0.04675954673439264, "max": 0.06036050710827112, "mean": 0.051624086778610946, "std": 0.004587950057046174, "repeat": 10, "number": 1}]}, "api.supers.time_subdatasets_recursive": {"result": [0.11989634670317173], "stats": [{"ci_99": [0.11504125874489546, 0.12515354622155428], "q_25": 0.11595169734209776, "q_75": 0.12310415762476623, "min": 0.11504125874489546, "max": 0.12515354622155428, "mean": 0.11970541188493371, "std": 0.0037228871254834112, "repeat": 10, "number": 1}]}, "api.supers.time_subdatasets_recursive_first": {"result": [0.050363009329885244], "stats": [{"ci_99": [0.0478541050106287, 0.05746387969702482], "q_25": 0.049937162548303604, "q_75": 0.052712541772052646, "min": 0.0478541050106287, "max": 0.05746387969702482, "mean": 0.05142477070912719, "std": 0.002708945808784371, "repeat": 10, "number": 1}]}, "api.supers.time_uninstall": {"result": [2.14884619275108], "stats": [{"ci_99": [2.1283476231619716, 2.189089525490999], "q_25": 2.1369346319697797, "q_75": 2.1569945064838976, "min": 2.1283476231619716, "max": 2.189089525490999, "mean": 2.1506369343260303, "std": 0.017796004649209583, "repeat": 8, "number": 1}]}, "repo.gitrepo.time_get_content_info": {"result": [0.02111175237223506], "stats": [{"ci_99": [0.017462750896811485, 0.023406440392136574], "q_25": 0.01920053968206048, "q_75": 0.02202664245851338, "min": 0.017462750896811485, "max": 0.023406440392136574, "mean": 0.020673418510705234, "std": 0.0018408069740495122, "repeat": 10, "number": 1}]}, "api.testds.time_create_test_dataset1": {"result": [0.4417208661325276], "stats": [{"ci_99": [0.431723115965724, 0.45393706765025854], "q_25": 0.4392359061166644, "q_75": 0.4466185204219073, "min": 0.431723115965724, "max": 0.45393706765025854, "mean": 0.4432577286846936, "std": 0.006455418384134672, "repeat": 10, "number": 1}]}, "api.testds.time_create_test_dataset2x2": {"result": [2.8043481330387294], "stats": [{"ci_99": [2.7254411699369614, 2.8955703992277315], "q_25": 2.7668252291623503, "q_75": 2.8547742748633027, "min": 2.7518882490694523, "max": 2.876549609005451, "mean": 2.8105057845823467, "std": 0.049122064801861196, "repeat": 6, "number": 1}]}, "core.runner.time_echo": {"result": [0.0019180594633022945], "stats": [{"ci_99": [0.0017346499177316825, 0.0022614828000466027], "q_25": 0.0017594679957255721, "q_75": 0.0020777330889056125, "min": 0.0017346499177316825, "max": 0.0022614828000466027, "mean": 0.0019370340897391241, "std": 0.00017876813911282406, "repeat": 10, "number": 6}]}, "core.runner.time_echo_gitrunner": {"result": [0.002176919765770435], "stats": [{"ci_99": [0.0020933181047439577, 0.002430053800344467], "q_25": 0.0021299208980053662, "q_75": 0.0022888656705617907, "min": 0.0020933181047439577, "max": 0.002430053800344467, "mean": 0.00221685379743576, "std": 0.0001063699456484451, "repeat": 10, "number": 5}]}, "core.startup.time_help_np": {"result": [0.5571148903109133], "stats": [{"ci_99": [0.5224212594330311, 0.6271557239815593], "q_25": 0.5321069785859436, "q_75": 0.5919324476271868, "min": 0.5224212594330311, "max": 0.6271557239815593, "mean": 0.5662366913631558, "std": 0.037724068603009295, "repeat": 10, "number": 1}]}, "core.startup.time_import": {"result": [0.1222468800842762], "stats": [{"ci_99": [0.1132904626429081, 0.16344564501196146], "q_25": 0.11499333498068154, "q_75": 0.14349998370744288, "min": 0.1132904626429081, "max": 0.16344564501196146, "mean": 0.13047419572249055, "std": 0.018139953012020652, "repeat": 10, "number": 1}]}, "core.startup.time_import_api": {"result": [0.5028605712577701], "stats": [{"ci_99": [0.4538876600563526, 0.5636567724868655], "q_25": 0.4792542369104922, "q_75": 0.5424768344964832, "min": 0.4538876600563526, "max": 0.5636567724868655, "mean": 0.5078597084619105, "std": 0.03877386870660347, "repeat": 10, "number": 1}]}, "support.path.get_parent_paths.time_allsubmods_toplevel": null, "support.path.get_parent_paths.time_allsubmods_toplevel_only": null, "support.path.get_parent_paths.time_no_submods": null, "support.path.get_parent_paths.time_one_submod_subdir": null, "support.path.get_parent_paths.time_one_submod_toplevel": null, "usecases.study_forrest.time_make_studyforrest_mockup": {"result": [35.97947983397171],