{"results": {"api.supers.time_createadd": {"result": [1.2746631791815162], "stats": [{"ci_99": [1.2485972307622433, 1.2958422638475895], "q_25": 1.2658483495470136, "q_75": 1.2893468562979251, "min": 1.2485972307622433, "max": 1.2958422638475895, "mean": 1.2756049850955606, "std": 0.015134657728274764, "repeat": 10, "number": 1}]}, "api.supers.time_createadd_to_dataset": {"result": [1.2220330988056958], "stats": [{"ci_99": [1.2061161734163761, 1.2437098091468215], "q_25": 1.2154978481121361, "q_75": 1.2266866359859705, "min": 1.2061161734163761, "max": 1.2437098091468215, "mean": 1.2228910847567023, "std": 0.010304101625231831, "repeat": 10, "number": 1}]}, "api.supers.time_diff": null, "api.supers.time_diff_recursive": null, "api.supers.time_installr": {"result": [5.067160695325583], "stats": [{"ci_99": [4.517330827657133, 5.616990562994033], "q_25": 5.061662396648899, "q_75": 5.072658994002268, "min": 5.056164097972214, "max": 5.078157292678952, "mean": 5.067160695325583, "std": 0.010996597353368998, "repeat": 2, "number": 1}]}, "api.supers.time_ls": {"result": [0.1836689473129809], "stats": [{"ci_99": [0.17986179888248444, 0.1912571033462882], "q_25": 0.1829281491227448, "q_75": 0.18464528489857912, "min": 0.17986179888248444, "max": 0.1912571033462882, "mean": 0.18441230682656168, "std": 0.0034417331796438994, "repeat": 10, "number": 1}]}, "api.supers.time_ls_recursive": {"result": [1.8369030551984906], "stats": [{"ci_99": [1.7989115407690406, 1.8690491123124957], "q_25": 1.8069444000720978, "q_75": 1.8642375508788973, "min": 1.7989115407690406, "max": 1.8690491123124957, "mean": 1.8352300726808608, "std": 0.030559832768189896, "repeat": 10, "number": 1}]}, "api.supers.time_ls_recursive_long_all": {"result": [1.9591211592778563], "stats": [{"ci_99": [1.9510631244629622, 1.9725738111883402], "q_25": 1.9568080669268966, "q_75": 1.9637156908866018, "min": 1.9510631244629622, "max": 1.9725738111883402, "mean": 1.960793241742067, "std": 0.007442860460686185, "repeat": 8, "number": 1}]}, "api.supers.time_remove": null, "api.supers.time_status": {"result": [0.7503160214982927], "stats": [{"ci_99": [0.7433866998180747, 0.7766547417268157], "q_25": 0.7485932763665915, "q_75": 0.7533522541634738, "min": 0.7433866998180747, "max": 0.7766547417268157, "mean": 0.7532754150219262, "std": 0.008773357859283572, "repeat": 10, "number": 1}]}, "api.supers.time_status_recursive": {"result": [1.3908230648376048], "stats": [{"ci_99": [1.3825844759121537, 1.4001751821488142], "q_25": 1.3861280565615743, "q_75": 1.3951287511736155, "min": 1.3825844759121537, "max": 1.4001751821488142, "mean": 1.390895361173898, "std": 0.005459484672129443, "repeat": 10, "number": 1}]}, "api.supers.time_subdatasets": {"result": [0.10829248325899243], "stats": [{"ci_99": [0.1070515550673008, 0.11948213912546635], "q_25": 0.10759078082628548, "q_75": 0.11155089922249317, "min": 0.1070515550673008, "max": 0.11948213912546635, "mean": 0.11022630054503679, "std": 0.003774603919612176, "repeat": 10, "number": 1}]}, "api.supers.time_subdatasets_recursive": {"result": [0.4401956656947732], "stats": [{"ci_99": [0.4359207386150956, 0.45009514037519693], "q_25": 0.43888736539520323, "q_75": 0.4412899878807366, "min": 0.4359207386150956, "max": 0.45009514037519693, "mean": 0.4413454971276224, "std": 0.004169291969241659, "repeat": 10, "number": 1}]}, "api.supers.time_subdatasets_recursive_first": {"result": [0.11016492079943419], "stats": [{"ci_99": [0.10620308946818113, 0.11516689229756594], "q_25": 0.10811215941794217, "q_75": 0.11119798431172967, "min": 0.10620308946818113, "max": 0.11516689229756594, "mean": 0.11025396008044482, "std": 0.0026740964684343455, "repeat": 10, "number": 1}]}, "api.supers.time_uninstall": {"result": [4.126357425935566], "stats": [{"ci_99": [4.091718548663316, 4.159773143253865], "q_25": 4.116928891511634, "q_75": 4.135174380382523, "min": 4.109947646968067, "max": 4.1403208849951625, "mean": 4.1257458459585905, "std": 0.011870385221712436, "repeat": 4, "number": 1}]}, "repo.gitrepo.time_get_content_info": {"result": [0.015212311875075102], "stats": [{"ci_99": [0.014671726152300835, 0.01771232858300209], "q_25": 0.014914281433448195, "q_75": 0.01650642161257565, "min": 0.014671726152300835, "max": 0.01771232858300209, "mean": 0.015692136902362108, "std": 0.001055402241991388, "repeat": 10, "number": 1}]}, "api.testds.time_create_test_dataset1": {"result": [0.59895995631814], "stats": [{"ci_99": [0.5957315629348159, 0.6086107632145286], "q_25": 0.5982236766722053, "q_75": 0.599599098553881, "min": 0.5957315629348159, "max": 0.6086107632145286, "mean": 0.6001196520403027, "std": 0.0036201503413206054, "repeat": 10, "number": 1}]}, "api.testds.time_create_test_dataset2x2": {"result": [3.561796837951988], "stats": [{"ci_99": [3.4893108098024945, 3.664591148104288], "q_25": 3.5534582175314426, "q_75": 3.5852895993739367, "min": 3.5480790305882692, "max": 3.63613120932132, "mean": 3.5769509789533913, "std": 0.03493162503241976, "repeat": 4, "number": 1}]}, "core.runner.time_echo": {"result": [0.001717429452886184], "stats": [{"ci_99": [0.0017036739736795425, 0.002050861561050018], "q_25": 0.0017077606947471697, "q_75": 0.0017210750374943018, "min": 0.0017036739736795425, "max": 0.002050861561050018, "mean": 0.0017480258985112108, "std": 0.00010119834496189999, "repeat": 10, "number": 6}]}, "core.runner.time_echo_gitrunner": {"result": [0.0024067901074886324], "stats": [{"ci_99": [0.0020904745906591415, 0.0028705481439828874], "q_25": 0.0021142716519534587, "q_75": 0.0026262684259563684, "min": 0.0020904745906591415, "max": 0.0028705481439828874, "mean": 0.002399678602814674, "std": 0.0002719202584231867, "repeat": 10, "number": 5}]}, "core.startup.time_help_np": {"result": [0.5798492473550141], "stats": [{"ci_99": [0.5125691071152687, 0.6364965382963419], "q_25": 0.5708451226819307, "q_75": 0.6130491194780916, "min": 0.5125691071152687, "max": 0.6364965382963419, "mean": 0.580485210288316, "std": 0.039558015662554895, "repeat": 10, "number": 1}]}, "core.startup.time_import": {"result": [0.15589857753366232], "stats": [{"ci_99": [0.11355732195079327, 0.1952463025227189], "q_25": 0.12769294157624245, "q_75": 0.16140272561460733, "min": 0.11355732195079327, "max": 0.1952463025227189, "mean": 0.1505490175448358, "std": 0.02460368338231461, "repeat": 10, "number": 1}]}, "core.startup.time_import_api": {"result": [0.4983411440625787], "stats": [{"ci_99": [0.46363349724560976, 0.552768524736166], "q_25": 0.4897328349761665, "q_75": 0.5174694012384862, "min": 0.46363349724560976, "max": 0.552768524736166, "mean": 0.5041459107771515, "std": 0.024003169484292722, "repeat": 10, "number": 1}]}, "support.path.get_parent_paths.time_allsubmods_toplevel": {"result": [0.007014496484771371], "stats": [{"ci_99": [0.006704080384224653, 0.008663030341267586], "q_25": 0.006736182374879718, "q_75": 0.007604888058267534, "min": 0.006704080384224653, "max": 0.008663030341267586, "mean": 0.007284050527960062, "std": 0.0006575279769471173, "repeat": 10, "number": 2}]}, "support.path.get_parent_paths.time_allsubmods_toplevel_only": {"result": [0.0060238700825721025], "stats": [{"ci_99": [0.005996963009238243, 0.006763345096260309], "q_25": 0.006008201162330806, "q_75": 0.006187795428559184, "min": 0.005996963009238243, "max": 0.006763345096260309, "mean": 0.0061595787294209, "std": 0.0002451952605908304, "repeat": 10, "number": 2}]}, "support.path.get_parent_paths.time_no_submods": {"result": [2.8191647841953453e-07], "stats": [{"ci_99": [2.6951991605899617e-07, 3.536405685144019e-07], "q_25": 2.708002855207584e-07, "q_75": 3.161945822975193e-07, "min": 2.6951991605899617e-07, "max": 3.536405685144019e-07, "mean": 2.9607864036058916e-07, "std": 2.9341419225948877e-08, "repeat": 10, "number": 40934}]}, "support.path.get_parent_paths.time_one_submod_subdir": {"result": [0.005414093844592571], "stats": [{"ci_99": [0.005195417441427708, 0.0067254225723445415], "q_25": 0.00520394288469106,