{"results": {"api.supers.time_createadd": {"result": [1.2899133036844432], "stats": [{"ci_99": [1.2830379446968436, 1.3183017242699862], "q_25": 1.2855104848276824, "q_75": 1.2951104161329567, "min": 1.2830379446968436, "max": 1.3183017242699862, "mean": 1.2923999580554664, "std": 0.009875842874727878, "repeat": 10, "number": 1}]}, "api.supers.time_createadd_to_dataset": {"result": [1.234385612886399], "stats": [{"ci_99": [1.2246115216985345, 1.2534583220258355], "q_25": 1.2284866538830101, "q_75": 1.2436022502370179, "min": 1.2246115216985345, "max": 1.2534583220258355, "mean": 1.2365400476381183, "std": 0.009485380327143906, "repeat": 10, "number": 1}]}, "api.supers.time_diff": null, "api.supers.time_diff_recursive": null, "api.supers.time_installr": {"result": [5.525602073874325], "stats": [{"ci_99": [4.749093832913786, 6.302110314834862], "q_25": 5.517836991464719, "q_75": 5.53336715628393, "min": 5.510071909055114, "max": 5.541132238693535, "mean": 5.525602073874325, "std": 0.015530164819210768, "repeat": 2, "number": 1}]}, "api.supers.time_ls": {"result": [0.18498433288186789], "stats": [{"ci_99": [0.18044304475188255, 0.19830756168812513], "q_25": 0.18228245386853814, "q_75": 0.18658579303883016, "min": 0.18044304475188255, "max": 0.19830756168812513, "mean": 0.18610380180180072, "std": 0.005581138632869759, "repeat": 10, "number": 1}]}, "api.supers.time_ls_recursive": {"result": [1.7794381980784237], "stats": [{"ci_99": [1.7692550253123045, 1.7893384965136647], "q_25": 1.7763450483325869, "q_75": 1.7846262068487704, "min": 1.7692550253123045, "max": 1.7893384965136647, "mean": 1.780035277362913, "std": 0.006018083359705757, "repeat": 10, "number": 1}]}, "api.supers.time_ls_recursive_long_all": {"result": [1.9446494397707283], "stats": [{"ci_99": [1.930483553558588, 1.9893850842490792], "q_25": 1.937214887002483, "q_75": 1.9533180592115968, "min": 1.930483553558588, "max": 1.9893850842490792, "mean": 1.9485785672441125, "std": 0.01746098786292426, "repeat": 8, "number": 1}]}, "api.supers.time_remove": null, "api.supers.time_status": {"result": [0.7212590081617236], "stats": [{"ci_99": [0.7124006263911724, 0.7375274682417512], "q_25": 0.7156318745110184, "q_75": 0.7249909578822553, "min": 0.7124006263911724, "max": 0.7375274682417512, "mean": 0.7216055309399962, "std": 0.00730402888553155, "repeat": 10, "number": 1}]}, "api.supers.time_status_recursive": {"result": [1.3629487892612815], "stats": [{"ci_99": [1.3447630489245057, 1.3790268851444125], "q_25": 1.3573165179695934, "q_75": 1.3730761352926493, "min": 1.3447630489245057, "max": 1.3790268851444125, "mean": 1.363723199814558, "std": 0.010502478220914614, "repeat": 10, "number": 1}]}, "api.supers.time_subdatasets": {"result": [0.09402011707425117], "stats": [{"ci_99": [0.09280708897858858, 0.10279047768563032], "q_25": 0.09337721718475223, "q_75": 0.09739211993291974, "min": 0.09280708897858858, "max": 0.10279047768563032, "mean": 0.09590718308463693, "std": 0.003714223382510664, "repeat": 10, "number": 1}]}, "api.supers.time_subdatasets_recursive": {"result": [0.42722663655877113], "stats": [{"ci_99": [0.4203782081604004, 0.4515522848814726], "q_25": 0.42558395164087415, "q_75": 0.4289766133297235, "min": 0.4203782081604004, "max": 0.4515522848814726, "mean": 0.430024612788111, "std": 0.008794784872788446, "repeat": 10, "number": 1}]}, "api.supers.time_subdatasets_recursive_first": {"result": [0.0971130128018558], "stats": [{"ci_99": [0.08970118407160044, 0.10307847987860441], "q_25": 0.09258119133301079, "q_75": 0.09792565694078803, "min": 0.08970118407160044, "max": 0.10307847987860441, "mean": 0.09608658785000443, "std": 0.003951744055826928, "repeat": 10, "number": 1}]}, "api.supers.time_uninstall": {"result": [4.281095413956791], "stats": [{"ci_99": [4.079753058333031, 4.507436958771116], "q_25": 4.226118134101853, "q_75": 4.348572288407013, "min": 4.215954494662583, "max": 4.3962347116321325, "mean": 4.293595008552074, "std": 0.074495587400925, "repeat": 4, "number": 1}]}, "repo.gitrepo.time_get_content_info": {"result": [0.01571497367694974], "stats": [{"ci_99": [0.014281791634857655, 0.018813022412359715], "q_25": 0.01499947952106595, "q_75": 0.016937450971454382, "min": 0.014281791634857655, "max": 0.018813022412359715, "mean": 0.01601803759112954, "std": 0.0013331771958179596, "repeat": 10, "number": 1}]}, "api.testds.time_create_test_dataset1": {"result": [0.6147756814025342], "stats": [{"ci_99": [0.6116695115342736, 0.624820901080966], "q_25": 0.6131276821251959, "q_75": 0.6210859324783087, "min": 0.6116695115342736, "max": 0.624820901080966, "mean": 0.6169124321080744, "std": 0.004584836323062815, "repeat": 10, "number": 1}]}, "api.testds.time_create_test_dataset2x2": {"result": [3.7870168862864375], "stats": [{"ci_99": [3.7471665456999705, 3.8247505579035117], "q_25": 3.776573444949463, "q_75": 3.7964019931387156, "min": 3.7670868104323745, "max": 3.802713624201715, "mean": 3.785958551801741, "std": 0.013648698041529643, "repeat": 4, "number": 1}]}, "core.runner.time_echo": {"result": [0.002243125345557928], "stats": [{"ci_99": [0.0017054688651114702, 0.0026245478074997663], "q_25": 0.001755117322318256, "q_75": 0.002385311177931726, "min": 0.0017054688651114702, "max": 0.0026245478074997663, "mean": 0.0021316988626495005, "std": 0.0003330051620710661, "repeat": 10, "number": 4}]}, "core.runner.time_echo_gitrunner": {"result": [0.002551918034441769], "stats": [{"ci_99": [0.002396948169916868, 0.002824118360877037], "q_25": 0.0024598498712293804, "q_75": 0.0026749115204438567, "min": 0.002396948169916868, "max": 0.002824118360877037, "mean": 0.0025818110443651676, "std": 0.0001425562073336321, "repeat": 10, "number": 4}]}, "core.startup.time_help_np": {"result": [0.6002845615148544], "stats": [{"ci_99": [0.5297379000112414, 0.6449061334133148], "q_25": 0.5715964012779295, "q_75": 0.6313514937646687, "min": 0.5297379000112414, "max": 0.6449061334133148, "mean": 0.5981715473346412, "std": 0.03651928417596446, "repeat": 10, "number": 1}]}, "core.startup.time_import": {"result": [0.16116850264370441], "stats": [{"ci_99": [0.11321827489882708, 0.20805806294083595], "q_25": 0.1326152419205755, "q_75": 0.1960612020920962, "min": 0.11321827489882708, "max": 0.20805806294083595, "mean": 0.16181827345862984, "std": 0.03434242999692958, "repeat": 10, "number": 1}]}, "core.startup.time_import_api": {"result": [0.5412399405613542], "stats": [{"ci_99": [0.49532920215278864, 0.5844312971457839], "q_25": 0.5236986381933093, "q_75": 0.5537626969162375, "min": 0.49532920215278864, "max": 0.5844312971457839, "mean": 0.5401816446334123, "std": 0.025318862886498376, "repeat": 10, "number": 1}]}, "support.path.get_parent_paths.time_allsubmods_toplevel": {"result": [0.0070852001663297415], "stats": [{"ci_99": [0.006865511182695627, 0.008906567003577948], "q_25": 0.006999176577664912, "q_75": 0.007797229685820639, "min": 0.006865511182695627, "max": 0.008906567003577948, "mean": 0.007435138849541545, "std": 0.0006449347602688671, "repeat": 10, "number": 2}]}, "support.path.get_parent_paths.time_allsubmods_toplevel_only": {"result": [0.0062931261491030455], "stats": [{"ci_99": [0.006164146587252617, 0.0073975143022835255], "q_25": 0.0061980197206139565, "q_75": 0.0066483833361417055, "min": 0.006164146587252617, "max": 0.0073975143022835255, "mean": 0.00648119761608541, "std": 0.00038120235261392837, "repeat": 10, "number": 2}]}, "support.path.get_parent_paths.time_no_submods": {"result": [2.9855831284587427e-07], "stats": [{"ci_99": [2.8502247731109565e-07, 3.6795103078643376e-07], "q_25": 2.8741979504252467e-07, "q_75": 3.289612058191591e-07, "min": 2.8502247731109565e-07, "max": 3.6795103078643376e-07, "mean": 3.1134996409248405e-07, "std": 2.8174794484651255e-08, "repeat": 10, "number": 36346}]}, "support.path.get_parent_paths.time_one_submod_subdir": {"result": [0.005682349903509021], "stats": [{"ci_99": [0.005290546920150518, 0.0074167107231915], "q_25": 0.005474479985423386,