{"results": {"api.supers.time_createadd": {"result": [1.4855672526173294], "stats": [{"ci_99": [1.4721450516954064, 1.5353272762149572], "q_25": 1.4783005770295858, "q_75": 1.5025199626106769, "min": 1.4721450516954064, "max": 1.5353272762149572, "mean": 1.4913442039862275, "std": 0.019048194636494393, "repeat": 10, "number": 1}]}, "api.supers.time_createadd_to_dataset": {"result": [1.3683206466957927], "stats": [{"ci_99": [1.3486455110833049, 1.4077141657471657], "q_25": 1.3564388174563646, "q_75": 1.379656654316932, "min": 1.3486455110833049, "max": 1.4077141657471657, "mean": 1.371189308539033, "std": 0.017673566276818844, "repeat": 10, "number": 1}]}, "api.supers.time_diff": null, "api.supers.time_diff_recursive": null, "api.supers.time_installr": {"result": [8.657551879994571], "stats": [{"ci_99": [8.006919032894075, 9.308184727095068], "q_25": 8.651045551523566, "q_75": 8.664058208465576, "min": 8.644539223052561, "max": 8.670564536936581, "mean": 8.657551879994571, "std": 0.013012656942009926, "repeat": 2, "number": 1}]}, "api.supers.time_ls": {"result": [0.2549201841466129], "stats": [{"ci_99": [0.25297796446830034, 0.26145962066948414], "q_25": 0.2545155421830714, "q_75": 0.25608114316128194, "min": 0.25297796446830034, "max": 0.26145962066948414, "mean": 0.25577596789225937, "std": 0.002358666513599871, "repeat": 10, "number": 1}]}, "api.supers.time_ls_recursive": {"result": [2.6040969723835588], "stats": [{"ci_99": [2.5952096385881305, 2.6143927183002234], "q_25": 2.602663016412407, "q_75": 2.6077616531401873, "min": 2.5952096385881305, "max": 2.6143927183002234, "mean": 2.604827424356093, "std": 0.005876215316677493, "repeat": 6, "number": 1}]}, "api.supers.time_ls_recursive_long_all": {"result": [2.7576987808570266], "stats": [{"ci_99": [2.747812765650451, 2.7635324200611384], "q_25": 2.7543781683780253, "q_75": 2.7591730130370706, "min": 2.747812765650451, "max": 2.7621268229559064, "mean": 2.756378811939309, "std": 0.004642218008068406, "repeat": 6, "number": 1}]}, "api.supers.time_remove": null, "api.supers.time_status": {"result": [0.8122370080091059], "stats": [{"ci_99": [0.8069356428459287, 0.8175578555092216], "q_25": 0.8103582409676164, "q_75": 0.8147243142593652, "min": 0.8069356428459287, "max": 0.8175578555092216, "mean": 0.8122584597207606, "std": 0.0033757129690730314, "repeat": 10, "number": 1}]}, "api.supers.time_status_recursive": {"result": [1.665208589285612], "stats": [{"ci_99": [1.662326991558075, 1.6799944434314966], "q_25": 1.6642433642409742, "q_75": 1.6669574335683137, "min": 1.662326991558075, "max": 1.6799944434314966, "mean": 1.6670646882615983, "std": 0.0049391518428247095, "repeat": 10, "number": 1}]}, "api.supers.time_subdatasets": {"result": [0.21138103771954775], "stats": [{"ci_99": [0.20970252249389887, 0.2213732972741127], "q_25": 0.2104275592137128, "q_75": 0.21243616100400686, "min": 0.20970252249389887, "max": 0.2213732972741127, "mean": 0.21236981619149448, "std": 0.0032837012012419346, "repeat": 10, "number": 1}]}, "api.supers.time_subdatasets_recursive": {"result": [0.6694909636862576], "stats": [{"ci_99": [0.668121281079948, 0.6824497366324067], "q_25": 0.6684055647347122, "q_75": 0.6713024131022394, "min": 0.668121281079948, "max": 0.6824497366324067, "mean": 0.6710598278790713, "std": 0.004133872118789283, "repeat": 10, "number": 1}]}, "api.supers.time_subdatasets_recursive_first": {"result": [0.18501609470695257], "stats": [{"ci_99": [0.18283728044480085, 0.1869464684277773], "q_25": 0.18392042396590114, "q_75": 0.18544991151429713, "min": 0.18283728044480085, "max": 0.1869464684277773, "mean": 0.18480205219238996, "std": 0.0011678298642014847, "repeat": 10, "number": 1}]}, "api.supers.time_uninstall": {"result": [6.447086839471012], "stats": [{"ci_99": [6.005561032798141, 6.8886126461438835], "q_25": 6.442671581404284, "q_75": 6.451502097537741, "min": 6.438256323337555, "max": 6.45591735560447, "mean": 6.447086839471012, "std": 0.008830516133457422, "repeat": 2, "number": 1}]}, "repo.gitrepo.time_get_content_info": {"result": [0.015068664215505123], "stats": [{"ci_99": [0.014346147887408733, 0.015986299142241478], "q_25": 0.01465535769239068, "q_75": 0.015875527169555426, "min": 0.014346147887408733, "max": 0.015986299142241478, "mean": 0.015177871286869048, "std": 0.0006291428509358785, "repeat": 10, "number": 1}]}, "api.testds.time_create_test_dataset1": {"result": [0.7532884124666452], "stats": [{"ci_99": [0.7423528851941228, 0.7806895775720477], "q_25": 0.7491763904690742, "q_75": 0.7635721352417022, "min": 0.7423528851941228, "max": 0.7806895775720477, "mean": 0.7579262558370828, "std": 0.012447638182320624, "repeat": 10, "number": 1}]}, "api.testds.time_create_test_dataset2x2": {"result": [4.2025583842769265], "stats": [{"ci_99": [4.151157472973366, 4.246958178242992], "q_25": 4.188627270981669, "q_75": 4.212988938903436, "min": 4.173668585717678, "max": 4.217445948161185, "mean": 4.199057825608179, "std": 0.017082639623635845, "repeat": 4, "number": 1}]}, "core.runner.time_echo": {"result": [0.0017345625907182693], "stats": [{"ci_99": [0.0016956103965640068, 0.0019505692645907402], "q_25": 0.0017162492033094168, "q_75": 0.001789799705147743, "min": 0.0016956103965640068, "max": 0.0019505692645907402, "mean": 0.0017677578143775463, "std": 7.756570436127439e-05, "repeat": 10, "number": 5}]}, "core.runner.time_echo_gitrunner": {"result": [0.002765958779491484], "stats": [{"ci_99": [0.0022821712773293257, 0.003303803503513336], "q_25": 0.0024386001750826836, "q_75": 0.002937798446509987, "min": 0.0022821712773293257, "max": 0.003303803503513336, "mean": 0.0027350384742021562, "std": 0.0003266956934878126, "repeat": 10, "number": 4}]}, "core.startup.time_help_np": {"result": [0.5789120569825172], "stats": [{"ci_99": [0.5537884449586272, 0.6340590855106711], "q_25": 0.571836597751826, "q_75": 0.5878330182749778, "min": 0.5537884449586272, "max": 0.6340590855106711, "mean": 0.5846088275313377, "std": 0.02482578457695112, "repeat": 10, "number": 1}]}, "core.startup.time_import": {"result": [0.16675307136029005], "stats": [{"ci_99": [0.11514705326408148, 0.20271717943251133], "q_25": 0.15589130227454007, "q_75": 0.17870641988702118, "min": 0.11514705326408148, "max": 0.20271717943251133, "mean": 0.1668361452408135, "std": 0.023429706132058636, "repeat": 10, "number": 1}]}, "core.startup.time_import_api": {"result": [0.5133016272448003], "stats": [{"ci_99": [0.4509477876126766, 0.5558715742081404], "q_25": 0.4937865030951798, "q_75": 0.5220898885745555, "min": 0.4509477876126766, "max": 0.5558715742081404, "mean": 0.5068908654153347, "std": 0.03216665404770941, "repeat": 10, "number": 1}]}, "support.path.get_parent_paths.time_allsubmods_toplevel": {"result": [0.007615239359438419], "stats": [{"ci_99": [0.007025924976915121, 0.008652595803141594], "q_25": 0.007229447131976485, "q_75": 0.008096697158180177, "min": 0.007025924976915121, "max": 0.008652595803141594, "mean": 0.007690021814778447, "std": 0.0005366692915211501, "repeat": 10, "number": 2}]}, "support.path.get_parent_paths.time_allsubmods_toplevel_only": {"result": [0.007318261079490185], "stats": [{"ci_99": [0.006492549553513527, 0.00839209882542491], "q_25": 0.006899125757627189, "q_75": 0.007776846061460674, "min": 0.006492549553513527, "max": 0.00839209882542491, "mean": 0.007366667501628399, "std": 0.0005732121473963349, "repeat": 10, "number": 2}]}, "support.path.get_parent_paths.time_no_submods": {"result": [3.214778771317151e-07], "stats": [{"ci_99": [2.935444903880436e-07, 3.583623415548298e-07], "q_25": 3.1143402358918454e-07, "q_75": 3.3426073890497414e-07, "min": 2.935444903880436e-07, "max": 3.583623415548298e-07, "mean": 3.238511523723906e-07, "std": 1.7634818117785338e-08, "repeat": 10, "number": 28278}]}, "support.path.get_parent_paths.time_one_submod_subdir": {"result": [0.006147878943011165], "stats": [{"ci_99": [0.0054920632392168045, 0.007121935021132231], "q_25": 0.005905822152271867, "q_75": 0.006428796914406121,