{"results": {"api.supers.time_createadd": {"result": [1.0012918999418616], "stats": [{"ci_99": [0.9697100492194295, 1.0249369405210018], "q_25": 0.9852474052459002, "q_75": 1.0118389239069074, "min": 0.9697100492194295, "max": 1.0249369405210018, "mean": 0.9986950913444161, "std": 0.01716152124620737, "repeat": 10, "number": 1}]}, "api.supers.time_createadd_to_dataset": {"result": [0.8429296473041177], "stats": [{"ci_99": [0.8180401902645826, 0.8562387442216277], "q_25": 0.8315929239615798, "q_75": 0.8480490355286747, "min": 0.8180401902645826, "max": 0.8562387442216277, "mean": 0.8399069440551102, "std": 0.012427029549301557, "repeat": 10, "number": 1}]}, "api.supers.time_diff": null, "api.supers.time_diff_recursive": null, "api.supers.time_installr": {"result": [3.830125108361244], "stats": [{"ci_99": [3.706872353627099, 3.955177180172192], "q_25": 3.797372418921441, "q_75": 3.8637774563394487, "min": 3.7763961208984256, "max": 3.8874527299776673, "mean": 3.8310247668996453, "std": 0.04329329843205886, "repeat": 4, "number": 1}]}, "api.supers.time_ls": {"result": [0.70290084509179], "stats": [{"ci_99": [0.6824232991784811, 0.7339857071638107], "q_25": 0.6901241987943649, "q_75": 0.7242115086410195, "min": 0.6824232991784811, "max": 0.7339857071638107, "mean": 0.7062548015266656, "std": 0.01905028781410078, "repeat": 10, "number": 1}]}, "api.supers.time_ls_recursive": {"result": [2.6278010164387524], "stats": [{"ci_99": [2.5532944158003645, 2.7517971797872667], "q_25": 2.602669488172978, "q_75": 2.707173818955198, "min": 2.5916966758668423, "max": 2.7400523461401463, "mean": 2.6525457977938154, "std": 0.059987486048201186, "repeat": 6, "number": 1}]}, "api.supers.time_ls_recursive_long_all": {"result": [2.768295804504305], "stats": [{"ci_99": [2.749523876655924, 2.795373758301139], "q_25": 2.762539006071165, "q_75": 2.7740502022206783, "min": 2.7514670584350824, "max": 2.795373758301139, "mean": 2.7700034722996256, "std": 0.01357741391070302, "repeat": 6, "number": 1}]}, "api.supers.time_remove": {"result": [2.0784261226654053], "stats": [{"ci_99": [2.0526349106803536, 2.0907338866963983], "q_25": 2.0660191397182643, "q_75": 2.0858503547497094, "min": 2.0526349106803536, "max": 2.0907338866963983, "mean": 2.0752027758862823, "std": 0.012729768326684796, "repeat": 8, "number": 1}]}, "api.supers.time_status": {"result": [0.6895223231986165], "stats": [{"ci_99": [0.675640701316297, 0.7033436046913266], "q_25": 0.6867336817085743, "q_75": 0.6923395348712802, "min": 0.675640701316297, "max": 0.7033436046913266, "mean": 0.6892008366063237, "std": 0.0067488307290298885, "repeat": 10, "number": 1}]}, "api.supers.time_status_recursive": {"result": [1.1391168218106031], "stats": [{"ci_99": [1.1300187045708299, 1.1513114077970386], "q_25": 1.1364970300346613, "q_75": 1.1468531698919833, "min": 1.1300187045708299, "max": 1.1513114077970386, "mean": 1.1406078062020242, "std": 0.006644216582662466, "repeat": 10, "number": 1}]}, "api.supers.time_subdatasets": {"result": [0.053794339299201965], "stats": [{"ci_99": [0.04832088574767113, 0.056846048682928085], "q_25": 0.05022996454499662, "q_75": 0.055876680416986346, "min": 0.04832088574767113, "max": 0.056846048682928085, "mean": 0.052920392248779535, "std": 0.0031562709108605446, "repeat": 10, "number": 1}]}, "api.supers.time_subdatasets_recursive": {"result": [0.12122137099504471], "stats": [{"ci_99": [0.11595732346177101, 0.13256390020251274], "q_25": 0.12062897626310587, "q_75": 0.12580104870721698, "min": 0.11595732346177101, "max": 0.13256390020251274, "mean": 0.12280018255114555, "std": 0.004507752636161446, "repeat": 10, "number": 1}]}, "api.supers.time_subdatasets_recursive_first": {"result": [0.05086694983765483], "stats": [{"ci_99": [0.04653261695057154, 0.05354919657111168], "q_25": 0.048537267837673426, "q_75": 0.052587628830224276, "min": 0.04653261695057154, "max": 0.05354919657111168, "mean": 0.05048719085752964, "std": 0.0023579905666001517, "repeat": 10, "number": 1}]}, "api.supers.time_uninstall": {"result": [2.1370417727157474], "stats": [{"ci_99": [2.1266440488398075, 2.195418244227767], "q_25": 2.1319740591570735, "q_75": 2.1529030760284513, "min": 2.1266440488398075, "max": 2.195418244227767, "mean": 2.1461295563494787, "std": 0.021531166720028833, "repeat": 8, "number": 1}]}, "repo.gitrepo.time_get_content_info": {"result": [0.021259530913084745], "stats": [{"ci_99": [0.01843733713030815, 0.024132538586854935], "q_25": 0.020592605927959085, "q_75": 0.021618051920086145, "min": 0.01843733713030815, "max": 0.024132538586854935, "mean": 0.02111006695777178, "std": 0.0016435577756854281, "repeat": 10, "number": 1}]}, "api.testds.time_create_test_dataset1": {"result": [0.4333929028362036], "stats": [{"ci_99": [0.43101716786623, 0.45274523086845875], "q_25": 0.4313332203309983, "q_75": 0.4388963137753308, "min": 0.43101716786623, "max": 0.45274523086845875, "mean": 0.4368019881658256, "std": 0.0073134041222198175, "repeat": 10, "number": 1}]}, "api.testds.time_create_test_dataset2x2": {"result": [2.7641112613491714], "stats": [{"ci_99": [2.7418607547271283, 2.8027881300076842], "q_25": 2.7554177991114557, "q_75": 2.780026138294488, "min": 2.753895940259099, "max": 2.8027881300076842, "mean": 2.7704596114344895, "std": 0.01782662356632106, "repeat": 6, "number": 1}]}, "core.runner.time_echo": {"result": [0.001807133900001645], "stats": [{"ci_99": [0.0017254347912967205, 0.0022363963847359023], "q_25": 0.0017360309914996226, "q_75": 0.0020000339718535542, "min": 0.0017254347912967205, "max": 0.0022363963847359023, "mean": 0.0018872199424852926, "std": 0.00017477627494776144, "repeat": 10, "number": 6}]}, "core.runner.time_echo_gitrunner": {"result": [0.0024004479637369514], "stats": [{"ci_99": [0.002189832739531994, 0.0035974003840237856], "q_25": 0.0022955916356295347, "q_75": 0.0026636497350409627, "min": 0.002189832739531994, "max": 0.0035974003840237856, "mean": 0.0025697554461658, "std": 0.00042599332569121775, "repeat": 10, "number": 4}]}, "core.startup.time_help_np": {"result": [0.5770489554852247], "stats": [{"ci_99": [0.561613486148417, 0.6358969965949655], "q_25": 0.5667161715682596, "q_75": 0.5877338154241443, "min": 0.561613486148417, "max": 0.6358969965949655, "mean": 0.5849766226485371, "std": 0.02459684685255878, "repeat": 10, "number": 1}]}, "core.startup.time_import": {"result": [0.15362823847681284], "stats": [{"ci_99": [0.116569927893579, 0.2001298274844885], "q_25": 0.13086283626034856, "q_75": 0.17173645365983248, "min": 0.116569927893579, "max": 0.2001298274844885, "mean": 0.1530735063366592, "std": 0.02561094268330344, "repeat": 10, "number": 1}]}, "core.startup.time_import_api": {"result": [0.5131762800738215], "stats": [{"ci_99": [0.49495384842157364, 0.5640800260007381], "q_25": 0.5014247980434448, "q_75": 0.529245536075905, "min": 0.49495384842157364, "max": 0.5640800260007381, "mean": 0.5182403278537094, "std": 0.020341069072414304, "repeat": 10, "number": 1}]}, "support.path.get_parent_paths.time_allsubmods_toplevel": null, "support.path.get_parent_paths.time_allsubmods_toplevel_only": null, "support.path.get_parent_paths.time_no_submods": null, "support.path.get_parent_paths.time_one_submod_subdir": null, "support.path.get_parent_paths.time_one_submod_toplevel": null, "usecases.study_forrest.time_make_studyforrest_mockup": {"result": [29.732613852713257], "stats": [{"ci_99": [24.81885022064671, 34.6463774847798], "q_25": 29.68347621639259, "q_75": 29.781751489033923, "min": 29.634338580071926, "max": 29.830889125354588, "mean": 29.732613852713257, "std": 0.09827527264133096, "repeat": 2, "number": 1}]}, "core.runner.track_overhead_100ms": 1.66, "core.runner.track_overhead_echo": 40.77, "core.runner.track_overhead_heavyout": -3.44, "core.runner.track_overhead_heavyout_online_process": 21.65, "core.runner.track_overhead_heavyout_online_through": 30.01}, "params": {"arch": "x86_64", "cpu": "Intel(R) Xeon(R) CPU E5-1607 v2 @ 3.00GHz",