{"results": {"api.supers.time_createadd": {"result": [1.354479446541518], "stats": [{"ci_99": [1.3404559651389718, 1.4046915266662836], "q_25": 1.3475738251581788, "q_75": 1.379171364940703, "min": 1.3404559651389718, "max": 1.4046915266662836, "mean": 1.3628905804827809, "std": 0.020333286169949574, "repeat": 10, "number": 1}]}, "api.supers.time_createadd_to_dataset": {"result": [1.1263935109600425], "stats": [{"ci_99": [1.092938693240285, 1.1537340246140957], "q_25": 1.1151204349007457, "q_75": 1.13469234155491, "min": 1.092938693240285, "max": 1.1537340246140957, "mean": 1.1240910575725138, "std": 0.017264732895930883, "repeat": 10, "number": 1}]}, "api.supers.time_diff": {"result": [0.10142035270109773], "stats": [{"ci_99": [0.08719383552670479, 0.12413499411195517], "q_25": 0.08845686726272106, "q_75": 0.11707857018336654, "min": 0.08719383552670479, "max": 0.12413499411195517, "mean": 0.10301946895197034, "std": 0.014288104489605874, "repeat": 10, "number": 1}]}, "api.supers.time_diff_recursive": {"result": [0.31196937756612897], "stats": [{"ci_99": [0.30744265764951706, 0.3216589605435729], "q_25": 0.3084914260543883, "q_75": 0.31561933807097375, "min": 0.30744265764951706, "max": 0.3216589605435729, "mean": 0.3128943220712245, "std": 0.00479123271413507, "repeat": 10, "number": 1}]}, "api.supers.time_installr": {"result": [3.8416255321353674], "stats": [{"ci_99": [3.8039850827529658, 3.8731712822579216], "q_25": 3.83115601609461, "q_75": 3.849047698546201, "min": 3.8199625676497817, "max": 3.8510990981012583, "mean": 3.8385781825054437, "std": 0.012376371551435544, "repeat": 4, "number": 1}]}, "api.supers.time_ls": {"result": [0.6980555690824986], "stats": [{"ci_99": [0.6894112592563033, 0.723516184836626], "q_25": 0.6918547672685236, "q_75": 0.699760629562661, "min": 0.6894112592563033, "max": 0.723516184836626, "mean": 0.6985928987152874, "std": 0.009417293424710566, "repeat": 10, "number": 1}]}, "api.supers.time_ls_recursive": {"result": [2.6493830690160394], "stats": [{"ci_99": [2.6359828129943526, 2.658925331827371], "q_25": 2.642463843571022, "q_75": 2.6507023610174656, "min": 2.636377709917724, "max": 2.6582810264080763, "mean": 2.6474540724108615, "std": 0.007219144849958146, "repeat": 6, "number": 1}]}, "api.supers.time_ls_recursive_long_all": {"result": [2.8003106946125627], "stats": [{"ci_99": [2.7835410864316477, 2.822060296010171], "q_25": 2.792329308576882, "q_75": 2.8110930640250444, "min": 2.7901651421561837, "max": 2.8216615822166204, "mean": 2.8028006912209094, "std": 0.011627423455686145, "repeat": 6, "number": 1}]}, "api.supers.time_remove": {"result": [2.0963120833039284], "stats": [{"ci_99": [2.079637215472758, 2.1061287140473723], "q_25": 2.084011479979381, "q_75": 2.1030805327463895, "min": 2.079637215472758, "max": 2.1061287140473723, "mean": 2.0939740815665573, "std": 0.010166178837994479, "repeat": 8, "number": 1}]}, "api.supers.time_status": {"result": [0.686553786508739], "stats": [{"ci_99": [0.6841702666133642, 0.6979058487340808], "q_25": 0.6852061690296978, "q_75": 0.6937230513431132, "min": 0.6841702666133642, "max": 0.6979058487340808, "mean": 0.6891086946241558, "std": 0.005210223517720542, "repeat": 10, "number": 1}]}, "api.supers.time_status_recursive": {"result": [1.1471468228846788], "stats": [{"ci_99": [1.143528058193624, 1.160337969660759], "q_25": 1.1448283735662699, "q_75": 1.1512106712907553, "min": 1.143528058193624, "max": 1.160337969660759, "mean": 1.1487637133337558, "std": 0.005184967525325314, "repeat": 10, "number": 1}]}, "api.supers.time_subdatasets": {"result": [0.05448612244799733], "stats": [{"ci_99": [0.04709511809051037, 0.061566952615976334], "q_25": 0.049828417133539915, "q_75": 0.05899751652032137, "min": 0.04709511809051037, "max": 0.061566952615976334, "mean": 0.054400932788848874, "std": 0.004894718047761358, "repeat": 10, "number": 1}]}, "api.supers.time_subdatasets_recursive": {"result": [0.12243979843333364], "stats": [{"ci_99": [0.11855372507125139, 0.12672588042914867], "q_25": 0.11980069172568619, "q_75": 0.12412649393081665, "min": 0.11855372507125139, "max": 0.12672588042914867, "mean": 0.12227815380319954, "std": 0.002745945743016869, "repeat": 10, "number": 1}]}, "api.supers.time_subdatasets_recursive_first": {"result": [0.05192131735384464], "stats": [{"ci_99": [0.04675718955695629, 0.06385437771677971], "q_25": 0.0481038773432374, "q_75": 0.052262415178120136, "min": 0.04675718955695629, "max": 0.06385437771677971, "mean": 0.051817764341831204, "std": 0.004712201789946411, "repeat": 10, "number": 1}]}, "api.supers.time_uninstall": {"result": [2.2485555741004646], "stats": [{"ci_99": [2.1609140979126096, 2.3869969295337796], "q_25": 2.168575396295637, "q_75": 2.341492297127843, "min": 2.1609140979126096, "max": 2.3869969295337796, "mean": 2.25854607403744, "std": 0.09253194247774615, "repeat": 8, "number": 1}]}, "repo.gitrepo.time_get_content_info": {"result": [0.01858332846313715], "stats": [{"ci_99": [0.014805723913013935, 0.022879714146256447], "q_25": 0.01670239376835525, "q_75": 0.021914899116382003, "min": 0.014805723913013935, "max": 0.022879714146256447, "mean": 0.019032430090010165, "std": 0.002779226023171965, "repeat": 10, "number": 1}]}, "api.testds.time_create_test_dataset1": {"result": [0.46429694909602404], "stats": [{"ci_99": [0.4418513812124729, 0.49021807219833136], "q_25": 0.44833757961168885, "q_75": 0.47574796224944293, "min": 0.4418513812124729, "max": 0.49021807219833136, "mean": 0.46316054929047823, "std": 0.015691311002431194, "repeat": 10, "number": 1}]}, "api.testds.time_create_test_dataset2x2": {"result": [3.2934490432962775], "stats": [{"ci_99": [3.1854952442975346, 3.517433579307645], "q_25": 3.2846439089626074, "q_75": 3.4469832479953766, "min": 3.2772209206596017, "max": 3.4550249380990863, "mean": 3.35146441180259, "std": 0.08147575005391731, "repeat": 5, "number": 1}]}, "core.runner.time_echo": {"result": [0.0017654420031855502], "stats": [{"ci_99": [0.0017073748943706353, 0.001966852539529403], "q_25": 0.001728202177522083, "q_75": 0.0018139275489374995, "min": 0.0017073748943706353, "max": 0.001966852539529403, "mean": 0.001788697779799501, "std": 8.023156800261017e-05, "repeat": 10, "number": 6}]}, "core.runner.time_echo_gitrunner": {"result": [0.0027298842323943973], "stats": [{"ci_99": [0.0022899582982063293, 0.003194488352164626], "q_25": 0.002473090891726315, "q_75": 0.0028877434669993818, "min": 0.0022899582982063293, "max": 0.003194488352164626, "mean": 0.002723933872766793, "std": 0.000304257258900536, "repeat": 10, "number": 4}]}, "core.startup.time_help_np": {"result": [0.5240509859286249], "stats": [{"ci_99": [0.5146561516448855, 0.6166694024577737], "q_25": 0.5190026119817048, "q_75": 0.5812672039028257, "min": 0.5146561516448855, "max": 0.6166694024577737, "mean": 0.5476455742493271, "std": 0.04132582356179053, "repeat": 10, "number": 1}]}, "core.startup.time_import": {"result": [0.12216300703585148], "stats": [{"ci_99": [0.11429001297801733, 0.1988853756338358], "q_25": 0.11475313850678504, "q_75": 0.14695647661574185, "min": 0.11429001297801733, "max": 0.1988853756338358, "mean": 0.13673454513773323, "std": 0.028289467761457188, "repeat": 10, "number": 1}]}, "core.startup.time_import_api": {"result": [0.5079050636850297], "stats": [{"ci_99": [0.4485963750630617, 0.5720923496410251], "q_25": 0.45551259559579194, "q_75": 0.5461411804426461, "min": 0.4485963750630617, "max": 0.5720923496410251, "mean": 0.5055084190331399, "std": 0.047071721541737485, "repeat": 10, "number": 1}]}, "support.path.get_parent_paths.time_allsubmods_toplevel": null, "support.path.get_parent_paths.time_allsubmods_toplevel_only": null, "support.path.get_parent_paths.time_no_submods": null, "support.path.get_parent_paths.time_one_submod_subdir": null, "support.path.get_parent_paths.time_one_submod_toplevel": null, "usecases.study_forrest.time_make_studyforrest_mockup": {"result": [35.56368457339704],