{"results": {"api.supers.time_createadd": {"result": [0.9840746107511222], "stats": [{"ci_99": [0.9728038208559155, 1.0137750804424286], "q_25": 0.9812355535104871, "q_75": 0.9937117770314217, "min": 0.9728038208559155, "max": 1.0137750804424286, "mean": 0.988198746368289, "std": 0.01293498471598315, "repeat": 10, "number": 1}]}, "api.supers.time_createadd_to_dataset": {"result": [0.8299480606801808], "stats": [{"ci_99": [0.8126723896712065, 0.8566362112760544], "q_25": 0.8188944177236408, "q_75": 0.8375363093800843, "min": 0.8126723896712065, "max": 0.8566362112760544, "mean": 0.8310628667473793, "std": 0.015116270081983818, "repeat": 10, "number": 1}]}, "api.supers.time_diff": null, "api.supers.time_diff_recursive": null, "api.supers.time_installr": {"result": [3.8185851592570543], "stats": [{"ci_99": [3.7022890107569704, 3.9363801340709026], "q_25": 3.781909035285935, "q_75": 3.856010696385056, "min": 3.775003656744957, "max": 3.8651643143966794, "mean": 3.8193345724139363, "std": 0.040093353111446725, "repeat": 4, "number": 1}]}, "api.supers.time_ls": {"result": [0.7054257858544588], "stats": [{"ci_99": [0.6835897965356708, 0.7290347497910261], "q_25": 0.6884476009290665, "q_75": 0.7187500123400241, "min": 0.6835897965356708, "max": 0.7290347497910261, "mean": 0.705092407669872, "std": 0.016786258837400238, "repeat": 10, "number": 1}]}, "api.supers.time_ls_recursive": {"result": [2.6529480549506843], "stats": [{"ci_99": [2.5632838747384827, 2.7393476369249146], "q_25": 2.602497541345656, "q_75": 2.6992563779931515, "min": 2.595910957083106, "max": 2.7057142788544297, "mean": 2.6513157558316984, "std": 0.050174432854841924, "repeat": 6, "number": 1}]}, "api.supers.time_ls_recursive_long_all": {"result": [2.8266799529083073], "stats": [{"ci_99": [2.7005982122019985, 2.951243713255121], "q_25": 2.754257357213646, "q_75": 2.895307288505137, "min": 2.7507535545155406, "max": 2.9031127570196986, "mean": 2.82592096272856, "std": 0.07141159797294237, "repeat": 6, "number": 1}]}, "api.supers.time_remove": {"result": [2.0626456714235246], "stats": [{"ci_99": [2.044012187048793, 2.132951189763844], "q_25": 2.060957907931879, "q_75": 2.0676453297492117, "min": 2.044012187048793, "max": 2.132951189763844, "mean": 2.0701498144771904, "std": 0.024952759934038587, "repeat": 8, "number": 1}]}, "api.supers.time_status": {"result": [0.6851927703246474], "stats": [{"ci_99": [0.6788076506927609, 0.6942640533670783], "q_25": 0.6828175797127187, "q_75": 0.6872118881437927, "min": 0.6788076506927609, "max": 0.6942640533670783, "mean": 0.6852350213564933, "std": 0.004444805209101163, "repeat": 10, "number": 1}]}, "api.supers.time_status_recursive": {"result": [1.1428830907680094], "stats": [{"ci_99": [1.1280278023332357, 1.1514637367799878], "q_25": 1.1391293376218528, "q_75": 1.1477926771622151, "min": 1.1280278023332357, "max": 1.1514637367799878, "mean": 1.141865733731538, "std": 0.007316052463722076, "repeat": 10, "number": 1}]}, "api.supers.time_subdatasets": {"result": [0.05281901312991977], "stats": [{"ci_99": [0.04878612607717514, 0.05896598566323519], "q_25": 0.04961597383953631, "q_75": 0.05701376823708415, "min": 0.04878612607717514, "max": 0.05896598566323519, "mean": 0.05327482391148806, "std": 0.003816988759202348, "repeat": 10, "number": 1}]}, "api.supers.time_subdatasets_recursive": {"result": [0.12143533583730459], "stats": [{"ci_99": [0.1131436936557293, 0.13225308991968632], "q_25": 0.12026499886997044, "q_75": 0.12387724732980132, "min": 0.1131436936557293, "max": 0.13225308991968632, "mean": 0.12224801694974304, "std": 0.004820427346213005, "repeat": 10, "number": 1}]}, "api.supers.time_subdatasets_recursive_first": {"result": [0.052742394618690014], "stats": [{"ci_99": [0.04668868146836758, 0.05904628802090883], "q_25": 0.05097088566981256, "q_75": 0.05398959037847817, "min": 0.04668868146836758, "max": 0.05904628802090883, "mean": 0.05252863448113203, "std": 0.00367660374544097, "repeat": 10, "number": 1}]}, "api.supers.time_uninstall": {"result": [2.1352850636467338], "stats": [{"ci_99": [2.1291452702134848, 2.149751778692007], "q_25": 2.1304602148011327, "q_75": 2.140800460940227, "min": 2.1291452702134848, "max": 2.149751778692007, "mean": 2.136575340409763, "std": 0.006860336186472847, "repeat": 8, "number": 1}]}, "repo.gitrepo.time_get_content_info": {"result": [0.0210560685954988], "stats": [{"ci_99": [0.016783691942691803, 0.02391941286623478], "q_25": 0.019476689165458083, "q_75": 0.022614207584410906, "min": 0.016783691942691803, "max": 0.02391941286623478, "mean": 0.020950016099959612, "std": 0.0022011021015930794, "repeat": 10, "number": 1}]}, "api.testds.time_create_test_dataset1": {"result": [0.442861860152334], "stats": [{"ci_99": [0.4340170416980982, 0.45648451521992683], "q_25": 0.4372542453929782, "q_75": 0.45185746205970645, "min": 0.4340170416980982, "max": 0.45648451521992683, "mean": 0.44395799804478886, "std": 0.00819374952880573, "repeat": 10, "number": 1}]}, "api.testds.time_create_test_dataset2x2": {"result": [2.777272039093077], "stats": [{"ci_99": [2.7441093241795897, 2.7945639275373444], "q_25": 2.769533014157787, "q_75": 2.783284506527707, "min": 2.7441093241795897, "max": 2.7877703784033656, "mean": 2.7731109637146196, "std": 0.014495147551980598, "repeat": 6, "number": 1}]}, "core.runner.time_echo": {"result": [0.002105743438005447], "stats": [{"ci_99": [0.0019469350576400758, 0.002649630792438984], "q_25": 0.0020538785960525275, "q_75": 0.0021959583275020125, "min": 0.0019469350576400758, "max": 0.002649630792438984, "mean": 0.002153231594711542, "std": 0.00018580426882766415, "repeat": 10, "number": 5}]}, "core.runner.time_echo_gitrunner": {"result": [0.00278479908592999], "stats": [{"ci_99": [0.002516681095585227, 0.0030706203542649746], "q_25": 0.0027144859777763486, "q_75": 0.002916881290730089, "min": 0.002516681095585227, "max": 0.0030706203542649746, "mean": 0.002802207903005183, "std": 0.00015746083973329118, "repeat": 10, "number": 4}]}, "core.startup.time_help_np": {"result": [0.5761521472595632], "stats": [{"ci_99": [0.5158726694062352, 0.6369301835075021], "q_25": 0.5727215628139675, "q_75": 0.5929497233591974, "min": 0.5158726694062352, "max": 0.6369301835075021, "mean": 0.5763725725933909, "std": 0.03491784789864531, "repeat": 10, "number": 1}]}, "core.startup.time_import": {"result": [0.1516774776391685], "stats": [{"ci_99": [0.11420812830328941, 0.20451195631176233], "q_25": 0.12095149490050972, "q_75": 0.1686441544443369, "min": 0.11420812830328941, "max": 0.20451195631176233, "mean": 0.1497266457416117, "std": 0.028748236399334964, "repeat": 10, "number": 1}]}, "core.startup.time_import_api": {"result": [0.5600558221340179], "stats": [{"ci_99": [0.4573034876957536, 0.5812490554526448], "q_25": 0.5498772016726434, "q_75": 0.5736578807700425, "min": 0.4573034876957536, "max": 0.5812490554526448, "mean": 0.5487160125747323, "std": 0.0374951143839533, "repeat": 10, "number": 1}]}, "support.path.get_parent_paths.time_allsubmods_toplevel": null, "support.path.get_parent_paths.time_allsubmods_toplevel_only": null, "support.path.get_parent_paths.time_no_submods": null, "support.path.get_parent_paths.time_one_submod_subdir": null, "support.path.get_parent_paths.time_one_submod_toplevel": null, "usecases.study_forrest.time_make_studyforrest_mockup": {"result": [30.261050783563405], "stats": [{"ci_99": [5.448307040613145, 55.073794526513645], "q_25": 30.012923346133903, "q_75": 30.509178220992908, "min": 29.7647959087044, "max": 30.75730565842241, "mean": 30.261050783563405, "std": 0.4962548748590052, "repeat": 2, "number": 1}]}, "core.runner.track_overhead_100ms": 1.54, "core.runner.track_overhead_echo": 34.43, "core.runner.track_overhead_heavyout": 1.79, "core.runner.track_overhead_heavyout_online_process": 32.67, "core.runner.track_overhead_heavyout_online_through": 15.74}, "params": {"arch": "x86_64", "cpu": "Intel(R) Xeon(R) CPU E5-1607 v2 @ 3.00GHz", "machine": "drogon-neurodebian0.20200209.1",