{"results": {"api.supers.time_createadd": {"result": [0.9909299807623029], "stats": [{"ci_99": [0.9739555427804589, 1.005913215689361], "q_25": 0.9853288761805743, "q_75": 0.9973988176789135, "min": 0.9739555427804589, "max": 1.005913215689361, "mean": 0.9902089674025774, "std": 0.01005739459522074, "repeat": 10, "number": 1}]}, "api.supers.time_createadd_to_dataset": {"result": [0.9792490140534937], "stats": [{"ci_99": [0.9675909988582134, 1.0070272758603096], "q_25": 0.9773104719351977, "q_75": 0.9930577157065272, "min": 0.9675909988582134, "max": 1.0070272758603096, "mean": 0.9848343372344971, "std": 0.012822038919521377, "repeat": 10, "number": 1}]}, "api.supers.time_diff": null, "api.supers.time_diff_recursive": null, "api.supers.time_installr": {"result": [3.80567899113521], "stats": [{"ci_99": [3.7364456313319656, 3.873606833663568], "q_25": 3.7860441361553967, "q_75": 3.8246610874775797, "min": 3.774797260761261, "max": 3.833949686959386, "mean": 3.8050262324977666, "std": 0.023748329173303648, "repeat": 4, "number": 1}]}, "api.supers.time_ls": {"result": [0.6896047219634056], "stats": [{"ci_99": [0.6852748245000839, 0.7284074770286679], "q_25": 0.6873525311239064, "q_75": 0.6958032825496048, "min": 0.6852748245000839, "max": 0.7284074770286679, "mean": 0.6941876810975373, "std": 0.012022674166290704, "repeat": 10, "number": 1}]}, "api.supers.time_ls_recursive": {"result": [2.6638182210735977], "stats": [{"ci_99": [2.520247697702637, 2.81184323331059], "q_25": 2.584356222068891, "q_75": 2.7406913302838802, "min": 2.578713028691709, "max": 2.765738733112812, "mean": 2.6660454655066133, "std": 0.08320314290749066, "repeat": 6, "number": 1}]}, "api.supers.time_ls_recursive_long_all": {"result": [2.8199712838977575], "stats": [{"ci_99": [2.71001782304287, 2.9291115564108887], "q_25": 2.7619490795768797, "q_75": 2.879801550647244, "min": 2.7479814579710364, "max": 2.8871107948943973, "mean": 2.8195646897268793, "std": 0.06246153159278663, "repeat": 6, "number": 1}]}, "api.supers.time_remove": {"result": [1.8346053189598024], "stats": [{"ci_99": [1.8063051821663976, 1.8906297693029046], "q_25": 1.8146509306970984, "q_75": 1.8752976823598146, "min": 1.8063051821663976, "max": 1.8906297693029046, "mean": 1.8435528039932252, "std": 0.0324301207907863, "repeat": 10, "number": 1}]}, "api.supers.time_status": {"result": [0.6868026754818857], "stats": [{"ci_99": [0.678747626952827, 0.6985826576128602], "q_25": 0.6855423406232148, "q_75": 0.6906119659543037, "min": 0.678747626952827, "max": 0.6985826576128602, "mean": 0.6877632794901729, "std": 0.0053161388363632016, "repeat": 10, "number": 1}]}, "api.supers.time_status_recursive": {"result": [1.1394558711908758], "stats": [{"ci_99": [1.1322664897888899, 1.1505878157913685], "q_25": 1.1348100088071078, "q_75": 1.14263593708165, "min": 1.1322664897888899, "max": 1.1505878157913685, "mean": 1.1393452636897563, "std": 0.005401293006488319, "repeat": 10, "number": 1}]}, "api.supers.time_subdatasets": {"result": [0.05153833469375968], "stats": [{"ci_99": [0.04807723220437765, 0.055418577045202255], "q_25": 0.05087243719026446, "q_75": 0.05329523887485266, "min": 0.04807723220437765, "max": 0.055418577045202255, "mean": 0.05191626595333219, "std": 0.0019453864110714869, "repeat": 10, "number": 1}]}, "api.supers.time_subdatasets_recursive": {"result": [0.12225935608148575], "stats": [{"ci_99": [0.11563916131854057, 0.13310800679028034], "q_25": 0.12047439953312278, "q_75": 0.1239640531130135, "min": 0.11563916131854057, "max": 0.13310800679028034, "mean": 0.12300939112901688, "std": 0.004786241370208442, "repeat": 10, "number": 1}]}, "api.supers.time_subdatasets_recursive_first": {"result": [0.0500298198312521], "stats": [{"ci_99": [0.046573459170758724, 0.05442413780838251], "q_25": 0.04888876434415579, "q_75": 0.05119120352901518, "min": 0.046573459170758724, "max": 0.05442413780838251, "mean": 0.05020993985235691, "std": 0.0023974876390925534, "repeat": 10, "number": 1}]}, "api.supers.time_uninstall": {"result": [1.7514035981148481], "stats": [{"ci_99": [1.7393721379339695, 1.7579484805464745], "q_25": 1.7505268116947263, "q_75": 1.7550397138111293, "min": 1.7393721379339695, "max": 1.7579484805464745, "mean": 1.7510481296107172, "std": 0.005646772647989148, "repeat": 10, "number": 1}]}, "repo.gitrepo.time_get_content_info": {"result": [0.021050451789051294], "stats": [{"ci_99": [0.01573846209794283, 0.027454854920506477], "q_25": 0.017749337712302804, "q_75": 0.022629692452028394, "min": 0.01573846209794283, "max": 0.027454854920506477, "mean": 0.020741878356784583, "std": 0.0034489413897205176, "repeat": 10, "number": 1}]}, "api.testds.time_create_test_dataset1": {"result": [0.4386066379956901], "stats": [{"ci_99": [0.4336479725316167, 0.4541124766692519], "q_25": 0.4352360353805125, "q_75": 0.4491943493485451, "min": 0.4336479725316167, "max": 0.4541124766692519, "mean": 0.4417151351459324, "std": 0.007928945999854919, "repeat": 10, "number": 1}]}, "api.testds.time_create_test_dataset2x2": {"result": [2.7733051325194538], "stats": [{"ci_99": [2.747027126861062, 2.802533697336912], "q_25": 2.7645440972410142, "q_75": 2.7834918939042836, "min": 2.7485585175454617, "max": 2.802533697336912, "mean": 2.7743689521836736, "std": 0.017088867054729534, "repeat": 6, "number": 1}]}, "core.runner.time_echo": {"result": [0.0018021524883806705], "stats": [{"ci_99": [0.0017190963650743167, 0.0022370399286349616], "q_25": 0.001734330862139662, "q_75": 0.002003248043668767, "min": 0.0017190963650743167, "max": 0.0022370399286349616, "mean": 0.0018822227294246357, "std": 0.00017728847613759254, "repeat": 10, "number": 6}]}, "core.runner.time_echo_gitrunner": {"result": [0.0023857147898525], "stats": [{"ci_99": [0.0021093457471579313, 0.0028915556613355875], "q_25": 0.0021240702481009066, "q_75": 0.00266819866374135, "min": 0.0021093457471579313, "max": 0.0028915556613355875, "mean": 0.0024203883949667215, "std": 0.000286953392318898, "repeat": 10, "number": 4}]}, "core.startup.time_help_np": {"result": [0.5802368870936334], "stats": [{"ci_99": [0.5475679999217391, 0.6282892571762204], "q_25": 0.5586274545639753, "q_75": 0.602402476593852, "min": 0.5475679999217391, "max": 0.6282892571762204, "mean": 0.5811690746806562, "std": 0.025998180873405774, "repeat": 10, "number": 1}]}, "core.startup.time_import": {"result": [0.16592130763456225], "stats": [{"ci_99": [0.11615515686571598, 0.1771684093400836], "q_25": 0.1608917925041169, "q_75": 0.1734871263615787, "min": 0.11615515686571598, "max": 0.1771684093400836, "mean": 0.16256417334079742, "std": 0.016733352328106226, "repeat": 10, "number": 1}]}, "core.startup.time_import_api": {"result": [0.49198607448488474], "stats": [{"ci_99": [0.44682460092008114, 0.5277662184089422], "q_25": 0.4838171387091279, "q_75": 0.5010621412657201, "min": 0.44682460092008114, "max": 0.5277662184089422, "mean": 0.4919480442069471, "std": 0.020314744356499128, "repeat": 10, "number": 1}]}, "support.path.get_parent_paths.time_allsubmods_toplevel": null, "support.path.get_parent_paths.time_allsubmods_toplevel_only": null, "support.path.get_parent_paths.time_no_submods": null, "support.path.get_parent_paths.time_one_submod_subdir": null, "support.path.get_parent_paths.time_one_submod_toplevel": null, "usecases.study_forrest.time_make_studyforrest_mockup": {"result": [27.14148041885346], "stats": [{"ci_99": [16.436195691116154, 37.84676514659076], "q_25": 27.03442757157609, "q_75": 27.248533266130835, "min": 26.927374724298716, "max": 27.355586113408208, "mean": 27.14148041885346, "std": 0.21410569455474615, "repeat": 2, "number": 1}]}, "core.runner.track_overhead_100ms": 2.27, "core.runner.track_overhead_echo": 36.13, "core.runner.track_overhead_heavyout": 17.17, "core.runner.track_overhead_heavyout_online_process": 7.8, "core.runner.track_overhead_heavyout_online_through": 36.6}, "params": {"arch": "x86_64", "cpu": "Intel(R) Xeon(R) CPU E5-1607 v2 @ 3.00GHz",