{"results": {"api.supers.time_createadd": {"result": [1.2701102141290903], "stats": [{"ci_99": [1.244851816445589, 1.2922218972817063], "q_25": 1.260125822154805, "q_75": 1.281454564537853, "min": 1.244851816445589, "max": 1.2922218972817063, "mean": 1.269752723351121, "std": 0.0149065254207989, "repeat": 10, "number": 1}]}, "api.supers.time_createadd_to_dataset": {"result": [1.1991000343114138], "stats": [{"ci_99": [1.193975386209786, 1.2229973375797272], "q_25": 1.1973269276786596, "q_75": 1.2063607089221478, "min": 1.193975386209786, "max": 1.2229973375797272, "mean": 1.2036697242408991, "std": 0.009988669862892794, "repeat": 10, "number": 1}]}, "api.supers.time_diff": null, "api.supers.time_diff_recursive": null, "api.supers.time_installr": {"result": [5.101932280231267], "stats": [{"ci_99": [5.029114380013198, 5.174750180449337], "q_25": 5.1012041012290865, "q_75": 5.102660459233448, "min": 5.100475922226906, "max": 5.103388638235629, "mean": 5.101932280231267, "std": 0.001456358004361391, "repeat": 2, "number": 1}]}, "api.supers.time_ls": {"result": [0.19397854711860418], "stats": [{"ci_99": [0.1863639196380973, 0.19985857792198658], "q_25": 0.19275592057965696, "q_75": 0.1957841122057289, "min": 0.1863639196380973, "max": 0.19985857792198658, "mean": 0.19370991718024017, "std": 0.004132086534562738, "repeat": 10, "number": 1}]}, "api.supers.time_ls_recursive": {"result": [1.877698268275708], "stats": [{"ci_99": [1.8689155634492636, 1.891920286230743], "q_25": 1.8760747064370662, "q_75": 1.8793103422503918, "min": 1.8689155634492636, "max": 1.891920286230743, "mean": 1.8790344271808863, "std": 0.0061889959095526225, "repeat": 10, "number": 1}]}, "api.supers.time_ls_recursive_long_all": {"result": [2.0299493963830173], "stats": [{"ci_99": [2.02123677264899, 2.0631243605166674], "q_25": 2.0267411340028048, "q_75": 2.0343335329089314, "min": 2.02123677264899, "max": 2.0631243605166674, "mean": 2.0332969193113968, "std": 0.012135268694923571, "repeat": 8, "number": 1}]}, "api.supers.time_remove": null, "api.supers.time_status": {"result": [0.7424885765649378], "stats": [{"ci_99": [0.7319121537730098, 0.7718533603474498], "q_25": 0.738220741506666, "q_75": 0.743396420031786, "min": 0.7319121537730098, "max": 0.7718533603474498, "mean": 0.7436828630045056, "std": 0.010163719303017056, "repeat": 10, "number": 1}]}, "api.supers.time_status_recursive": {"result": [1.373592646792531], "stats": [{"ci_99": [1.3625087644904852, 1.4046186683699489], "q_25": 1.3680575506296009, "q_75": 1.3791579229291528, "min": 1.3625087644904852, "max": 1.4046186683699489, "mean": 1.3759312791749836, "std": 0.011921187910433057, "repeat": 10, "number": 1}]}, "api.supers.time_subdatasets": {"result": [0.10756433941423893], "stats": [{"ci_99": [0.10554449819028378, 0.11304415483027697], "q_25": 0.10632552648894489, "q_75": 0.10864291759207845, "min": 0.10554449819028378, "max": 0.11304415483027697, "mean": 0.10787544352933764, "std": 0.002099010954950433, "repeat": 10, "number": 1}]}, "api.supers.time_subdatasets_recursive": {"result": [0.43568083364516497], "stats": [{"ci_99": [0.4281134521588683, 0.4435554966330528], "q_25": 0.43340986617840827, "q_75": 0.4373793888371438, "min": 0.4281134521588683, "max": 0.4435554966330528, "mean": 0.43572757914662363, "std": 0.004034573857964052, "repeat": 10, "number": 1}]}, "api.supers.time_subdatasets_recursive_first": {"result": [0.10820004623383284], "stats": [{"ci_99": [0.1056636469438672, 0.11106745060533285], "q_25": 0.10732706659473479, "q_75": 0.1097042616456747, "min": 0.1056636469438672, "max": 0.11106745060533285, "mean": 0.10830964948982, "std": 0.00165140077606269, "repeat": 10, "number": 1}]}, "api.supers.time_uninstall": {"result": [4.074645263608545], "stats": [{"ci_99": [3.8972699097273793, 4.2843751912089125], "q_25": 4.030224644113332, "q_75": 4.13524316996336, "min": 4.022623784840107, "max": 4.19137588981539, "mean": 4.090822550468147, "std": 0.0685465104898851, "repeat": 4, "number": 1}]}, "repo.gitrepo.time_get_content_info": {"result": [0.015333188232034445], "stats": [{"ci_99": [0.014040996320545673, 0.019909187220036983], "q_25": 0.014684006106108427, "q_75": 0.01625263411551714, "min": 0.014040996320545673, "max": 0.019909187220036983, "mean": 0.015736116003245114, "std": 0.0015804198899377973, "repeat": 10, "number": 1}]}, "api.testds.time_create_test_dataset1": {"result": [0.596064880490303], "stats": [{"ci_99": [0.5804031165316701, 0.6367823295295238], "q_25": 0.5869406438432634, "q_75": 0.6152933929115534, "min": 0.5804031165316701, "max": 0.6367823295295238, "mean": 0.6019068570807576, "std": 0.0177641085004942, "repeat": 10, "number": 1}]}, "api.testds.time_create_test_dataset2x2": {"result": [3.4778821794316173], "stats": [{"ci_99": [3.445335454916782, 3.50786545904892], "q_25": 3.4683937032241374, "q_75": 3.486088933190331, "min": 3.4619430024176836, "max": 3.488694466650486, "mean": 3.476600456982851, "std": 0.010863830794331442, "repeat": 4, "number": 1}]}, "core.runner.time_echo": {"result": [0.0018589464016258717], "stats": [{"ci_99": [0.0016915705054998398, 0.0021135793067514896], "q_25": 0.0017292141759147246, "q_75": 0.001990388884829978, "min": 0.0016915705054998398, "max": 0.0021135793067514896, "mean": 0.0018748579857250053, "std": 0.00015040094107558063, "repeat": 10, "number": 6}]}, "core.runner.time_echo_gitrunner": {"result": [0.002289262949489057], "stats": [{"ci_99": [0.002127269981428981, 0.0027174907736480236], "q_25": 0.0021823823917657137, "q_75": 0.0025072015123441815, "min": 0.002127269981428981, "max": 0.0027174907736480236, "mean": 0.0023546587908640504, "std": 0.00020106851954719573, "repeat": 10, "number": 4}]}, "core.startup.time_help_np": {"result": [0.5571480910293758], "stats": [{"ci_99": [0.5092335576191545, 0.6104001831263304], "q_25": 0.5246982278767973, "q_75": 0.5652109212242067, "min": 0.5092335576191545, "max": 0.6104001831263304, "mean": 0.5543089278042317, "std": 0.033424321415975525, "repeat": 10, "number": 1}]}, "core.startup.time_import": {"result": [0.17025440093129873], "stats": [{"ci_99": [0.11790401674807072, 0.20099591463804245], "q_25": 0.1518003495875746, "q_75": 0.1772171212360263, "min": 0.11790401674807072, "max": 0.20099591463804245, "mean": 0.1648909048177302, "std": 0.025302183520674693, "repeat": 10, "number": 1}]}, "core.startup.time_import_api": {"result": [0.5202088658697903], "stats": [{"ci_99": [0.46697279158979654, 0.582926488481462], "q_25": 0.5089720962569118, "q_75": 0.5342287914827466, "min": 0.46697279158979654, "max": 0.582926488481462, "mean": 0.5242523420602083, "std": 0.03062991499959255, "repeat": 10, "number": 1}]}, "support.path.get_parent_paths.time_allsubmods_toplevel": {"result": [0.007141966139897704], "stats": [{"ci_99": [0.006803957279771566, 0.008840728085488081], "q_25": 0.006842614966444671, "q_75": 0.007707412936724722, "min": 0.006803957279771566, "max": 0.008840728085488081, "mean": 0.007398304296657443, "std": 0.0006725489996381118, "repeat": 10, "number": 2}]}, "support.path.get_parent_paths.time_allsubmods_toplevel_only": {"result": [0.00617195013910532], "stats": [{"ci_99": [0.006111085880547762, 0.007251736242324114], "q_25": 0.006141646183095872, "q_75": 0.006486304686404765, "min": 0.006111085880547762, "max": 0.007251736242324114, "mean": 0.006387120904400944, "std": 0.0003685322931976469, "repeat": 10, "number": 2}]}, "support.path.get_parent_paths.time_no_submods": {"result": [2.931205869243798e-07], "stats": [{"ci_99": [2.7395484085781205e-07, 3.636661074034345e-07], "q_25": 2.7885106791357733e-07, "q_75": 3.2730825792907985e-07, "min": 2.7395484085781205e-07, "max": 3.636661074034345e-07, "mean": 3.053507473393776e-07, "std": 3.1580905604634435e-08, "repeat": 10, "number": 36142}]}, "support.path.get_parent_paths.time_one_submod_subdir": {"result": [0.006304965121671557], "stats": [{"ci_99": [0.005730034783482552, 0.007039627060294151], "q_25": 0.006027220515534282, "q_75": 0.006612475379370153,