{"results": {"api.supers.time_createadd": {"result": [0.9734241217374802], "stats": [{"ci_99": [0.9542614445090294, 0.9992026947438717], "q_25": 0.9707761998288333, "q_75": 0.9767349178437144, "min": 0.9542614445090294, "max": 0.9992026947438717, "mean": 0.9747323869727552, "std": 0.013070955936515017, "repeat": 10, "number": 1}]}, "api.supers.time_createadd_to_dataset": {"result": [0.9723399514332414], "stats": [{"ci_99": [0.9573018131777644, 0.9915027031674981], "q_25": 0.9658729746006429, "q_75": 0.9747759781312197, "min": 0.9573018131777644, "max": 0.9915027031674981, "mean": 0.9721555437892675, "std": 0.010683524188242366, "repeat": 10, "number": 1}]}, "api.supers.time_diff": null, "api.supers.time_diff_recursive": null, "api.supers.time_installr": {"result": [4.0588689018040895], "stats": [{"ci_99": [4.014159038753292, 4.108385669908442], "q_25": 4.04832113487646, "q_75": 4.071820121258497, "min": 4.041809696704149, "max": 4.085541917011142, "mean": 4.0612723543308675, "std": 0.016731092131373332, "repeat": 4, "number": 1}]}, "api.supers.time_ls": {"result": [0.11760942311957479], "stats": [{"ci_99": [0.11008114460855722, 0.12659834884107113], "q_25": 0.11481983121484518, "q_75": 0.1210486798081547, "min": 0.11008114460855722, "max": 0.12659834884107113, "mean": 0.11801047893241048, "std": 0.005185315017171395, "repeat": 10, "number": 1}]}, "api.supers.time_ls_recursive": {"result": [1.0732298260554671], "stats": [{"ci_99": [1.065458606928587, 1.0932934479787946], "q_25": 1.067896578926593, "q_75": 1.082005190430209, "min": 1.065458606928587, "max": 1.0932934479787946, "mean": 1.0756221783347428, "std": 0.00896777137099943, "repeat": 10, "number": 1}]}, "api.supers.time_ls_recursive_long_all": {"result": [1.231721053365618], "stats": [{"ci_99": [1.2211914649233222, 1.260280835442245], "q_25": 1.2260121779982, "q_75": 1.2463829452171922, "min": 1.2211914649233222, "max": 1.260280835442245, "mean": 1.2361404527910054, "std": 0.01215646180157794, "repeat": 10, "number": 1}]}, "api.supers.time_remove": {"result": [2.029502591583878], "stats": [{"ci_99": [2.0216537546366453, 2.0500579541549087], "q_25": 2.0250399922952056, "q_75": 2.044556755339727, "min": 2.0216537546366453, "max": 2.0500579541549087, "mean": 2.0341552234021947, "std": 0.01090390667087687, "repeat": 8, "number": 1}]}, "api.supers.time_status": {"result": [0.6897893734276295], "stats": [{"ci_99": [0.6816207533702254, 0.7201901758089662], "q_25": 0.6872347118332982, "q_75": 0.6917223315685987, "min": 0.6816207533702254, "max": 0.7201901758089662, "mean": 0.6915914905257523, "std": 0.010091114521647172, "repeat": 10, "number": 1}]}, "api.supers.time_status_recursive": {"result": [1.1510043875314295], "stats": [{"ci_99": [1.142975190654397, 1.1635840088129044], "q_25": 1.146511699538678, "q_75": 1.156896818196401, "min": 1.142975190654397, "max": 1.1635840088129044, "mean": 1.1518516625277697, "std": 0.006851426607414851, "repeat": 10, "number": 1}]}, "api.supers.time_subdatasets": {"result": [0.0690792053937912], "stats": [{"ci_99": [0.062466252595186234, 0.07707407791167498], "q_25": 0.06573588075116277, "q_75": 0.07180100120604038, "min": 0.062466252595186234, "max": 0.07707407791167498, "mean": 0.06937051936984062, "std": 0.004396939081956948, "repeat": 10, "number": 1}]}, "api.supers.time_subdatasets_recursive": {"result": [0.24907599668949842], "stats": [{"ci_99": [0.23866030387580395, 0.2563940677791834], "q_25": 0.246565856738016, "q_75": 0.2528582946397364, "min": 0.23866030387580395, "max": 0.2563940677791834, "mean": 0.24892742540687324, "std": 0.005188875974953503, "repeat": 10, "number": 1}]}, "api.supers.time_subdatasets_recursive_first": {"result": [0.06768753239884973], "stats": [{"ci_99": [0.062177157029509544, 0.07617090549319983], "q_25": 0.06374557362869382, "q_75": 0.06876564375124872, "min": 0.062177157029509544, "max": 0.07617090549319983, "mean": 0.06745694559067487, "std": 0.00416198213191922, "repeat": 10, "number": 1}]}, "api.supers.time_uninstall": {"result": [1.993428308982402], "stats": [{"ci_99": [1.9821778228506446, 2.0029624439775944], "q_25": 1.9844252916518599, "q_75": 1.998395862756297, "min": 1.9821778228506446, "max": 2.0029624439775944, "mean": 1.9922442582901567, "std": 0.007328399758772091, "repeat": 8, "number": 1}]}, "repo.gitrepo.time_get_content_info": {"result": [0.01906880410388112], "stats": [{"ci_99": [0.01739105675369501, 0.02220910880714655], "q_25": 0.018828181782737374, "q_75": 0.020713726757094264, "min": 0.01739105675369501, "max": 0.02220910880714655, "mean": 0.019527827948331834, "std": 0.001529236554961916, "repeat": 10, "number": 1}]}, "api.testds.time_create_test_dataset1": {"result": [0.43634726759046316], "stats": [{"ci_99": [0.42889579199254513, 0.4572260519489646], "q_25": 0.4319352407474071, "q_75": 0.4508184853475541, "min": 0.42889579199254513, "max": 0.4572260519489646, "mean": 0.44039801340550183, "std": 0.010552099983092518, "repeat": 10, "number": 1}]}, "api.testds.time_create_test_dataset2x2": {"result": [2.7070621931925416], "stats": [{"ci_99": [2.6835270116929415, 2.7497715428471565], "q_25": 2.697707111015916, "q_75": 2.716484854463488, "min": 2.692818431183696, "max": 2.7497715428471565, "mean": 2.7118214753766856, "std": 0.01903244126870464, "repeat": 6, "number": 1}]}, "core.runner.time_echo": {"result": [0.0017854960635304451], "stats": [{"ci_99": [0.0017141243442893028, 0.0019624361768364905], "q_25": 0.0017505588941276072, "q_75": 0.0018341483548283577, "min": 0.0017141243442893028, "max": 0.0019624361768364905, "mean": 0.0018120355717837812, "std": 8.244621215603456e-05, "repeat": 10, "number": 5}]}, "core.runner.time_echo_gitrunner": {"result": [0.002762416028417647], "stats": [{"ci_99": [0.0025389576330780983, 0.0032299847807735205], "q_25": 0.0026604218292050064, "q_75": 0.0029950691969133914, "min": 0.0025389576330780983, "max": 0.0032299847807735205, "mean": 0.0028241603868082166, "std": 0.00021685632834284271, "repeat": 10, "number": 4}]}, "core.startup.time_help_np": {"result": [0.5833366475999355], "stats": [{"ci_99": [0.520664251409471, 0.6421558959409595], "q_25": 0.5717515219002962, "q_75": 0.6115655910689384, "min": 0.520664251409471, "max": 0.6421558959409595, "mean": 0.5895420784130693, "std": 0.033515462973071994, "repeat": 10, "number": 1}]}, "core.startup.time_import": {"result": [0.16209436720237136], "stats": [{"ci_99": [0.11480537615716457, 0.20511656440794468], "q_25": 0.14281562436372042, "q_75": 0.16879783337935805, "min": 0.11480537615716457, "max": 0.20511656440794468, "mean": 0.15689421482384205, "std": 0.026206950970791502, "repeat": 10, "number": 1}]}, "core.startup.time_import_api": {"result": [0.5047604301944375], "stats": [{"ci_99": [0.457539782859385, 0.5507284216582775], "q_25": 0.4933084584772587, "q_75": 0.5099891135469079, "min": 0.457539782859385, "max": 0.5507284216582775, "mean": 0.5059378399513662, "std": 0.025295051592709523, "repeat": 10, "number": 1}]}, "support.path.get_parent_paths.time_allsubmods_toplevel": null, "support.path.get_parent_paths.time_allsubmods_toplevel_only": null, "support.path.get_parent_paths.time_no_submods": null, "support.path.get_parent_paths.time_one_submod_subdir": null, "support.path.get_parent_paths.time_one_submod_toplevel": null, "usecases.study_forrest.time_make_studyforrest_mockup": {"result": [26.184035141486675], "stats": [{"ci_99": [14.673135734628886, 37.69493454834445], "q_25": 26.068926147418097, "q_75": 26.299144135555252, "min": 25.95381715334952, "max": 26.41425312962383, "mean": 26.184035141486675, "std": 0.23021798813715577, "repeat": 2, "number": 1}]}, "core.runner.track_overhead_100ms": 1.54, "core.runner.track_overhead_echo": 37.42, "core.runner.track_overhead_heavyout": 19.58, "core.runner.track_overhead_heavyout_online_process": 7.21, "core.runner.track_overhead_heavyout_online_through": 12.62}, "params": {"arch": "x86_64", "cpu": "Intel(R) Xeon(R) CPU E5-1607 v2 @ 3.00GHz",