{"results": {"api.supers.time_createadd": {"result": [1.2736686593852937], "stats": [{"ci_99": [1.257963034324348, 1.292438362725079], "q_25": 1.2713537914678454, "q_75": 1.281483554514125, "min": 1.257963034324348, "max": 1.292438362725079, "mean": 1.27566596288234, "std": 0.009846033624503302, "repeat": 10, "number": 1}]}, "api.supers.time_createadd_to_dataset": {"result": [1.2134573920629919], "stats": [{"ci_99": [1.200246525928378, 1.2303796391934156], "q_25": 1.2061610163655132, "q_75": 1.218212092295289, "min": 1.200246525928378, "max": 1.2303796391934156, "mean": 1.2138415284454822, "std": 0.008988123749626658, "repeat": 10, "number": 1}]}, "api.supers.time_diff": null, "api.supers.time_diff_recursive": null, "api.supers.time_installr": {"result": [5.1698441314511], "stats": [{"ci_99": [4.48834732407704, 5.851340938825159], "q_25": 5.1630291633773595, "q_75": 5.176659099524841, "min": 5.156214195303619, "max": 5.183474067598581, "mean": 5.1698441314511, "std": 0.013629936147481203, "repeat": 2, "number": 1}]}, "api.supers.time_ls": {"result": [0.18513049138709903], "stats": [{"ci_99": [0.18076601903885603, 0.19295028038322926], "q_25": 0.1821487294510007, "q_75": 0.18760505062527955, "min": 0.18076601903885603, "max": 0.19295028038322926, "mean": 0.18526791427284478, "std": 0.0036794738571647658, "repeat": 10, "number": 1}]}, "api.supers.time_ls_recursive": {"result": [1.8036588281393051], "stats": [{"ci_99": [1.7965261666104198, 1.8098733155056834], "q_25": 1.8006148436106741, "q_75": 1.804955791682005, "min": 1.7965261666104198, "max": 1.8098733155056834, "mean": 1.8027881520800293, "std": 0.00388926510697906, "repeat": 10, "number": 1}]}, "api.supers.time_ls_recursive_long_all": {"result": [1.9666312248446047], "stats": [{"ci_99": [1.9513881662860513, 1.992193615064025], "q_25": 1.959773666691035, "q_75": 1.9704709809739143, "min": 1.9513881662860513, "max": 1.992193615064025, "mean": 1.9670497645856813, "std": 0.011654390855603226, "repeat": 8, "number": 1}]}, "api.supers.time_remove": null, "api.supers.time_status": {"result": [0.747783609200269], "stats": [{"ci_99": [0.7447232818230987, 0.7568622743710876], "q_25": 0.7469067368656397, "q_75": 0.7491147152613848, "min": 0.7447232818230987, "max": 0.7568622743710876, "mean": 0.7490982462652027, "std": 0.003800396568247853, "repeat": 10, "number": 1}]}, "api.supers.time_status_recursive": {"result": [1.3942702440544963], "stats": [{"ci_99": [1.3887032540515065, 1.411587480455637], "q_25": 1.3915376036893576, "q_75": 1.398496090900153, "min": 1.3887032540515065, "max": 1.411587480455637, "mean": 1.3958661290816963, "std": 0.0062343392197324946, "repeat": 10, "number": 1}]}, "api.supers.time_subdatasets": {"result": [0.11041408777236938], "stats": [{"ci_99": [0.10835263598710299, 0.11382532771676779], "q_25": 0.10899517871439457, "q_75": 0.1112887382041663, "min": 0.10835263598710299, "max": 0.11382532771676779, "mean": 0.11049324711784721, "std": 0.0018130438602417872, "repeat": 10, "number": 1}]}, "api.supers.time_subdatasets_recursive": {"result": [0.4428913528099656], "stats": [{"ci_99": [0.4379138695076108, 0.45146733056753874], "q_25": 0.43982490757480264, "q_75": 0.44443271309137344, "min": 0.4379138695076108, "max": 0.45146733056753874, "mean": 0.4428190085105598, "std": 0.003760055944071727, "repeat": 10, "number": 1}]}, "api.supers.time_subdatasets_recursive_first": {"result": [0.10843602661043406], "stats": [{"ci_99": [0.10610500257462263, 0.12235731352120638], "q_25": 0.10681098070926964, "q_75": 0.11137273511849344, "min": 0.10610500257462263, "max": 0.12235731352120638, "mean": 0.11010772222653031, "std": 0.0047135101645648285, "repeat": 10, "number": 1}]}, "api.supers.time_uninstall": {"result": [4.120491382200271], "stats": [{"ci_99": [4.049596652085019, 4.201231316035556], "q_25": 4.107032042229548, "q_75": 4.13887332403101, "min": 4.092603856697679, "max": 4.1680693151429296, "mean": 4.1254139840602875, "std": 0.027812267236436254, "repeat": 4, "number": 1}]}, "repo.gitrepo.time_get_content_info": {"result": [0.015116643160581589], "stats": [{"ci_99": [0.013958747498691082, 0.016822395846247673], "q_25": 0.014470244525000453, "q_75": 0.015798342181369662, "min": 0.013958747498691082, "max": 0.016822395846247673, "mean": 0.015136594604700803, "std": 0.0009079349009653849, "repeat": 10, "number": 1}]}, "api.testds.time_create_test_dataset1": {"result": [0.6031212992966175], "stats": [{"ci_99": [0.5953232096508145, 0.6174710588529706], "q_25": 0.602480795700103, "q_75": 0.6051108101382852, "min": 0.5953232096508145, "max": 0.6174710588529706, "mean": 0.6040997874923051, "std": 0.005236681401623718, "repeat": 10, "number": 1}]}, "api.testds.time_create_test_dataset2x2": {"result": [3.545571685768664], "stats": [{"ci_99": [3.466744829582158, 3.638137018160788], "q_25": 3.529887037118897, "q_75": 3.5681255725212395, "min": 3.5176590299233794, "max": 3.6009612940251827, "mean": 3.5524409238714725, "std": 0.03133648299613984, "repeat": 4, "number": 1}]}, "core.runner.time_echo": {"result": [0.0018220831019183], "stats": [{"ci_99": [0.0017010831894973915, 0.0022691700917979083], "q_25": 0.001716433170561989, "q_75": 0.0020195175505553684, "min": 0.0017010831894973915, "max": 0.0022691700917979083, "mean": 0.0018907344589630763, "std": 0.00019649403323469252, "repeat": 10, "number": 6}]}, "core.runner.time_echo_gitrunner": {"result": [0.002131100161932409], "stats": [{"ci_99": [0.002077827462926507, 0.002653643023222685], "q_25": 0.002098306780681014, "q_75": 0.0022912697168067098, "min": 0.002077827462926507, "max": 0.002653643023222685, "mean": 0.002220916980877519, "std": 0.00017613058041509246, "repeat": 10, "number": 4}]}, "core.startup.time_help_np": {"result": [0.5700326138176024], "stats": [{"ci_99": [0.5175295658409595, 0.6319747231900692], "q_25": 0.5249638834502548, "q_75": 0.5784230048302561, "min": 0.5175295658409595, "max": 0.6319747231900692, "mean": 0.561235663574189, "std": 0.035029516923491676, "repeat": 10, "number": 1}]}, "core.startup.time_import": {"result": [0.15282239206135273], "stats": [{"ci_99": [0.1160816727206111, 0.1826693769544363], "q_25": 0.14037784980610013, "q_75": 0.15936248004436493, "min": 0.1160816727206111, "max": 0.1826693769544363, "mean": 0.15056729046627879, "std": 0.021374490824866338, "repeat": 10, "number": 1}]}, "core.startup.time_import_api": {"result": [0.4842492286115885], "stats": [{"ci_99": [0.4482120042666793, 0.5628379974514246], "q_25": 0.45537397684529424, "q_75": 0.5310164545662701, "min": 0.4482120042666793, "max": 0.5628379974514246, "mean": 0.49559481889009477, "std": 0.041771444740732494, "repeat": 10, "number": 1}]}, "support.path.get_parent_paths.time_allsubmods_toplevel": {"result": [0.0070900877472013235], "stats": [{"ci_99": [0.006969387177377939, 0.00899865198880434], "q_25": 0.007039838936179876, "q_75": 0.007829469162970781, "min": 0.006969387177377939, "max": 0.00899865198880434, "mean": 0.0075101509224623445, "std": 0.0006614483323163759, "repeat": 10, "number": 2}]}, "support.path.get_parent_paths.time_allsubmods_toplevel_only": {"result": [0.006377083715051413], "stats": [{"ci_99": [0.006310916505753994, 0.00641176151111722], "q_25": 0.006338810082525015, "q_75": 0.006397348246537149, "min": 0.006310916505753994, "max": 0.00641176151111722, "mean": 0.006368605699390173, "std": 3.326048447355374e-05, "repeat": 10, "number": 2}]}, "support.path.get_parent_paths.time_no_submods": {"result": [2.722076069132458e-07], "stats": [{"ci_99": [2.7103411122323177e-07, 2.734961368640462e-07], "q_25": 2.7151490035143287e-07, "q_75": 2.725287964496052e-07, "min": 2.7103411122323177e-07, "max": 2.734961368640462e-07, "mean": 2.721380408956907e-07, "std": 7.092642678568464e-10, "repeat": 10, "number": 40124}]}, "support.path.get_parent_paths.time_one_submod_subdir": {"result": [0.005505301523953676], "stats": [{"ci_99": [0.005433250684291124, 0.005577167496085167], "q_25": 0.005501465988345444, "q_75": 0.005521390703506768,