{"results": {"api.supers.time_createadd": {"result": [1.3079893672838807], "stats": [{"ci_99": [1.2906664870679379, 1.3290689047425985], "q_25": 1.3026466807350516, "q_75": 1.3212503010872751, "min": 1.2906664870679379, "max": 1.3290689047425985, "mean": 1.3099007830955087, "std": 0.012107377563883399, "repeat": 10, "number": 1}]}, "api.supers.time_createadd_to_dataset": {"result": [1.2482720450498164], "stats": [{"ci_99": [1.2276623537763953, 1.2650433778762817], "q_25": 1.2421702139545232, "q_75": 1.261682964162901, "min": 1.2276623537763953, "max": 1.2650433778762817, "mean": 1.2490735816769303, "std": 0.013490742792641614, "repeat": 10, "number": 1}]}, "api.supers.time_diff": null, "api.supers.time_diff_recursive": null, "api.supers.time_installr": {"result": [5.033044064883143], "stats": [{"ci_99": [4.736465578433126, 5.329622551333159], "q_25": 5.0300782800186425, "q_75": 5.036009849747643, "min": 5.027112495154142, "max": 5.038975634612143, "mean": 5.033044064883143, "std": 0.00593156972900033, "repeat": 2, "number": 1}]}, "api.supers.time_ls": {"result": [0.1832043770700693], "stats": [{"ci_99": [0.1791804926469922, 0.19410407077521086], "q_25": 0.18149398500099778, "q_75": 0.18742713914252818, "min": 0.1791804926469922, "max": 0.19410407077521086, "mean": 0.184822020214051, "std": 0.004894019150243636, "repeat": 10, "number": 1}]}, "api.supers.time_ls_recursive": {"result": [1.7766697201877832], "stats": [{"ci_99": [1.764451771043241, 1.7942782770842314], "q_25": 1.7674911138601601, "q_75": 1.7827330676373094, "min": 1.764451771043241, "max": 1.7942782770842314, "mean": 1.7767617334611714, "std": 0.009927611326145756, "repeat": 10, "number": 1}]}, "api.supers.time_ls_recursive_long_all": {"result": [1.9357544435188174], "stats": [{"ci_99": [1.9159282092005014, 1.9504608334973454], "q_25": 1.9258596322033554, "q_75": 1.9377299039624631, "min": 1.9159282092005014, "max": 1.9504608334973454, "mean": 1.9326770801562816, "std": 0.0102975376769025, "repeat": 8, "number": 1}]}, "api.supers.time_remove": null, "api.supers.time_status": {"result": [0.7272979174740613], "stats": [{"ci_99": [0.7212503924965858, 0.7364847036078572], "q_25": 0.7263553272932768, "q_75": 0.730203305138275, "min": 0.7212503924965858, "max": 0.7364847036078572, "mean": 0.7277738612145186, "std": 0.004235392480347101, "repeat": 10, "number": 1}]}, "api.supers.time_status_recursive": {"result": [1.3681024452671409], "stats": [{"ci_99": [1.3584431363269687, 1.3739880537614226], "q_25": 1.3641199402045459, "q_75": 1.371772836893797, "min": 1.3584431363269687, "max": 1.3739880537614226, "mean": 1.3676631889306008, "std": 0.00476463087049299, "repeat": 10, "number": 1}]}, "api.supers.time_subdatasets": {"result": [0.08391787484288216], "stats": [{"ci_99": [0.08081758953630924, 0.09060907177627087], "q_25": 0.08284903969615698, "q_75": 0.08645051391795278, "min": 0.08081758953630924, "max": 0.09060907177627087, "mean": 0.08463532198220491, "std": 0.002971111337111746, "repeat": 10, "number": 1}]}, "api.supers.time_subdatasets_recursive": {"result": [0.42089154571294785], "stats": [{"ci_99": [0.41449984535574913, 0.4283213894814253], "q_25": 0.4161693421192467, "q_75": 0.42482871981337667, "min": 0.41449984535574913, "max": 0.4283213894814253, "mean": 0.4208785366266966, "std": 0.005097223555926217, "repeat": 10, "number": 1}]}, "api.supers.time_subdatasets_recursive_first": {"result": [0.08128526248037815], "stats": [{"ci_99": [0.07975996378809214, 0.08486566413193941], "q_25": 0.08065068372525275, "q_75": 0.08212166791781783, "min": 0.07975996378809214, "max": 0.08486566413193941, "mean": 0.08170079495757818, "std": 0.0015078328228662037, "repeat": 10, "number": 1}]}, "api.supers.time_uninstall": {"result": [4.153946681879461], "stats": [{"ci_99": [4.064978858361088, 4.243834915200181], "q_25": 4.12513560266234, "q_75": 4.1832179659977555, "min": 4.121552107855678, "max": 4.188182075507939, "mean": 4.1544068867806345, "std": 0.030602183481802513, "repeat": 4, "number": 1}]}, "repo.gitrepo.time_get_content_info": {"result": [0.01603329787030816], "stats": [{"ci_99": [0.014380330219864845, 0.02095053717494011], "q_25": 0.01533966651186347, "q_75": 0.0170473528560251, "min": 0.014380330219864845, "max": 0.02095053717494011, "mean": 0.016438262257725, "std": 0.0018271438918634167, "repeat": 10, "number": 1}]}, "api.testds.time_create_test_dataset1": {"result": [0.6182567877694964], "stats": [{"ci_99": [0.6129056187346578, 0.6290534036234021], "q_25": 0.6160981336142868, "q_75": 0.622920562280342, "min": 0.6129056187346578, "max": 0.6290534036234021, "mean": 0.6197367533110082, "std": 0.004881503389912086, "repeat": 10, "number": 1}]}, "api.testds.time_create_test_dataset2x2": {"result": [3.842736301012337], "stats": [{"ci_99": [3.796229240265029, 3.8943994149898122], "q_25": 3.8320682737976313, "q_75": 3.8559823548421264, "min": 3.824837979860604, "max": 3.8709467286244035, "mean": 3.8453143276274204, "std": 0.017506998827022436, "repeat": 4, "number": 1}]}, "core.runner.time_echo": {"result": [0.0019266050308942796], "stats": [{"ci_99": [0.0018463900312781333, 0.0022702643647789953], "q_25": 0.0018622860312461854, "q_75": 0.0020762281026691196, "min": 0.0018463900312781333, "max": 0.0022702643647789953, "mean": 0.001984016913920641, "std": 0.00014488880714135215, "repeat": 10, "number": 5}]}, "core.runner.time_echo_gitrunner": {"result": [0.0021666510961949824], "stats": [{"ci_99": [0.0020828723907470705, 0.002252079173922539], "q_25": 0.0021024362184107305, "q_75": 0.00221232078038156, "min": 0.0020828723907470705, "max": 0.002252079173922539, "mean": 0.0021626405604183675, "std": 5.842865561752857e-05, "repeat": 10, "number": 5}]}, "core.startup.time_help_np": {"result": [0.5390011840499938], "stats": [{"ci_99": [0.5309594953432679, 0.6308166654780507], "q_25": 0.5330436315853149, "q_75": 0.5955267855897546, "min": 0.5309594953432679, "max": 0.6308166654780507, "mean": 0.5646710677072406, "std": 0.038264537027806814, "repeat": 10, "number": 1}]}, "core.startup.time_import": {"result": [0.11820611171424389], "stats": [{"ci_99": [0.11411270312964916, 0.18202644400298595], "q_25": 0.11469855159521103, "q_75": 0.155560223152861, "min": 0.11411270312964916, "max": 0.18202644400298595, "mean": 0.13405859880149365, "std": 0.02647119893832867, "repeat": 10, "number": 1}]}, "core.startup.time_import_api": {"result": [0.49850020138546824], "stats": [{"ci_99": [0.4658812414854765, 0.5939426114782691], "q_25": 0.4674159891437739, "q_75": 0.5650845423806459, "min": 0.4658812414854765, "max": 0.5939426114782691, "mean": 0.5155575232580304, "std": 0.050530099341746446, "repeat": 10, "number": 1}]}, "support.path.get_parent_paths.time_allsubmods_toplevel": {"result": [0.006894561927765608], "stats": [{"ci_99": [0.006705109495669603, 0.00876464881002903], "q_25": 0.006776790018193424, "q_75": 0.007673172862268984, "min": 0.006705109495669603, "max": 0.00876464881002903, "mean": 0.007294797245413065, "std": 0.0006859503841420957, "repeat": 10, "number": 2}]}, "support.path.get_parent_paths.time_allsubmods_toplevel_only": {"result": [0.006085496628656983], "stats": [{"ci_99": [0.006030911114066839, 0.0061477734707295895], "q_25": 0.006066549103707075, "q_75": 0.006118303979746997, "min": 0.006030911114066839, "max": 0.0061477734707295895, "mean": 0.0060886321123689415, "std": 3.8292210598765097e-05, "repeat": 10, "number": 2}]}, "support.path.get_parent_paths.time_no_submods": {"result": [2.788770673810545e-07], "stats": [{"ci_99": [2.7447909229303777e-07, 3.210095992692854e-07], "q_25": 2.7521866847770306e-07, "q_75": 2.977129345478293e-07, "min": 2.7447909229303777e-07, "max": 3.210095992692854e-07, "mean": 2.878205959523254e-07, "std": 1.579035579330372e-08, "repeat": 10, "number": 31243}]}, "support.path.get_parent_paths.time_one_submod_subdir": {"result": [0.00620727171190083], "stats": [{"ci_99": [0.005714168772101402, 0.006841800641268492], "q_25": 0.005961835733614862,