{"results": {"api.supers.time_createadd": {"result": [1.2645197482779622], "stats": [{"ci_99": [1.2554697338491678, 1.293568829074502], "q_25": 1.2582702790386975, "q_75": 1.278018370270729, "min": 1.2554697338491678, "max": 1.293568829074502, "mean": 1.2686454723589122, "std": 0.012581019387518258, "repeat": 10, "number": 1}]}, "api.supers.time_createadd_to_dataset": {"result": [1.2161712162196636], "stats": [{"ci_99": [1.205062661319971, 1.2424237336963415], "q_25": 1.2112853159196675, "q_75": 1.2321157462429255, "min": 1.205062661319971, "max": 1.2424237336963415, "mean": 1.2205659422092139, "std": 0.012279537823199235, "repeat": 10, "number": 1}]}, "api.supers.time_diff": null, "api.supers.time_diff_recursive": null, "api.supers.time_installr": {"result": [5.070010433439165], "stats": [{"ci_99": [3.0381299327127635, 7.101890934165565], "q_25": 5.049691628431901, "q_75": 5.090329238446429, "min": 5.029372823424637, "max": 5.110648043453693, "mean": 5.070010433439165, "std": 0.040637610014528036, "repeat": 2, "number": 1}]}, "api.supers.time_ls": {"result": [0.1837157323025167], "stats": [{"ci_99": [0.1796723110601306, 0.1924077095463872], "q_25": 0.18196268216706812, "q_75": 0.18644061870872974, "min": 0.1796723110601306, "max": 0.1924077095463872, "mean": 0.18478289078921079, "std": 0.004161798836213301, "repeat": 10, "number": 1}]}, "api.supers.time_ls_recursive": {"result": [1.796572231221944], "stats": [{"ci_99": [1.7858463199809194, 1.8211365398019552], "q_25": 1.7933275133837014, "q_75": 1.8013928229920566, "min": 1.7858463199809194, "max": 1.8211365398019552, "mean": 1.7987764293327928, "std": 0.009321360515894796, "repeat": 10, "number": 1}]}, "api.supers.time_ls_recursive_long_all": {"result": [1.9569003940559924], "stats": [{"ci_99": [1.941222857683897, 1.9828597828745842], "q_25": 1.945214623119682, "q_75": 1.9655381517950445, "min": 1.941222857683897, "max": 1.9828597828745842, "mean": 1.9579023122787476, "std": 0.014068046372600423, "repeat": 8, "number": 1}]}, "api.supers.time_remove": null, "api.supers.time_status": {"result": [0.7507210429757833], "stats": [{"ci_99": [0.7466874355450273, 0.7557224463671446], "q_25": 0.7488483884371817, "q_75": 0.7509857704862952, "min": 0.7466874355450273, "max": 0.7557224463671446, "mean": 0.7504160011187195, "std": 0.0024729360736033554, "repeat": 10, "number": 1}]}, "api.supers.time_status_recursive": {"result": [1.3927523102611303], "stats": [{"ci_99": [1.383923082612455, 1.3998932596296072], "q_25": 1.3880710361991078, "q_75": 1.3966061824467033, "min": 1.383923082612455, "max": 1.3998932596296072, "mean": 1.3923252538777888, "std": 0.005337301654094353, "repeat": 10, "number": 1}]}, "api.supers.time_subdatasets": {"result": [0.10907663218677044], "stats": [{"ci_99": [0.10715668369084597, 0.11364334635436535], "q_25": 0.10772811039350927, "q_75": 0.11034725233912468, "min": 0.10715668369084597, "max": 0.11364334635436535, "mean": 0.10935302404686809, "std": 0.0018816575110650567, "repeat": 10, "number": 1}]}, "api.supers.time_subdatasets_recursive": {"result": [0.4431995116174221], "stats": [{"ci_99": [0.4378530038520694, 0.4539715889841318], "q_25": 0.4395630550570786, "q_75": 0.44595168624073267, "min": 0.4378530038520694, "max": 0.4539715889841318, "mean": 0.4435761202126741, "std": 0.004799723989007396, "repeat": 10, "number": 1}]}, "api.supers.time_subdatasets_recursive_first": {"result": [0.11279187398031354], "stats": [{"ci_99": [0.10630415473133326, 0.11810358799993992], "q_25": 0.10915164393372834, "q_75": 0.11538375844247639, "min": 0.10630415473133326, "max": 0.11810358799993992, "mean": 0.11223003920167685, "std": 0.003724553880533013, "repeat": 10, "number": 1}]}, "api.supers.time_uninstall": {"result": [4.123458000365645], "stats": [{"ci_99": [4.045255359325927, 4.224866555474329], "q_25": 4.11062982166186, "q_75": 4.147889136103913, "min": 4.102420260198414, "max": 4.190907568670809, "mean": 4.135060957400128, "std": 0.034121838532003866, "repeat": 4, "number": 1}]}, "repo.gitrepo.time_get_content_info": {"result": [0.015711556654423475], "stats": [{"ci_99": [0.014287279918789864, 0.02211914863437414], "q_25": 0.014792328933253884, "q_75": 0.016492054099217057, "min": 0.014287279918789864, "max": 0.02211914863437414, "mean": 0.016470219753682614, "std": 0.002459014001180635, "repeat": 10, "number": 1}]}, "api.testds.time_create_test_dataset1": {"result": [0.602286335080862], "stats": [{"ci_99": [0.5928529147058725, 0.6363201159983873], "q_25": 0.5971394118387252, "q_75": 0.6077389195561409, "min": 0.5928529147058725, "max": 0.6363201159983873, "mean": 0.6053633482195437, "std": 0.011912724717550727, "repeat": 10, "number": 1}]}, "api.testds.time_create_test_dataset2x2": {"result": [3.5799525384791195], "stats": [{"ci_99": [3.512593927257039, 3.635417289636753], "q_25": 3.5601162838283926, "q_75": 3.593841863097623, "min": 3.5417408449575305, "max": 3.5943765118718147, "mean": 3.574005608446896, "std": 0.021810029848282037, "repeat": 4, "number": 1}]}, "core.runner.time_echo": {"result": [0.0017178625954935947], "stats": [{"ci_99": [0.0017043895398577054, 0.002236082994689544], "q_25": 0.001713039935566485, "q_75": 0.001729983021505177, "min": 0.0017043895398577054, "max": 0.002236082994689544, "mean": 0.0017718319781124588, "std": 0.00015522248636566234, "repeat": 10, "number": 6}]}, "core.runner.time_echo_gitrunner": {"result": [0.0022448672680184245], "stats": [{"ci_99": [0.0020911183673888445, 0.003610102692618966], "q_25": 0.0021125052007846534, "q_75": 0.0025043917703442276, "min": 0.0020911183673888445, "max": 0.003610102692618966, "mean": 0.0024098507827147843, "std": 0.00044125230662288523, "repeat": 10, "number": 4}]}, "core.startup.time_help_np": {"result": [0.5490089459344745], "stats": [{"ci_99": [0.530333774164319, 0.644845075905323], "q_25": 0.5347330081276596, "q_75": 0.5987895287107676, "min": 0.530333774164319, "max": 0.644845075905323, "mean": 0.5702157744206489, "std": 0.04117102888070776, "repeat": 10, "number": 1}]}, "core.startup.time_import": {"result": [0.1199010070413351], "stats": [{"ci_99": [0.11444170214235783, 0.2029717406257987], "q_25": 0.11620363383553922, "q_75": 0.15731422905810177, "min": 0.11444170214235783, "max": 0.2029717406257987, "mean": 0.14175681993365288, "std": 0.03342382043468924, "repeat": 10, "number": 1}]}, "core.startup.time_import_api": {"result": [0.4812960955314338], "stats": [{"ci_99": [0.4653216889128089, 0.5663545029237866], "q_25": 0.4668064243160188, "q_75": 0.5280919682700187, "min": 0.4653216889128089, "max": 0.5663545029237866, "mean": 0.4987771919928491, "std": 0.035954055849839774, "repeat": 10, "number": 1}]}, "support.path.get_parent_paths.time_allsubmods_toplevel": {"result": [0.006997323594987392], "stats": [{"ci_99": [0.006874939892441034, 0.008823105599731207], "q_25": 0.006942135281860828, "q_75": 0.007711617974564433, "min": 0.006874939892441034, "max": 0.008823105599731207, "mean": 0.0073896104004234076, "std": 0.0006436124852834148, "repeat": 10, "number": 2}]}, "support.path.get_parent_paths.time_allsubmods_toplevel_only": {"result": [0.006249627331271768], "stats": [{"ci_99": [0.006163941230624914, 0.007342250552028418], "q_25": 0.006196108181029558, "q_75": 0.006568732322193682, "min": 0.006163941230624914, "max": 0.007342250552028418, "mean": 0.006453292910009623, "std": 0.0003796014844792071, "repeat": 10, "number": 2}]}, "support.path.get_parent_paths.time_no_submods": {"result": [2.938567157520877e-07], "stats": [{"ci_99": [2.728945446424734e-07, 3.5771238559161775e-07], "q_25": 2.7339066007779294e-07, "q_75": 3.2844611631580136e-07, "min": 2.728945446424734e-07, "max": 3.5771238559161775e-07, "mean": 3.032821176160232e-07, "std": 3.158560549277125e-08, "repeat": 10, "number": 27890}]}, "support.path.get_parent_paths.time_one_submod_subdir": {"result": [0.005497690057381988], "stats": [{"ci_99": [0.00530260382220149, 0.006639181170612574], "q_25": 0.005374829517677426, "q_75": 0.005959209171123803,