{"results": {"api.supers.time_createadd": {"result": [0.9817336378619075], "stats": [{"ci_99": [0.9709489736706018, 1.043766736984253], "q_25": 0.9730448937043548, "q_75": 0.9931062830146402, "min": 0.9709489736706018, "max": 1.043766736984253, "mean": 0.9883229131810367, "std": 0.02130189688434513, "repeat": 10, "number": 1}]}, "api.supers.time_createadd_to_dataset": {"result": [0.8289622855372727], "stats": [{"ci_99": [0.8146064663305879, 0.8591809067875147], "q_25": 0.8237037512008101, "q_75": 0.833873440977186, "min": 0.8146064663305879, "max": 0.8591809067875147, "mean": 0.8300202009268105, "std": 0.011927934325109574, "repeat": 10, "number": 1}]}, "api.supers.time_diff": null, "api.supers.time_diff_recursive": null, "api.supers.time_installr": {"result": [3.797677915543318], "stats": [{"ci_99": [3.710578215502967, 3.8711557470179905], "q_25": 3.7717683331575245, "q_75": 3.816776563646272, "min": 3.750000823289156, "max": 3.8181112706661224, "mean": 3.7908669812604785, "std": 0.02828867390912593, "repeat": 4, "number": 1}]}, "api.supers.time_ls": {"result": [0.6913167033344507], "stats": [{"ci_99": [0.6805368410423398, 0.6975377146154642], "q_25": 0.6865669875405729, "q_75": 0.69531479338184, "min": 0.6805368410423398, "max": 0.6975377146154642, "mean": 0.6902718132361769, "std": 0.0058124149824908275, "repeat": 10, "number": 1}]}, "api.supers.time_ls_recursive": {"result": [2.592039232607931], "stats": [{"ci_99": [2.582963475957513, 2.6028643844662804], "q_25": 2.5914137077052146, "q_75": 2.597391508286819, "min": 2.582963475957513, "max": 2.6022599870339036, "mean": 2.593280454631895, "std": 0.006150258142533754, "repeat": 6, "number": 1}]}, "api.supers.time_ls_recursive_long_all": {"result": [2.7517529376782477], "stats": [{"ci_99": [2.741103739285143, 2.7628451597008388], "q_25": 2.7467903555370867, "q_75": 2.756292062578723, "min": 2.7434345660731196, "max": 2.761964989826083, "mean": 2.751974449492991, "std": 0.006450835748218587, "repeat": 6, "number": 1}]}, "api.supers.time_remove": {"result": [2.0648777903988957], "stats": [{"ci_99": [2.042652797885239, 2.083774857223034], "q_25": 2.0529629783704877, "q_75": 2.067902848124504, "min": 2.042652797885239, "max": 2.083774857223034, "mean": 2.062177762738429, "std": 0.012672126094235368, "repeat": 8, "number": 1}]}, "api.supers.time_status": {"result": [0.6924506523646414], "stats": [{"ci_99": [0.6793392598628998, 0.7285023331642151], "q_25": 0.6893118147272617, "q_75": 0.706444124924019, "min": 0.6793392598628998, "max": 0.7285023331642151, "mean": 0.6997692150995135, "std": 0.015387784249950798, "repeat": 10, "number": 1}]}, "api.supers.time_status_recursive": {"result": [1.1574874641373754], "stats": [{"ci_99": [1.130988103337586, 1.1963205030187964], "q_25": 1.13943106145598, "q_75": 1.1782701192423701, "min": 1.130988103337586, "max": 1.1963205030187964, "mean": 1.160288237221539, "std": 0.022040750572288673, "repeat": 10, "number": 1}]}, "api.supers.time_subdatasets": {"result": [0.04623510781675577], "stats": [{"ci_99": [0.044810823164880276, 0.056218221783638], "q_25": 0.045612895395606756, "q_75": 0.04941621539182961, "min": 0.044810823164880276, "max": 0.056218221783638, "mean": 0.048330407962203024, "std": 0.004055053947551258, "repeat": 10, "number": 1}]}, "api.supers.time_subdatasets_recursive": {"result": [0.11942722834646702], "stats": [{"ci_99": [0.1165412338450551, 0.12961459904909134], "q_25": 0.11759646120481193, "q_75": 0.12236870545893908, "min": 0.1165412338450551, "max": 0.12961459904909134, "mean": 0.12050456088036299, "std": 0.0037801140485561567, "repeat": 10, "number": 1}]}, "api.supers.time_subdatasets_recursive_first": {"result": [0.04878528323024511], "stats": [{"ci_99": [0.04557926580309868, 0.05387338250875473], "q_25": 0.04745535668917, "q_75": 0.05202261568047106, "min": 0.04557926580309868, "max": 0.05387338250875473, "mean": 0.04949867706745863, "std": 0.00274308742461422, "repeat": 10, "number": 1}]}, "api.supers.time_uninstall": {"result": [2.1662066956050694], "stats": [{"ci_99": [2.1155310748144984, 2.2281128456816077], "q_25": 2.128406561445445, "q_75": 2.209974244236946, "min": 2.1155310748144984, "max": 2.2281128456816077, "mean": 2.169532052357681, "std": 0.04480823065690281, "repeat": 8, "number": 1}]}, "repo.gitrepo.time_get_content_info": {"result": [0.017198288813233376], "stats": [{"ci_99": [0.014856000430881977, 0.024545961990952492], "q_25": 0.01517211808823049, "q_75": 0.022044366458430886, "min": 0.014856000430881977, "max": 0.024545961990952492, "mean": 0.01850944012403488, "std": 0.0037786830130102215, "repeat": 10, "number": 1}]}, "api.testds.time_create_test_dataset1": {"result": [0.4448620877228677], "stats": [{"ci_99": [0.43100633658468723, 0.45692551601678133], "q_25": 0.43581934878602624, "q_75": 0.4475585997570306, "min": 0.43100633658468723, "max": 0.45692551601678133, "mean": 0.4433118990622461, "std": 0.008071267318706585, "repeat": 10, "number": 1}]}, "api.testds.time_create_test_dataset2x2": {"result": [2.783118756953627], "stats": [{"ci_99": [2.7480895735355926, 2.8390281023457646], "q_25": 2.7673675348050892, "q_75": 2.796250123064965, "min": 2.7608358515426517, "max": 2.8390281023457646, "mean": 2.7881409733866653, "std": 0.026294536326211242, "repeat": 6, "number": 1}]}, "core.runner.time_echo": {"result": [0.00210763793438673], "stats": [{"ci_99": [0.0019390951842069627, 0.0022921331226825716], "q_25": 0.00200396697036922, "q_75": 0.0022282086312770846, "min": 0.0019390951842069627, "max": 0.0022921331226825716, "mean": 0.0021098961867392066, "std": 0.00012271695563143182, "repeat": 10, "number": 5}]}, "core.runner.time_echo_gitrunner": {"result": [0.002681171987205744], "stats": [{"ci_99": [0.0024723901879042387, 0.0029635040555149317], "q_25": 0.002539479930419475, "q_75": 0.002834734972566366, "min": 0.0024723901879042387, "max": 0.0029635040555149317, "mean": 0.0026896403171122072, "std": 0.00016560532472689087, "repeat": 10, "number": 4}]}, "core.startup.time_help_np": {"result": [0.5799680175259709], "stats": [{"ci_99": [0.5659834435209632, 0.6383808823302388], "q_25": 0.5691991527564824, "q_75": 0.5900018652901053, "min": 0.5659834435209632, "max": 0.6383808823302388, "mean": 0.5868394618853927, "std": 0.022882436652372558, "repeat": 10, "number": 1}]}, "core.startup.time_import": {"result": [0.15189642133191228], "stats": [{"ci_99": [0.1234280513599515, 0.18933119345456362], "q_25": 0.13525275490246713, "q_75": 0.17117606638930738, "min": 0.1234280513599515, "max": 0.18933119345456362, "mean": 0.15357749769464135, "std": 0.020695204084507705, "repeat": 10, "number": 1}]}, "core.startup.time_import_api": {"result": [0.5272916364483535], "stats": [{"ci_99": [0.4901607148349285, 0.5607281094416976], "q_25": 0.5042228752281517, "q_75": 0.5472282562404871, "min": 0.4901607148349285, "max": 0.5607281094416976, "mean": 0.5256795107387007, "std": 0.024785405843700318, "repeat": 10, "number": 1}]}, "support.path.get_parent_paths.time_allsubmods_toplevel": null, "support.path.get_parent_paths.time_allsubmods_toplevel_only": null, "support.path.get_parent_paths.time_no_submods": null, "support.path.get_parent_paths.time_one_submod_subdir": null, "support.path.get_parent_paths.time_one_submod_toplevel": null, "usecases.study_forrest.time_make_studyforrest_mockup": {"result": [29.74835388781503], "stats": [{"ci_99": [28.109964904841036, 31.38674287078902], "q_25": 29.73196999798529, "q_75": 29.76473777764477, "min": 29.71558610815555, "max": 29.78112166747451, "mean": 29.74835388781503, "std": 0.032767779659479856, "repeat": 2, "number": 1}]}, "core.runner.track_overhead_100ms": 1.44, "core.runner.track_overhead_echo": 42.72, "core.runner.track_overhead_heavyout": 8.83, "core.runner.track_overhead_heavyout_online_process": 1.29, "core.runner.track_overhead_heavyout_online_through": 13.77}, "params": {"arch": "x86_64", "cpu": "Intel(R) Xeon(R) CPU E5-1607 v2 @ 3.00GHz", "machine": "drogon-neurodebian0.20200209.1",