{"results": {"api.supers.time_createadd": {"result": [1.2998369559645653], "stats": [{"ci_99": [1.2891116123646498, 1.3312067091464996], "q_25": 1.292273938190192, "q_75": 1.3063162330072373, "min": 1.2891116123646498, "max": 1.3312067091464996, "mean": 1.3021548256278037, "std": 0.012076036385545847, "repeat": 10, "number": 1}]}, "api.supers.time_createadd_to_dataset": {"result": [1.2416227599605918], "stats": [{"ci_99": [1.227099689655006, 1.2731501255184412], "q_25": 1.2365781913977116, "q_75": 1.2640327457338572, "min": 1.227099689655006, "max": 1.2731501255184412, "mean": 1.2480108197778463, "std": 0.015550340961590782, "repeat": 10, "number": 1}]}, "api.supers.time_diff": null, "api.supers.time_diff_recursive": null, "api.supers.time_installr": {"result": [5.3528330135159194], "stats": [{"ci_99": [3.4795560953207314, 7.226109931711106], "q_25": 5.334100244333968, "q_75": 5.371565782697871, "min": 5.315367475152016, "max": 5.390298551879823, "mean": 5.3528330135159194, "std": 0.03746553836390376, "repeat": 2, "number": 1}]}, "api.supers.time_ls": {"result": [0.18931108061224222], "stats": [{"ci_99": [0.18269562628120184, 0.19601617567241192], "q_25": 0.18402054393664002, "q_75": 0.19203311786986887, "min": 0.18269562628120184, "max": 0.19601617567241192, "mean": 0.1887216480448842, "std": 0.004498475144504697, "repeat": 10, "number": 1}]}, "api.supers.time_ls_recursive": {"result": [1.8012789799831808], "stats": [{"ci_99": [1.791083256714046, 1.8617049809545279], "q_25": 1.7945496193133295, "q_75": 1.834542891709134, "min": 1.791083256714046, "max": 1.8617049809545279, "mean": 1.815535410773009, "std": 0.02551059504922608, "repeat": 10, "number": 1}]}, "api.supers.time_ls_recursive_long_all": {"result": [1.952667411416769], "stats": [{"ci_99": [1.93705687019974, 1.9617601847276092], "q_25": 1.9443663395941257, "q_75": 1.9567819938529283, "min": 1.93705687019974, "max": 1.9617601847276092, "mean": 1.9506383744301274, "std": 0.008424292648834663, "repeat": 8, "number": 1}]}, "api.supers.time_remove": null, "api.supers.time_status": {"result": [0.72518381010741], "stats": [{"ci_99": [0.7230599708855152, 0.7413532864302397], "q_25": 0.7241050372831523, "q_75": 0.7276350976899266, "min": 0.7230599708855152, "max": 0.7413532864302397, "mean": 0.7271816734224558, "std": 0.005214468465036748, "repeat": 10, "number": 1}]}, "api.supers.time_status_recursive": {"result": [1.3748947125859559], "stats": [{"ci_99": [1.368246590718627, 1.389261961914599], "q_25": 1.370522091165185, "q_75": 1.3786005098372698, "min": 1.368246590718627, "max": 1.389261961914599, "mean": 1.375570829678327, "std": 0.006060547431708751, "repeat": 10, "number": 1}]}, "api.supers.time_subdatasets": {"result": [0.09643307467922568], "stats": [{"ci_99": [0.09319616761058569, 0.10455991607159376], "q_25": 0.09492999571375549, "q_75": 0.0998508392367512, "min": 0.09319616761058569, "max": 0.10455991607159376, "mean": 0.09753645109012724, "std": 0.003328325463104106, "repeat": 10, "number": 1}]}, "api.supers.time_subdatasets_recursive": {"result": [0.4326963317580521], "stats": [{"ci_99": [0.427134744822979, 0.4381010476499796], "q_25": 0.4306719054002315, "q_75": 0.4347995987627655, "min": 0.427134744822979, "max": 0.4381010476499796, "mean": 0.4327774692326784, "std": 0.0032480626159699247, "repeat": 10, "number": 1}]}, "api.supers.time_subdatasets_recursive_first": {"result": [0.09566989494487643], "stats": [{"ci_99": [0.09342392534017563, 0.10462852474302053], "q_25": 0.09405212290585041, "q_75": 0.09705383842810988, "min": 0.09342392534017563, "max": 0.10462852474302053, "mean": 0.0964597949758172, "std": 0.0032454476550641364, "repeat": 10, "number": 1}]}, "api.supers.time_uninstall": {"result": [4.259571948554367], "stats": [{"ci_99": [4.246149887355174, 4.2704989136884555], "q_25": 4.256107886787504, "q_75": 4.261788462288678, "min": 4.251304677687585, "max": 4.26284902729094, "mean": 4.258324400521815, "std": 0.004466625883676857, "repeat": 4, "number": 1}]}, "repo.gitrepo.time_get_content_info": {"result": [0.015928711742162704], "stats": [{"ci_99": [0.014884348958730698, 0.018667027354240417], "q_25": 0.015266643837094307, "q_75": 0.016771225491538644, "min": 0.014884348958730698, "max": 0.018667027354240417, "mean": 0.016126730479300022, "std": 0.0010984882177737388, "repeat": 10, "number": 1}]}, "api.testds.time_create_test_dataset1": {"result": [0.6181364506483078], "stats": [{"ci_99": [0.6102092433720827, 0.6339036207646132], "q_25": 0.6160904059652239, "q_75": 0.6233833611477166, "min": 0.6102092433720827, "max": 0.6339036207646132, "mean": 0.6201708307489753, "std": 0.007598460954239575, "repeat": 10, "number": 1}]}, "api.testds.time_create_test_dataset2x2": {"result": [3.7992845769040287], "stats": [{"ci_99": [3.777625076304063, 3.8142779736603947], "q_25": 3.7944965057540685, "q_75": 3.800739596132189, "min": 3.7833296824246645, "max": 3.8019072636961937, "mean": 3.795951524982229, "std": 0.007403918703030665, "repeat": 4, "number": 1}]}, "core.runner.time_echo": {"result": [0.0017418876911203065], "stats": [{"ci_99": [0.001725751596192519, 0.0018463019902507465], "q_25": 0.0017375688767060637, "q_75": 0.00175257190130651, "min": 0.001725751596192519, "max": 0.0018463019902507465, "mean": 0.0017549997350821893, "std": 3.483618863536432e-05, "repeat": 10, "number": 6}]}, "core.runner.time_echo_gitrunner": {"result": [0.002224775869399309], "stats": [{"ci_99": [0.0021016333252191544, 0.002783622778952122], "q_25": 0.0021130678243935106, "q_75": 0.0025049879215657714, "min": 0.0021016333252191544, "max": 0.002783622778952122, "mean": 0.002339539546519518, "std": 0.0002609092154494669, "repeat": 10, "number": 5}]}, "core.startup.time_help_np": {"result": [0.6216086214408278], "stats": [{"ci_99": [0.5598101438954473, 0.6834394345059991], "q_25": 0.5766663341782987, "q_75": 0.6592154407408088, "min": 0.5598101438954473, "max": 0.6834394345059991, "mean": 0.620660399273038, "std": 0.04405131736836941, "repeat": 10, "number": 1}]}, "core.startup.time_import": {"result": [0.18203516164794564], "stats": [{"ci_99": [0.1343334186822176, 0.21176237892359495], "q_25": 0.16500676795840263, "q_75": 0.1870684085879475, "min": 0.1343334186822176, "max": 0.21176237892359495, "mean": 0.17766034631058575, "std": 0.02370249958819783, "repeat": 10, "number": 1}]}, "core.startup.time_import_api": {"result": [0.5230224863626063], "stats": [{"ci_99": [0.49129553604871035, 0.611242800951004], "q_25": 0.4959355441387743, "q_75": 0.5502006334718317, "min": 0.49129553604871035, "max": 0.611242800951004, "mean": 0.5319488404318691, "std": 0.04001549923802649, "repeat": 10, "number": 1}]}, "support.path.get_parent_paths.time_allsubmods_toplevel": {"result": [0.007878116331994534], "stats": [{"ci_99": [0.007096068002283573, 0.009931342676281929], "q_25": 0.007112687453627586, "q_75": 0.00907757575623691, "min": 0.007096068002283573, "max": 0.009931342676281929, "mean": 0.008166291564702988, "std": 0.0011049228416695166, "repeat": 10, "number": 1}]}, "support.path.get_parent_paths.time_allsubmods_toplevel_only": {"result": [0.0068567723501473665], "stats": [{"ci_99": [0.006321364548057318, 0.008669916540384293], "q_25": 0.006409229710698128, "q_75": 0.0075396684696897864, "min": 0.006321364548057318, "max": 0.008669916540384293, "mean": 0.007099523209035397, "std": 0.0007673176492826361, "repeat": 10, "number": 2}]}, "support.path.get_parent_paths.time_no_submods": {"result": [3.3397077081563667e-07], "stats": [{"ci_99": [3.001734581979639e-07, 3.675801853253242e-07], "q_25": 3.227791573888184e-07, "q_75": 3.4167994256219485e-07, "min": 3.001734581979639e-07, "max": 3.675801853253242e-07, "mean": 3.328589222453166e-07, "std": 1.8587566178947292e-08, "repeat": 10, "number": 26681}]}, "support.path.get_parent_paths.time_one_submod_subdir": {"result": [0.006087761837989092], "stats": [{"ci_99": [0.005498833954334259, 0.007028950843960047], "q_25": 0.005815003765746951, "q_75": 0.006372537580318749,