{"results": {"api.supers.time_createadd": {"result": [1.479956513736397], "stats": [{"ci_99": [1.468427898362279, 1.4969870373606682], "q_25": 1.4742009395267814, "q_75": 1.4889799626544118, "min": 1.468427898362279, "max": 1.4969870373606682, "mean": 1.4812873154878616, "std": 0.00884748853387877, "repeat": 10, "number": 1}]}, "api.supers.time_createadd_to_dataset": {"result": [1.3724610451608896], "stats": [{"ci_99": [1.358662262558937, 1.3874160386621952], "q_25": 1.3634678185917437, "q_75": 1.3773803871590644, "min": 1.358662262558937, "max": 1.3874160386621952, "mean": 1.3719017000868916, "std": 0.009405662509018904, "repeat": 10, "number": 1}]}, "api.supers.time_diff": null, "api.supers.time_diff_recursive": null, "api.supers.time_installr": {"result": [8.642840005457401], "stats": [{"ci_99": [8.487874867394567, 8.797805143520236], "q_25": 8.641290354076773, "q_75": 8.64438965683803, "min": 8.639740702696145, "max": 8.645939308218658, "mean": 8.642840005457401, "std": 0.003099302761256695, "repeat": 2, "number": 1}]}, "api.supers.time_ls": {"result": [0.2570297056809068], "stats": [{"ci_99": [0.25406799744814634, 0.26295575127005577], "q_25": 0.2546205227263272, "q_75": 0.25866436632350087, "min": 0.25406799744814634, "max": 0.26295575127005577, "mean": 0.2572225366719067, "std": 0.0027309045727917903, "repeat": 10, "number": 1}]}, "api.supers.time_ls_recursive": {"result": [2.6169798923656344], "stats": [{"ci_99": [2.5969195970886356, 2.6344720398765396], "q_25": 2.6060752435587347, "q_75": 2.6256175430025905, "min": 2.600249642506242, "max": 2.6290283631533384, "mean": 2.6156958184825876, "std": 0.01099920148057069, "repeat": 6, "number": 1}]}, "api.supers.time_ls_recursive_long_all": {"result": [2.772354975808412], "stats": [{"ci_99": [2.765170115036247, 2.78219788428396], "q_25": 2.769262303132564, "q_75": 2.777218076167628, "min": 2.767950903624296, "max": 2.78219788428396, "mean": 2.7736548768977323, "std": 0.005158858857817876, "repeat": 6, "number": 1}]}, "api.supers.time_remove": {"result": [6.943117178045213], "stats": [{"ci_99": [6.637804119847715, 7.2484302362427115], "q_25": 6.940064047463238, "q_75": 6.946170308627188, "min": 6.937010916881263, "max": 6.949223439209163, "mean": 6.943117178045213, "std": 0.006106261163949966, "repeat": 2, "number": 1}]}, "api.supers.time_status": {"result": [0.816854631062597], "stats": [{"ci_99": [0.8068948639556766, 0.8402512008324265], "q_25": 0.8131121976766735, "q_75": 0.8280549859628081, "min": 0.8068948639556766, "max": 0.8402512008324265, "mean": 0.820013559050858, "std": 0.010409791522719097, "repeat": 10, "number": 1}]}, "api.supers.time_status_recursive": {"result": [1.679678334388882], "stats": [{"ci_99": [1.6673628017306328, 1.7089409846812487], "q_25": 1.6703799744136631, "q_75": 1.689043374499306, "min": 1.6673628017306328, "max": 1.7089409846812487, "mean": 1.6830822263844312, "std": 0.014402947303757605, "repeat": 10, "number": 1}]}, "api.supers.time_subdatasets": {"result": [0.21092899003997445], "stats": [{"ci_99": [0.20799435582011938, 0.21841573994606733], "q_25": 0.20904098055325449, "q_75": 0.21440852480009198, "min": 0.20799435582011938, "max": 0.21841573994606733, "mean": 0.21189745282754302, "std": 0.003454310965241294, "repeat": 10, "number": 1}]}, "api.supers.time_subdatasets_recursive": {"result": [0.67131616640836], "stats": [{"ci_99": [0.6670825043693185, 0.7017863402143121], "q_25": 0.6699895863421261, "q_75": 0.6788140467833728, "min": 0.6670825043693185, "max": 0.7017863402143121, "mean": 0.6757075871340931, "std": 0.009847749715528953, "repeat": 10, "number": 1}]}, "api.supers.time_subdatasets_recursive_first": {"result": [0.1863984065130353], "stats": [{"ci_99": [0.1829408509656787, 0.1948321806266904], "q_25": 0.18446725560352206, "q_75": 0.19091143645346165, "min": 0.1829408509656787, "max": 0.1948321806266904, "mean": 0.1878107139840722, "std": 0.003968153982420487, "repeat": 10, "number": 1}]}, "api.supers.time_uninstall": {"result": [6.758014148101211], "stats": [{"ci_99": [6.136612210422754, 7.379416085779666], "q_25": 6.751800128724426, "q_75": 6.764228167477995, "min": 6.7455861093476415, "max": 6.77044218685478, "mean": 6.758014148101211, "std": 0.012428038753569126, "repeat": 2, "number": 1}]}, "repo.gitrepo.time_get_content_info": {"result": [0.01477348105981946], "stats": [{"ci_99": [0.014109550975263119, 0.016048269346356392], "q_25": 0.014593984000384808, "q_75": 0.015488300239667296, "min": 0.014109550975263119, "max": 0.016048269346356392, "mean": 0.014994477573782205, "std": 0.0005994372960157182, "repeat": 10, "number": 1}]}, "api.testds.time_create_test_dataset1": {"result": [0.7571143102832139], "stats": [{"ci_99": [0.7515846956521273, 0.7614475255832076], "q_25": 0.7529841144569218, "q_75": 0.7584579440299422, "min": 0.7515846956521273, "max": 0.7614475255832076, "mean": 0.7562143662013113, "std": 0.003156877876973903, "repeat": 10, "number": 1}]}, "api.testds.time_create_test_dataset2x2": {"result": [4.201411854941398], "stats": [{"ci_99": [4.16628887791754, 4.239309890115547], "q_25": 4.1942830956541, "q_75": 4.209928143303841, "min": 4.1860874984413385, "max": 4.22228632774204, "mean": 4.202799384016544, "std": 0.013243337144420376, "repeat": 4, "number": 1}]}, "core.runner.time_echo": {"result": [0.0017102999457468588], "stats": [{"ci_99": [0.0016957029389838378, 0.002091737619290749], "q_25": 0.0016996669971073668, "q_75": 0.0017483138168851535, "min": 0.0016957029389838378, "max": 0.002091737619290749, "mean": 0.0017690243199467658, "std": 0.00012167110637855326, "repeat": 10, "number": 6}]}, "core.runner.time_echo_gitrunner": {"result": [0.002356345113366842], "stats": [{"ci_99": [0.0020851582288742066, 0.003185738064348698], "q_25": 0.0021033041179180146, "q_75": 0.0027533719781786207, "min": 0.0020851582288742066, "max": 0.003185738064348698, "mean": 0.002473737206310034, "std": 0.00040335986953904634, "repeat": 10, "number": 5}]}, "core.startup.time_help_np": {"result": [0.59060104098171], "stats": [{"ci_99": [0.5492183035239577, 0.6384866945445538], "q_25": 0.5655774162150919, "q_75": 0.6146828839555383, "min": 0.5492183035239577, "max": 0.6384866945445538, "mean": 0.5908055001869797, "std": 0.029629888092393808, "repeat": 10, "number": 1}]}, "core.startup.time_import": {"result": [0.13912520837038755], "stats": [{"ci_99": [0.11351904831826687, 0.1951569775119424], "q_25": 0.1162918177433312, "q_75": 0.15855517494492233, "min": 0.11351904831826687, "max": 0.1951569775119424, "mean": 0.14245126778259873, "std": 0.027537407297092052, "repeat": 10, "number": 1}]}, "core.startup.time_import_api": {"result": [0.511387491133064], "stats": [{"ci_99": [0.4506218256428838, 0.5723934872075915], "q_25": 0.49862314690835774, "q_75": 0.5489028755109757, "min": 0.4506218256428838, "max": 0.5723934872075915, "mean": 0.5184873105958104, "std": 0.03544165057761343, "repeat": 10, "number": 1}]}, "support.path.get_parent_paths.time_allsubmods_toplevel": {"result": [0.007697167340666056], "stats": [{"ci_99": [0.006856830324977636, 0.008817948866635561], "q_25": 0.007299748016521335, "q_75": 0.008138671866618097, "min": 0.006856830324977636, "max": 0.008817948866635561, "mean": 0.007752655353397131, "std": 0.000618022332196983, "repeat": 10, "number": 2}]}, "support.path.get_parent_paths.time_allsubmods_toplevel_only": {"result": [0.006547245429828763], "stats": [{"ci_99": [0.006033244077116251, 0.008118512574583292], "q_25": 0.00613150279968977, "q_75": 0.007132117869332433, "min": 0.006033244077116251, "max": 0.008118512574583292, "mean": 0.006734407786279917, "std": 0.0006698071955682804, "repeat": 10, "number": 2}]}, "support.path.get_parent_paths.time_no_submods": {"result": [3.313140266320922e-07], "stats": [{"ci_99": [3.007325259121982e-07, 3.720318390564485e-07], "q_25": 3.1946386125954715e-07, "q_75": 3.467877564782446e-07, "min": 3.007325259121982e-07, "max": 3.720318390564485e-07, "mean": 3.339453312483701e-07,