{"results": {"api.supers.time_createadd": {"result": [1.3611644031479955], "stats": [{"ci_99": [1.3466750271618366, 1.3730537593364716], "q_25": 1.3489915921818465, "q_75": 1.3631424633786082, "min": 1.3466750271618366, "max": 1.3730537593364716, "mean": 1.3585304599255323, "std": 0.009387559667034173, "repeat": 10, "number": 1}]}, "api.supers.time_createadd_to_dataset": {"result": [1.1098994854837656], "stats": [{"ci_99": [1.091809531673789, 1.1249175686389208], "q_25": 1.1024940039496869, "q_75": 1.1157991751097143, "min": 1.091809531673789, "max": 1.1249175686389208, "mean": 1.1089633785188198, "std": 0.009952700751244534, "repeat": 10, "number": 1}]}, "api.supers.time_diff": {"result": [0.09815621143206954], "stats": [{"ci_99": [0.09086866863071918, 0.1128695635125041], "q_25": 0.09581126202829182, "q_75": 0.10674331802874804, "min": 0.09086866863071918, "max": 0.1128695635125041, "mean": 0.10043800016865134, "std": 0.007015069940268229, "repeat": 10, "number": 1}]}, "api.supers.time_diff_recursive": {"result": [0.31003384105861187], "stats": [{"ci_99": [0.30526081286370754, 0.3175363577902317], "q_25": 0.30760587099939585, "q_75": 0.3122151985298842, "min": 0.30526081286370754, "max": 0.3175363577902317, "mean": 0.31022060560062525, "std": 0.0034423976570861522, "repeat": 10, "number": 1}]}, "api.supers.time_installr": {"result": [3.821622936055064], "stats": [{"ci_99": [3.722999423125536, 3.9336928819885837], "q_25": 3.796703017083928, "q_75": 3.8532660715281963, "min": 3.7884561819955707, "max": 3.8816825561225414, "mean": 3.82834615255706, "std": 0.0371129665615922, "repeat": 4, "number": 1}]}, "api.supers.time_ls": {"result": [0.6952797030098736], "stats": [{"ci_99": [0.6799216642975807, 0.7015868742018938], "q_25": 0.6897806897759438, "q_75": 0.6966513304505497, "min": 0.6799216642975807, "max": 0.7015868742018938, "mean": 0.6931747579015791, "std": 0.006280087370134649, "repeat": 10, "number": 1}]}, "api.supers.time_ls_recursive": {"result": [2.6257789586670697], "stats": [{"ci_99": [2.6095027404229327, 2.6440075326387604], "q_25": 2.6171045892406255, "q_75": 2.635871750069782, "min": 2.6154199549928308, "max": 2.6401038002222776, "mean": 2.6267551365308464, "std": 0.009976826832875854, "repeat": 6, "number": 1}]}, "api.supers.time_ls_recursive_long_all": {"result": [2.795052164234221], "stats": [{"ci_99": [2.7770337990259852, 2.8182633370161057], "q_25": 2.7875635107047856, "q_75": 2.804664926836267, "min": 2.7825147975236177, "max": 2.8182633370161057, "mean": 2.7973031561511257, "std": 0.01231493485266736, "repeat": 6, "number": 1}]}, "api.supers.time_remove": {"result": [2.0757459425367415], "stats": [{"ci_99": [2.063601652160287, 2.090506083332002], "q_25": 2.071488539688289, "q_75": 2.0795305527281016, "min": 2.063601652160287, "max": 2.090506083332002, "mean": 2.076700742705725, "std": 0.00844527059071785, "repeat": 8, "number": 1}]}, "api.supers.time_status": {"result": [0.6835167715325952], "stats": [{"ci_99": [0.6734385127201676, 0.6952400244772434], "q_25": 0.677666759584099, "q_75": 0.6866542419884354, "min": 0.6734385127201676, "max": 0.6952400244772434, "mean": 0.6831356675364078, "std": 0.006332223143738163, "repeat": 10, "number": 1}]}, "api.supers.time_status_recursive": {"result": [1.147945920471102], "stats": [{"ci_99": [1.135405397042632, 1.1536720311269164], "q_25": 1.1396692583803087, "q_75": 1.1500250329263508, "min": 1.135405397042632, "max": 1.1536720311269164, "mean": 1.1453395947813987, "std": 0.006459541159767636, "repeat": 10, "number": 1}]}, "api.supers.time_subdatasets": {"result": [0.051701733376830816], "stats": [{"ci_99": [0.04805171117186546, 0.07285390608012676], "q_25": 0.04953872016631067, "q_75": 0.05813813395798206, "min": 0.04805171117186546, "max": 0.07285390608012676, "mean": 0.055026714224368334, "std": 0.007836171762086012, "repeat": 10, "number": 1}]}, "api.supers.time_subdatasets_recursive": {"result": [0.12251879461109638], "stats": [{"ci_99": [0.11961313709616661, 0.13650232180953026], "q_25": 0.12146533490158617, "q_75": 0.12518933974206448, "min": 0.11961313709616661, "max": 0.13650232180953026, "mean": 0.12424511117860675, "std": 0.00472523680797867, "repeat": 10, "number": 1}]}, "api.supers.time_subdatasets_recursive_first": {"result": [0.05368881765753031], "stats": [{"ci_99": [0.04951852187514305, 0.061467571184039116], "q_25": 0.053095132345333695, "q_75": 0.05539139360189438, "min": 0.04951852187514305, "max": 0.061467571184039116, "mean": 0.05446072714403272, "std": 0.0030486954499136074, "repeat": 10, "number": 1}]}, "api.supers.time_uninstall": {"result": [2.1590639329515398], "stats": [{"ci_99": [2.139383999630809, 2.291143803857267], "q_25": 2.155925370985642, "q_75": 2.1786794695071876, "min": 2.139383999630809, "max": 2.291143803857267, "mean": 2.1799056561430916, "std": 0.047004261254567296, "repeat": 8, "number": 1}]}, "repo.gitrepo.time_get_content_info": {"result": [0.020523459184914827], "stats": [{"ci_99": [0.0171559639275074, 0.024785388261079788], "q_25": 0.019192028790712357, "q_75": 0.021827681455761194, "min": 0.0171559639275074, "max": 0.024785388261079788, "mean": 0.020655866432935, "std": 0.0021748355414799286, "repeat": 10, "number": 1}]}, "api.testds.time_create_test_dataset1": {"result": [0.46046344470232725], "stats": [{"ci_99": [0.4382440038025379, 0.4816807648167014], "q_25": 0.4458956611342728, "q_75": 0.46551801008172333, "min": 0.4382440038025379, "max": 0.4816807648167014, "mean": 0.4578317830339074, "std": 0.013640030192400442, "repeat": 10, "number": 1}]}, "api.testds.time_create_test_dataset2x2": {"result": [2.831710540689528], "stats": [{"ci_99": [2.719100704581332, 2.9382828754898993], "q_25": 2.7696613061707467, "q_75": 2.891408272786066, "min": 2.749832739122212, "max": 2.8986111748963594, "mean": 2.828691790035615, "std": 0.0628570162083177, "repeat": 6, "number": 1}]}, "core.runner.time_echo": {"result": [0.002109303046017885], "stats": [{"ci_99": [0.0019244534894824028, 0.0023829836398363115], "q_25": 0.001994343148544431, "q_75": 0.0022070309147238735, "min": 0.0019244534894824028, "max": 0.0023829836398363115, "mean": 0.0021095919422805306, "std": 0.00013661659307694275, "repeat": 10, "number": 5}]}, "core.runner.time_echo_gitrunner": {"result": [0.002412728779017925], "stats": [{"ci_99": [0.0021401088684797286, 0.0029869526624679565], "q_25": 0.002187969209626317, "q_75": 0.002740869950503111, "min": 0.0021401088684797286, "max": 0.0029869526624679565, "mean": 0.00247679615393281, "std": 0.00030952104044715495, "repeat": 10, "number": 5}]}, "core.startup.time_help_np": {"result": [0.5717154247686267], "stats": [{"ci_99": [0.5247949222102761, 0.5949461869895458], "q_25": 0.5414081264752895, "q_75": 0.5830566028598696, "min": 0.5247949222102761, "max": 0.5949461869895458, "mean": 0.5637592734768987, "std": 0.024607296273234856, "repeat": 10, "number": 1}]}, "core.startup.time_import": {"result": [0.13611555332317948], "stats": [{"ci_99": [0.11363141797482967, 0.1920541999861598], "q_25": 0.11772365309298038, "q_75": 0.15057412162423134, "min": 0.11363141797482967, "max": 0.1920541999861598, "mean": 0.1392697010189295, "std": 0.023948833918137832, "repeat": 10, "number": 1}]}, "core.startup.time_import_api": {"result": [0.48056440614163876], "stats": [{"ci_99": [0.45326280128210783, 0.5518014514818788], "q_25": 0.459801672026515, "q_75": 0.5241613630205393, "min": 0.45326280128210783, "max": 0.5518014514818788, "mean": 0.4923323683440685, "std": 0.037075595572841104, "repeat": 10, "number": 1}]}, "support.path.get_parent_paths.time_allsubmods_toplevel": null, "support.path.get_parent_paths.time_allsubmods_toplevel_only": null, "support.path.get_parent_paths.time_no_submods": null, "support.path.get_parent_paths.time_one_submod_subdir": null, "support.path.get_parent_paths.time_one_submod_toplevel": null, "usecases.study_forrest.time_make_studyforrest_mockup": {"result": [35.78481350792572],