{"results": {"api.supers.time_createadd": {"result": [0.981748235411942], "stats": [{"ci_99": [0.9692559763789177, 1.0162104796618223], "q_25": 0.9724362541455775, "q_75": 0.9890159219503403, "min": 0.9692559763789177, "max": 1.0162104796618223, "mean": 0.984276890847832, "std": 0.014276923962347471, "repeat": 10, "number": 1}]}, "api.supers.time_createadd_to_dataset": {"result": [0.8365046610124409], "stats": [{"ci_99": [0.8171854624524713, 0.850348299369216], "q_25": 0.8280134098604321, "q_75": 0.8422436700202525, "min": 0.8171854624524713, "max": 0.850348299369216, "mean": 0.8354644146747887, "std": 0.010365037312072334, "repeat": 10, "number": 1}]}, "api.supers.time_diff": null, "api.supers.time_diff_recursive": null, "api.supers.time_installr": {"result": [3.817579754628241], "stats": [{"ci_99": [3.75081477588207, 3.8760045711493447], "q_25": 3.8071348175872117, "q_75": 3.8238546105567366, "min": 3.7760545844212174, "max": 3.8424246003851295, "mean": 3.8134096735157073, "std": 0.023833076897840245, "repeat": 4, "number": 1}]}, "api.supers.time_ls": {"result": [0.6960471435450017], "stats": [{"ci_99": [0.6863342756405473, 0.705143597908318], "q_25": 0.6914716684259474, "q_75": 0.6979008079506457, "min": 0.6863342756405473, "max": 0.705143597908318, "mean": 0.6948877359740436, "std": 0.005353815527063031, "repeat": 10, "number": 1}]}, "api.supers.time_ls_recursive": {"result": [2.5998788867145777], "stats": [{"ci_99": [2.5850231362312965, 2.6133864456360607], "q_25": 2.59165744879283, "q_75": 2.6054565620142967, "min": 2.587944042868912, "max": 2.61129417270422, "mean": 2.5992047909336784, "std": 0.008505340777295273, "repeat": 6, "number": 1}]}, "api.supers.time_ls_recursive_long_all": {"result": [2.7575741102918983], "stats": [{"ci_99": [2.740865900181234, 2.7721321780728365], "q_25": 2.7515939171426, "q_75": 2.7636756238061935, "min": 2.740865900181234, "max": 2.769428111612797, "mean": 2.756792035574714, "std": 0.009428164423472355, "repeat": 6, "number": 1}]}, "api.supers.time_remove": {"result": [2.0625456762500107], "stats": [{"ci_99": [2.0399904986843467, 2.094138564541936], "q_25": 2.057114572264254, "q_75": 2.0663829618133605, "min": 2.0399904986843467, "max": 2.094138564541936, "mean": 2.0629827466327697, "std": 0.01440142338852067, "repeat": 8, "number": 1}]}, "api.supers.time_status": {"result": [0.6817989214323461], "stats": [{"ci_99": [0.6778818797320127, 0.6913000959903002], "q_25": 0.6791146590840071, "q_75": 0.6858214596286416, "min": 0.6778818797320127, "max": 0.6913000959903002, "mean": 0.6831046334467828, "std": 0.004571634438339071, "repeat": 10, "number": 1}]}, "api.supers.time_status_recursive": {"result": [1.1441491316072643], "stats": [{"ci_99": [1.1361301243305206, 1.1562185529619455], "q_25": 1.1394869959913194, "q_75": 1.1467730104923248, "min": 1.1361301243305206, "max": 1.1562185529619455, "mean": 1.1442673293873669, "std": 0.006156196310887744, "repeat": 10, "number": 1}]}, "api.supers.time_subdatasets": {"result": [0.05132984509691596], "stats": [{"ci_99": [0.04552526492625475, 0.05798049084842205], "q_25": 0.050043871626257896, "q_75": 0.05346368486061692, "min": 0.04552526492625475, "max": 0.05798049084842205, "mean": 0.05157426651567221, "std": 0.003310250649506792, "repeat": 10, "number": 1}]}, "api.supers.time_subdatasets_recursive": {"result": [0.11907649505883455], "stats": [{"ci_99": [0.11609269678592682, 0.12618647050112486], "q_25": 0.11722844210453331, "q_75": 0.12302017631009221, "min": 0.11609269678592682, "max": 0.12618647050112486, "mean": 0.12018968015909196, "std": 0.003493608794980337, "repeat": 10, "number": 1}]}, "api.supers.time_subdatasets_recursive_first": {"result": [0.05454372987151146], "stats": [{"ci_99": [0.04548767302185297, 0.059367235749959946], "q_25": 0.04885907983407378, "q_75": 0.055769531056284904, "min": 0.04548767302185297, "max": 0.059367235749959946, "mean": 0.05246876971796155, "std": 0.0045223285288593035, "repeat": 10, "number": 1}]}, "api.supers.time_uninstall": {"result": [2.1723620374687016], "stats": [{"ci_99": [2.120858551003039, 2.240153195336461], "q_25": 2.1323724151588976, "q_75": 2.2184570259414613, "min": 2.120858551003039, "max": 2.240153195336461, "mean": 2.1758359712548554, "std": 0.04683525753124322, "repeat": 8, "number": 1}]}, "repo.gitrepo.time_get_content_info": {"result": [0.01728302612900734], "stats": [{"ci_99": [0.014981438405811787, 0.02280461508780718], "q_25": 0.01532260817475617, "q_75": 0.022439241176471114, "min": 0.014981438405811787, "max": 0.02280461508780718, "mean": 0.018545833975076677, "std": 0.0033502485779475515, "repeat": 10, "number": 1}]}, "api.testds.time_create_test_dataset1": {"result": [0.44702231558039784], "stats": [{"ci_99": [0.4336995827034116, 0.46568736527115107], "q_25": 0.4375010777730495, "q_75": 0.4540043619927019, "min": 0.4336995827034116, "max": 0.46568736527115107, "mean": 0.44681636029854416, "std": 0.01008697098697663, "repeat": 10, "number": 1}]}, "api.testds.time_create_test_dataset2x2": {"result": [2.8033322817645967], "stats": [{"ci_99": [2.7349313450977206, 2.8568809845303473], "q_25": 2.7797882379963994, "q_75": 2.8211576875764877, "min": 2.7349313450977206, "max": 2.846660800278187, "mean": 2.797882736970981, "std": 0.036443934880604524, "repeat": 6, "number": 1}]}, "core.runner.time_echo": {"result": [0.0020369194680824876], "stats": [{"ci_99": [0.001706278184428811, 0.002499266294762492], "q_25": 0.0017418627394363284, "q_75": 0.0023242936586029828, "min": 0.001706278184428811, "max": 0.002499266294762492, "mean": 0.002052405523136258, "std": 0.00030831500656395796, "repeat": 10, "number": 4}]}, "core.runner.time_echo_gitrunner": {"result": [0.002320950268767774], "stats": [{"ci_99": [0.002107888925820589, 0.0028672521002590656], "q_25": 0.002138366049621254, "q_75": 0.0026336348964832723, "min": 0.002107888925820589, "max": 0.0028672521002590656, "mean": 0.0024048015475273132, "std": 0.00028459024034382084, "repeat": 10, "number": 4}]}, "core.startup.time_help_np": {"result": [0.5544942384585738], "stats": [{"ci_99": [0.5180343668907881, 0.626141469925642], "q_25": 0.5254448030609637, "q_75": 0.5818811121862382, "min": 0.5180343668907881, "max": 0.626141469925642, "mean": 0.5573473556898534, "std": 0.033543093802788984, "repeat": 10, "number": 1}]}, "core.startup.time_import": {"result": [0.11581967119127512], "stats": [{"ci_99": [0.11305422149598598, 0.16594830248504877], "q_25": 0.11506728199310601, "q_75": 0.13802558043971658, "min": 0.11305422149598598, "max": 0.16594830248504877, "mean": 0.12783817490562796, "std": 0.019923597790800402, "repeat": 10, "number": 1}]}, "core.startup.time_import_api": {"result": [0.4532448844984174], "stats": [{"ci_99": [0.448664509691298, 0.5586844431236386], "q_25": 0.45120393042452633, "q_75": 0.5328521833289415, "min": 0.448664509691298, "max": 0.5586844431236386, "mean": 0.4860233530402184, "std": 0.044254026601390335, "repeat": 10, "number": 1}]}, "support.path.get_parent_paths.time_allsubmods_toplevel": null, "support.path.get_parent_paths.time_allsubmods_toplevel_only": null, "support.path.get_parent_paths.time_no_submods": null, "support.path.get_parent_paths.time_one_submod_subdir": null, "support.path.get_parent_paths.time_one_submod_toplevel": null, "usecases.study_forrest.time_make_studyforrest_mockup": {"result": [29.698434525635093], "stats": [{"ci_99": [27.398142947349697, 31.99872610392049], "q_25": 29.67543160985224, "q_75": 29.721437441417947, "min": 29.652428694069386, "max": 29.7444403572008, "mean": 29.698434525635093, "std": 0.04600583156570792, "repeat": 2, "number": 1}]}, "core.runner.track_overhead_100ms": 2.34, "core.runner.track_overhead_echo": 34.72, "core.runner.track_overhead_heavyout": -5.82, "core.runner.track_overhead_heavyout_online_process": 33.54, "core.runner.track_overhead_heavyout_online_through": 26.59}, "params": {"arch": "x86_64", "cpu": "Intel(R) Xeon(R) CPU E5-1607 v2 @ 3.00GHz",