{"results": {"api.supers.time_createadd": {"result": [1.2703593922778964], "stats": [{"ci_99": [1.2562679769471288, 1.292692169547081], "q_25": 1.2605452018324286, "q_75": 1.2835260520223528, "min": 1.2562679769471288, "max": 1.292692169547081, "mean": 1.272285103611648, "std": 0.012676875924496251, "repeat": 10, "number": 1}]}, "api.supers.time_createadd_to_dataset": {"result": [1.226749007590115], "stats": [{"ci_99": [1.2082811100408435, 1.2566695073619485], "q_25": 1.2138716313056648, "q_75": 1.2495738386642188, "min": 1.2082811100408435, "max": 1.2566695073619485, "mean": 1.2302407840266825, "std": 0.01869292454073188, "repeat": 10, "number": 1}]}, "api.supers.time_diff": null, "api.supers.time_diff_recursive": null, "api.supers.time_installr": {"result": [5.452651742845774], "stats": [{"ci_99": [4.4520510621368885, 6.453252423554658], "q_25": 5.442645736038685, "q_75": 5.4626577496528625, "min": 5.432639729231596, "max": 5.472663756459951, "mean": 5.452651742845774, "std": 0.020012013614177704, "repeat": 2, "number": 1}]}, "api.supers.time_ls": {"result": [0.1912657148204744], "stats": [{"ci_99": [0.18710721470415592, 0.20556140318512917], "q_25": 0.18826140952296555, "q_75": 0.19611536106094718, "min": 0.18710721470415592, "max": 0.20556140318512917, "mean": 0.19319647196680306, "std": 0.005920324993124067, "repeat": 10, "number": 1}]}, "api.supers.time_ls_recursive": {"result": [1.8940891670063138], "stats": [{"ci_99": [1.8914306974038482, 1.9059311915189028], "q_25": 1.8930641722399741, "q_75": 1.899710935074836, "min": 1.8914306974038482, "max": 1.9059311915189028, "mean": 1.8963088066317142, "std": 0.0045762352160682186, "repeat": 10, "number": 1}]}, "api.supers.time_ls_recursive_long_all": {"result": [2.065400706604123], "stats": [{"ci_99": [2.0420281207188964, 2.072610577568412], "q_25": 2.0547318009193987, "q_75": 2.0691618812270463, "min": 2.0420281207188964, "max": 2.072610577568412, "mean": 2.0613315063528717, "std": 0.010494638496910525, "repeat": 8, "number": 1}]}, "api.supers.time_remove": null, "api.supers.time_status": {"result": [0.748460756149143], "stats": [{"ci_99": [0.7453069230541587, 0.7545229606330395], "q_25": 0.7463766853325069, "q_75": 0.7518689909484237, "min": 0.7453069230541587, "max": 0.7545229606330395, "mean": 0.7491524503566325, "std": 0.003008257671757819, "repeat": 10, "number": 1}]}, "api.supers.time_status_recursive": {"result": [1.394918889272958], "stats": [{"ci_99": [1.3925640378147364, 1.4030730025842786], "q_25": 1.3940453787799925, "q_75": 1.3983430685475469, "min": 1.3925640378147364, "max": 1.4030730025842786, "mean": 1.3963979435153306, "std": 0.003335831604464866, "repeat": 10, "number": 1}]}, "api.supers.time_subdatasets": {"result": [0.10935048758983612], "stats": [{"ci_99": [0.10687709879130125, 0.11391674634069204], "q_25": 0.10821396647952497, "q_75": 0.11167532904073596, "min": 0.10687709879130125, "max": 0.11391674634069204, "mean": 0.10991829130798578, "std": 0.0022780068578509395, "repeat": 10, "number": 1}]}, "api.supers.time_subdatasets_recursive": {"result": [0.44136395677924156], "stats": [{"ci_99": [0.4358417624607682, 0.44949460960924625], "q_25": 0.4376082238741219, "q_75": 0.44250570610165596, "min": 0.4358417624607682, "max": 0.44949460960924625, "mean": 0.4409079526551068, "std": 0.003771153637951541, "repeat": 10, "number": 1}]}, "api.supers.time_subdatasets_recursive_first": {"result": [0.10875473031774163], "stats": [{"ci_99": [0.10579191893339157, 0.11184999719262123], "q_25": 0.10708048893138766, "q_75": 0.10933865886181593, "min": 0.10579191893339157, "max": 0.11184999719262123, "mean": 0.10844130432233215, "std": 0.0018373107668330569, "repeat": 10, "number": 1}]}, "api.supers.time_uninstall": {"result": [4.068033132702112], "stats": [{"ci_99": [4.042771830219815, 4.099822185005953], "q_25": 4.065591894323006, "q_75": 4.07373824599199, "min": 4.0595368249341846, "max": 4.089584940113127, "mean": 4.071297007612884, "std": 0.011117708721519532, "repeat": 4, "number": 1}]}, "repo.gitrepo.time_get_content_info": {"result": [0.015978502109646797], "stats": [{"ci_99": [0.014199965633451939, 0.02384259458631277], "q_25": 0.015060622477903962, "q_75": 0.01667059981264174, "min": 0.014199965633451939, "max": 0.02384259458631277, "mean": 0.016471254453063012, "std": 0.002610990116171469, "repeat": 10, "number": 1}]}, "api.testds.time_create_test_dataset1": {"result": [0.5902075618505478], "stats": [{"ci_99": [0.584454009309411, 0.5975255435332656], "q_25": 0.5851342992391437, "q_75": 0.5948627307079732, "min": 0.584454009309411, "max": 0.5975255435332656, "mean": 0.5902769054286182, "std": 0.004879141076282829, "repeat": 10, "number": 1}]}, "api.testds.time_create_test_dataset2x2": {"result": [3.52193346247077], "stats": [{"ci_99": [3.4539398120707325, 3.616504101269836], "q_25": 3.5134998441208154, "q_75": 3.5436555750202388, "min": 3.5076988274231553, "max": 3.589322074316442, "mean": 3.5352219566702843, "std": 0.03210144906433962, "repeat": 4, "number": 1}]}, "core.runner.time_echo": {"result": [0.0017042048275470734], "stats": [{"ci_99": [0.0016791604769726594, 0.001928439053396384], "q_25": 0.0016917308093979955, "q_75": 0.0017767306417226791, "min": 0.0016791604769726594, "max": 0.001928439053396384, "mean": 0.0017469640821218488, "std": 7.75096860619724e-05, "repeat": 10, "number": 6}]}, "core.runner.time_echo_gitrunner": {"result": [0.0025676925433799624], "stats": [{"ci_99": [0.0023280177265405655, 0.0035951531026512384], "q_25": 0.0024462154833599925, "q_75": 0.002683127298951149, "min": 0.0023280177265405655, "max": 0.0035951531026512384, "mean": 0.00267426036298275, "std": 0.0003706330183430961, "repeat": 10, "number": 4}]}, "core.startup.time_help_np": {"result": [0.5704236496239901], "stats": [{"ci_99": [0.5156833129003644, 0.589960633777082], "q_25": 0.5673733165021986, "q_75": 0.5746814231388271, "min": 0.5156833129003644, "max": 0.589960633777082, "mean": 0.5660364047624171, "std": 0.020677602604013082, "repeat": 10, "number": 1}]}, "core.startup.time_import": {"result": [0.16050367569550872], "stats": [{"ci_99": [0.11372817680239677, 0.1939020436257124], "q_25": 0.1146539319306612, "q_75": 0.17021177802234888, "min": 0.11372817680239677, "max": 0.1939020436257124, "mean": 0.14900326058268548, "std": 0.02973256204720993, "repeat": 10, "number": 1}]}, "core.startup.time_import_api": {"result": [0.5088170026428998], "stats": [{"ci_99": [0.49643434025347233, 0.5711493967100978], "q_25": 0.5029253156390041, "q_75": 0.5204080746043473, "min": 0.49643434025347233, "max": 0.5711493967100978, "mean": 0.518930259719491, "std": 0.0241584023784319, "repeat": 10, "number": 1}]}, "support.path.get_parent_paths.time_allsubmods_toplevel": {"result": [0.006927879527211189], "stats": [{"ci_99": [0.0067386203445494175, 0.008819241542369127], "q_25": 0.006913009914569557, "q_75": 0.007758910651318729, "min": 0.0067386203445494175, "max": 0.008819241542369127, "mean": 0.007339996751397848, "std": 0.0006695421686342005, "repeat": 10, "number": 2}]}, "support.path.get_parent_paths.time_allsubmods_toplevel_only": {"result": [0.006410749163478613], "stats": [{"ci_99": [0.0060899518430233, 0.008346085902303457], "q_25": 0.006239056587219238, "q_75": 0.0073047810001298785, "min": 0.0060899518430233, "max": 0.008346085902303457, "mean": 0.0067931571509689094, "std": 0.0007438705315364408, "repeat": 10, "number": 2}]}, "support.path.get_parent_paths.time_no_submods": {"result": [3.385831595927262e-07], "stats": [{"ci_99": [3.130082159399945e-07, 3.670413542527546e-07], "q_25": 3.2418670542906926e-07, "q_75": 3.532343885738622e-07, "min": 3.130082159399945e-07, "max": 3.670413542527546e-07, "mean": 3.3916016491853517e-07, "std": 1.7093402586206153e-08, "repeat": 10, "number": 25963}]}, "support.path.get_parent_paths.time_one_submod_subdir": {"result": [0.005438847467303276], "stats": [{"ci_99": [0.005209463648498058, 0.0062375483103096485], "q_25": 0.005427281954325736,