{"results": {"api.supers.time_createadd": {"result": [1.473303449805826], "stats": [{"ci_99": [1.458485965617001, 1.48501986451447], "q_25": 1.4654555805027485, "q_75": 1.4759392901323736, "min": 1.458485965617001, "max": 1.48501986451447, "mean": 1.4720811862498522, "std": 0.00804288462768819, "repeat": 10, "number": 1}]}, "api.supers.time_createadd_to_dataset": {"result": [1.369671558495611], "stats": [{"ci_99": [1.3548083482310176, 1.3964588064700365], "q_25": 1.3644216521643102, "q_75": 1.3754117542412132, "min": 1.3548083482310176, "max": 1.3964588064700365, "mean": 1.3712914145551622, "std": 0.011006715404110358, "repeat": 10, "number": 1}]}, "api.supers.time_diff": null, "api.supers.time_diff_recursive": null, "api.supers.time_installr": {"result": [8.62218664586544], "stats": [{"ci_99": [8.512021616101265, 8.732351675629616], "q_25": 8.621084995567799, "q_75": 8.623288296163082, "min": 8.619983345270157, "max": 8.624389946460724, "mean": 8.62218664586544, "std": 0.0022033005952835083, "repeat": 2, "number": 1}]}, "api.supers.time_ls": {"result": [0.25636835023760796], "stats": [{"ci_99": [0.2537881303578615, 0.27008497063070536], "q_25": 0.25403834437020123, "q_75": 0.2591692483983934, "min": 0.2537881303578615, "max": 0.27008497063070536, "mean": 0.25758434636518357, "std": 0.004693579450247153, "repeat": 10, "number": 1}]}, "api.supers.time_ls_recursive": {"result": [2.59684183774516], "stats": [{"ci_99": [2.5801596781416025, 2.6184150275286746], "q_25": 2.5893841041252017, "q_75": 2.607704595196992, "min": 2.587219551205635, "max": 2.616597183048725, "mean": 2.599287352835139, "std": 0.011217178253225782, "repeat": 6, "number": 1}]}, "api.supers.time_ls_recursive_long_all": {"result": [2.755898949690163], "stats": [{"ci_99": [2.7429527873173356, 2.7741664052009583], "q_25": 2.7546843723393977, "q_75": 2.763329732231796, "min": 2.7429527873173356, "max": 2.7741664052009583, "mean": 2.7581672108111284, "std": 0.009709491182022257, "repeat": 6, "number": 1}]}, "api.supers.time_remove": null, "api.supers.time_status": {"result": [0.8098448114469647], "stats": [{"ci_99": [0.8054685471579432, 0.8146207192912698], "q_25": 0.8075288536492735, "q_75": 0.8115036697126925, "min": 0.8054685471579432, "max": 0.8146207192912698, "mean": 0.8097622769884765, "std": 0.0026227117545376205, "repeat": 10, "number": 1}]}, "api.supers.time_status_recursive": {"result": [1.6624591047875583], "stats": [{"ci_99": [1.6473276931792498, 1.7060310849919915], "q_25": 1.6578674095217139, "q_75": 1.6782130289357156, "min": 1.6473276931792498, "max": 1.7060310849919915, "mean": 1.668980736937374, "std": 0.01822486932245228, "repeat": 10, "number": 1}]}, "api.supers.time_subdatasets": {"result": [0.21138471132144332], "stats": [{"ci_99": [0.20860517490655184, 0.21647110488265753], "q_25": 0.2094929963350296, "q_75": 0.212412528693676, "min": 0.20860517490655184, "max": 0.21647110488265753, "mean": 0.21166668254882098, "std": 0.002592642281028865, "repeat": 10, "number": 1}]}, "api.supers.time_subdatasets_recursive": {"result": [0.6696397201158106], "stats": [{"ci_99": [0.6671049017459154, 0.692559246905148], "q_25": 0.6679870509542525, "q_75": 0.6730369387660176, "min": 0.6671049017459154, "max": 0.692559246905148, "mean": 0.672339576203376, "std": 0.007165856215328227, "repeat": 10, "number": 1}]}, "api.supers.time_subdatasets_recursive_first": {"result": [0.18556819902732968], "stats": [{"ci_99": [0.18102096766233444, 0.19288400374352932], "q_25": 0.18265742948278785, "q_75": 0.19024250889196992, "min": 0.18102096766233444, "max": 0.19288400374352932, "mean": 0.18637891476973892, "std": 0.004010167191513529, "repeat": 10, "number": 1}]}, "api.supers.time_uninstall": {"result": [6.480224653612822], "stats": [{"ci_99": [-0.17740520229563117, 13.13785450952127], "q_25": 6.413648355053738, "q_75": 6.546800952171907, "min": 6.347072056494653, "max": 6.613377250730991, "mean": 6.480224653612822, "std": 0.13315259711816907, "repeat": 2, "number": 1}]}, "repo.gitrepo.time_get_content_info": {"result": [0.015009128954261541], "stats": [{"ci_99": [0.014454697258770466, 0.01603088341653347], "q_25": 0.01482545374892652, "q_75": 0.015605239663273096, "min": 0.014454697258770466, "max": 0.01603088341653347, "mean": 0.01516751917079091, "std": 0.0005262384500455351, "repeat": 10, "number": 1}]}, "api.testds.time_create_test_dataset1": {"result": [0.7519643059931695], "stats": [{"ci_99": [0.7430469635874033, 0.767239136621356], "q_25": 0.7475230146665126, "q_75": 0.7610590069089085, "min": 0.7430469635874033, "max": 0.767239136621356, "mean": 0.7539121572859585, "std": 0.0076924118799953055, "repeat": 10, "number": 1}]}, "api.testds.time_create_test_dataset2x2": {"result": [4.164048412814736], "stats": [{"ci_99": [4.138923641892677, 4.196417453100378], "q_25": 4.1586242080666125, "q_75": 4.173094752244651, "min": 4.158388404175639, "max": 4.184196960180998, "mean": 4.167670547496527, "std": 0.010519876100346052, "repeat": 4, "number": 1}]}, "core.runner.time_echo": {"result": [0.0016998293188711007], "stats": [{"ci_99": [0.0016876567776004474, 0.001876508506635825], "q_25": 0.0016926554574941595, "q_75": 0.0017171322833746672, "min": 0.0016876567776004474, "max": 0.001876508506635825, "mean": 0.0017222815969338023, "std": 5.432398753716587e-05, "repeat": 10, "number": 6}]}, "core.runner.time_echo_gitrunner": {"result": [0.00251698459032923], "stats": [{"ci_99": [0.002300304127857089, 0.0027790640015155077], "q_25": 0.0024131075479090214, "q_75": 0.002597669546958059, "min": 0.002300304127857089, "max": 0.0027790640015155077, "mean": 0.002522381371818483, "std": 0.0001496089236526343, "repeat": 10, "number": 4}]}, "core.startup.time_help_np": {"result": [0.5617047641426325], "stats": [{"ci_99": [0.5130452187731862, 0.6310764709487557], "q_25": 0.5184405131731182, "q_75": 0.6040882505476475, "min": 0.5130452187731862, "max": 0.6310764709487557, "mean": 0.5626651994884014, "std": 0.04306577269040084, "repeat": 10, "number": 1}]}, "core.startup.time_import": {"result": [0.162643909920007], "stats": [{"ci_99": [0.11549502611160278, 0.18345788400620222], "q_25": 0.14368187123909593, "q_75": 0.1721609861124307, "min": 0.11549502611160278, "max": 0.18345788400620222, "mean": 0.15498387012630702, "std": 0.022437845298612057, "repeat": 10, "number": 1}]}, "core.startup.time_import_api": {"result": [0.5014434494078159], "stats": [{"ci_99": [0.4841512627899647, 0.5182726560160518], "q_25": 0.49370718537829816, "q_75": 0.5125254441518337, "min": 0.4841512627899647, "max": 0.5182726560160518, "mean": 0.5024825602769851, "std": 0.011416912442340834, "repeat": 10, "number": 1}]}, "support.path.get_parent_paths.time_allsubmods_toplevel": {"result": [0.007764460984617472], "stats": [{"ci_99": [0.006914041005074978, 0.008826228324323893], "q_25": 0.007381919655017555, "q_75": 0.008149009081535041, "min": 0.006914041005074978, "max": 0.008826228324323893, "mean": 0.007797637488692999, "std": 0.0006242307426575857, "repeat": 10, "number": 2}]}, "support.path.get_parent_paths.time_allsubmods_toplevel_only": {"result": [0.006975274067372084], "stats": [{"ci_99": [0.006143022794276476, 0.008152216672897339], "q_25": 0.006591404671780765, "q_75": 0.007375531713478267, "min": 0.006143022794276476, "max": 0.008152216672897339, "mean": 0.007033731043338776, "std": 0.0005696210804388744, "repeat": 10, "number": 2}]}, "support.path.get_parent_paths.time_no_submods": {"result": [3.444311684267893e-07], "stats": [{"ci_99": [3.151669127554557e-07, 3.786684417726475e-07], "q_25": 3.3083489918717664e-07, "q_75": 3.5976369216104133e-07, "min": 3.151669127554557e-07, "max": 3.786684417726475e-07, "mean": 3.45738175698164e-07, "std": 1.91675504389835e-08, "repeat": 10, "number": 25558}]}, "support.path.get_parent_paths.time_one_submod_subdir": {"result": [0.005603711120784283], "stats": [{"ci_99": [0.005382231902331114, 0.007138337008655071], "q_25": 0.00538862741086632, "q_75": 0.006366774090565741,