{"results": {"api.supers.time_createadd": {"result": [1.0552265662699938], "stats": [{"ci_99": [1.0266408519819379, 1.0910694496706128], "q_25": 1.050547814462334, "q_75": 1.070107666309923, "min": 1.0266408519819379, "max": 1.0910694496706128, "mean": 1.0596810676157475, "std": 0.017307266846085433, "repeat": 10, "number": 1}]}, "api.supers.time_createadd_to_dataset": {"result": [1.0488620051182806], "stats": [{"ci_99": [1.033264440484345, 1.072505216114223], "q_25": 1.0437125971075147, "q_75": 1.0607473806012422, "min": 1.033264440484345, "max": 1.072505216114223, "mean": 1.0514426100999117, "std": 0.01189190773638588, "repeat": 10, "number": 1}]}, "api.supers.time_diff": null, "api.supers.time_diff_recursive": null, "api.supers.time_installr": {"result": [4.056105526164174], "stats": [{"ci_99": [3.907530777049853, 4.2227810626983215], "q_25": 4.015085736755282, "q_75": 4.106175709282979, "min": 4.008274100720882, "max": 4.140138526447117, "mean": 4.065155919874087, "std": 0.05482873271002582, "repeat": 4, "number": 1}]}, "api.supers.time_ls": {"result": [0.11309922067448497], "stats": [{"ci_99": [0.1108431862667203, 0.12246651109308004], "q_25": 0.11101867468096316, "q_75": 0.11864828737452626, "min": 0.1108431862667203, "max": 0.12246651109308004, "mean": 0.11490191454067826, "std": 0.004232469673441991, "repeat": 10, "number": 1}]}, "api.supers.time_ls_recursive": {"result": [1.0692676864564419], "stats": [{"ci_99": [1.0629341481253505, 1.0906120343133807], "q_25": 1.0664550140500069, "q_75": 1.0768089666962624, "min": 1.0629341481253505, "max": 1.0906120343133807, "mean": 1.0726599911227823, "std": 0.008376166861909722, "repeat": 10, "number": 1}]}, "api.supers.time_ls_recursive_long_all": {"result": [1.2269565584138036], "stats": [{"ci_99": [1.2135115917772055, 1.2412140555679798], "q_25": 1.2216375700663775, "q_75": 1.2336660199798644, "min": 1.2135115917772055, "max": 1.2412140555679798, "mean": 1.2276037024334072, "std": 0.008253100590663939, "repeat": 10, "number": 1}]}, "api.supers.time_remove": {"result": [1.985323121305555], "stats": [{"ci_99": [1.9673515623435378, 2.037226458080113], "q_25": 1.981402391800657, "q_75": 1.9943061023950577, "min": 1.9673515623435378, "max": 2.037226458080113, "mean": 1.9913052548654377, "std": 0.01969363445691768, "repeat": 8, "number": 1}]}, "api.supers.time_status": {"result": [0.6840228433720767], "stats": [{"ci_99": [0.67827810626477, 0.6901295529678464], "q_25": 0.6820143922232091, "q_75": 0.6877821953967214, "min": 0.67827810626477, "max": 0.6901295529678464, "mean": 0.6843896431848406, "std": 0.003832534153765095, "repeat": 10, "number": 1}]}, "api.supers.time_status_recursive": {"result": [1.1501313569024205], "stats": [{"ci_99": [1.1400594282895327, 1.1571485120803118], "q_25": 1.1454326685052365, "q_75": 1.1513949963264167, "min": 1.1400594282895327, "max": 1.1571485120803118, "mean": 1.1488233388401567, "std": 0.00507727594140514, "repeat": 10, "number": 1}]}, "api.supers.time_subdatasets": {"result": [0.06745875580236316], "stats": [{"ci_99": [0.06112331710755825, 0.07449387200176716], "q_25": 0.06480829999782145, "q_75": 0.06889268639497459, "min": 0.06112331710755825, "max": 0.07449387200176716, "mean": 0.06741737062111497, "std": 0.003999747884968405, "repeat": 10, "number": 1}]}, "api.supers.time_subdatasets_recursive": {"result": [0.24102637125179172], "stats": [{"ci_99": [0.2367148408666253, 0.24570041056722403], "q_25": 0.2387920836918056, "q_75": 0.2421849793754518, "min": 0.2367148408666253, "max": 0.24570041056722403, "mean": 0.24077223120257257, "std": 0.0025262981162939707, "repeat": 10, "number": 1}]}, "api.supers.time_subdatasets_recursive_first": {"result": [0.06414403673261404], "stats": [{"ci_99": [0.05920480005443096, 0.07128879241645336], "q_25": 0.06225293246097863, "q_75": 0.06607222440652549, "min": 0.05920480005443096, "max": 0.07128879241645336, "mean": 0.06450373660773039, "std": 0.0036946635675120694, "repeat": 10, "number": 1}]}, "api.supers.time_uninstall": {"result": [1.92821900639683], "stats": [{"ci_99": [1.9245982859283686, 1.947441004216671], "q_25": 1.9261285914108157, "q_75": 1.931170423515141, "min": 1.9245982859283686, "max": 1.947441004216671, "mean": 1.9301617397926747, "std": 0.006340365009916077, "repeat": 10, "number": 1}]}, "repo.gitrepo.time_get_content_info": {"result": [0.019058257807046175], "stats": [{"ci_99": [0.0167255699634552, 0.0233102859929204], "q_25": 0.01826494187116623, "q_75": 0.020154674304649234, "min": 0.0167255699634552, "max": 0.0233102859929204, "mean": 0.019556757248938083, "std": 0.001915280101161465, "repeat": 10, "number": 1}]}, "api.testds.time_create_test_dataset1": {"result": [0.4337444738484919], "stats": [{"ci_99": [0.4285470377653837, 0.4466015277430415], "q_25": 0.43204806675203145, "q_75": 0.43772577634081244, "min": 0.4285470377653837, "max": 0.4466015277430415, "mean": 0.4358329460956156, "std": 0.005755830719583697, "repeat": 10, "number": 1}]}, "api.testds.time_create_test_dataset2x2": {"result": [2.8456634543836117], "stats": [{"ci_99": [2.837259528011376, 2.8558574123308063], "q_25": 2.841248468728736, "q_75": 2.8475857835728675, "min": 2.8395375506952405, "max": 2.8558574123308063, "mean": 2.845787539767722, "std": 0.005484911366111596, "repeat": 6, "number": 1}]}, "core.runner.time_echo": {"result": [0.0018772353418171407], "stats": [{"ci_99": [0.0017133085057139397, 0.002329346165060997], "q_25": 0.0017270916141569617, "q_75": 0.0021897766273468733, "min": 0.0017133085057139397, "max": 0.002329346165060997, "mean": 0.001959656085819006, "std": 0.0002467785092973309, "repeat": 10, "number": 5}]}, "core.runner.time_echo_gitrunner": {"result": [0.002918002661317587], "stats": [{"ci_99": [0.0027097007259726524, 0.0033089338491360345], "q_25": 0.002784300595521927, "q_75": 0.00300386268645525, "min": 0.0027097007259726524, "max": 0.0033089338491360345, "mean": 0.0029325420657793683, "std": 0.00018297532907342998, "repeat": 10, "number": 3}]}, "core.startup.time_help_np": {"result": [0.5748324524611235], "stats": [{"ci_99": [0.5179490344598889, 0.6376286409795284], "q_25": 0.5644697407260537, "q_75": 0.6176319138612598, "min": 0.5179490344598889, "max": 0.6376286409795284, "mean": 0.5817545181140303, "std": 0.04037712293557886, "repeat": 10, "number": 1}]}, "core.startup.time_import": {"result": [0.1671368507668376], "stats": [{"ci_99": [0.11751509644091129, 0.20599457528442144], "q_25": 0.16376064415089786, "q_75": 0.18627981445752084, "min": 0.11751509644091129, "max": 0.20599457528442144, "mean": 0.1709072225727141, "std": 0.024639647967088625, "repeat": 10, "number": 1}]}, "core.startup.time_import_api": {"result": [0.5119954040274024], "stats": [{"ci_99": [0.45140903536230326, 0.5707666361704469], "q_25": 0.4981880912091583, "q_75": 0.5247149439528584, "min": 0.45140903536230326, "max": 0.5707666361704469, "mean": 0.5109046276658773, "std": 0.031246520512335174, "repeat": 10, "number": 1}]}, "support.path.get_parent_paths.time_allsubmods_toplevel": {"result": [0.007090918719768524], "stats": [{"ci_99": [0.007003829814493656, 0.008957499172538519], "q_25": 0.007010293076746166, "q_75": 0.007832092582248151, "min": 0.007003829814493656, "max": 0.008957499172538519, "mean": 0.00749687273055315, "std": 0.0006576716202111746, "repeat": 10, "number": 2}]}, "support.path.get_parent_paths.time_allsubmods_toplevel_only": {"result": [0.0070535053964704275], "stats": [{"ci_99": [0.0063154734671115875, 0.008100094273686409], "q_25": 0.006679695914499462, "q_75": 0.007515049772337079, "min": 0.0063154734671115875, "max": 0.008100094273686409, "mean": 0.007110199332237244, "std": 0.0005267454345498771, "repeat": 10, "number": 2}]}, "support.path.get_parent_paths.time_no_submods": {"result": [2.975966428267021e-07], "stats": [{"ci_99": [2.7970624025169163e-07, 3.258446401805098e-07], "q_25": 2.869838149913479e-07, "q_75": 3.082737730970684e-07, "min": 2.7970624025169163e-07, "max": 3.258446401805098e-07,