{"results": {"api.supers.time_createadd": {"result": [1.268433696590364], "stats": [{"ci_99": [1.2613488817587495, 1.2959385449066758], "q_25": 1.2655344710219651, "q_75": 1.2877916020806879, "min": 1.2613488817587495, "max": 1.2959385449066758, "mean": 1.275566655676812, "std": 0.013158976141732155, "repeat": 10, "number": 1}]}, "api.supers.time_createadd_to_dataset": {"result": [1.2423145831562579], "stats": [{"ci_99": [1.2336540557444096, 1.2627522889524698], "q_25": 1.2392065129242837, "q_75": 1.2518153830897063, "min": 1.2336540557444096, "max": 1.2627522889524698, "mean": 1.2453796635381877, "std": 0.009067158276079176, "repeat": 10, "number": 1}]}, "api.supers.time_diff": null, "api.supers.time_diff_recursive": null, "api.supers.time_installr": {"result": [8.361436147708446], "stats": [{"ci_99": [8.250679565127939, 8.472192730288953], "q_25": 8.36032858188264, "q_75": 8.36254371353425, "min": 8.359221016056836, "max": 8.363651279360056, "mean": 8.361436147708446, "std": 0.002215131651610136, "repeat": 2, "number": 1}]}, "api.supers.time_ls": {"result": [0.1817648117430508], "stats": [{"ci_99": [0.17503051552921534, 0.18766890093684196], "q_25": 0.17985484492965043, "q_75": 0.1861702052410692, "min": 0.17503051552921534, "max": 0.18766890093684196, "mean": 0.18244244130328297, "std": 0.003966548394366758, "repeat": 10, "number": 1}]}, "api.supers.time_ls_recursive": {"result": [1.7462330237030983], "stats": [{"ci_99": [1.7309887101873755, 1.772148311138153], "q_25": 1.7366823107004166, "q_75": 1.7577415481209755, "min": 1.7309887101873755, "max": 1.772148311138153, "mean": 1.7476047516800464, "std": 0.012828061262604216, "repeat": 10, "number": 1}]}, "api.supers.time_ls_recursive_long_all": {"result": [1.8955070548690856], "stats": [{"ci_99": [1.8867127522826195, 1.9217825485393405], "q_25": 1.8924722371157259, "q_75": 1.905580400954932, "min": 1.8867127522826195, "max": 1.9217825485393405, "mean": 1.8994509696029127, "std": 0.009885569689588706, "repeat": 10, "number": 1}]}, "api.supers.time_remove": null, "api.supers.time_rev_createadd": null, "api.supers.time_rev_createadd_to_dataset": null, "api.supers.time_status": {"result": [0.7060009399428964], "stats": [{"ci_99": [0.6990674380213022, 0.713119207881391], "q_25": 0.7050769152119756, "q_75": 0.7079493256751448, "min": 0.6990674380213022, "max": 0.713119207881391, "mean": 0.7061285708099604, "std": 0.003826758130526066, "repeat": 10, "number": 1}]}, "api.supers.time_status_recursive": {"result": [1.3370805531740189], "stats": [{"ci_99": [1.3255168804898858, 1.347625058144331], "q_25": 1.3300693149212748, "q_75": 1.3407134874723852, "min": 1.3255168804898858, "max": 1.347625058144331, "mean": 1.3357988662086426, "std": 0.00678493988560303, "repeat": 10, "number": 1}]}, "api.supers.time_subdatasets": {"result": [0.09318981412798166], "stats": [{"ci_99": [0.09133953135460615, 0.10018198750913143], "q_25": 0.09226472862064838, "q_75": 0.09598906268365681, "min": 0.09133953135460615, "max": 0.10018198750913143, "mean": 0.09451990751549602, "std": 0.00307563764212673, "repeat": 10, "number": 1}]}, "api.supers.time_subdatasets_recursive": {"result": [0.415612920653075], "stats": [{"ci_99": [0.4117810530588031, 0.43035884387791157], "q_25": 0.4131825207732618, "q_75": 0.41667740955017507, "min": 0.4117810530588031, "max": 0.43035884387791157, "mean": 0.4166716384701431, "std": 0.005175397122538771, "repeat": 10, "number": 1}]}, "api.supers.time_subdatasets_recursive_first": {"result": [0.09206209564581513], "stats": [{"ci_99": [0.09119449555873871, 0.09576163999736309], "q_25": 0.09155734675005078, "q_75": 0.09354516235180199, "min": 0.09119449555873871, "max": 0.09576163999736309, "mean": 0.09266579933464528, "std": 0.0014058971615517875, "repeat": 10, "number": 1}]}, "api.supers.time_uninstall": {"result": [4.148396779317409], "stats": [{"ci_99": [4.136542298385835, 4.158010018037671], "q_25": 4.144941228441894, "q_75": 4.1507317090872675, "min": 4.141510462388396, "max": 4.150800611823797, "mean": 4.147276158211753, "std": 0.0038362398015888417, "repeat": 4, "number": 1}]}, "repo.gitrepo.time_get_content_info": {"result": [0.01497606048360467], "stats": [{"ci_99": [0.01423569954931736, 0.01719178631901741], "q_25": 0.014586203498765826, "q_75": 0.01567293400876224, "min": 0.01423569954931736, "max": 0.01719178631901741, "mean": 0.015231830533593893, "std": 0.000880830165265838, "repeat": 10, "number": 1}]}, "api.testds.time_create_test_dataset1": {"result": [0.6059527955949306], "stats": [{"ci_99": [0.5983241824433208, 0.6114451494067907], "q_25": 0.601824144134298, "q_75": 0.6072591526899487, "min": 0.5983241824433208, "max": 0.6114451494067907, "mean": 0.6050265504047274, "std": 0.0038260370614988707, "repeat": 10, "number": 1}]}, "api.testds.time_create_test_dataset2x2": {"result": [3.719703543931246], "stats": [{"ci_99": [3.674024513428314, 3.7685137773219215], "q_25": 3.7130517039913684, "q_75": 3.727920985314995, "min": 3.69792920909822, "max": 3.747740284539759, "mean": 3.7212691453751177, "std": 0.017716988636530463, "repeat": 4, "number": 1}]}, "core.runner.time_echo": {"result": [0.0017515829919526973], "stats": [{"ci_99": [0.0016969437710940838, 0.0020156539976596832], "q_25": 0.001713886468981703, "q_75": 0.0018099504134928186, "min": 0.0016969437710940838, "max": 0.0020156539976596832, "mean": 0.0017866229638457299, "std": 9.660411105076685e-05, "repeat": 10, "number": 6}]}, "core.runner.time_echo_gitrunner": {"result": [0.0027243654476478696], "stats": [{"ci_99": [0.002401317935436964, 0.0030641178600490093], "q_25": 0.002586921094916761, "q_75": 0.002866152732167393, "min": 0.002401317935436964, "max": 0.0030641178600490093, "mean": 0.0027300046291202306, "std": 0.00019205603809913536, "repeat": 10, "number": 4}]}, "core.startup.time_help_np": {"result": [0.5539384451694787], "stats": [{"ci_99": [0.5386532666161656, 0.6622423734515905], "q_25": 0.5455311401747167, "q_75": 0.5633978841360658, "min": 0.5386532666161656, "max": 0.6622423734515905, "mean": 0.5660005302168429, "std": 0.03547784013053502, "repeat": 10, "number": 1}]}, "core.startup.time_import": {"result": [0.11584403924643993], "stats": [{"ci_99": [0.1133592426776886, 0.18724837712943554], "q_25": 0.11398723954334855, "q_75": 0.12801765208132565, "min": 0.1133592426776886, "max": 0.18724837712943554, "mean": 0.12935286350548267, "std": 0.025538442887311653, "repeat": 10, "number": 1}]}, "core.startup.time_import_api": {"result": [0.5054774298332632], "stats": [{"ci_99": [0.47245600167661905, 0.5709588639438152], "q_25": 0.4889695814345032, "q_75": 0.5207640521693975, "min": 0.47245600167661905, "max": 0.5709588639438152, "mean": 0.509303402621299, "std": 0.02802574409494741, "repeat": 10, "number": 1}]}, "support.path.get_parent_paths.time_allsubmods_toplevel": {"result": [0.007716562366113067], "stats": [{"ci_99": [0.006998185999691486, 0.008697234094142914], "q_25": 0.00737351318821311, "q_75": 0.008136607124470174, "min": 0.006998185999691486, "max": 0.008697234094142914, "mean": 0.007773477444425225, "std": 0.0005735652349872923, "repeat": 10, "number": 2}]}, "support.path.get_parent_paths.time_allsubmods_toplevel_only": {"result": [0.0073882529977709055], "stats": [{"ci_99": [0.006649788934737444, 0.008394030388444662], "q_25": 0.007028640597127378, "q_75": 0.007850116235204041, "min": 0.006649788934737444, "max": 0.008394030388444662, "mean": 0.007451259391382336, "std": 0.0005751671860613403, "repeat": 10, "number": 2}]}, "support.path.get_parent_paths.time_no_submods": {"result": [3.509446943123833e-07], "stats": [{"ci_99": [3.151961741393005e-07, 3.8492733472648063e-07], "q_25": 3.339576718355791e-07, "q_75": 3.619074066489453e-07, "min": 3.151961741393005e-07, "max": 3.8492733472648063e-07, "mean": 3.4920168733959765e-07, "std": 1.9974076549250883e-08, "repeat": 10, "number": 26275}]}, "support.path.get_parent_paths.time_one_submod_subdir": {"result": [0.006221190560609102],