{"results": {"api.supers.time_createadd": {"result": [1.309020589105785], "stats": [{"ci_99": [1.2837643083184958, 1.3214296670630574], "q_25": 1.291563296224922, "q_75": 1.3139902274124324, "min": 1.2837643083184958, "max": 1.3214296670630574, "mean": 1.3042447383515536, "std": 0.012803651270550706, "repeat": 10, "number": 1}]}, "api.supers.time_createadd_to_dataset": {"result": [1.2406289069913328], "stats": [{"ci_99": [1.230365913361311, 1.2702272031456232], "q_25": 1.2341086731757969, "q_75": 1.246420215582475, "min": 1.230365913361311, "max": 1.2702272031456232, "mean": 1.2426602510735392, "std": 0.011326867337429257, "repeat": 10, "number": 1}]}, "api.supers.time_diff": null, "api.supers.time_diff_recursive": null, "api.supers.time_installr": {"result": [5.569291881285608], "stats": [{"ci_99": [1.8263272223994136, 9.312256540171798], "q_25": 5.531862234696746, "q_75": 5.60672152787447, "min": 5.494432588107884, "max": 5.644151174463332, "mean": 5.569291881285608, "std": 0.07485929317772388, "repeat": 2, "number": 1}]}, "api.supers.time_ls": {"result": [0.18448861641809344], "stats": [{"ci_99": [0.17996280267834663, 0.19298736937344074], "q_25": 0.1824325849302113, "q_75": 0.18752913014031947, "min": 0.17996280267834663, "max": 0.19298736937344074, "mean": 0.18526302026584746, "std": 0.004239517445863744, "repeat": 10, "number": 1}]}, "api.supers.time_ls_recursive": {"result": [1.7828182727098465], "stats": [{"ci_99": [1.7705653896555305, 1.7943120812997222], "q_25": 1.7793703426141292, "q_75": 1.785801279824227, "min": 1.7705653896555305, "max": 1.7943120812997222, "mean": 1.782559491507709, "std": 0.00622949774109208, "repeat": 10, "number": 1}]}, "api.supers.time_ls_recursive_long_all": {"result": [1.9404336214065552], "stats": [{"ci_99": [1.9278215989470482, 1.9560052007436752], "q_25": 1.937912649475038, "q_75": 1.9445693080779165, "min": 1.9278215989470482, "max": 1.9560052007436752, "mean": 1.940979988197796, "std": 0.007849414525248987, "repeat": 8, "number": 1}]}, "api.supers.time_remove": null, "api.supers.time_status": {"result": [0.7206251234747469], "stats": [{"ci_99": [0.7151749338954687, 0.7287943148985505], "q_25": 0.7191149275749922, "q_75": 0.7233140466269106, "min": 0.7151749338954687, "max": 0.7287943148985505, "mean": 0.721075434051454, "std": 0.0036311413719057784, "repeat": 10, "number": 1}]}, "api.supers.time_status_recursive": {"result": [1.3664432200603187], "stats": [{"ci_99": [1.354975233785808, 1.3810942331328988], "q_25": 1.3608541013672948, "q_75": 1.3688580538146198, "min": 1.354975233785808, "max": 1.3810942331328988, "mean": 1.3662577199749648, "std": 0.0071532396856484794, "repeat": 10, "number": 1}]}, "api.supers.time_subdatasets": {"result": [0.09519311878830194], "stats": [{"ci_99": [0.09371142368763685, 0.12325157597661018], "q_25": 0.0946291743312031, "q_75": 0.0962877927813679, "min": 0.09371142368763685, "max": 0.12325157597661018, "mean": 0.09815143924206496, "std": 0.008485486458614773, "repeat": 10, "number": 1}]}, "api.supers.time_subdatasets_recursive": {"result": [0.4252235936000943], "stats": [{"ci_99": [0.42251381278038025, 0.4288440141826868], "q_25": 0.4247696646489203, "q_75": 0.4275996128562838, "min": 0.42251381278038025, "max": 0.4288440141826868, "mean": 0.4258889165706933, "std": 0.0020051363887771557, "repeat": 10, "number": 1}]}, "api.supers.time_subdatasets_recursive_first": {"result": [0.09417999861761928], "stats": [{"ci_99": [0.09269947372376919, 0.09868149645626545], "q_25": 0.09367708372883499, "q_75": 0.09576836554333568, "min": 0.09269947372376919, "max": 0.09868149645626545, "mean": 0.09476637756451964, "std": 0.001733449288149017, "repeat": 10, "number": 1}]}, "api.supers.time_uninstall": {"result": [4.219704616814852], "stats": [{"ci_99": [4.205559526838781, 4.238149522069423], "q_25": 4.21761896670796, "q_75": 4.223940174560994, "min": 4.215818777680397, "max": 4.232190086506307, "mean": 4.221854524454102, "std": 0.006263230512595262, "repeat": 4, "number": 1}]}, "repo.gitrepo.time_get_content_info": {"result": [0.01599900145083666], "stats": [{"ci_99": [0.014463000930845737, 0.01821221224963665], "q_25": 0.014960461528971791, "q_75": 0.016777521930634975, "min": 0.014463000930845737, "max": 0.01821221224963665, "mean": 0.01601687157526612, "std": 0.0011746470061940162, "repeat": 10, "number": 1}]}, "api.testds.time_create_test_dataset1": {"result": [0.6188219250179827], "stats": [{"ci_99": [0.6101126773282886, 0.632157645188272], "q_25": 0.6113835661672056, "q_75": 0.6192915472202003, "min": 0.6101126773282886, "max": 0.632157645188272, "mean": 0.6183311777189374, "std": 0.007519072571050425, "repeat": 10, "number": 1}]}, "api.testds.time_create_test_dataset2x2": {"result": [3.799432526342571], "stats": [{"ci_99": [3.7443847581559653, 3.862045196369117], "q_25": 3.784635053947568, "q_75": 3.8180124496575445, "min": 3.7820549393072724, "max": 3.8319399170577526, "mean": 3.8032149772625417, "std": 0.020554728078730163, "repeat": 4, "number": 1}]}, "core.runner.time_echo": {"result": [0.0017044245420644681], "stats": [{"ci_99": [0.001681953202933073, 0.001997748234619697], "q_25": 0.0016857009225835402, "q_75": 0.0017931338322038453, "min": 0.001681953202933073, "max": 0.001997748234619697, "mean": 0.0017566360843678315, "std": 9.899834695380358e-05, "repeat": 10, "number": 6}]}, "core.runner.time_echo_gitrunner": {"result": [0.0028750497149303555], "stats": [{"ci_99": [0.00257161445915699, 0.0034859345760196447], "q_25": 0.0027355170459486544, "q_75": 0.0032583102001808584, "min": 0.00257161445915699, "max": 0.0034859345760196447, "mean": 0.002974912733770907, "std": 0.0002969298008185044, "repeat": 10, "number": 4}]}, "core.startup.time_help_np": {"result": [0.575479730963707], "stats": [{"ci_99": [0.5445315381512046, 0.6222134726122022], "q_25": 0.573993161553517, "q_75": 0.5905216624960303, "min": 0.5445315381512046, "max": 0.6222134726122022, "mean": 0.5830895866267383, "std": 0.021907223560259356, "repeat": 10, "number": 1}]}, "core.startup.time_import": {"result": [0.15587568329647183], "stats": [{"ci_99": [0.11557096429169178, 0.20703211333602667], "q_25": 0.14610348991118371, "q_75": 0.2007779476698488, "min": 0.11557096429169178, "max": 0.20703211333602667, "mean": 0.16650003073737024, "std": 0.03189971601765629, "repeat": 10, "number": 1}]}, "core.startup.time_import_api": {"result": [0.5255486941896379], "stats": [{"ci_99": [0.5068863276392221, 0.5862151281908154], "q_25": 0.5145440155174583, "q_75": 0.5495184753090143, "min": 0.5068863276392221, "max": 0.5862151281908154, "mean": 0.53656798414886, "std": 0.027261807878911432, "repeat": 10, "number": 1}]}, "support.path.get_parent_paths.time_allsubmods_toplevel": {"result": [0.006767564686015248], "stats": [{"ci_99": [0.006724312901496887, 0.007874265778809786], "q_25": 0.0067468087654560804, "q_75": 0.007077247253619134, "min": 0.006724312901496887, "max": 0.007874265778809786, "mean": 0.006984477443620562, "std": 0.000377274432086255, "repeat": 10, "number": 2}]}, "support.path.get_parent_paths.time_allsubmods_toplevel_only": {"result": [0.006180574418976903], "stats": [{"ci_99": [0.006033597979694605, 0.007591180969029665], "q_25": 0.006078673293814063, "q_75": 0.006737758056260645, "min": 0.006033597979694605, "max": 0.007591180969029665, "mean": 0.006471730582416057, "std": 0.0005222295213918675, "repeat": 10, "number": 2}]}, "support.path.get_parent_paths.time_no_submods": {"result": [2.8074323307655996e-07], "stats": [{"ci_99": [2.793784050530139e-07, 2.8418981342636956e-07], "q_25": 2.8010378457213305e-07, "q_75": 2.817298332544051e-07, "min": 2.793784050530139e-07, "max": 2.8418981342636956e-07, "mean": 2.81047776963326e-07, "std": 1.3439596301700762e-09, "repeat": 10, "number": 35798}]}, "support.path.get_parent_paths.time_one_submod_subdir": {"result": [0.005997384432703257], "stats": [{"ci_99": [0.005339560564607382, 0.0068288142792880535], "q_25": 0.005718856700696051, "q_75": 0.006291412631981075,