{"results": {"api.supers.time_createadd": {"result": [1.274027863983065], "stats": [{"ci_99": [1.258040132932365, 1.2843622313812375], "q_25": 1.2646095431409776, "q_75": 1.2789956922642887, "min": 1.258040132932365, "max": 1.2843622313812375, "mean": 1.2719660096801817, "std": 0.00883827770392526, "repeat": 10, "number": 1}]}, "api.supers.time_createadd_to_dataset": {"result": [1.2177623459137976], "stats": [{"ci_99": [1.2067286130040884, 1.2275091568008065], "q_25": 1.2136297121178359, "q_75": 1.2237651268951595, "min": 1.2067286130040884, "max": 1.2275091568008065, "mean": 1.2178035940974952, "std": 0.006907650548489283, "repeat": 10, "number": 1}]}, "api.supers.time_diff": null, "api.supers.time_diff_recursive": null, "api.supers.time_installr": {"result": [5.7718013734556735], "stats": [{"ci_99": [-26.484320536721498, 38.027923283632816], "q_25": 5.449240154353902, "q_75": 6.094362592557445, "min": 5.12667893525213, "max": 6.416923811659217, "mean": 5.7718013734556735, "std": 0.6451224382035434, "repeat": 2, "number": 1}]}, "api.supers.time_ls": {"result": [0.19315684726461768], "stats": [{"ci_99": [0.18324937764555216, 0.2046405402943492], "q_25": 0.19186970847658813, "q_75": 0.19739463366568089, "min": 0.18324937764555216, "max": 0.2046405402943492, "mean": 0.1944907123222947, "std": 0.006340509497353675, "repeat": 10, "number": 1}]}, "api.supers.time_ls_recursive": {"result": [1.9036300242878497], "stats": [{"ci_99": [1.8719915617257357, 1.9262300860136747], "q_25": 1.8915455036330968, "q_75": 1.914182082284242, "min": 1.8719915617257357, "max": 1.9262300860136747, "mean": 1.902017538063228, "std": 0.017272322964796766, "repeat": 10, "number": 1}]}, "api.supers.time_ls_recursive_long_all": {"result": [2.055967382155359], "stats": [{"ci_99": [2.033224018290639, 2.099315693601966], "q_25": 2.051834831945598, "q_75": 2.0682500491384417, "min": 2.033224018290639, "max": 2.099315693601966, "mean": 2.0600873025832698, "std": 0.01830741420963433, "repeat": 8, "number": 1}]}, "api.supers.time_remove": null, "api.supers.time_status": {"result": [0.7640298120677471], "stats": [{"ci_99": [0.7507107397541404, 0.7807583026587963], "q_25": 0.7517391920555383, "q_75": 0.7719659474678338, "min": 0.7507107397541404, "max": 0.7807583026587963, "mean": 0.763294284325093, "std": 0.01097894361343948, "repeat": 10, "number": 1}]}, "api.supers.time_status_recursive": {"result": [1.3969449582509696], "stats": [{"ci_99": [1.3912827279418707, 1.4459038153290749], "q_25": 1.39465848589316, "q_75": 1.405067780520767, "min": 1.3912827279418707, "max": 1.4459038153290749, "mean": 1.402943884395063, "std": 0.01523537124665607, "repeat": 10, "number": 1}]}, "api.supers.time_subdatasets": {"result": [0.11017943359911442], "stats": [{"ci_99": [0.1072987699881196, 0.11795893963426352], "q_25": 0.10860464815050364, "q_75": 0.11102597531862557, "min": 0.1072987699881196, "max": 0.11795893963426352, "mean": 0.11065551564097405, "std": 0.0029830130959569907, "repeat": 10, "number": 1}]}, "api.supers.time_subdatasets_recursive": {"result": [0.443115939386189], "stats": [{"ci_99": [0.438532505184412, 0.45134593080729246], "q_25": 0.4422613703645766, "q_75": 0.44499452831223607, "min": 0.438532505184412, "max": 0.45134593080729246, "mean": 0.444095229357481, "std": 0.0036284888960559356, "repeat": 10, "number": 1}]}, "api.supers.time_subdatasets_recursive_first": {"result": [0.10914063965901732], "stats": [{"ci_99": [0.10797665826976299, 0.11645174957811832], "q_25": 0.1084858241956681, "q_75": 0.1129848025739193, "min": 0.10797665826976299, "max": 0.11645174957811832, "mean": 0.11076634572818875, "std": 0.002950282281961082, "repeat": 10, "number": 1}]}, "api.supers.time_uninstall": {"result": [4.132115545682609], "stats": [{"ci_99": [4.116628570306242, 4.156800700061828], "q_25": 4.131796032190323, "q_75": 4.137034148676321, "min": 4.13120867870748, "max": 4.15141877066344, "mean": 4.136714635184035, "std": 0.008497955976771176, "repeat": 4, "number": 1}]}, "repo.gitrepo.time_get_content_info": {"result": [0.015777677297592163], "stats": [{"ci_99": [0.014521574601531029, 0.018862840719521046], "q_25": 0.015313431853428483, "q_75": 0.016564890975132585, "min": 0.014521574601531029, "max": 0.018862840719521046, "mean": 0.016113832220435144, "std": 0.0012987289227484647, "repeat": 10, "number": 1}]}, "api.testds.time_create_test_dataset1": {"result": [0.6021717423573136], "stats": [{"ci_99": [0.5966233536601067, 0.6121372329071164], "q_25": 0.5997528547886759, "q_75": 0.6050641511101276, "min": 0.5966233536601067, "max": 0.6121372329071164, "mean": 0.6028306785039603, "std": 0.004669355587914647, "repeat": 10, "number": 1}]}, "api.testds.time_create_test_dataset2x2": {"result": [3.5723565695807338], "stats": [{"ci_99": [3.5341117639407593, 3.6036332658179027], "q_25": 3.5629883699584752, "q_75": 3.5782407145015895, "min": 3.5484590092673898, "max": 3.5823179110884666, "mean": 3.568872514879331, "std": 0.012871672889722468, "repeat": 4, "number": 1}]}, "core.runner.time_echo": {"result": [0.002205476281233132], "stats": [{"ci_99": [0.001986915012821555, 0.0024762486573308706], "q_25": 0.002114704519044608, "q_75": 0.002273687510751188, "min": 0.001986915012821555, "max": 0.0024762486573308706, "mean": 0.002206307742744684, "std": 0.0001343893386196289, "repeat": 10, "number": 4}]}, "core.runner.time_echo_gitrunner": {"result": [0.0026320869801566005], "stats": [{"ci_99": [0.0023346631787717342, 0.0029641760047525167], "q_25": 0.002513126644771546, "q_75": 0.002742004522588104, "min": 0.0023346631787717342, "max": 0.0029641760047525167, "mean": 0.0026371221523731948, "std": 0.00018569103795670582, "repeat": 10, "number": 4}]}, "core.startup.time_help_np": {"result": [0.5885560200549662], "stats": [{"ci_99": [0.5128831593319774, 0.6317360727116466], "q_25": 0.5662106610834599, "q_75": 0.6140974820591509, "min": 0.5128831593319774, "max": 0.6317360727116466, "mean": 0.5868694957345724, "std": 0.03435945548263109, "repeat": 10, "number": 1}]}, "core.startup.time_import": {"result": [0.15948464069515467], "stats": [{"ci_99": [0.1413101563230157, 0.1993223000317812], "q_25": 0.152420106343925, "q_75": 0.17243827786296606, "min": 0.1413101563230157, "max": 0.1993223000317812, "mean": 0.1651797479018569, "std": 0.019311141521649644, "repeat": 10, "number": 1}]}, "core.startup.time_import_api": {"result": [0.5016445787623525], "stats": [{"ci_99": [0.49096696078777313, 0.562131186015904], "q_25": 0.49738493585027754, "q_75": 0.5172083422075957, "min": 0.49096696078777313, "max": 0.562131186015904, "mean": 0.5107506149448454, "std": 0.020181525996495232, "repeat": 10, "number": 1}]}, "support.path.get_parent_paths.time_allsubmods_toplevel": {"result": [0.00778352958150208], "stats": [{"ci_99": [0.006924857851117849, 0.008890327997505665], "q_25": 0.007408494362607598, "q_75": 0.008216413320042193, "min": 0.006924857851117849, "max": 0.008890327997505665, "mean": 0.007842129934579134, "std": 0.0006279607745222557, "repeat": 10, "number": 2}]}, "support.path.get_parent_paths.time_allsubmods_toplevel_only": {"result": [0.006290955934673548], "stats": [{"ci_99": [0.006159496493637562, 0.007190003991127014], "q_25": 0.006226508878171444, "q_75": 0.0064278022618964314, "min": 0.006159496493637562, "max": 0.007190003991127014, "mean": 0.006408092891797423, "std": 0.0003057460342490366, "repeat": 10, "number": 2}]}, "support.path.get_parent_paths.time_no_submods": {"result": [3.2933903881773293e-07], "stats": [{"ci_99": [2.9975148213725713e-07, 3.692725347970434e-07], "q_25": 3.1415100643330673e-07, "q_75": 3.4267455053640407e-07, "min": 2.9975148213725713e-07, "max": 3.692725347970434e-07, "mean": 3.3063319300193524e-07, "std": 2.045638299422811e-08, "repeat": 10, "number": 28677}]}, "support.path.get_parent_paths.time_one_submod_subdir": {"result": [0.005598930874839425], "stats": [{"ci_99": [0.00527625996619463, 0.0060970112681388855], "q_25": 0.005435379687696695, "q_75": 0.005829607951454818,