{"results": {"api.supers.time_createadd": {"result": [1.2771932440809906], "stats": [{"ci_99": [1.2541216406971216, 1.296522133052349], "q_25": 1.2663584682159126, "q_75": 1.2799725567456335, "min": 1.2541216406971216, "max": 1.296522133052349, "mean": 1.2743514319881797, "std": 0.011305494063744969, "repeat": 10, "number": 1}]}, "api.supers.time_createadd_to_dataset": {"result": [1.2110063140280545], "stats": [{"ci_99": [1.2022750079631805, 1.221647024154663], "q_25": 1.2087793902028352, "q_75": 1.2123410718049854, "min": 1.2022750079631805, "max": 1.221647024154663, "mean": 1.2110376497730613, "std": 0.005647976373602266, "repeat": 10, "number": 1}]}, "api.supers.time_diff": null, "api.supers.time_diff_recursive": null, "api.supers.time_installr": {"result": [5.085548660717905], "stats": [{"ci_99": [2.928083990700543, 7.243013330735264], "q_25": 5.063974014017731, "q_75": 5.107123307418078, "min": 5.042399367317557, "max": 5.128697954118252, "mean": 5.085548660717905, "std": 0.04314929340034723, "repeat": 2, "number": 1}]}, "api.supers.time_ls": {"result": [0.18484355881810188], "stats": [{"ci_99": [0.17949522752314806, 0.19449484441429377], "q_25": 0.18101624445989728, "q_75": 0.18898993101902306, "min": 0.17949522752314806, "max": 0.19449484441429377, "mean": 0.1854556104168296, "std": 0.005012495512590845, "repeat": 10, "number": 1}]}, "api.supers.time_ls_recursive": {"result": [1.8019310091622174], "stats": [{"ci_99": [1.7759043192490935, 1.859311755746603], "q_25": 1.7899295971728861, "q_75": 1.841925075976178, "min": 1.7759043192490935, "max": 1.859311755746603, "mean": 1.811825326550752, "std": 0.030178377919305215, "repeat": 10, "number": 1}]}, "api.supers.time_ls_recursive_long_all": {"result": [1.9625178021378815], "stats": [{"ci_99": [1.948435140773654, 2.001754301600158], "q_25": 1.957781368168071, "q_75": 1.9654020494781435, "min": 1.948435140773654, "max": 2.001754301600158, "mean": 1.964913927600719, "std": 0.015101408349552715, "repeat": 8, "number": 1}]}, "api.supers.time_remove": null, "api.supers.time_status": {"result": [0.7500451151281595], "stats": [{"ci_99": [0.7438306463882327, 0.7637510113418102], "q_25": 0.747109689982608, "q_75": 0.7519961469806731, "min": 0.7438306463882327, "max": 0.7637510113418102, "mean": 0.7510454463772476, "std": 0.005723128874925731, "repeat": 10, "number": 1}]}, "api.supers.time_status_recursive": {"result": [1.3928705039434135], "stats": [{"ci_99": [1.384052504785359, 1.4023764710873365], "q_25": 1.3908472550101578, "q_75": 1.3967648996040225, "min": 1.384052504785359, "max": 1.4023764710873365, "mean": 1.3931877051480115, "std": 0.005001782501656012, "repeat": 10, "number": 1}]}, "api.supers.time_subdatasets": {"result": [0.1092682215385139], "stats": [{"ci_99": [0.10642236098647118, 0.11437778547406197], "q_25": 0.10744153219275177, "q_75": 0.11010474688373506, "min": 0.10642236098647118, "max": 0.11437778547406197, "mean": 0.10928499475121498, "std": 0.002304086888317237, "repeat": 10, "number": 1}]}, "api.supers.time_subdatasets_recursive": {"result": [0.44059554301202297], "stats": [{"ci_99": [0.43533709459006786, 0.4501868886873126], "q_25": 0.43946138536557555, "q_75": 0.4464298593811691, "min": 0.43533709459006786, "max": 0.4501868886873126, "mean": 0.4423670771531761, "std": 0.004888014093118072, "repeat": 10, "number": 1}]}, "api.supers.time_subdatasets_recursive_first": {"result": [0.10880425944924355], "stats": [{"ci_99": [0.1061228858307004, 0.11153799016028643], "q_25": 0.10768652777187526, "q_75": 0.11016957159154117, "min": 0.1061228858307004, "max": 0.11153799016028643, "mean": 0.10875494396314025, "std": 0.0016977426360836984, "repeat": 10, "number": 1}]}, "api.supers.time_uninstall": {"result": [4.131683303974569], "stats": [{"ci_99": [4.098085655696149, 4.1642281013956115], "q_25": 4.123431891668588, "q_75": 4.139408290851861, "min": 4.114981590770185, "max": 4.146279315464199, "mean": 4.13115687854588, "std": 0.011725538584419553, "repeat": 4, "number": 1}]}, "repo.gitrepo.time_get_content_info": {"result": [0.015580435283482075], "stats": [{"ci_99": [0.01516503095626831, 0.018637025728821754], "q_25": 0.01533701573498547, "q_75": 0.016704781213775277, "min": 0.01516503095626831, "max": 0.018637025728821754, "mean": 0.016138703748583793, "std": 0.0010582430764580607, "repeat": 10, "number": 1}]}, "api.testds.time_create_test_dataset1": {"result": [0.6008711392059922], "stats": [{"ci_99": [0.5945834331214428, 0.6063569262623787], "q_25": 0.5962799054104835, "q_75": 0.6033600438386202, "min": 0.5945834331214428, "max": 0.6063569262623787, "mean": 0.6004067807458341, "std": 0.0041266810785874, "repeat": 10, "number": 1}]}, "api.testds.time_create_test_dataset2x2": {"result": [3.548043716698885], "stats": [{"ci_99": [3.5172409387221824, 3.5763440863312885], "q_25": 3.5391949913464487, "q_75": 3.555641237879172, "min": 3.532734554260969, "max": 3.5583480624482036, "mean": 3.5467925125267357, "std": 0.010294908875591436, "repeat": 4, "number": 1}]}, "core.runner.time_echo": {"result": [0.0020223393104970453], "stats": [{"ci_99": [0.00187616515904665, 0.0022319696843624117], "q_25": 0.0019648652989417313, "q_75": 0.0021162889897823334, "min": 0.00187616515904665, "max": 0.0022319696843624117, "mean": 0.0020418019592761995, "std": 0.00010575689754622626, "repeat": 10, "number": 5}]}, "core.runner.time_echo_gitrunner": {"result": [0.0029302798211574554], "stats": [{"ci_99": [0.002619636245071888, 0.003534484344224135], "q_25": 0.0027738697826862335, "q_75": 0.003080686399092277, "min": 0.002619636245071888, "max": 0.003534484344224135, "mean": 0.002963175189991792, "std": 0.0002663487245071277, "repeat": 10, "number": 3}]}, "core.startup.time_help_np": {"result": [0.5795003329403698], "stats": [{"ci_99": [0.5190287325531244, 0.6344827488064766], "q_25": 0.5617872045841068, "q_75": 0.6077560647390783, "min": 0.5190287325531244, "max": 0.6344827488064766, "mean": 0.5831635730341077, "std": 0.034199172249952614, "repeat": 10, "number": 1}]}, "core.startup.time_import": {"result": [0.16409157449379563], "stats": [{"ci_99": [0.12540485803037882, 0.20396556425839663], "q_25": 0.15300036501139402, "q_75": 0.19205801049247384, "min": 0.12540485803037882, "max": 0.20396556425839663, "mean": 0.1672464302740991, "std": 0.02683692805483796, "repeat": 10, "number": 1}]}, "core.startup.time_import_api": {"result": [0.5045122504234314], "stats": [{"ci_99": [0.45752244256436825, 0.5328981541097164], "q_25": 0.4958277312107384, "q_75": 0.5087535763159394, "min": 0.45752244256436825, "max": 0.5328981541097164, "mean": 0.5019380410201848, "std": 0.018671381463314176, "repeat": 10, "number": 1}]}, "support.path.get_parent_paths.time_allsubmods_toplevel": {"result": [0.006901911459863186], "stats": [{"ci_99": [0.006781309377402067, 0.008600642904639244], "q_25": 0.006851781043224037, "q_75": 0.0076084722531959414, "min": 0.006781309377402067, "max": 0.008600642904639244, "mean": 0.007276818435639143, "std": 0.0006049140996948515, "repeat": 10, "number": 2}]}, "support.path.get_parent_paths.time_allsubmods_toplevel_only": {"result": [0.006329465191811323], "stats": [{"ci_99": [0.006074996665120125, 0.008048191666603088], "q_25": 0.0061416864627972245, "q_75": 0.007177368504926562, "min": 0.006074996665120125, "max": 0.008048191666603088, "mean": 0.006683844188228249, "std": 0.0006790918018183792, "repeat": 10, "number": 2}]}, "support.path.get_parent_paths.time_no_submods": {"result": [2.8400023400474905e-07], "stats": [{"ci_99": [2.780987975205781e-07, 3.126356400278878e-07], "q_25": 2.8106191622405013e-07, "q_75": 2.929880599625277e-07, "min": 2.780987975205781e-07, "max": 3.126356400278878e-07, "mean": 2.885808326485832e-07, "std": 1.0856075199433192e-08, "repeat": 10, "number": 31093}]}, "support.path.get_parent_paths.time_one_submod_subdir": {"result": [0.005383583018556237], "stats": [{"ci_99": [0.005188652779906988, 0.005418020766228437], "q_25": 0.00525046861730516, "q_75": 0.005399249843321741,