{"results": {"api.supers.time_createadd": {"result": [1.0501333358697593], "stats": [{"ci_99": [1.0351069401949644, 1.0704045062884688], "q_25": 1.0418127495795488, "q_75": 1.0601488107349724, "min": 1.0351069401949644, "max": 1.0704045062884688, "mean": 1.0510686162859202, "std": 0.011077511669084125, "repeat": 10, "number": 1}]}, "api.supers.time_createadd_to_dataset": {"result": [1.0414171530865133], "stats": [{"ci_99": [1.0312472730875015, 1.0917298253625631], "q_25": 1.0361935957334936, "q_75": 1.044333609752357, "min": 1.0312472730875015, "max": 1.0917298253625631, "mean": 1.0454289636574685, "std": 0.016428111676623905, "repeat": 10, "number": 1}]}, "api.supers.time_diff": null, "api.supers.time_diff_recursive": null, "api.supers.time_installr": {"result": [4.0940987300127745], "stats": [{"ci_99": [3.90984903927939, 4.26013625133736], "q_25": 4.036812640260905, "q_75": 4.142278735060245, "min": 4.005360203795135, "max": 4.1464129174128175, "mean": 4.084992645308375, "std": 0.06054019552676752, "repeat": 4, "number": 1}]}, "api.supers.time_ls": {"result": [0.11794341821223497], "stats": [{"ci_99": [0.1095149889588356, 0.12496278341859579], "q_25": 0.11148762051016092, "q_75": 0.11947733489796519, "min": 0.1095149889588356, "max": 0.12496278341859579, "mean": 0.1164257456548512, "std": 0.004922759884585339, "repeat": 10, "number": 1}]}, "api.supers.time_ls_recursive": {"result": [1.0849209330044687], "stats": [{"ci_99": [1.0626527583226562, 1.114967237226665], "q_25": 1.0686061896849424, "q_75": 1.104943461716175, "min": 1.0626527583226562, "max": 1.114967237226665, "mean": 1.0866660780273378, "std": 0.019349565856273575, "repeat": 10, "number": 1}]}, "api.supers.time_ls_recursive_long_all": {"result": [1.2512625339441001], "stats": [{"ci_99": [1.218870067037642, 1.2678821636363864], "q_25": 1.2265471774153411, "q_75": 1.26704181288369, "min": 1.218870067037642, "max": 1.2678821636363864, "mean": 1.247058423794806, "std": 0.02006053602161285, "repeat": 10, "number": 1}]}, "api.supers.time_remove": {"result": [2.0296495077200234], "stats": [{"ci_99": [2.0093247881159186, 2.0931973308324814], "q_25": 2.0135452430695295, "q_75": 2.043515198165551, "min": 2.0093247881159186, "max": 2.0931973308324814, "mean": 2.035819996963255, "std": 0.027073051091574613, "repeat": 8, "number": 1}]}, "api.supers.time_status": {"result": [0.6867262092418969], "stats": [{"ci_99": [0.6800893992185593, 0.7013287534937263], "q_25": 0.6834862336982042, "q_75": 0.6918437329586595, "min": 0.6800893992185593, "max": 0.7013287534937263, "mean": 0.6885285610333085, "std": 0.006598031470095162, "repeat": 10, "number": 1}]}, "api.supers.time_status_recursive": {"result": [1.144236189313233], "stats": [{"ci_99": [1.1357605140656233, 1.1546011501923203], "q_25": 1.1396419256925583, "q_75": 1.1491931963246316, "min": 1.1357605140656233, "max": 1.1546011501923203, "mean": 1.1449350001290441, "std": 0.006193570686150394, "repeat": 10, "number": 1}]}, "api.supers.time_subdatasets": {"result": [0.06993210036307573], "stats": [{"ci_99": [0.061322047375142574, 0.07449636235833168], "q_25": 0.0661875877995044, "q_75": 0.07217707112431526, "min": 0.061322047375142574, "max": 0.07449636235833168, "mean": 0.06885086940601468, "std": 0.0041354571794866265, "repeat": 10, "number": 1}]}, "api.supers.time_subdatasets_recursive": {"result": [0.24540290515869856], "stats": [{"ci_99": [0.23500554077327251, 0.26006209664046764], "q_25": 0.23926514736376703, "q_75": 0.2464754548855126, "min": 0.23500554077327251, "max": 0.26006209664046764, "mean": 0.24496703119948507, "std": 0.007207797463166695, "repeat": 10, "number": 1}]}, "api.supers.time_subdatasets_recursive_first": {"result": [0.06802207371219993], "stats": [{"ci_99": [0.06365877948701382, 0.07548195775598288], "q_25": 0.06597421644255519, "q_75": 0.06884639104828238, "min": 0.06365877948701382, "max": 0.07548195775598288, "mean": 0.06784675214439631, "std": 0.0030931178233519468, "repeat": 10, "number": 1}]}, "api.supers.time_uninstall": {"result": [1.9848036812618375], "stats": [{"ci_99": [1.9775465615093708, 1.9966220604255795], "q_25": 1.982483996776864, "q_75": 1.9906023319344968, "min": 1.9775465615093708, "max": 1.9966220604255795, "mean": 1.986344180884771, "std": 0.006781861567129318, "repeat": 8, "number": 1}]}, "repo.gitrepo.time_get_content_info": {"result": [0.02173588890582323], "stats": [{"ci_99": [0.015392055734992027, 0.02425052598118782], "q_25": 0.01873864489607513, "q_75": 0.023060356033965945, "min": 0.015392055734992027, "max": 0.02425052598118782, "mean": 0.020770689845085143, "std": 0.002902349029962304, "repeat": 10, "number": 1}]}, "api.testds.time_create_test_dataset1": {"result": [0.4297502529807389], "stats": [{"ci_99": [0.42795240692794323, 0.44960416201502085], "q_25": 0.428622619016096, "q_75": 0.4351832892280072, "min": 0.42795240692794323, "max": 0.44960416201502085, "mean": 0.4330215965397656, "std": 0.0064722758319809, "repeat": 10, "number": 1}]}, "api.testds.time_create_test_dataset2x2": {"result": [2.8471406660974026], "stats": [{"ci_99": [2.8260503731944278, 2.8681350834667683], "q_25": 2.8363572487141937, "q_75": 2.852782970527187, "min": 2.830060662701726, "max": 2.8681350834667683, "mean": 2.8466505988811455, "std": 0.012717397465426796, "repeat": 6, "number": 1}]}, "core.runner.time_echo": {"result": [0.0021386131644248966], "stats": [{"ci_99": [0.0018975604325532913, 0.0023447874933481216], "q_25": 0.0020150593481957912, "q_75": 0.002195887686684728, "min": 0.0018975604325532913, "max": 0.0023447874933481216, "mean": 0.0021150373481214047, "std": 0.00013163557866427306, "repeat": 10, "number": 5}]}, "core.runner.time_echo_gitrunner": {"result": [0.0025756758404895663], "stats": [{"ci_99": [0.0023414522875100374, 0.002964765764772892], "q_25": 0.0024734257021918893, "q_75": 0.0027228632825426757, "min": 0.0023414522875100374, "max": 0.002964765764772892, "mean": 0.0026083927135914565, "std": 0.00018868062242629658, "repeat": 10, "number": 4}]}, "core.startup.time_help_np": {"result": [0.5700983363203704], "stats": [{"ci_99": [0.5543032959103584, 0.5981220602989197], "q_25": 0.5677651539444923, "q_75": 0.5745909113902599, "min": 0.5543032959103584, "max": 0.5981220602989197, "mean": 0.5720195426605642, "std": 0.010720796132617404, "repeat": 10, "number": 1}]}, "core.startup.time_import": {"result": [0.16794853145256639], "stats": [{"ci_99": [0.12255304306745529, 0.2069318573921919], "q_25": 0.15288941212929785, "q_75": 0.18831546464934945, "min": 0.12255304306745529, "max": 0.2069318573921919, "mean": 0.16666832119226455, "std": 0.025527868825262433, "repeat": 10, "number": 1}]}, "core.startup.time_import_api": {"result": [0.5298685049638152], "stats": [{"ci_99": [0.44988305401057005, 0.5623219134286046], "q_25": 0.4899790673516691, "q_75": 0.5516808915417641, "min": 0.44988305401057005, "max": 0.5623219134286046, "mean": 0.5194570507854224, "std": 0.037566457922947605, "repeat": 10, "number": 1}]}, "support.path.get_parent_paths.time_allsubmods_toplevel": {"result": [0.007618332281708717], "stats": [{"ci_99": [0.0067835282534360886, 0.008766334038227797], "q_25": 0.007172041339799762, "q_75": 0.008114487514831126, "min": 0.0067835282534360886, "max": 0.008766334038227797, "mean": 0.007666441798210144, "std": 0.0005973370427043292, "repeat": 10, "number": 2}]}, "support.path.get_parent_paths.time_allsubmods_toplevel_only": {"result": [0.007157661486417055], "stats": [{"ci_99": [0.006511341314762831, 0.008049408439546824], "q_25": 0.0068141043884679675, "q_75": 0.007602479658089578, "min": 0.006511341314762831, "max": 0.008049408439546824, "mean": 0.007225422887131572, "std": 0.0005420989692772126, "repeat": 10, "number": 2}]}, "support.path.get_parent_paths.time_no_submods": {"result": [3.2446261915102815e-07], "stats": [{"ci_99": [2.968903827307063e-07, 3.575671486207866e-07], "q_25": 3.107760701563779e-07, "q_75": 3.3668876675950676e-07, "min": 2.968903827307063e-07,