{"results": {"api.supers.time_createadd": {"result": [1.265934243798256], "stats": [{"ci_99": [1.2565171429887414, 1.290659999474883], "q_25": 1.2632111981511116, "q_75": 1.2679269707296044, "min": 1.2565171429887414, "max": 1.290659999474883, "mean": 1.2667673068121075, "std": 0.008895090836320505, "repeat": 10, "number": 1}]}, "api.supers.time_createadd_to_dataset": {"result": [1.2251098360866308], "stats": [{"ci_99": [1.197989142499864, 1.2366417972370982], "q_25": 1.215236485004425, "q_75": 1.226480898912996, "min": 1.197989142499864, "max": 1.2366417972370982, "mean": 1.220588838402182, "std": 0.01046442427483615, "repeat": 10, "number": 1}]}, "api.supers.time_diff": null, "api.supers.time_diff_recursive": null, "api.supers.time_installr": {"result": [5.033736411016434], "stats": [{"ci_99": [4.452510634902865, 5.614962187130004], "q_25": 5.027924153255299, "q_75": 5.03954866877757, "min": 5.022111895494163, "max": 5.045360926538706, "mean": 5.033736411016434, "std": 0.011624515522271395, "repeat": 2, "number": 1}]}, "api.supers.time_ls": {"result": [0.185801241081208], "stats": [{"ci_99": [0.17927683237940073, 0.19258001912385225], "q_25": 0.18275533360429108, "q_75": 0.18616492906585336, "min": 0.17927683237940073, "max": 0.19258001912385225, "mean": 0.18488482832908631, "std": 0.0035255002640412875, "repeat": 10, "number": 1}]}, "api.supers.time_ls_recursive": {"result": [1.7681125230155885], "stats": [{"ci_99": [1.755920340307057, 1.8077091509476304], "q_25": 1.7654711231589317, "q_75": 1.7807231673505157, "min": 1.755920340307057, "max": 1.8077091509476304, "mean": 1.775100200716406, "std": 0.015530109174559846, "repeat": 10, "number": 1}]}, "api.supers.time_ls_recursive_long_all": {"result": [1.9288033652119339], "stats": [{"ci_99": [1.919476993381977, 1.93939386960119], "q_25": 1.9253103309310973, "q_75": 1.9326807840261608, "min": 1.919476993381977, "max": 1.93939386960119, "mean": 1.9290246731834486, "std": 0.005734037030529734, "repeat": 8, "number": 1}]}, "api.supers.time_remove": null, "api.supers.time_status": {"result": [0.7288189362734556], "stats": [{"ci_99": [0.7224182402715087, 0.7436847072094679], "q_25": 0.7255615771282464, "q_75": 0.7332478726748377, "min": 0.7224182402715087, "max": 0.7436847072094679, "mean": 0.7301902428269387, "std": 0.006305932138274408, "repeat": 10, "number": 1}]}, "api.supers.time_status_recursive": {"result": [1.376855194568634], "stats": [{"ci_99": [1.3463498819619417, 1.4303915342316031], "q_25": 1.3668797817081213, "q_75": 1.4022916734684259, "min": 1.3463498819619417, "max": 1.4303915342316031, "mean": 1.3841178690083324, "std": 0.024333970608711245, "repeat": 10, "number": 1}]}, "api.supers.time_subdatasets": {"result": [0.08228037133812904], "stats": [{"ci_99": [0.08068009279668331, 0.08632646966725588], "q_25": 0.08166111237369478, "q_75": 0.08334275893867016, "min": 0.08068009279668331, "max": 0.08632646966725588, "mean": 0.08271920578554273, "std": 0.0015253997239768377, "repeat": 10, "number": 1}]}, "api.supers.time_subdatasets_recursive": {"result": [0.4163774223998189], "stats": [{"ci_99": [0.41071552224457264, 0.4213324086740613], "q_25": 0.41486843465827405, "q_75": 0.41668249131180346, "min": 0.41071552224457264, "max": 0.4213324086740613, "mean": 0.41588657852262256, "std": 0.002850395807019859, "repeat": 10, "number": 1}]}, "api.supers.time_subdatasets_recursive_first": {"result": [0.08361757174134254], "stats": [{"ci_99": [0.0802974347025156, 0.08678186684846878], "q_25": 0.08204811625182629, "q_75": 0.08477030228823423, "min": 0.0802974347025156, "max": 0.08678186684846878, "mean": 0.08350651059299707, "std": 0.0020798898214821463, "repeat": 10, "number": 1}]}, "api.supers.time_uninstall": {"result": [4.120229501277208], "stats": [{"ci_99": [4.0870982202865305, 4.153842923773813], "q_25": 4.110315004130825, "q_75": 4.130385069176555, "min": 4.107116522267461, "max": 4.1343067632988095, "mean": 4.120470572030172, "std": 0.011472501717495042, "repeat": 4, "number": 1}]}, "repo.gitrepo.time_get_content_info": {"result": [0.016023375559598207], "stats": [{"ci_99": [0.015180760994553566, 0.01721122395247221], "q_25": 0.015717789996415377, "q_75": 0.016440220410004258, "min": 0.015180760994553566, "max": 0.01721122395247221, "mean": 0.01610536631196737, "std": 0.0006275211621787549, "repeat": 10, "number": 1}]}, "api.testds.time_create_test_dataset1": {"result": [0.5994039848446846], "stats": [{"ci_99": [0.5944754052907228, 0.6161214374005795], "q_25": 0.5972602197434753, "q_75": 0.6030439739115536, "min": 0.5944754052907228, "max": 0.6161214374005795, "mean": 0.6013860536739231, "std": 0.006413716181634708, "repeat": 10, "number": 1}]}, "api.testds.time_create_test_dataset2x2": {"result": [3.669332067016512], "stats": [{"ci_99": [3.643220080156898, 3.696333565189416], "q_25": 3.661313072545454, "q_75": 3.677795817144215, "min": 3.6597644202411175, "max": 3.6806787364184856, "mean": 3.669776822673157, "std": 0.009111515618602866, "repeat": 4, "number": 1}]}, "core.runner.time_echo": {"result": [0.0018796206762393315], "stats": [{"ci_99": [0.0017023286782205105, 0.0023458522434035936], "q_25": 0.001716405696546038, "q_75": 0.0020736732597773275, "min": 0.0017023286782205105, "max": 0.0023458522434035936, "mean": 0.0019300642578552163, "std": 0.00022305534998540003, "repeat": 10, "number": 6}]}, "core.runner.time_echo_gitrunner": {"result": [0.0024140989407896996], "stats": [{"ci_99": [0.002090275287628174, 0.0027758546639233828], "q_25": 0.0021859280532225966, "q_75": 0.002496219298336655, "min": 0.002090275287628174, "max": 0.0027758546639233828, "mean": 0.0023859359323978426, "std": 0.00021235904131770925, "repeat": 10, "number": 4}]}, "core.startup.time_help_np": {"result": [0.632716550026089], "stats": [{"ci_99": [0.5349297216162086, 0.6632072199136019], "q_25": 0.5828641590196639, "q_75": 0.6413230481557548, "min": 0.5349297216162086, "max": 0.6632072199136019, "mean": 0.6109371457248927, "std": 0.043637625822683435, "repeat": 10, "number": 1}]}, "core.startup.time_import": {"result": [0.16026520915329456], "stats": [{"ci_99": [0.11394716985523701, 0.2015034006908536], "q_25": 0.13287762203253806, "q_75": 0.18311761994846165, "min": 0.11394716985523701, "max": 0.2015034006908536, "mean": 0.15893381210044027, "std": 0.02978593453485035, "repeat": 10, "number": 1}]}, "core.startup.time_import_api": {"result": [0.5410412652418017], "stats": [{"ci_99": [0.5067135393619537, 0.5914537953212857], "q_25": 0.5229650244582444, "q_75": 0.5733498285990208, "min": 0.5067135393619537, "max": 0.5914537953212857, "mean": 0.5467497648671269, "std": 0.029670552355970218, "repeat": 10, "number": 1}]}, "support.path.get_parent_paths.time_allsubmods_toplevel": {"result": [0.006870575714856386], "stats": [{"ci_99": [0.006648228969424963, 0.00871047517284751], "q_25": 0.006770863081328571, "q_75": 0.007646248326636851, "min": 0.006648228969424963, "max": 0.00871047517284751, "mean": 0.0072503631003201004, "std": 0.000675324619768784, "repeat": 10, "number": 2}]}, "support.path.get_parent_paths.time_allsubmods_toplevel_only": {"result": [0.006057940423488617], "stats": [{"ci_99": [0.005976272281259298, 0.006075278390198946], "q_25": 0.005994581384584308, "q_75": 0.006067653419449925, "min": 0.005976272281259298, "max": 0.006075278390198946, "mean": 0.006034022243693471, "std": 3.911109980028198e-05, "repeat": 10, "number": 2}]}, "support.path.get_parent_paths.time_no_submods": {"result": [3.450693007901188e-07], "stats": [{"ci_99": [3.2435865170658557e-07, 4.146891293982066e-07], "q_25": 3.330364097313736e-07, "q_75": 3.62416248221584e-07, "min": 3.2435865170658557e-07, "max": 4.146891293982066e-07, "mean": 3.5157311770512946e-07, "std": 2.598079187114593e-08, "repeat": 10, "number": 26466}]}, "support.path.get_parent_paths.time_one_submod_subdir": {"result": [0.006250841310247779], "stats": [{"ci_99": [0.005593955051153898, 0.006921783089637756], "q_25": 0.005970846745185554,