{"results": {"api.supers.time_createadd": {"result": [1.2984076868742704], "stats": [{"ci_99": [1.279939447529614, 1.3378341579809785], "q_25": 1.2963866014033556, "q_75": 1.304018521681428, "min": 1.279939447529614, "max": 1.3378341579809785, "mean": 1.3013853806070983, "std": 0.013869282137464661, "repeat": 10, "number": 1}]}, "api.supers.time_createadd_to_dataset": {"result": [1.2435205089859664], "stats": [{"ci_99": [1.2345797913149, 1.2782535031437874], "q_25": 1.236945384182036, "q_75": 1.2513071256689727, "min": 1.2345797913149, "max": 1.2782535031437874, "mean": 1.2461492708884179, "std": 0.012566569007633744, "repeat": 10, "number": 1}]}, "api.supers.time_diff": null, "api.supers.time_diff_recursive": null, "api.supers.time_installr": {"result": [4.993888056371361], "stats": [{"ci_99": [4.694188149180263, 5.293587963562459], "q_25": 4.99089105729945, "q_75": 4.996885055443272, "min": 4.987894058227539, "max": 4.999882054515183, "mean": 4.993888056371361, "std": 0.005993998143821955, "repeat": 2, "number": 1}]}, "api.supers.time_ls": {"result": [0.18556260410696268], "stats": [{"ci_99": [0.17731308192014694, 0.1968620615079999], "q_25": 0.18106193281710148, "q_75": 0.18958936328999698, "min": 0.17731308192014694, "max": 0.1968620615079999, "mean": 0.18570609465241433, "std": 0.005777497259460047, "repeat": 10, "number": 1}]}, "api.supers.time_ls_recursive": {"result": [1.779940084554255], "stats": [{"ci_99": [1.7669039918109775, 1.8191552395001054], "q_25": 1.7712130907457322, "q_75": 1.8066289296839386, "min": 1.7669039918109775, "max": 1.8191552395001054, "mean": 1.7878168585710228, "std": 0.019652739662523646, "repeat": 10, "number": 1}]}, "api.supers.time_ls_recursive_long_all": {"result": [1.9316219654865563], "stats": [{"ci_99": [1.9153076084330678, 1.9877796340733767], "q_25": 1.927231545560062, "q_75": 1.9519281648099422, "min": 1.9153076084330678, "max": 1.9877796340733767, "mean": 1.941255920799449, "std": 0.02318034162257275, "repeat": 8, "number": 1}]}, "api.supers.time_remove": null, "api.supers.time_status": {"result": [0.7238884107209742], "stats": [{"ci_99": [0.721443192102015, 0.7324390104040504], "q_25": 0.722138483542949, "q_75": 0.7281947303563356, "min": 0.721443192102015, "max": 0.7324390104040504, "mean": 0.7251988781616092, "std": 0.0036141882152707695, "repeat": 10, "number": 1}]}, "api.supers.time_status_recursive": {"result": [1.3668724647723138], "stats": [{"ci_99": [1.3570668948814273, 1.3775917012244463], "q_25": 1.3644911712035537, "q_75": 1.367917881347239, "min": 1.3570668948814273, "max": 1.3775917012244463, "mean": 1.3666758618317545, "std": 0.004864337991428609, "repeat": 10, "number": 1}]}, "api.supers.time_subdatasets": {"result": [0.08318977802991867], "stats": [{"ci_99": [0.08040533401072025, 0.0994852902367711], "q_25": 0.08121165842749178, "q_75": 0.08504762477241457, "min": 0.08040533401072025, "max": 0.0994852902367711, "mean": 0.08519511055201293, "std": 0.005952403051332749, "repeat": 10, "number": 1}]}, "api.supers.time_subdatasets_recursive": {"result": [0.415499625261873], "stats": [{"ci_99": [0.41349799651652575, 0.418065145611763], "q_25": 0.41464320779778063, "q_75": 0.417048622854054, "min": 0.41349799651652575, "max": 0.418065145611763, "mean": 0.41568330926820635, "std": 0.0015511268409752696, "repeat": 10, "number": 1}]}, "api.supers.time_subdatasets_recursive_first": {"result": [0.08498843014240265], "stats": [{"ci_99": [0.0803836602717638, 0.10384276788681746], "q_25": 0.08385063544847071, "q_75": 0.08666457724757493, "min": 0.0803836602717638, "max": 0.10384276788681746, "mean": 0.08677485967054963, "std": 0.006386251231695154, "repeat": 10, "number": 1}]}, "api.supers.time_uninstall": {"result": [4.123912415932864], "stats": [{"ci_99": [4.105426550010001, 4.144055146159823], "q_25": 4.121720488648862, "q_75": 4.126932775368914, "min": 4.115316791459918, "max": 4.135821769014001, "mean": 4.124740848084912, "std": 0.007296897153323853, "repeat": 4, "number": 1}]}, "repo.gitrepo.time_get_content_info": {"result": [0.016048904974013567], "stats": [{"ci_99": [0.014843648299574852, 0.018853917717933655], "q_25": 0.015156108187511563, "q_75": 0.01691867969930172, "min": 0.014843648299574852, "max": 0.018853917717933655, "mean": 0.016313428431749342, "std": 0.0013654854725578894, "repeat": 10, "number": 1}]}, "api.testds.time_create_test_dataset1": {"result": [0.6229842649772763], "stats": [{"ci_99": [0.6136722816154361, 0.6306055625900626], "q_25": 0.6185957675334066, "q_75": 0.6283157346770167, "min": 0.6136722816154361, "max": 0.6306055625900626, "mean": 0.6227512427605688, "std": 0.005909594535212784, "repeat": 10, "number": 1}]}, "api.testds.time_create_test_dataset2x2": {"result": [3.798405438195914], "stats": [{"ci_99": [3.7445896834204224, 3.8623309314181777], "q_25": 3.7915433002635837, "q_75": 3.8103224453516304, "min": 3.7776356050744653, "max": 3.839394748210907, "mean": 3.8034603074193, "std": 0.02246783799611575, "repeat": 4, "number": 1}]}, "core.runner.time_echo": {"result": [0.0017652641050517558], "stats": [{"ci_99": [0.0016972076147794724, 0.00197403933852911], "q_25": 0.0017165496945381164, "q_75": 0.0019114102236926557, "min": 0.0016972076147794724, "max": 0.00197403933852911, "mean": 0.0018078188784420488, "std": 0.00010513828046353812, "repeat": 10, "number": 5}]}, "core.runner.time_echo_gitrunner": {"result": [0.002438749885186553], "stats": [{"ci_99": [0.0021145311184227467, 0.002839429071173072], "q_25": 0.0022622949327342212, "q_75": 0.002603632106911391, "min": 0.0021145311184227467, "max": 0.002839429071173072, "mean": 0.0024454702157527207, "std": 0.00022875764306856677, "repeat": 10, "number": 4}]}, "core.startup.time_help_np": {"result": [0.5944378450512886], "stats": [{"ci_99": [0.5413593668490648, 0.6524876886978745], "q_25": 0.5557053969241679, "q_75": 0.604228853713721, "min": 0.5413593668490648, "max": 0.6524876886978745, "mean": 0.5877431307919323, "std": 0.03344951600074895, "repeat": 10, "number": 1}]}, "core.startup.time_import": {"result": [0.15654332796111703], "stats": [{"ci_99": [0.12584224250167608, 0.1740900157019496], "q_25": 0.14830809459090233, "q_75": 0.16474447934888303, "min": 0.12584224250167608, "max": 0.1740900157019496, "mean": 0.1534378702752292, "std": 0.015570817501320043, "repeat": 10, "number": 1}]}, "core.startup.time_import_api": {"result": [0.5379547281190753], "stats": [{"ci_99": [0.46717203594744205, 0.5839480394497514], "q_25": 0.5195204098708928, "q_75": 0.5608797413296998, "min": 0.46717203594744205, "max": 0.5839480394497514, "mean": 0.5319639584049582, "std": 0.03805397666259788, "repeat": 10, "number": 1}]}, "support.path.get_parent_paths.time_allsubmods_toplevel": {"result": [0.007738595828413963], "stats": [{"ci_99": [0.006969307083636522, 0.008692257571965456], "q_25": 0.00729051954112947, "q_75": 0.008074449491687119, "min": 0.006969307083636522, "max": 0.008692257571965456, "mean": 0.007746453257277608, "std": 0.0005891391928361525, "repeat": 10, "number": 2}]}, "support.path.get_parent_paths.time_allsubmods_toplevel_only": {"result": [0.007564360275864601], "stats": [{"ci_99": [0.006689270492643118, 0.008690244983881712], "q_25": 0.007120008813217282, "q_75": 0.00793141033500433, "min": 0.006689270492643118, "max": 0.008690244983881712, "mean": 0.007582878228276968, "std": 0.0006165985155258706, "repeat": 10, "number": 2}]}, "support.path.get_parent_paths.time_no_submods": {"result": [3.343725380716949e-07], "stats": [{"ci_99": [3.0415804098154414e-07, 3.665225545651195e-07], "q_25": 3.1835284313745966e-07, "q_75": 3.476407265508721e-07, "min": 3.0415804098154414e-07, "max": 3.665225545651195e-07, "mean": 3.3324529936526627e-07, "std": 1.8841519494049466e-08, "repeat": 10, "number": 28678}]}, "support.path.get_parent_paths.time_one_submod_subdir": {"result": [0.006669365568086505], "stats": [{"ci_99": [0.005994800478219986, 0.007676252163946629], "q_25": 0.006303450441919267, "q_75": 0.006930402247235179,