{"results": {"api.supers.time_createadd": {"result": [1.2697220784612], "stats": [{"ci_99": [1.2566655743867159, 1.2908488176763058], "q_25": 1.2637904807925224, "q_75": 1.2704617313575, "min": 1.2566655743867159, "max": 1.2908488176763058, "mean": 1.2696493346244098, "std": 0.00932505078368827, "repeat": 10, "number": 1}]}, "api.supers.time_createadd_to_dataset": {"result": [1.2119889315217733], "stats": [{"ci_99": [1.2036825688555837, 1.2368242964148521], "q_25": 1.2104539514984936, "q_75": 1.2207505973055959, "min": 1.2036825688555837, "max": 1.2368242964148521, "mean": 1.2163914174772799, "std": 0.009616168716443779, "repeat": 10, "number": 1}]}, "api.supers.time_diff": null, "api.supers.time_diff_recursive": null, "api.supers.time_installr": {"result": [5.1807473548687994], "stats": [{"ci_99": [4.026753399055451, 6.334741310682147], "q_25": 5.169207415310666, "q_75": 5.192287294426933, "min": 5.1576674757525325, "max": 5.203827233985066, "mean": 5.1807473548687994, "std": 0.023079879116266966, "repeat": 2, "number": 1}]}, "api.supers.time_ls": {"result": [0.18275525979697704], "stats": [{"ci_99": [0.18012051656842232, 0.1928770449012518], "q_25": 0.1816174779087305, "q_75": 0.18688620091415942, "min": 0.18012051656842232, "max": 0.1928770449012518, "mean": 0.1846061167307198, "std": 0.004223998211530301, "repeat": 10, "number": 1}]}, "api.supers.time_ls_recursive": {"result": [1.7988771754316986], "stats": [{"ci_99": [1.793401469476521, 1.8154068468138576], "q_25": 1.7947083641774952, "q_75": 1.8035375464241952, "min": 1.793401469476521, "max": 1.8154068468138576, "mean": 1.8002280715852976, "std": 0.006634932707507124, "repeat": 10, "number": 1}]}, "api.supers.time_ls_recursive_long_all": {"result": [1.9565026084892452], "stats": [{"ci_99": [1.9420057944953442, 1.9656630735844374], "q_25": 1.949184475466609, "q_75": 1.9622139758430421, "min": 1.9420057944953442, "max": 1.9656630735844374, "mean": 1.9551812916761264, "std": 0.008295543561087967, "repeat": 8, "number": 1}]}, "api.supers.time_remove": null, "api.supers.time_status": {"result": [0.7497592740692198], "stats": [{"ci_99": [0.7468187110498548, 0.7657333863899112], "q_25": 0.7483530740719289, "q_75": 0.7535160649567842, "min": 0.7468187110498548, "max": 0.7657333863899112, "mean": 0.751915096398443, "std": 0.005433114668289751, "repeat": 10, "number": 1}]}, "api.supers.time_status_recursive": {"result": [1.3945545288734138], "stats": [{"ci_99": [1.3878347426652908, 1.404419737868011], "q_25": 1.3933839676901698, "q_75": 1.3979449537582695, "min": 1.3878347426652908, "max": 1.404419737868011, "mean": 1.3955228839069604, "std": 0.005372708108786516, "repeat": 10, "number": 1}]}, "api.supers.time_subdatasets": {"result": [0.10906109912320971], "stats": [{"ci_99": [0.10759867262095213, 0.11370035912841558], "q_25": 0.10840435628779233, "q_75": 0.11170378397218883, "min": 0.10759867262095213, "max": 0.11370035912841558, "mean": 0.10997537774965167, "std": 0.002119229352803781, "repeat": 10, "number": 1}]}, "api.supers.time_subdatasets_recursive": {"result": [0.44072615075856447], "stats": [{"ci_99": [0.43874349910765886, 0.4501751381903887], "q_25": 0.4396226869430393, "q_75": 0.44404289801605046, "min": 0.43874349910765886, "max": 0.4501751381903887, "mean": 0.44211210748180746, "std": 0.003440720582260191, "repeat": 10, "number": 1}]}, "api.supers.time_subdatasets_recursive_first": {"result": [0.10914601851254702], "stats": [{"ci_99": [0.1068917578086257, 0.1314283451065421], "q_25": 0.10718910722061992, "q_75": 0.11030847136862576, "min": 0.1068917578086257, "max": 0.1314283451065421, "mean": 0.1112615150399506, "std": 0.007058806930073189, "repeat": 10, "number": 1}]}, "api.supers.time_uninstall": {"result": [4.129871957935393], "stats": [{"ci_99": [4.111025088122299, 4.142822240358034], "q_25": 4.125755999004468, "q_75": 4.131039623171091, "min": 4.115897203795612, "max": 4.132053537294269, "mean": 4.1269236642401665, "std": 0.006454844744843418, "repeat": 4, "number": 1}]}, "repo.gitrepo.time_get_content_info": {"result": [0.01646797964349389], "stats": [{"ci_99": [0.01446530595421791, 0.020476527512073517], "q_25": 0.015110491774976254, "q_75": 0.016942106187343597, "min": 0.01446530595421791, "max": 0.020476527512073517, "mean": 0.016498097311705352, "std": 0.0016868602370761763, "repeat": 10, "number": 1}]}, "api.testds.time_create_test_dataset1": {"result": [0.6003573052585125], "stats": [{"ci_99": [0.5885605104267597, 0.621072999201715], "q_25": 0.5938409890513867, "q_75": 0.6033025763463229, "min": 0.5885605104267597, "max": 0.621072999201715, "mean": 0.6007107648067176, "std": 0.008983725432720604, "repeat": 10, "number": 1}]}, "api.testds.time_create_test_dataset2x2": {"result": [3.5572768887504935], "stats": [{"ci_99": [3.5313435964852875, 3.589198508802026], "q_25": 3.5511633618734777, "q_75": 3.5663845795206726, "min": 3.550495051778853, "max": 3.576035381294787, "mean": 3.5602710526436567, "std": 0.010385281868980937, "repeat": 4, "number": 1}]}, "core.runner.time_echo": {"result": [0.0017097504654278357], "stats": [{"ci_99": [0.0016967328265309334, 0.0018876272564133008], "q_25": 0.0017067280132323503, "q_75": 0.0017588625972469647, "min": 0.0016967328265309334, "max": 0.0018876272564133008, "mean": 0.0017464038450270892, "std": 6.535599887916894e-05, "repeat": 10, "number": 6}]}, "core.runner.time_echo_gitrunner": {"result": [0.0029101273976266384], "stats": [{"ci_99": [0.0026886973064392805, 0.0034666734281927347], "q_25": 0.0027831270126625896, "q_75": 0.0030151581740938127, "min": 0.0026886973064392805, "max": 0.0034666734281927347, "mean": 0.002965773199684918, "std": 0.00023844611720510948, "repeat": 10, "number": 4}]}, "core.startup.time_help_np": {"result": [0.5739125553518534], "stats": [{"ci_99": [0.5155767062678933, 0.6410798318684101], "q_25": 0.5364023111760616, "q_75": 0.5924070379696786, "min": 0.5155767062678933, "max": 0.6410798318684101, "mean": 0.5730100785382092, "std": 0.04090026454829492, "repeat": 10, "number": 1}]}, "core.startup.time_import": {"result": [0.1664725965820253], "stats": [{"ci_99": [0.1153513127937913, 0.20489627867937088], "q_25": 0.13812376582063735, "q_75": 0.18138002208434045, "min": 0.1153513127937913, "max": 0.20489627867937088, "mean": 0.16184948645532132, "std": 0.029273901703340995, "repeat": 10, "number": 1}]}, "core.startup.time_import_api": {"result": [0.5056872577406466], "stats": [{"ci_99": [0.45152521692216396, 0.5567114846780896], "q_25": 0.4921069631818682, "q_75": 0.5187541900668293, "min": 0.45152521692216396, "max": 0.5567114846780896, "mean": 0.5066358097828925, "std": 0.027580456806225465, "repeat": 10, "number": 1}]}, "support.path.get_parent_paths.time_allsubmods_toplevel": {"result": [0.00699112331494689], "stats": [{"ci_99": [0.0066346037201583385, 0.008794596418738365], "q_25": 0.006757320719771087, "q_75": 0.007701723487116396, "min": 0.0066346037201583385, "max": 0.008794596418738365, "mean": 0.007304519228637218, "std": 0.0006904269761464183, "repeat": 10, "number": 2}]}, "support.path.get_parent_paths.time_allsubmods_toplevel_only": {"result": [0.0069712367840111256], "stats": [{"ci_99": [0.00629976112395525, 0.007876838557422161], "q_25": 0.006717925309203565, "q_75": 0.007350797881372273, "min": 0.00629976112395525, "max": 0.007876838557422161, "mean": 0.007045289315283298, "std": 0.0005315929293996335, "repeat": 10, "number": 2}]}, "support.path.get_parent_paths.time_no_submods": {"result": [2.984814687606392e-07], "stats": [{"ci_99": [2.743782595210119e-07, 3.6600320984464174e-07], "q_25": 2.7676511966033814e-07, "q_75": 3.3438649165247556e-07, "min": 2.743782595210119e-07, "max": 3.6600320984464174e-07, "mean": 3.0805141485612336e-07, "std": 3.378459667089384e-08, "repeat": 10, "number": 27250}]}, "support.path.get_parent_paths.time_one_submod_subdir": {"result": [0.005975980777293444], "stats": [{"ci_99": [0.005474188830703497, 0.0070328861474990845], "q_25": 0.0056731319054961205,