{"results": {"api.supers.time_createadd": {"result": [1.3023046073503792], "stats": [{"ci_99": [1.2812764290720224, 1.3365625999867916], "q_25": 1.292611020617187, "q_75": 1.3093734171707183, "min": 1.2812764290720224, "max": 1.3365625999867916, "mean": 1.3039718003943563, "std": 0.016978903639244564, "repeat": 10, "number": 1}]}, "api.supers.time_createadd_to_dataset": {"result": [1.2475530286319554], "stats": [{"ci_99": [1.2242912370711565, 1.2546177608892322], "q_25": 1.2351650258060545, "q_75": 1.2513363698963076, "min": 1.2242912370711565, "max": 1.2546177608892322, "mean": 1.2438567655161024, "std": 0.010397124950080928, "repeat": 10, "number": 1}]}, "api.supers.time_diff": null, "api.supers.time_diff_recursive": null, "api.supers.time_installr": {"result": [5.481172061525285], "stats": [{"ci_99": [5.048501432873309, 5.913842690177262], "q_25": 5.4768453552387655, "q_75": 5.485498767811805, "min": 5.472518648952246, "max": 5.489825474098325, "mean": 5.481172061525285, "std": 0.008653412573039532, "repeat": 2, "number": 1}]}, "api.supers.time_ls": {"result": [0.1826635766774416], "stats": [{"ci_99": [0.17772316467016935, 0.19406560342758894], "q_25": 0.18033144460059702, "q_75": 0.18561328249052167, "min": 0.17772316467016935, "max": 0.19406560342758894, "mean": 0.18399591790512204, "std": 0.0049794941665353976, "repeat": 10, "number": 1}]}, "api.supers.time_ls_recursive": {"result": [1.8037312640808523], "stats": [{"ci_99": [1.7709925519302487, 1.8456186251714826], "q_25": 1.7782316645607352, "q_75": 1.8233277588151395, "min": 1.7709925519302487, "max": 1.8456186251714826, "mean": 1.8040507774800063, "std": 0.025971526145853328, "repeat": 10, "number": 1}]}, "api.supers.time_ls_recursive_long_all": {"result": [1.9418634795583785], "stats": [{"ci_99": [1.9277147483080626, 1.9613328808918595], "q_25": 1.9371847489383072, "q_75": 1.9490939837414771, "min": 1.9277147483080626, "max": 1.9613328808918595, "mean": 1.9426976456306875, "std": 0.010441944270669946, "repeat": 8, "number": 1}]}, "api.supers.time_remove": null, "api.supers.time_status": {"result": [0.721475750207901], "stats": [{"ci_99": [0.716610249131918, 0.7268250156193972], "q_25": 0.7196342474780977, "q_75": 0.7236403438728303, "min": 0.716610249131918, "max": 0.7268250156193972, "mean": 0.7215976608917117, "std": 0.003253744626624375, "repeat": 10, "number": 1}]}, "api.supers.time_status_recursive": {"result": [1.3619821034371853], "stats": [{"ci_99": [1.3555022990331054, 1.3753860918805003], "q_25": 1.3607839907053858, "q_75": 1.367448449600488, "min": 1.3555022990331054, "max": 1.3753860918805003, "mean": 1.36435715155676, "std": 0.006325624342902125, "repeat": 10, "number": 1}]}, "api.supers.time_subdatasets": {"result": [0.09447602881118655], "stats": [{"ci_99": [0.09279354009777308, 0.09757768455892801], "q_25": 0.09352664509788156, "q_75": 0.09538420918397605, "min": 0.09279354009777308, "max": 0.09757768455892801, "mean": 0.09479199321940542, "std": 0.0015901697015922374, "repeat": 10, "number": 1}]}, "api.supers.time_subdatasets_recursive": {"result": [0.4252166268415749], "stats": [{"ci_99": [0.4234017040580511, 0.43220369424670935], "q_25": 0.4238808401860297, "q_75": 0.42734967288561165, "min": 0.4234017040580511, "max": 0.43220369424670935, "mean": 0.42615251140668986, "std": 0.0028246851503432387, "repeat": 10, "number": 1}]}, "api.supers.time_subdatasets_recursive_first": {"result": [0.09547232557088137], "stats": [{"ci_99": [0.09371803887188435, 0.09870266728103161], "q_25": 0.09441017755307257, "q_75": 0.0957475807517767, "min": 0.09371803887188435, "max": 0.09870266728103161, "mean": 0.09551645265892147, "std": 0.0014854922945519609, "repeat": 10, "number": 1}]}, "api.supers.time_uninstall": {"result": [4.233152147382498], "stats": [{"ci_99": [4.2249445351992145, 4.243953259174119], "q_25": 4.231961077777669, "q_75": 4.235639966791496, "min": 4.230975225567818, "max": 4.240516068413854, "mean": 4.234448897186667, "std": 0.0036649600586066058, "repeat": 4, "number": 1}]}, "repo.gitrepo.time_get_content_info": {"result": [0.015361667145043612], "stats": [{"ci_99": [0.0145128034055233, 0.01845537405461073], "q_25": 0.014838316477835178, "q_75": 0.0161438575014472, "min": 0.0145128034055233, "max": 0.01845537405461073, "mean": 0.01566195236518979, "std": 0.0011032062722582932, "repeat": 10, "number": 1}]}, "api.testds.time_create_test_dataset1": {"result": [0.6148005840368569], "stats": [{"ci_99": [0.6096680462360382, 0.6361942989751697], "q_25": 0.6127448563929647, "q_75": 0.6174258985556662, "min": 0.6096680462360382, "max": 0.6361942989751697, "mean": 0.6170753394253552, "std": 0.007398337362056054, "repeat": 10, "number": 1}]}, "api.testds.time_create_test_dataset2x2": {"result": [3.802346137817949], "stats": [{"ci_99": [3.760830948501697, 3.8520214027726443], "q_25": 3.7919816127978265, "q_75": 3.816790700657293, "min": 3.790731213055551, "max": 3.8302812138572335, "mean": 3.8064261756371707, "std": 0.016175618888484327, "repeat": 4, "number": 1}]}, "core.runner.time_echo": {"result": [0.0017831318080425264], "stats": [{"ci_99": [0.001684008166193962, 0.0019931338727474214], "q_25": 0.0017313313204795123, "q_75": 0.0018350744154304267, "min": 0.001684008166193962, "max": 0.0019931338727474214, "mean": 0.001802733559161425, "std": 9.691297619437816e-05, "repeat": 10, "number": 5}]}, "core.runner.time_echo_gitrunner": {"result": [0.0025212846230715513], "stats": [{"ci_99": [0.002230248413980007, 0.0028740607667714357], "q_25": 0.002343677100725472, "q_75": 0.002653160074260086, "min": 0.002230248413980007, "max": 0.0028740607667714357, "mean": 0.00252261224668473, "std": 0.00020687106008972626, "repeat": 10, "number": 4}]}, "core.startup.time_help_np": {"result": [0.5962198609486222], "stats": [{"ci_99": [0.5323018506169319, 0.6469788094982505], "q_25": 0.5826463736593723, "q_75": 0.629031847929582, "min": 0.5323018506169319, "max": 0.6469788094982505, "mean": 0.6018807691521942, "std": 0.03359842584382609, "repeat": 10, "number": 1}]}, "core.startup.time_import": {"result": [0.15537629555910826], "stats": [{"ci_99": [0.1181970527395606, 0.1933766631409526], "q_25": 0.12828367692418396, "q_75": 0.1629407920408994, "min": 0.1181970527395606, "max": 0.1933766631409526, "mean": 0.15135239781811832, "std": 0.02399371335020578, "repeat": 10, "number": 1}]}, "core.startup.time_import_api": {"result": [0.5120762996375561], "stats": [{"ci_99": [0.499254135414958, 0.529398444108665], "q_25": 0.5109044306445867, "q_75": 0.5149526088498533, "min": 0.499254135414958, "max": 0.529398444108665, "mean": 0.5139569892548025, "std": 0.008585390259941395, "repeat": 10, "number": 1}]}, "support.path.get_parent_paths.time_allsubmods_toplevel": {"result": [0.007877972442656755], "stats": [{"ci_99": [0.0068807839415967464, 0.008748465683311224], "q_25": 0.007433936232700944, "q_75": 0.008451357716694474, "min": 0.0068807839415967464, "max": 0.008748465683311224, "mean": 0.00789652792736888, "std": 0.0005948756752101892, "repeat": 10, "number": 2}]}, "support.path.get_parent_paths.time_allsubmods_toplevel_only": {"result": [0.006499824579805136], "stats": [{"ci_99": [0.0060185762122273445, 0.007446570321917534], "q_25": 0.006168192019686103, "q_75": 0.006851771497167647, "min": 0.0060185762122273445, "max": 0.007446570321917534, "mean": 0.006564006628468633, "std": 0.00043583040975189757, "repeat": 10, "number": 2}]}, "support.path.get_parent_paths.time_no_submods": {"result": [3.118011050858935e-07], "stats": [{"ci_99": [2.860695055394059e-07, 3.5155635488354056e-07], "q_25": 3.018398093316066e-07, "q_75": 3.2184964801787354e-07, "min": 2.860695055394059e-07, "max": 3.5155635488354056e-07, "mean": 3.1436739633983037e-07, "std": 1.816007340463401e-08, "repeat": 10, "number": 30772}]}, "support.path.get_parent_paths.time_one_submod_subdir": {"result": [0.005554845090955496], "stats": [{"ci_99": [0.005274496506899595, 0.007026037201285362], "q_25": 0.0052961132023483515,