{"results": {"api.supers.time_createadd": {"result": [1.4757081144489348], "stats": [{"ci_99": [1.4636477120220661, 1.501349924132228], "q_25": 1.4711342817172408, "q_75": 1.4819090117234737, "min": 1.4636477120220661, "max": 1.501349924132228, "mean": 1.4774069574661552, "std": 0.01036508637011079, "repeat": 10, "number": 1}]}, "api.supers.time_createadd_to_dataset": {"result": [1.3757708012126386], "stats": [{"ci_99": [1.3510921616107225, 1.3935097577050328], "q_25": 1.3704805858433247, "q_75": 1.384947674581781, "min": 1.3510921616107225, "max": 1.3935097577050328, "mean": 1.375629169587046, "std": 0.012320472444769134, "repeat": 10, "number": 1}]}, "api.supers.time_diff": null, "api.supers.time_diff_recursive": null, "api.supers.time_installr": {"result": [8.656570554710925], "stats": [{"ci_99": [8.070037101395428, 9.243104008026421], "q_25": 8.65070522017777, "q_75": 8.66243588924408, "min": 8.644839885644615, "max": 8.668301223777235, "mean": 8.656570554710925, "std": 0.011730669066309929, "repeat": 2, "number": 1}]}, "api.supers.time_ls": {"result": [0.25583961652591825], "stats": [{"ci_99": [0.2529965490102768, 0.26160795893520117], "q_25": 0.25409321929328144, "q_75": 0.2582335292827338, "min": 0.2529965490102768, "max": 0.26160795893520117, "mean": 0.25641603479161856, "std": 0.002791527353124116, "repeat": 10, "number": 1}]}, "api.supers.time_ls_recursive": {"result": [2.603917298372835], "stats": [{"ci_99": [2.599443119273536, 2.611442188732326], "q_25": 2.6028059511445463, "q_75": 2.60735071497038, "min": 2.6008511586114764, "max": 2.611442188732326, "mean": 2.605176438887914, "std": 0.0036125471546969473, "repeat": 6, "number": 1}]}, "api.supers.time_ls_recursive_long_all": {"result": [2.7635625493712723], "stats": [{"ci_99": [2.75589328244072, 2.777536727488041], "q_25": 2.7609515332151204, "q_75": 2.7709938869811594, "min": 2.760366781614721, "max": 2.777536727488041, "mean": 2.7664301336432495, "std": 0.006554976849561345, "repeat": 6, "number": 1}]}, "api.supers.time_remove": {"result": [6.942340470384806], "stats": [{"ci_99": [6.177679677028209, 7.707001263741403], "q_25": 6.93469386245124, "q_75": 6.949987078318372, "min": 6.9270472545176744, "max": 6.957633686251938, "mean": 6.942340470384806, "std": 0.015293215867131948, "repeat": 2, "number": 1}]}, "api.supers.time_status": {"result": [0.8136582691222429], "stats": [{"ci_99": [0.8097036182880402, 0.8250557938590646], "q_25": 0.8129916805773973, "q_75": 0.8179453215561807, "min": 0.8097036182880402, "max": 0.8250557938590646, "mean": 0.8154391208663583, "std": 0.004520825935525916, "repeat": 10, "number": 1}]}, "api.supers.time_status_recursive": {"result": [1.6699589528143406], "stats": [{"ci_99": [1.6603848775848746, 1.6791444513946772], "q_25": 1.6655100230127573, "q_75": 1.6740499383304268, "min": 1.6603848775848746, "max": 1.6791444513946772, "mean": 1.6698575459420681, "std": 0.005539139073824512, "repeat": 10, "number": 1}]}, "api.supers.time_subdatasets": {"result": [0.21185101568698883], "stats": [{"ci_99": [0.21078918036073446, 0.21708448976278305], "q_25": 0.21088621392846107, "q_75": 0.2146309355739504, "min": 0.21078918036073446, "max": 0.21708448976278305, "mean": 0.21284901779145002, "std": 0.0021918869882660173, "repeat": 10, "number": 1}]}, "api.supers.time_subdatasets_recursive": {"result": [0.67503796890378], "stats": [{"ci_99": [0.6688821809366345, 0.6990097258239985], "q_25": 0.6719849454239011, "q_75": 0.6873513993341476, "min": 0.6688821809366345, "max": 0.6990097258239985, "mean": 0.6793829684145749, "std": 0.009802678333024095, "repeat": 10, "number": 1}]}, "api.supers.time_subdatasets_recursive_first": {"result": [0.1853945036418736], "stats": [{"ci_99": [0.18104623071849346, 0.19023161008954048], "q_25": 0.18245073058642447, "q_75": 0.18867958360351622, "min": 0.18104623071849346, "max": 0.19023161008954048, "mean": 0.1855635831132531, "std": 0.0033109627837638054, "repeat": 10, "number": 1}]}, "api.supers.time_uninstall": {"result": [6.769148694816977], "stats": [{"ci_99": [6.466747626196593, 7.0715497634373605], "q_25": 6.766124684130773, "q_75": 6.772172705503181, "min": 6.763100673444569, "max": 6.7751967161893845, "mean": 6.769148694816977, "std": 0.006048021372407675, "repeat": 2, "number": 1}]}, "repo.gitrepo.time_get_content_info": {"result": [0.014803252182900906], "stats": [{"ci_99": [0.014305099844932556, 0.017553905956447124], "q_25": 0.014535213122144341, "q_75": 0.015203537652269006, "min": 0.014305099844932556, "max": 0.017553905956447124, "mean": 0.015093250852078199, "std": 0.0008976083256291561, "repeat": 10, "number": 1}]}, "api.testds.time_create_test_dataset1": {"result": [0.7525584879331291], "stats": [{"ci_99": [0.7478932570666075, 0.7660390697419643], "q_25": 0.7500241326633841, "q_75": 0.7590125605929643, "min": 0.7478932570666075, "max": 0.7660390697419643, "mean": 0.7550391331315041, "std": 0.006204556728378794, "repeat": 10, "number": 1}]}, "api.testds.time_create_test_dataset2x2": {"result": [4.2308321269229054], "stats": [{"ci_99": [4.150389598069422, 4.333703651240386], "q_25": 4.217539294855669, "q_75": 4.25533945672214, "min": 4.207913218997419, "max": 4.298609025776386, "mean": 4.242046624654904, "std": 0.034710604593067365, "repeat": 4, "number": 1}]}, "core.runner.time_echo": {"result": [0.0017398055642843246], "stats": [{"ci_99": [0.0017200371560951073, 0.0020556291565299034], "q_25": 0.0017336071468889713, "q_75": 0.0017549111895884077, "min": 0.0017200371560951073, "max": 0.0020556291565299034, "mean": 0.001781879908715685, "std": 9.85858364554876e-05, "repeat": 10, "number": 6}]}, "core.runner.time_echo_gitrunner": {"result": [0.002280718367546797], "stats": [{"ci_99": [0.002108221687376499, 0.003056975267827511], "q_25": 0.0021251727826893333, "q_75": 0.002624370157718659, "min": 0.002108221687376499, "max": 0.003056975267827511, "mean": 0.0024046970717608927, "std": 0.00032097212593199437, "repeat": 10, "number": 5}]}, "core.startup.time_help_np": {"result": [0.5713414195924997], "stats": [{"ci_99": [0.5299859829246998, 0.6298385038971901], "q_25": 0.5656932042911649, "q_75": 0.5880434468854219, "min": 0.5299859829246998, "max": 0.6298385038971901, "mean": 0.5776799265295267, "std": 0.026441137202859576, "repeat": 10, "number": 1}]}, "core.startup.time_import": {"result": [0.14831219241023064], "stats": [{"ci_99": [0.11551566701382399, 0.19518680218607187], "q_25": 0.12680563447065651, "q_75": 0.163560543442145, "min": 0.11551566701382399, "max": 0.19518680218607187, "mean": 0.14958104556426405, "std": 0.027091974443914448, "repeat": 10, "number": 1}]}, "core.startup.time_import_api": {"result": [0.5091459793038666], "stats": [{"ci_99": [0.4510538186877966, 0.5745966155081987], "q_25": 0.4948279180098325, "q_75": 0.5231817874591798, "min": 0.4510538186877966, "max": 0.5745966155081987, "mean": 0.5138591778464615, "std": 0.03395659692655947, "repeat": 10, "number": 1}]}, "support.path.get_parent_paths.time_allsubmods_toplevel": {"result": [0.007735878694802523], "stats": [{"ci_99": [0.006879878230392933, 0.008700998965650797], "q_25": 0.007359663490206003, "q_75": 0.008050106116570532, "min": 0.006879878230392933, "max": 0.008700998965650797, "mean": 0.0077491678763180975, "std": 0.000610209849249862, "repeat": 10, "number": 2}]}, "support.path.get_parent_paths.time_allsubmods_toplevel_only": {"result": [0.006204222096130252], "stats": [{"ci_99": [0.005953718442469835, 0.007944273296743631], "q_25": 0.006038209539838135, "q_75": 0.007018459611572325, "min": 0.005953718442469835, "max": 0.007944273296743631, "mean": 0.006560042081400752, "std": 0.0006620748202580523, "repeat": 10, "number": 2}]}, "support.path.get_parent_paths.time_no_submods": {"result": [2.949352061376122e-07], "stats": [{"ci_99": [2.8548141969207076e-07, 3.617771154152185e-07], "q_25": 2.8723542432496784e-07, "q_75": 3.240771474320657e-07, "min": 2.8548141969207076e-07, "max": 3.617771154152185e-07, "mean": 3.0821426256260863e-07,