{"results": {"api.supers.time_createadd": {"result": [1.306258947122842], "stats": [{"ci_99": [1.2881257124245167, 1.3353789113461971], "q_25": 1.2980414989870042, "q_75": 1.3129886414390057, "min": 1.2881257124245167, "max": 1.3353789113461971, "mean": 1.3072103194892406, "std": 0.013170118013348909, "repeat": 10, "number": 1}]}, "api.supers.time_createadd_to_dataset": {"result": [1.250580850057304], "stats": [{"ci_99": [1.227381044998765, 1.3085800893604755], "q_25": 1.243057327112183, "q_75": 1.2602493595331907, "min": 1.227381044998765, "max": 1.3085800893604755, "mean": 1.2545353529043495, "std": 0.02137833284640883, "repeat": 10, "number": 1}]}, "api.supers.time_diff": null, "api.supers.time_diff_recursive": null, "api.supers.time_installr": {"result": [5.52533121034503], "stats": [{"ci_99": [5.245311615988612, 5.8053508047014475], "q_25": 5.522531014401466, "q_75": 5.528131406288594, "min": 5.5197308184579015, "max": 5.530931602232158, "mean": 5.52533121034503, "std": 0.005600391887128353, "repeat": 2, "number": 1}]}, "api.supers.time_ls": {"result": [0.18610722199082375], "stats": [{"ci_99": [0.17963782977312803, 0.20313317980617285], "q_25": 0.18442399287596345, "q_75": 0.18871219013817608, "min": 0.17963782977312803, "max": 0.20313317980617285, "mean": 0.18718508807942272, "std": 0.0060796625291767645, "repeat": 10, "number": 1}]}, "api.supers.time_ls_recursive": {"result": [1.786026231944561], "stats": [{"ci_99": [1.7807842148467898, 1.801802847534418], "q_25": 1.784564727684483, "q_75": 1.7895815090741962, "min": 1.7807842148467898, "max": 1.801802847534418, "mean": 1.7878451896831393, "std": 0.005576719525374991, "repeat": 10, "number": 1}]}, "api.supers.time_ls_recursive_long_all": {"result": [1.9417824461124837], "stats": [{"ci_99": [1.9232215089723468, 1.9780650986358523], "q_25": 1.9339238705579191, "q_75": 1.957075462443754, "min": 1.9232215089723468, "max": 1.9780650986358523, "mean": 1.946509845671244, "std": 0.017848001741136158, "repeat": 8, "number": 1}]}, "api.supers.time_remove": null, "api.supers.time_status": {"result": [0.7275631595402956], "stats": [{"ci_99": [0.7199712796136737, 0.7479970436543226], "q_25": 0.7247751269023865, "q_75": 0.7373762165661901, "min": 0.7199712796136737, "max": 0.7479970436543226, "mean": 0.7303832620382309, "std": 0.008805220630593363, "repeat": 10, "number": 1}]}, "api.supers.time_status_recursive": {"result": [1.3636697051115334], "stats": [{"ci_99": [1.3575035380199552, 1.3795312102884054], "q_25": 1.3620429853908718, "q_75": 1.3729831476230174, "min": 1.3575035380199552, "max": 1.3795312102884054, "mean": 1.3665778893977403, "std": 0.007289562769707049, "repeat": 10, "number": 1}]}, "api.supers.time_subdatasets": {"result": [0.09519705921411514], "stats": [{"ci_99": [0.09274172782897949, 0.1055448092520237], "q_25": 0.09476215834729373, "q_75": 0.0975244294386357, "min": 0.09274172782897949, "max": 0.1055448092520237, "mean": 0.09662740537896752, "std": 0.0033974740247701587, "repeat": 10, "number": 1}]}, "api.supers.time_subdatasets_recursive": {"result": [0.4291569101624191], "stats": [{"ci_99": [0.42437706515192986, 0.44705504551529884], "q_25": 0.42528067622333765, "q_75": 0.43384928395971656, "min": 0.42437706515192986, "max": 0.44705504551529884, "mean": 0.43151567671447993, "std": 0.007408986403475254, "repeat": 10, "number": 1}]}, "api.supers.time_subdatasets_recursive_first": {"result": [0.09479301702231169], "stats": [{"ci_99": [0.09272792004048824, 0.09787643421441317], "q_25": 0.09370339615270495, "q_75": 0.09691389929503202, "min": 0.09272792004048824, "max": 0.09787643421441317, "mean": 0.09516681982204318, "std": 0.0017664630855731315, "repeat": 10, "number": 1}]}, "api.supers.time_uninstall": {"result": [4.254085428547114], "stats": [{"ci_99": [4.080847304665975, 4.433932843266496], "q_25": 4.230173468589783, "q_75": 4.281302033923566, "min": 4.167079706676304, "max": 4.354309732094407, "mean": 4.257390073966235, "std": 0.06630954092054495, "repeat": 4, "number": 1}]}, "repo.gitrepo.time_get_content_info": {"result": [0.01656080549582839], "stats": [{"ci_99": [0.014556936919689178, 0.022356316447257996], "q_25": 0.015162027906626463, "q_75": 0.016964731039479375, "min": 0.014556936919689178, "max": 0.022356316447257996, "mean": 0.016798361390829086, "std": 0.002166065762979016, "repeat": 10, "number": 1}]}, "api.testds.time_create_test_dataset1": {"result": [0.6164513658732176], "stats": [{"ci_99": [0.6118117775768042, 0.6270003821700811], "q_25": 0.6133049260824919, "q_75": 0.6211981170345098, "min": 0.6118117775768042, "max": 0.6270003821700811, "mean": 0.6177044925279915, "std": 0.00526234018072317, "repeat": 10, "number": 1}]}, "api.testds.time_create_test_dataset2x2": {"result": [3.806530126836151], "stats": [{"ci_99": [3.772696522643601, 3.845738908162529], "q_25": 3.800934077007696, "q_75": 3.81481376523152, "min": 3.7932537579908967, "max": 3.830556849949062, "mean": 3.809217715403065, "std": 0.013629808965855262, "repeat": 4, "number": 1}]}, "core.runner.time_echo": {"result": [0.0017178565418968599], "stats": [{"ci_99": [0.0016999182601769764, 0.0019511319696903229], "q_25": 0.0017067905282601714, "q_75": 0.0017595996614545584, "min": 0.0016999182601769764, "max": 0.0019511319696903229, "mean": 0.001748990857352813, "std": 7.291459194653357e-05, "repeat": 10, "number": 6}]}, "core.runner.time_echo_gitrunner": {"result": [0.0026343188947066665], "stats": [{"ci_99": [0.0025217710062861443, 0.0030704753007739782], "q_25": 0.0025847990764304996, "q_75": 0.0028741673449985683, "min": 0.0025217710062861443, "max": 0.0030704753007739782, "mean": 0.002720215590670705, "std": 0.00018279473289872618, "repeat": 10, "number": 4}]}, "core.startup.time_help_np": {"result": [0.5632660402916372], "stats": [{"ci_99": [0.5206618746742606, 0.6377071347087622], "q_25": 0.5464796312153339, "q_75": 0.5888469379860908, "min": 0.5206618746742606, "max": 0.6377071347087622, "mean": 0.5672041598707438, "std": 0.03325481950270359, "repeat": 10, "number": 1}]}, "core.startup.time_import": {"result": [0.15752206556499004], "stats": [{"ci_99": [0.11396931763738394, 0.16723455395549536], "q_25": 0.14278814778663218, "q_75": 0.16286057489924133, "min": 0.11396931763738394, "max": 0.16723455395549536, "mean": 0.15078329173848032, "std": 0.015928725947746872, "repeat": 10, "number": 1}]}, "core.startup.time_import_api": {"result": [0.5197214083746076], "stats": [{"ci_99": [0.4756587566807866, 0.5754494769498706], "q_25": 0.5071627111174166, "q_75": 0.5283720961306244, "min": 0.4756587566807866, "max": 0.5754494769498706, "mean": 0.5198749644681812, "std": 0.024079121899852785, "repeat": 10, "number": 1}]}, "support.path.get_parent_paths.time_allsubmods_toplevel": {"result": [0.008261892944574356], "stats": [{"ci_99": [0.007267249748110771, 0.010705194436013699], "q_25": 0.007651726016774774, "q_75": 0.009222690714523196, "min": 0.007267249748110771, "max": 0.010705194436013699, "mean": 0.0085209253244102, "std": 0.001077854312295134, "repeat": 10, "number": 1}]}, "support.path.get_parent_paths.time_allsubmods_toplevel_only": {"result": [0.006457016570493579], "stats": [{"ci_99": [0.0061735063791275024, 0.008366726338863373], "q_25": 0.006212684675119817, "q_75": 0.007325764978304505, "min": 0.0061735063791275024, "max": 0.008366726338863373, "mean": 0.006830359576269984, "std": 0.0007466588080433937, "repeat": 10, "number": 2}]}, "support.path.get_parent_paths.time_no_submods": {"result": [2.9850597882184257e-07], "stats": [{"ci_99": [2.850115317257723e-07, 3.7237722814860516e-07], "q_25": 2.871383271066511e-07, "q_75": 3.3305641837268806e-07, "min": 2.850115317257723e-07, "max": 3.7237722814860516e-07, "mean": 3.127219811376423e-07, "std": 3.030076039264994e-08, "repeat": 10, "number": 37185}]}, "support.path.get_parent_paths.time_one_submod_subdir": {"result": [0.005553139373660088], "stats": [{"ci_99": [0.005278492346405983, 0.006975320167839527], "q_25": 0.005379621288739145,