{"results": {"api.supers.time_createadd": {"result": [0.978656305000186], "stats": [{"ci_99": [0.961498617194593, 0.9878505375236273], "q_25": 0.9729192794766277, "q_75": 0.986538247903809, "min": 0.961498617194593, "max": 0.9878505375236273, "mean": 0.9783314219675958, "std": 0.008393342819880882, "repeat": 10, "number": 1}]}, "api.supers.time_createadd_to_dataset": {"result": [0.9719772893004119], "stats": [{"ci_99": [0.9642641674727201, 0.9979920014739037], "q_25": 0.9668002317193896, "q_75": 0.983603036031127, "min": 0.9642641674727201, "max": 0.9979920014739037, "mean": 0.976588661596179, "std": 0.011916015565460177, "repeat": 10, "number": 1}]}, "api.supers.time_diff": null, "api.supers.time_diff_recursive": null, "api.supers.time_installr": {"result": [4.100208549294621], "stats": [{"ci_99": [4.082587151608415, 4.114037625205718], "q_25": 4.095827344339341, "q_75": 4.102693593362346, "min": 4.088790039531887, "max": 4.104042415507138, "mean": 4.0983123884070665, "std": 0.005894599136023738, "repeat": 4, "number": 1}]}, "api.supers.time_ls": {"result": [0.11838190676644444], "stats": [{"ci_99": [0.11348127946257591, 0.12693980522453785], "q_25": 0.11419638292863965, "q_75": 0.12043500109575689, "min": 0.11348127946257591, "max": 0.12693980522453785, "mean": 0.11826138943433762, "std": 0.004205882606515028, "repeat": 10, "number": 1}]}, "api.supers.time_ls_recursive": {"result": [1.0730728679336607], "stats": [{"ci_99": [1.0646428754553199, 1.0864952467381954], "q_25": 1.0667472362983972, "q_75": 1.077085017459467, "min": 1.0646428754553199, "max": 1.0864952467381954, "mean": 1.0730392844416201, "std": 0.006981180117000629, "repeat": 10, "number": 1}]}, "api.supers.time_ls_recursive_long_all": {"result": [1.2319173770956695], "stats": [{"ci_99": [1.2214602017775178, 1.2549119759351015], "q_25": 1.2262457951437682, "q_75": 1.2368811587803066, "min": 1.2214602017775178, "max": 1.2549119759351015, "mean": 1.2328298700042069, "std": 0.009282576315492452, "repeat": 10, "number": 1}]}, "api.supers.time_remove": {"result": [2.020842064637691], "stats": [{"ci_99": [2.013366782106459, 2.0365238431841135], "q_25": 2.019199799047783, "q_75": 2.0232886204030365, "min": 2.013366782106459, "max": 2.0365238431841135, "mean": 2.0223507315386087, "std": 0.006501757120007339, "repeat": 8, "number": 1}]}, "api.supers.time_status": {"result": [0.6894327043555677], "stats": [{"ci_99": [0.6809967886656523, 0.6949415784329176], "q_25": 0.6851322648581117, "q_75": 0.693250285461545, "min": 0.6809967886656523, "max": 0.6949415784329176, "mean": 0.6888173791579902, "std": 0.004930809507027014, "repeat": 10, "number": 1}]}, "api.supers.time_status_recursive": {"result": [1.1438496094197035], "stats": [{"ci_99": [1.1403845380991697, 1.1625398276373744], "q_25": 1.1414791669230908, "q_75": 1.1496050760615617, "min": 1.1403845380991697, "max": 1.1625398276373744, "mean": 1.1467237406410278, "std": 0.006796883206072027, "repeat": 10, "number": 1}]}, "api.supers.time_subdatasets": {"result": [0.06875631585717201], "stats": [{"ci_99": [0.06139214150607586, 0.0785867152735591], "q_25": 0.06512405816465616, "q_75": 0.0757925717625767, "min": 0.06139214150607586, "max": 0.0785867152735591, "mean": 0.069914311170578, "std": 0.005873194993350884, "repeat": 10, "number": 1}]}, "api.supers.time_subdatasets_recursive": {"result": [0.24684576084837317], "stats": [{"ci_99": [0.2425333596765995, 0.2581991832703352], "q_25": 0.24469528091140091, "q_75": 0.2509738046210259, "min": 0.2425333596765995, "max": 0.2581991832703352, "mean": 0.24836654746904968, "std": 0.00516978581007944, "repeat": 10, "number": 1}]}, "api.supers.time_subdatasets_recursive_first": {"result": [0.06739878235384822], "stats": [{"ci_99": [0.0626162514090538, 0.07872212398797274], "q_25": 0.06603459594771266, "q_75": 0.07199469953775406, "min": 0.0626162514090538, "max": 0.07872212398797274, "mean": 0.06892223078757524, "std": 0.00487519756671921, "repeat": 10, "number": 1}]}, "api.supers.time_uninstall": {"result": [2.011420386377722], "stats": [{"ci_99": [1.9728362141177058, 2.1239443896338344], "q_25": 1.9864276740700006, "q_75": 2.0565766878426075, "min": 1.9728362141177058, "max": 2.1239443896338344, "mean": 2.029173262300901, "std": 0.05281685531680696, "repeat": 8, "number": 1}]}, "repo.gitrepo.time_get_content_info": {"result": [0.02139345556497574], "stats": [{"ci_99": [0.0188586488366127, 0.02424171194434166], "q_25": 0.020598043454810977, "q_75": 0.022985911928117275, "min": 0.0188586488366127, "max": 0.02424171194434166, "mean": 0.021586071606725453, "std": 0.0016386806191718275, "repeat": 10, "number": 1}]}, "api.testds.time_create_test_dataset1": {"result": [0.4495660508982837], "stats": [{"ci_99": [0.4360151058062911, 0.4568871082738042], "q_25": 0.4432007404975593, "q_75": 0.45358340721577406, "min": 0.4360151058062911, "max": 0.4568871082738042, "mean": 0.4484109695069492, "std": 0.00658570099636628, "repeat": 10, "number": 1}]}, "api.testds.time_create_test_dataset2x2": {"result": [2.8078773356974125], "stats": [{"ci_99": [2.7273770910800055, 2.8846842849825265], "q_25": 2.7603509058244526, "q_75": 2.849028464173898, "min": 2.753715220838785, "max": 2.8594599664211273, "mean": 2.806030688031266, "std": 0.045110706545232915, "repeat": 6, "number": 1}]}, "core.runner.time_echo": {"result": [0.0018419722095131875], "stats": [{"ci_99": [0.0017409304156899453, 0.0021339286118745803], "q_25": 0.0017552587203681466, "q_75": 0.0019745266065001486, "min": 0.0017409304156899453, "max": 0.0021339286118745803, "mean": 0.0018792785517871378, "std": 0.0001323641835121714, "repeat": 10, "number": 5}]}, "core.runner.time_echo_gitrunner": {"result": [0.0028485452057793736], "stats": [{"ci_99": [0.0025031527038663626, 0.0036511877551674843], "q_25": 0.002670304907951504, "q_75": 0.003181562351528555, "min": 0.0025031527038663626, "max": 0.0036511877551674843, "mean": 0.0029400742845609785, "std": 0.00036162664903066665, "repeat": 10, "number": 4}]}, "core.startup.time_help_np": {"result": [0.5652621863409877], "stats": [{"ci_99": [0.5156298959627748, 0.5880359876900911], "q_25": 0.556444822344929, "q_75": 0.5748015688732266, "min": 0.5156298959627748, "max": 0.5880359876900911, "mean": 0.5614326597191394, "std": 0.02050210650766192, "repeat": 10, "number": 1}]}, "core.startup.time_import": {"result": [0.1367907109670341], "stats": [{"ci_99": [0.11569343786686659, 0.1981962313875556], "q_25": 0.11655970849096775, "q_75": 0.17656699195504189, "min": 0.11569343786686659, "max": 0.1981962313875556, "mean": 0.14816567162051797, "std": 0.032258625331606, "repeat": 10, "number": 1}]}, "core.startup.time_import_api": {"result": [0.5019440366886556], "stats": [{"ci_99": [0.4492927687242627, 0.5552940089255571], "q_25": 0.48133141500875354, "q_75": 0.5224448698572814, "min": 0.4492927687242627, "max": 0.5552940089255571, "mean": 0.502371781785041, "std": 0.0344065737586968, "repeat": 10, "number": 1}]}, "support.path.get_parent_paths.time_allsubmods_toplevel": null, "support.path.get_parent_paths.time_allsubmods_toplevel_only": null, "support.path.get_parent_paths.time_no_submods": null, "support.path.get_parent_paths.time_one_submod_subdir": null, "support.path.get_parent_paths.time_one_submod_toplevel": null, "usecases.study_forrest.time_make_studyforrest_mockup": {"result": [26.653553233016282], "stats": [{"ci_99": [24.469761587213725, 28.83734487881884], "q_25": 26.631715316558257, "q_75": 26.675391149474308, "min": 26.60987740010023, "max": 26.697229065932333, "mean": 26.653553233016282, "std": 0.04367583291605115, "repeat": 2, "number": 1}]}, "core.runner.track_overhead_100ms": 1.94, "core.runner.track_overhead_echo": 35.1, "core.runner.track_overhead_heavyout": -4.58, "core.runner.track_overhead_heavyout_online_process": -3.68, "core.runner.track_overhead_heavyout_online_through": 16.37}, "params": {"arch": "x86_64", "cpu": "Intel(R) Xeon(R) CPU E5-1607 v2 @ 3.00GHz", "machine": "drogon-neurodebian0.20200209.1",