{"results": {"api.supers.time_createadd": {"result": [1.475468497723341], "stats": [{"ci_99": [1.4692053981125355, 1.5053705014288425], "q_25": 1.4717405249830335, "q_75": 1.479127615923062, "min": 1.4692053981125355, "max": 1.5053705014288425, "mean": 1.4789152285084128, "std": 0.011030099351580806, "repeat": 10, "number": 1}]}, "api.supers.time_createadd_to_dataset": {"result": [1.371206967625767], "stats": [{"ci_99": [1.355792261660099, 1.3878432139754295], "q_25": 1.365019771270454, "q_75": 1.379323186352849, "min": 1.355792261660099, "max": 1.3878432139754295, "mean": 1.3719997212290764, "std": 0.009807977002847338, "repeat": 10, "number": 1}]}, "api.supers.time_diff": null, "api.supers.time_diff_recursive": null, "api.supers.time_installr": {"result": [8.623621725477278], "stats": [{"ci_99": [8.605405661277473, 8.641837789677083], "q_25": 8.62343956483528, "q_75": 8.623803886119276, "min": 8.623257404193282, "max": 8.623986046761274, "mean": 8.623621725477278, "std": 0.0003643212839961052, "repeat": 2, "number": 1}]}, "api.supers.time_ls": {"result": [0.25646999944001436], "stats": [{"ci_99": [0.252561766654253, 0.27014570217579603], "q_25": 0.25467224046587944, "q_75": 0.26154631236568093, "min": 0.252561766654253, "max": 0.27014570217579603, "mean": 0.2583325452171266, "std": 0.005200751031638638, "repeat": 10, "number": 1}]}, "api.supers.time_ls_recursive": {"result": [2.6092766406945884], "stats": [{"ci_99": [2.5830664242009163, 2.657995540648699], "q_25": 2.5984623287804425, "q_75": 2.62290919222869, "min": 2.5976474564522505, "max": 2.657995540648699, "mean": 2.616084535450985, "std": 0.021505794759352544, "repeat": 6, "number": 1}]}, "api.supers.time_ls_recursive_long_all": {"result": [2.7670703255571425], "stats": [{"ci_99": [2.7528109037076356, 2.7874206276610494], "q_25": 2.7605649628676474, "q_75": 2.770771856419742, "min": 2.7568464633077383, "max": 2.7874206276610494, "mean": 2.7681349917935827, "std": 0.010090315954677529, "repeat": 6, "number": 1}]}, "api.supers.time_remove": null, "api.supers.time_status": {"result": [0.8194217062555254], "stats": [{"ci_99": [0.8115414790809155, 0.8492142017930746], "q_25": 0.8148442883975804, "q_75": 0.8289650010410696, "min": 0.8115414790809155, "max": 0.8492142017930746, "mean": 0.8228656846098602, "std": 0.011058164900645923, "repeat": 10, "number": 1}]}, "api.supers.time_status_recursive": {"result": [1.6781812217086554], "stats": [{"ci_99": [1.6589149804785848, 1.7357742255553603], "q_25": 1.6736167792696506, "q_75": 1.7138321776874363, "min": 1.6589149804785848, "max": 1.7357742255553603, "mean": 1.6908246379345655, "std": 0.0250901792431426, "repeat": 10, "number": 1}]}, "api.supers.time_subdatasets": {"result": [0.2123189172707498], "stats": [{"ci_99": [0.20936510898172855, 0.21497372072190046], "q_25": 0.21090629999525845, "q_75": 0.21310459868982434, "min": 0.20936510898172855, "max": 0.21497372072190046, "mean": 0.2120111484080553, "std": 0.0016413358395490662, "repeat": 10, "number": 1}]}, "api.supers.time_subdatasets_recursive": {"result": [0.6707233828492463], "stats": [{"ci_99": [0.6647515948861837, 0.6774380402639508], "q_25": 0.6693198941648006, "q_75": 0.6721330198924989, "min": 0.6647515948861837, "max": 0.6774380402639508, "mean": 0.6708002974279225, "std": 0.0032958562667171, "repeat": 10, "number": 1}]}, "api.supers.time_subdatasets_recursive_first": {"result": [0.18500294117257], "stats": [{"ci_99": [0.18318573385477066, 0.18896288890391588], "q_25": 0.18376711546443403, "q_75": 0.18584942794404924, "min": 0.18318573385477066, "max": 0.18896288890391588, "mean": 0.18509103832766413, "std": 0.00163713226110207, "repeat": 10, "number": 1}]}, "api.supers.time_uninstall": {"result": [6.478422108106315], "stats": [{"ci_99": [6.463782322593033, 6.493061893619597], "q_25": 6.478275710251182, "q_75": 6.478568505961448, "min": 6.4781293123960495, "max": 6.478714903816581, "mean": 6.478422108106315, "std": 0.00029279571026563644, "repeat": 2, "number": 1}]}, "repo.gitrepo.time_get_content_info": {"result": [0.014843778684735298], "stats": [{"ci_99": [0.014270838350057602, 0.016620824113488197], "q_25": 0.01460153330117464, "q_75": 0.015257919672876596, "min": 0.014270838350057602, "max": 0.016620824113488197, "mean": 0.015058812033385039, "std": 0.0007006295790202753, "repeat": 10, "number": 1}]}, "api.testds.time_create_test_dataset1": {"result": [0.7549005527980626], "stats": [{"ci_99": [0.7520290920510888, 0.7667121151462197], "q_25": 0.7540452249813825, "q_75": 0.7588904229924083, "min": 0.7520290920510888, "max": 0.7667121151462197, "mean": 0.756773928180337, "std": 0.00415649035577792, "repeat": 10, "number": 1}]}, "api.testds.time_create_test_dataset2x2": {"result": [4.200653282459825], "stats": [{"ci_99": [4.161796825039388, 4.245597806726395], "q_25": 4.190958593506366, "q_75": 4.213392004836351, "min": 4.188215784728527, "max": 4.225266913883388, "mean": 4.203697315882891, "std": 0.014812572126851551, "repeat": 4, "number": 1}]}, "core.runner.time_echo": {"result": [0.0018859400413930416], "stats": [{"ci_99": [0.001706315204501152, 0.0021291069686412813], "q_25": 0.0017190191429108383, "q_75": 0.0020218017045408486, "min": 0.001706315204501152, "max": 0.0021291069686412813, "mean": 0.0018834168091416358, "std": 0.00015665735565314687, "repeat": 10, "number": 5}]}, "core.runner.time_echo_gitrunner": {"result": [0.002300623431801796], "stats": [{"ci_99": [0.002084738202393055, 0.003045857697725296], "q_25": 0.0020983935799449684, "q_75": 0.0025929497089236977, "min": 0.002084738202393055, "max": 0.003045857697725296, "mean": 0.0023949949443340304, "std": 0.00032267193600455534, "repeat": 10, "number": 5}]}, "core.startup.time_help_np": {"result": [0.5836369870230556], "stats": [{"ci_99": [0.5705941524356604, 0.6368947373703122], "q_25": 0.5755532651674002, "q_75": 0.6024073085281998, "min": 0.5705941524356604, "max": 0.6368947373703122, "mean": 0.5922396764159202, "std": 0.021923346551505945, "repeat": 10, "number": 1}]}, "core.startup.time_import": {"result": [0.17528684670105577], "stats": [{"ci_99": [0.12106086779385805, 0.20105677377432585], "q_25": 0.1590851186774671, "q_75": 0.19489018246531487, "min": 0.12106086779385805, "max": 0.20105677377432585, "mean": 0.17164102401584386, "std": 0.02631576372102711, "repeat": 10, "number": 1}]}, "core.startup.time_import_api": {"result": [0.5061545628122985], "stats": [{"ci_99": [0.4819357991218567, 0.5674483766779304], "q_25": 0.4984759611543268, "q_75": 0.5134407978039235, "min": 0.4819357991218567, "max": 0.5674483766779304, "mean": 0.5115147464908659, "std": 0.023143448739586354, "repeat": 10, "number": 1}]}, "support.path.get_parent_paths.time_allsubmods_toplevel": {"result": [0.007674068445339799], "stats": [{"ci_99": [0.006808248348534107, 0.008803144562989473], "q_25": 0.007215800229460001, "q_75": 0.008316456573083997, "min": 0.006808248348534107, "max": 0.008803144562989473, "mean": 0.007755546784028411, "std": 0.0006588777526673116, "repeat": 10, "number": 2}]}, "support.path.get_parent_paths.time_allsubmods_toplevel_only": {"result": [0.006382451858371496], "stats": [{"ci_99": [0.005995223764330149, 0.007205594796687365], "q_25": 0.0061057774582877755, "q_75": 0.006756342947483063, "min": 0.005995223764330149, "max": 0.007205594796687365, "mean": 0.006454442907124758, "std": 0.0003842382752162462, "repeat": 10, "number": 2}]}, "support.path.get_parent_paths.time_no_submods": {"result": [2.821150330152285e-07], "stats": [{"ci_99": [2.702069710167734e-07, 3.552084908994476e-07], "q_25": 2.7274679081764017e-07, "q_75": 3.1707721040658415e-07, "min": 2.702069710167734e-07, "max": 3.552084908994476e-07, "mean": 2.970073771873932e-07, "std": 2.9661817645289144e-08, "repeat": 10, "number": 40128}]}, "support.path.get_parent_paths.time_one_submod_subdir": {"result": [0.0052405353635549545], "stats": [{"ci_99": [0.0051101497374475, 0.0053006564266979694], "q_25": 0.005214362638071179, "q_75": 0.005254905321635306,