{"results": {"api.supers.time_createadd": {"result": [0.9792862506583333], "stats": [{"ci_99": [0.9595340341329575, 0.9875169582664967], "q_25": 0.9704224576707929, "q_75": 0.9808522178791463, "min": 0.9595340341329575, "max": 0.9875169582664967, "mean": 0.976147577445954, "std": 0.0081209166738136, "repeat": 10, "number": 1}]}, "api.supers.time_createadd_to_dataset": {"result": [0.9717918639071286], "stats": [{"ci_99": [0.9565960625186563, 0.992704919539392], "q_25": 0.9656304363161325, "q_75": 0.9830989125184715, "min": 0.9565960625186563, "max": 0.992704919539392, "mean": 0.9738716219551862, "std": 0.010581603247028773, "repeat": 10, "number": 1}]}, "api.supers.time_diff": null, "api.supers.time_diff_recursive": null, "api.supers.time_installr": {"result": [4.106288111768663], "stats": [{"ci_99": [4.02290060200102, 4.196625584584408], "q_25": 4.08709887904115, "q_75": 4.128952326020226, "min": 4.072155578061938, "max": 4.1543205715715885, "mean": 4.109763093292713, "std": 0.030933748230069318, "repeat": 4, "number": 1}]}, "api.supers.time_ls": {"result": [0.11777232214808464], "stats": [{"ci_99": [0.11114380788058043, 0.12537200935184956], "q_25": 0.11362807732075453, "q_75": 0.12072901171632111, "min": 0.11114380788058043, "max": 0.12537200935184956, "mean": 0.11759156147018075, "std": 0.004514103279025861, "repeat": 10, "number": 1}]}, "api.supers.time_ls_recursive": {"result": [1.0745267644524574], "stats": [{"ci_99": [1.0660107089206576, 1.0850505819544196], "q_25": 1.071802772814408, "q_75": 1.0806242825929075, "min": 1.0660107089206576, "max": 1.0850505819544196, "mean": 1.0756886140443385, "std": 0.0063994330386069305, "repeat": 10, "number": 1}]}, "api.supers.time_ls_recursive_long_all": {"result": [1.237376359757036], "stats": [{"ci_99": [1.223787889815867, 1.2532269302755594], "q_25": 1.2311901182401925, "q_75": 1.2447046702727675, "min": 1.223787889815867, "max": 1.2532269302755594, "mean": 1.23760929685086, "std": 0.008793779257237767, "repeat": 10, "number": 1}]}, "api.supers.time_remove": {"result": [2.028052262030542], "stats": [{"ci_99": [2.0149598931893706, 2.0381955578923225], "q_25": 2.0186207443475723, "q_75": 2.032381087774411, "min": 2.0149598931893706, "max": 2.0381955578923225, "mean": 2.026252032490447, "std": 0.007975102180451797, "repeat": 8, "number": 1}]}, "api.supers.time_status": {"result": [0.6882946598343551], "stats": [{"ci_99": [0.6847655195742846, 0.7005737340077758], "q_25": 0.6871592421084642, "q_75": 0.6925649109762162, "min": 0.6847655195742846, "max": 0.7005737340077758, "mean": 0.6898720144294203, "std": 0.004566409682872495, "repeat": 10, "number": 1}]}, "api.supers.time_status_recursive": {"result": [1.1469169869087636], "stats": [{"ci_99": [1.1366548147052526, 1.1554243303835392], "q_25": 1.1413175920024514, "q_75": 1.1518215893302113, "min": 1.1366548147052526, "max": 1.1554243303835392, "mean": 1.146683986671269, "std": 0.0061981017598806455, "repeat": 10, "number": 1}]}, "api.supers.time_subdatasets": {"result": [0.06966006197035313], "stats": [{"ci_99": [0.06480311788618565, 0.0826734034344554], "q_25": 0.06649234239012003, "q_75": 0.07397024356760085, "min": 0.06480311788618565, "max": 0.0826734034344554, "mean": 0.07098637837916613, "std": 0.00561304776979999, "repeat": 10, "number": 1}]}, "api.supers.time_subdatasets_recursive": {"result": [0.24661840125918388], "stats": [{"ci_99": [0.2446422865614295, 0.25343542639166117], "q_25": 0.2457997682504356, "q_75": 0.24844999401830137, "min": 0.2446422865614295, "max": 0.25343542639166117, "mean": 0.2474223267287016, "std": 0.002440497854348288, "repeat": 10, "number": 1}]}, "api.supers.time_subdatasets_recursive_first": {"result": [0.07058362057432532], "stats": [{"ci_99": [0.06401446927338839, 0.07770875561982393], "q_25": 0.06698806397616863, "q_75": 0.07249895506538451, "min": 0.06401446927338839, "max": 0.07770875561982393, "mean": 0.06996837388724089, "std": 0.004067694067203747, "repeat": 10, "number": 1}]}, "api.supers.time_uninstall": {"result": [1.9955751528032124], "stats": [{"ci_99": [1.975338526070118, 2.0143454875797033], "q_25": 1.9895096512045711, "q_75": 2.0034053125418723, "min": 1.975338526070118, "max": 2.0143454875797033, "mean": 1.995898560155183, "std": 0.011313975934594898, "repeat": 8, "number": 1}]}, "repo.gitrepo.time_get_content_info": {"result": [0.019918968435376883], "stats": [{"ci_99": [0.016648479737341404, 0.024326576851308346], "q_25": 0.01911807176657021, "q_75": 0.021980665856972337, "min": 0.016648479737341404, "max": 0.024326576851308346, "mean": 0.020397813897579907, "std": 0.002245053081557113, "repeat": 10, "number": 1}]}, "api.testds.time_create_test_dataset1": {"result": [0.4492930704727769], "stats": [{"ci_99": [0.4411043031141162, 0.46482795756310225], "q_25": 0.44657176174223423, "q_75": 0.45319435303099453, "min": 0.4411043031141162, "max": 0.46482795756310225, "mean": 0.45018051452934743, "std": 0.006411620984243629, "repeat": 10, "number": 1}]}, "api.testds.time_create_test_dataset2x2": {"result": [2.7917695264331996], "stats": [{"ci_99": [2.7114167071450717, 2.879564319966339], "q_25": 2.7484698072075844, "q_75": 2.8414285166654736, "min": 2.7406605761498213, "max": 2.856725371442735, "mean": 2.7954905135557055, "std": 0.048327791175767264, "repeat": 6, "number": 1}]}, "core.runner.time_echo": {"result": [0.0017749874386936426], "stats": [{"ci_99": [0.0017171644916137059, 0.0018341356577972572], "q_25": 0.001737859604569773, "q_75": 0.0017940832767635584, "min": 0.0017171644916137059, "max": 0.0018341356577972572, "mean": 0.001772550664221247, "std": 3.8201540847597145e-05, "repeat": 10, "number": 6}]}, "core.runner.time_echo_gitrunner": {"result": [0.002504778909496963], "stats": [{"ci_99": [0.002289033029228449, 0.0028361710719764233], "q_25": 0.0024439988774247468, "q_75": 0.002610876865219325, "min": 0.002289033029228449, "max": 0.0028361710719764233, "mean": 0.0025325674330815675, "std": 0.00016686489499269735, "repeat": 10, "number": 4}]}, "core.startup.time_help_np": {"result": [0.5799048356711864], "stats": [{"ci_99": [0.5153454132378101, 0.63218635879457], "q_25": 0.5558105413801968, "q_75": 0.5911891432479024, "min": 0.5153454132378101, "max": 0.63218635879457, "mean": 0.5777454112656415, "std": 0.03500026626262959, "repeat": 10, "number": 1}]}, "core.startup.time_import": {"result": [0.16059882519766688], "stats": [{"ci_99": [0.11813011206686497, 0.19421016424894333], "q_25": 0.1223413075786084, "q_75": 0.18396500661037862, "min": 0.11813011206686497, "max": 0.19421016424894333, "mean": 0.15497543094679714, "std": 0.029980969953058476, "repeat": 10, "number": 1}]}, "core.startup.time_import_api": {"result": [0.5036165658384562], "stats": [{"ci_99": [0.44638035260140896, 0.5699739065021276], "q_25": 0.49440868641249835, "q_75": 0.5193693065084517, "min": 0.44638035260140896, "max": 0.5699739065021276, "mean": 0.5044814070686698, "std": 0.03266314848406405, "repeat": 10, "number": 1}]}, "support.path.get_parent_paths.time_allsubmods_toplevel": null, "support.path.get_parent_paths.time_allsubmods_toplevel_only": null, "support.path.get_parent_paths.time_no_submods": null, "support.path.get_parent_paths.time_one_submod_subdir": null, "support.path.get_parent_paths.time_one_submod_toplevel": null, "usecases.study_forrest.time_make_studyforrest_mockup": {"result": [26.559390341397375], "stats": [{"ci_99": [25.49581244075671, 27.62296824203804], "q_25": 26.548754562390968, "q_75": 26.57002612040378, "min": 26.53811878338456, "max": 26.580661899410188, "mean": 26.559390341397375, "std": 0.02127155801281333, "repeat": 2, "number": 1}]}, "core.runner.track_overhead_100ms": 1.6, "core.runner.track_overhead_echo": 35.0, "core.runner.track_overhead_heavyout": -13.16, "core.runner.track_overhead_heavyout_online_process": 9.12, "core.runner.track_overhead_heavyout_online_through": 16.77}, "params": {"arch": "x86_64", "cpu": "Intel(R) Xeon(R) CPU E5-1607 v2 @ 3.00GHz",