{"results": {"api.supers.time_createadd": {"result": [1.0357916099019349], "stats": [{"ci_99": [1.019312398508191, 1.076225339435041], "q_25": 1.0234385633375496, "q_75": 1.0431084027513862, "min": 1.019312398508191, "max": 1.076225339435041, "mean": 1.0383062882348895, "std": 0.01734691643881905, "repeat": 10, "number": 1}]}, "api.supers.time_createadd_to_dataset": {"result": [1.0322547871619463], "stats": [{"ci_99": [1.0153277795761824, 1.076209681108594], "q_25": 1.0205013495869935, "q_75": 1.04423026740551, "min": 1.0153277795761824, "max": 1.076209681108594, "mean": 1.0372198712080718, "std": 0.020596060749674662, "repeat": 10, "number": 1}]}, "api.supers.time_diff": null, "api.supers.time_diff_recursive": null, "api.supers.time_installr": {"result": [4.004406255669892], "stats": [{"ci_99": [3.672641014187712, 4.43513607655547], "q_25": 3.934095036704093, "q_75": 4.124199764337391, "min": 3.931607677601278, "max": 4.275133992545307, "mean": 4.053888545371592, "std": 0.14004881001146327, "repeat": 4, "number": 1}]}, "api.supers.time_ls": {"result": [0.11004234198480844], "stats": [{"ci_99": [0.10779103636741638, 0.11456042155623436], "q_25": 0.10884056519716978, "q_75": 0.11044473899528384, "min": 0.10779103636741638, "max": 0.11456042155623436, "mean": 0.11005902579054236, "std": 0.00184865192591985, "repeat": 10, "number": 1}]}, "api.supers.time_ls_recursive": {"result": [1.066853285767138], "stats": [{"ci_99": [1.0435679722577333, 1.0990636721253395], "q_25": 1.0477150701917708, "q_75": 1.0876156501471996, "min": 1.0435679722577333, "max": 1.0990636721253395, "mean": 1.0684812929481269, "std": 0.021488223012739605, "repeat": 10, "number": 1}]}, "api.supers.time_ls_recursive_long_all": {"result": [1.239418655168265], "stats": [{"ci_99": [1.205544514581561, 1.2575470553711057], "q_25": 1.2095201883930713, "q_75": 1.2410322006326169, "min": 1.205544514581561, "max": 1.2575470553711057, "mean": 1.2301297369413078, "std": 0.018234202203011054, "repeat": 10, "number": 1}]}, "api.supers.time_remove": {"result": [1.9828341826796532], "stats": [{"ci_99": [1.9450417570769787, 2.0267801424488425], "q_25": 1.9483859473839402, "q_75": 2.017013043863699, "min": 1.9450417570769787, "max": 2.0267801424488425, "mean": 1.983722019707784, "std": 0.035136834618578555, "repeat": 8, "number": 1}]}, "api.supers.time_status": {"result": [0.6890830970369279], "stats": [{"ci_99": [0.6702012782916427, 0.7093658428639174], "q_25": 0.6761011029593647, "q_75": 0.700400045607239, "min": 0.6702012782916427, "max": 0.7093658428639174, "mean": 0.6887756194919348, "std": 0.01427224238025881, "repeat": 10, "number": 1}]}, "api.supers.time_status_recursive": {"result": [1.1544814184308052], "stats": [{"ci_99": [1.1257612686604261, 1.1902739936485887], "q_25": 1.1401102766394615, "q_75": 1.1734405728057027, "min": 1.1257612686604261, "max": 1.1902739936485887, "mean": 1.155958336032927, "std": 0.021067757800953844, "repeat": 10, "number": 1}]}, "api.supers.time_subdatasets": {"result": [0.05997967068105936], "stats": [{"ci_99": [0.05821965169161558, 0.06629806198179722], "q_25": 0.059357917634770274, "q_75": 0.06129505089484155, "min": 0.05821965169161558, "max": 0.06629806198179722, "mean": 0.06066126246005297, "std": 0.0021647721917178522, "repeat": 10, "number": 1}]}, "api.supers.time_subdatasets_recursive": {"result": [0.24175137095153332], "stats": [{"ci_99": [0.23368220124393702, 0.2554854806512594], "q_25": 0.2374584178905934, "q_75": 0.24837930966168642, "min": 0.23368220124393702, "max": 0.2554854806512594, "mean": 0.24313085833564402, "std": 0.007126549844388454, "repeat": 10, "number": 1}]}, "api.supers.time_subdatasets_recursive_first": {"result": [0.061061902437359095], "stats": [{"ci_99": [0.058157206512987614, 0.06685613002628088], "q_25": 0.05913814948871732, "q_75": 0.06257827486842871, "min": 0.058157206512987614, "max": 0.06685613002628088, "mean": 0.061386155989021064, "std": 0.0026167521348555616, "repeat": 10, "number": 1}]}, "api.supers.time_uninstall": {"result": [1.9230669708922505], "stats": [{"ci_99": [1.9058253727853298, 1.9900034051388502], "q_25": 1.9127811109647155, "q_75": 1.9803389813750982, "min": 1.9058253727853298, "max": 1.9900034051388502, "mean": 1.944940676395264, "std": 0.035193778004942604, "repeat": 9, "number": 1}]}, "repo.gitrepo.time_get_content_info": {"result": [0.018508360721170902], "stats": [{"ci_99": [0.01518339104950428, 0.02280079387128353], "q_25": 0.0173151814378798, "q_75": 0.019854556303471327, "min": 0.01518339104950428, "max": 0.02280079387128353, "mean": 0.018596665654331445, "std": 0.002030737469906062, "repeat": 10, "number": 1}]}, "api.testds.time_create_test_dataset1": {"result": [0.4346126727759838], "stats": [{"ci_99": [0.4214093117043376, 0.4498177794739604], "q_25": 0.4280220726504922, "q_75": 0.4385516019538045, "min": 0.4214093117043376, "max": 0.4498177794739604, "mean": 0.43403357909992335, "std": 0.00827629177782699, "repeat": 10, "number": 1}]}, "api.testds.time_create_test_dataset2x2": {"result": [2.853091994766146], "stats": [{"ci_99": [2.799385698501511, 2.9042279133680027], "q_25": 2.8274436339270324, "q_75": 2.881605602335185, "min": 2.8107910407707095, "max": 2.883861486800015, "mean": 2.851806805934757, "std": 0.030137537275570475, "repeat": 6, "number": 1}]}, "core.runner.time_echo": {"result": [0.0017147749507178862], "stats": [{"ci_99": [0.0016950347150365512, 0.0017921123653650284], "q_25": 0.0017081900344540675, "q_75": 0.001738087700990339, "min": 0.0016950347150365512, "max": 0.0017921123653650284, "mean": 0.00172738836457332, "std": 2.8890783715488654e-05, "repeat": 10, "number": 6}]}, "core.runner.time_echo_gitrunner": {"result": [0.0021142886951565744], "stats": [{"ci_99": [0.002090205065906048, 0.002191922813653946], "q_25": 0.0021045708563178778, "q_75": 0.002118481555953622, "min": 0.002090205065906048, "max": 0.002191922813653946, "mean": 0.002118951361626387, "std": 2.7121218999827574e-05, "repeat": 10, "number": 5}]}, "core.startup.time_help_np": {"result": [0.5221298630349338], "stats": [{"ci_99": [0.5091660376638174, 0.5861549274995923], "q_25": 0.5133375574368984, "q_75": 0.5367634033318609, "min": 0.5091660376638174, "max": 0.5861549274995923, "mean": 0.530848753079772, "std": 0.023118435708144452, "repeat": 10, "number": 1}]}, "core.startup.time_import": {"result": [0.13802612526342273], "stats": [{"ci_99": [0.11696538422256708, 0.17797925975173712], "q_25": 0.12249942123889923, "q_75": 0.1418418474495411, "min": 0.11696538422256708, "max": 0.17797925975173712, "mean": 0.13925317777320742, "std": 0.02067308522285349, "repeat": 10, "number": 1}]}, "core.startup.time_import_api": {"result": [0.4824732933193445], "stats": [{"ci_99": [0.44657035544514656, 0.5158297158777714], "q_25": 0.4550335630774498, "q_75": 0.5005456428043544, "min": 0.44657035544514656, "max": 0.5158297158777714, "mean": 0.48103302540257575, "std": 0.02522751785340643, "repeat": 10, "number": 1}]}, "support.path.get_parent_paths.time_allsubmods_toplevel": {"result": [0.007434098282828927], "stats": [{"ci_99": [0.006724187638610601, 0.008356145583093166], "q_25": 0.007045729551464319, "q_75": 0.007761650835163891, "min": 0.006724187638610601, "max": 0.008356145583093166, "mean": 0.0074403862003237006, "std": 0.0005131450986979439, "repeat": 10, "number": 2}]}, "support.path.get_parent_paths.time_allsubmods_toplevel_only": {"result": [0.006077774800360203], "stats": [{"ci_99": [0.005950292572379112, 0.007026082836091518], "q_25": 0.00597820314578712, "q_75": 0.006405512103810906, "min": 0.005950292572379112, "max": 0.007026082836091518, "mean": 0.006238491320982575, "std": 0.00034770631172945386, "repeat": 10, "number": 2}]}, "support.path.get_parent_paths.time_no_submods": {"result": [2.772917117127582e-07], "stats": [{"ci_99": [2.729557617017872e-07, 3.0360401792466024e-07], "q_25": 2.7589837556592575e-07, "q_75": 2.8309029745591384e-07, "min": 2.729557617017872e-07, "max": 3.0360401792466024e-07,