{"results": {"api.supers.time_createadd": {"result": [1.47064845636487], "stats": [{"ci_99": [1.4636385459452868, 1.4828842990100384], "q_25": 1.466380974976346, "q_75": 1.4765047142282128, "min": 1.4636385459452868, "max": 1.4828842990100384, "mean": 1.4716923580504955, "std": 0.006098504475891907, "repeat": 10, "number": 1}]}, "api.supers.time_createadd_to_dataset": {"result": [1.3771917531266809], "stats": [{"ci_99": [1.3524015760049224, 1.3968654125928879], "q_25": 1.3660454526543617, "q_75": 1.3868944419082254, "min": 1.3524015760049224, "max": 1.3968654125928879, "mean": 1.3765875404700636, "std": 0.013600717362551395, "repeat": 10, "number": 1}]}, "api.supers.time_diff": null, "api.supers.time_diff_recursive": null, "api.supers.time_installr": {"result": [8.651356797665358], "stats": [{"ci_99": [8.310024140402675, 8.99268945492804], "q_25": 8.64794347109273, "q_75": 8.654770124237984, "min": 8.644530144520104, "max": 8.658183450810611, "mean": 8.651356797665358, "std": 0.006826653145253658, "repeat": 2, "number": 1}]}, "api.supers.time_ls": {"result": [0.2562364903278649], "stats": [{"ci_99": [0.25129617657512426, 0.26016410160809755], "q_25": 0.2549961486365646, "q_75": 0.25777732231654227, "min": 0.25129617657512426, "max": 0.26016410160809755, "mean": 0.2564186040312052, "std": 0.0024526806923938146, "repeat": 10, "number": 1}]}, "api.supers.time_ls_recursive": {"result": [2.6039008875377476], "stats": [{"ci_99": [2.589530749324167, 2.633631331846118], "q_25": 2.5984048401005566, "q_75": 2.6058230688795447, "min": 2.5951765729114413, "max": 2.633631331846118, "mean": 2.6066077166857817, "std": 0.01274325492706418, "repeat": 6, "number": 1}]}, "api.supers.time_ls_recursive_long_all": {"result": [2.7699988270178437], "stats": [{"ci_99": [2.730612370230918, 2.835621868260205], "q_25": 2.757136231753975, "q_75": 2.7752546838019043, "min": 2.737079670652747, "max": 2.835621868260205, "mean": 2.7737590881685414, "std": 0.030607324631407706, "repeat": 6, "number": 1}]}, "api.supers.time_remove": null, "api.supers.time_status": {"result": [0.8194891447201371], "stats": [{"ci_99": [0.8127783546224236, 0.8404263881966472], "q_25": 0.8176200869493186, "q_75": 0.8260452132672071, "min": 0.8127783546224236, "max": 0.8404263881966472, "mean": 0.8231406723149121, "std": 0.00924440163851471, "repeat": 10, "number": 1}]}, "api.supers.time_status_recursive": {"result": [1.6660638190805912], "stats": [{"ci_99": [1.6420981781557202, 1.6967780189588666], "q_25": 1.6515935284551233, "q_75": 1.668327301973477, "min": 1.6420981781557202, "max": 1.6967780189588666, "mean": 1.664363343641162, "std": 0.016163355565432656, "repeat": 10, "number": 1}]}, "api.supers.time_subdatasets": {"result": [0.21431641234084964], "stats": [{"ci_99": [0.20909779705107212, 0.2169100111350417], "q_25": 0.21209074393846095, "q_75": 0.2156640118919313, "min": 0.20909779705107212, "max": 0.2169100111350417, "mean": 0.21375612188130616, "std": 0.0023601086902019213, "repeat": 10, "number": 1}]}, "api.supers.time_subdatasets_recursive": {"result": [0.6738157258369029], "stats": [{"ci_99": [0.6687873043119907, 0.7102679209783673], "q_25": 0.6702072788029909, "q_75": 0.6787930352147669, "min": 0.6687873043119907, "max": 0.7102679209783673, "mean": 0.6786494230851531, "std": 0.012420869706715909, "repeat": 10, "number": 1}]}, "api.supers.time_subdatasets_recursive_first": {"result": [0.18978554150089622], "stats": [{"ci_99": [0.1840028613805771, 0.19258037209510803], "q_25": 0.186212626285851, "q_75": 0.19130712212063372, "min": 0.1840028613805771, "max": 0.19258037209510803, "mean": 0.1889871684834361, "std": 0.00301174782607134, "repeat": 10, "number": 1}]}, "api.supers.time_uninstall": {"result": [6.389458482153714], "stats": [{"ci_99": [6.23065238352865, 6.548264580778778], "q_25": 6.387870421167463, "q_75": 6.391046543139964, "min": 6.386282360181212, "max": 6.392634604126215, "mean": 6.389458482153714, "std": 0.003176121972501278, "repeat": 2, "number": 1}]}, "repo.gitrepo.time_get_content_info": {"result": [0.01464525144547224], "stats": [{"ci_99": [0.01428113505244255, 0.016163015738129616], "q_25": 0.01449114689603448, "q_75": 0.015705653466284275, "min": 0.01428113505244255, "max": 0.016163015738129616, "mean": 0.014998286869376898, "std": 0.0007131911243978927, "repeat": 10, "number": 1}]}, "api.testds.time_create_test_dataset1": {"result": [0.7536481386050582], "stats": [{"ci_99": [0.7433045636862516, 0.7654140507802367], "q_25": 0.7492793966084719, "q_75": 0.7572396921459585, "min": 0.7433045636862516, "max": 0.7654140507802367, "mean": 0.753306029830128, "std": 0.006348625603272047, "repeat": 10, "number": 1}]}, "api.testds.time_create_test_dataset2x2": {"result": [4.191056779585779], "stats": [{"ci_99": [4.165011899880644, 4.208977270070885], "q_25": 4.184578495100141, "q_75": 4.193472869461402, "min": 4.172356962226331, "max": 4.193507818505168, "mean": 4.186994584975764, "std": 0.008678244726889148, "repeat": 4, "number": 1}]}, "core.runner.time_echo": {"result": [0.001886684913188219], "stats": [{"ci_99": [0.0016898374694089096, 0.0025218812127908072], "q_25": 0.001709231175482273, "q_75": 0.002182242770989736, "min": 0.0016898374694089096, "max": 0.0025218812127908072, "mean": 0.00199175967524449, "std": 0.0003114021242012821, "repeat": 10, "number": 6}]}, "core.runner.time_echo_gitrunner": {"result": [0.0023306304356083274], "stats": [{"ci_99": [0.002123709302395582, 0.002885178430005908], "q_25": 0.0022057915339246392, "q_75": 0.002619720879010856, "min": 0.002123709302395582, "max": 0.002885178430005908, "mean": 0.002417748444713652, "std": 0.00025576009585803457, "repeat": 10, "number": 4}]}, "core.startup.time_help_np": {"result": [0.568721002433449], "stats": [{"ci_99": [0.522971929050982, 0.6226537888869643], "q_25": 0.5640002486761659, "q_75": 0.5781763757113367, "min": 0.522971929050982, "max": 0.6226537888869643, "mean": 0.5716786100529134, "std": 0.023577669438084807, "repeat": 10, "number": 1}]}, "core.startup.time_import": {"result": [0.16639041900634766], "stats": [{"ci_99": [0.12135530263185501, 0.19668175280094147], "q_25": 0.15803446737118065, "q_75": 0.17149088834412396, "min": 0.12135530263185501, "max": 0.19668175280094147, "mean": 0.16442017089575528, "std": 0.021949381751851006, "repeat": 10, "number": 1}]}, "core.startup.time_import_api": {"result": [0.5149412932805717], "stats": [{"ci_99": [0.4900571284815669, 0.569522081874311], "q_25": 0.4968621281441301, "q_75": 0.5368488619569689, "min": 0.4900571284815669, "max": 0.569522081874311, "mean": 0.5209849588572979, "std": 0.02711862035543523, "repeat": 10, "number": 1}]}, "support.path.get_parent_paths.time_allsubmods_toplevel": {"result": [0.006872873520478606], "stats": [{"ci_99": [0.006766733713448048, 0.008629930671304464], "q_25": 0.006787423277273774, "q_75": 0.007574780494906008, "min": 0.006766733713448048, "max": 0.008629930671304464, "mean": 0.007251298194751144, "std": 0.000621890744328729, "repeat": 10, "number": 2}]}, "support.path.get_parent_paths.time_allsubmods_toplevel_only": {"result": [0.006850940873846412], "stats": [{"ci_99": [0.006077187601476908, 0.008024233859032393], "q_25": 0.006501467199996114, "q_75": 0.007231198134832084, "min": 0.006077187601476908, "max": 0.008024233859032393, "mean": 0.006908979266881943, "std": 0.000552930576946518, "repeat": 10, "number": 2}]}, "support.path.get_parent_paths.time_no_submods": {"result": [3.440530850236591e-07], "stats": [{"ci_99": [3.112523599092569e-07, 3.7958516794092514e-07], "q_25": 3.3334377713455175e-07, "q_75": 3.618847392975827e-07, "min": 3.112523599092569e-07, "max": 3.7958516794092514e-07, "mean": 3.4628962369068805e-07, "std": 2.0440055800418796e-08, "repeat": 10, "number": 27370}]}, "support.path.get_parent_paths.time_one_submod_subdir": {"result": [0.005483674351125956], "stats": [{"ci_99": [0.005274435505270958, 0.006872002501040697], "q_25": 0.005282300058752298, "q_75": 0.006158576696179807,