{"results": {"api.supers.time_createadd": {"result": [1.2577264616265893], "stats": [{"ci_99": [1.241400751285255, 1.300997881218791], "q_25": 1.2491447986103594, "q_75": 1.2754250117577612, "min": 1.241400751285255, "max": 1.300997881218791, "mean": 1.2621774761937559, "std": 0.01831650327042152, "repeat": 10, "number": 1}]}, "api.supers.time_createadd_to_dataset": {"result": [1.2023840975016356], "stats": [{"ci_99": [1.1924862582236528, 1.2307026172056794], "q_25": 1.1971854271832854, "q_75": 1.2186934682540596, "min": 1.1924862582236528, "max": 1.2307026172056794, "mean": 1.207281454000622, "std": 0.014149384527480827, "repeat": 10, "number": 1}]}, "api.supers.time_diff": null, "api.supers.time_diff_recursive": null, "api.supers.time_installr": {"result": [5.39999719383195], "stats": [{"ci_99": [5.272929846774787, 5.527064540889114], "q_25": 5.398726520361379, "q_75": 5.401267867302522, "min": 5.397455846890807, "max": 5.402538540773094, "mean": 5.39999719383195, "std": 0.0025413469411432743, "repeat": 2, "number": 1}]}, "api.supers.time_ls": {"result": [0.18771948898211122], "stats": [{"ci_99": [0.18405119143426418, 0.19721166975796223], "q_25": 0.18683226988650858, "q_75": 0.19345490587875247, "min": 0.18405119143426418, "max": 0.19721166975796223, "mean": 0.1897406586445868, "std": 0.004444006705015883, "repeat": 10, "number": 1}]}, "api.supers.time_ls_recursive": {"result": [1.8690577559173107], "stats": [{"ci_99": [1.853991056792438, 1.9683046592399478], "q_25": 1.8651134669780731, "q_75": 1.9237837018445134, "min": 1.853991056792438, "max": 1.9683046592399478, "mean": 1.895077808553146, "std": 0.0384197147805629, "repeat": 9, "number": 1}]}, "api.supers.time_ls_recursive_long_all": {"result": [2.017561376094818], "stats": [{"ci_99": [2.0050282711163163, 2.0264245374128222], "q_25": 2.0122524017933756, "q_75": 2.019594667945057, "min": 2.0050282711163163, "max": 2.0264245374128222, "mean": 2.0162507098866627, "std": 0.006487718919446167, "repeat": 8, "number": 1}]}, "api.supers.time_remove": null, "api.supers.time_status": {"result": [0.7326694545336068], "stats": [{"ci_99": [0.7296560360118747, 0.7427224339917302], "q_25": 0.7312678752932698, "q_75": 0.7331487212795764, "min": 0.7296560360118747, "max": 0.7427224339917302, "mean": 0.7330852982588112, "std": 0.0034288948837540184, "repeat": 10, "number": 1}]}, "api.supers.time_status_recursive": {"result": [1.366056501865387], "stats": [{"ci_99": [1.360247584991157, 1.3750379169359803], "q_25": 1.3625151619780809, "q_75": 1.3692994008306414, "min": 1.360247584991157, "max": 1.3750379169359803, "mean": 1.366466750204563, "std": 0.004927437909110317, "repeat": 10, "number": 1}]}, "api.supers.time_subdatasets": {"result": [0.10678132716566324], "stats": [{"ci_99": [0.10628281440585852, 0.10939960461109877], "q_25": 0.10651923576369882, "q_75": 0.10788322216831148, "min": 0.10628281440585852, "max": 0.10939960461109877, "mean": 0.10729246828705072, "std": 0.000986607029584951, "repeat": 10, "number": 1}]}, "api.supers.time_subdatasets_recursive": {"result": [0.4340569833293557], "stats": [{"ci_99": [0.43095811642706394, 0.4430126454681158], "q_25": 0.43233597418293357, "q_75": 0.43592483969405293, "min": 0.43095811642706394, "max": 0.4430126454681158, "mean": 0.4351155708543956, "std": 0.003981728801516089, "repeat": 10, "number": 1}]}, "api.supers.time_subdatasets_recursive_first": {"result": [0.10795193538069725], "stats": [{"ci_99": [0.10569106973707676, 0.11315218266099691], "q_25": 0.1063627009280026, "q_75": 0.10978232929483056, "min": 0.10569106973707676, "max": 0.11315218266099691, "mean": 0.10827962327748537, "std": 0.0022733629879143646, "repeat": 10, "number": 1}]}, "api.supers.time_uninstall": {"result": [4.044852912425995], "stats": [{"ci_99": [4.016021313036409, 4.082119570223066], "q_25": 4.0409179425332695, "q_75": 4.053005411522463, "min": 4.036430694162846, "max": 4.070145247504115, "mean": 4.049070441629738, "std": 0.012761126091653691, "repeat": 4, "number": 1}]}, "repo.gitrepo.time_get_content_info": {"result": [0.015466907992959023], "stats": [{"ci_99": [0.014318161644041538, 0.017660086043179035], "q_25": 0.015001088846474886, "q_75": 0.015826043905690312, "min": 0.014318161644041538, "max": 0.017660086043179035, "mean": 0.01566066835075617, "std": 0.0010331856499855424, "repeat": 10, "number": 1}]}, "api.testds.time_create_test_dataset1": {"result": [0.5861306916922331], "stats": [{"ci_99": [0.5798560352995992, 0.5916326325386763], "q_25": 0.5838899288792163, "q_75": 0.5899002328515053, "min": 0.5798560352995992, "max": 0.5916326325386763, "mean": 0.5865351093932987, "std": 0.003750260880375911, "repeat": 10, "number": 1}]}, "api.testds.time_create_test_dataset2x2": {"result": [3.49772197753191], "stats": [{"ci_99": [3.4599951036987644, 3.5421611446174044], "q_25": 3.4879869814030826, "q_75": 3.5108131202869117, "min": 3.4868449736386538, "max": 3.522023567929864, "mean": 3.5010781241580844, "std": 0.014481267998609887, "repeat": 4, "number": 1}]}, "core.runner.time_echo": {"result": [0.0019607591287543378], "stats": [{"ci_99": [0.0017115265751878421, 0.002270576854546865], "q_25": 0.0017296632286161184, "q_75": 0.002012964648505052, "min": 0.0017115265751878421, "max": 0.002270576854546865, "mean": 0.0019237523588041465, "std": 0.00018341151987495536, "repeat": 10, "number": 6}]}, "core.runner.time_echo_gitrunner": {"result": [0.002244143863208592], "stats": [{"ci_99": [0.002061601495370269, 0.0028314082883298397], "q_25": 0.002079884405247867, "q_75": 0.002586418646387756, "min": 0.002061601495370269, "max": 0.0028314082883298397, "mean": 0.002347207604907453, "std": 0.00029064761175335717, "repeat": 10, "number": 4}]}, "core.startup.time_help_np": {"result": [0.5844730250537395], "stats": [{"ci_99": [0.51064483076334, 0.6401558220386505], "q_25": 0.574436916038394, "q_75": 0.6095543382689357, "min": 0.51064483076334, "max": 0.6401558220386505, "mean": 0.5869369447231293, "std": 0.033631346807838566, "repeat": 10, "number": 1}]}, "core.startup.time_import": {"result": [0.17303057946264744], "stats": [{"ci_99": [0.11598081141710281, 0.21811187453567982], "q_25": 0.16153397364541888, "q_75": 0.1891509226989001, "min": 0.11598081141710281, "max": 0.21811187453567982, "mean": 0.16991348043084145, "std": 0.03033870783144528, "repeat": 10, "number": 1}]}, "core.startup.time_import_api": {"result": [0.5489301043562591], "stats": [{"ci_99": [0.44607871398329735, 0.565265485085547], "q_25": 0.5127431456930935, "q_75": 0.5554004299920052, "min": 0.44607871398329735, "max": 0.565265485085547, "mean": 0.5295493241399527, "std": 0.03591356640172764, "repeat": 10, "number": 1}]}, "support.path.get_parent_paths.time_allsubmods_toplevel": {"result": [0.0077913966961205006], "stats": [{"ci_99": [0.007009049877524376, 0.01001177541911602], "q_25": 0.007064612582325935, "q_75": 0.00906084245070815, "min": 0.007009049877524376, "max": 0.01001177541911602, "mean": 0.008122084382921457, "std": 0.0011350410800862148, "repeat": 10, "number": 1}]}, "support.path.get_parent_paths.time_allsubmods_toplevel_only": {"result": [0.006766792619600892], "stats": [{"ci_99": [0.0062346020713448524, 0.008302482776343822], "q_25": 0.006380294915288687, "q_75": 0.007262659724801779, "min": 0.0062346020713448524, "max": 0.008302482776343822, "mean": 0.0069369996897876264, "std": 0.0006421773759426102, "repeat": 10, "number": 2}]}, "support.path.get_parent_paths.time_no_submods": {"result": [3.359190016785342e-07], "stats": [{"ci_99": [3.084075778945969e-07, 3.700432114503783e-07], "q_25": 3.203757704978338e-07, "q_75": 3.521135164741075e-07, "min": 3.084075778945969e-07, "max": 3.700432114503783e-07, "mean": 3.3674281907132255e-07, "std": 1.8744290548435174e-08, "repeat": 10, "number": 27772}]}, "support.path.get_parent_paths.time_one_submod_subdir": {"result": [0.005632173968479037], "stats": [{"ci_99": [0.0053763133473694324, 0.007200207095593214], "q_25": 0.0053898722399026155,