{"results": {"api.supers.time_createadd": {"result": [0.9976817667484283], "stats": [{"ci_99": [0.9580602468922734, 1.0152832558378577], "q_25": 0.9647924543824047, "q_75": 1.0099703618325293, "min": 0.9580602468922734, "max": 1.0152832558378577, "mean": 0.9889102702960372, "std": 0.022338468489450487, "repeat": 10, "number": 1}]}, "api.supers.time_createadd_to_dataset": {"result": [0.9935759771615267], "stats": [{"ci_99": [0.9705990497022867, 1.0168495792895555], "q_25": 0.9762850960250944, "q_75": 1.006296397652477, "min": 0.9705990497022867, "max": 1.0168495792895555, "mean": 0.9923408610746265, "std": 0.015793259821565635, "repeat": 10, "number": 1}]}, "api.supers.time_diff": null, "api.supers.time_diff_recursive": null, "api.supers.time_installr": {"result": [4.099254415370524], "stats": [{"ci_99": [4.044998356105494, 4.147337316571069], "q_25": 4.082242620643228, "q_75": 4.113179631065577, "min": 4.072652855888009, "max": 4.11350965872407, "mean": 4.096167836338282, "std": 0.017709227181090907, "repeat": 4, "number": 1}]}, "api.supers.time_ls": {"result": [0.11709344433620572], "stats": [{"ci_99": [0.11120318062603474, 0.12355652544647455], "q_25": 0.11512991786003113, "q_75": 0.12061184016056359, "min": 0.11120318062603474, "max": 0.12355652544647455, "mean": 0.11732863383367657, "std": 0.0039016048410168884, "repeat": 10, "number": 1}]}, "api.supers.time_ls_recursive": {"result": [1.0683953799307346], "stats": [{"ci_99": [1.0597125785425305, 1.0842231921851635], "q_25": 1.0625130855478346, "q_75": 1.075874524191022, "min": 1.0597125785425305, "max": 1.0842231921851635, "mean": 1.0697571572847664, "std": 0.008128300997892203, "repeat": 10, "number": 1}]}, "api.supers.time_ls_recursive_long_all": {"result": [1.230806375388056], "stats": [{"ci_99": [1.2197277247905731, 1.238944597542286], "q_25": 1.2229495483916253, "q_75": 1.2355240555480123, "min": 1.2197277247905731, "max": 1.238944597542286, "mean": 1.229934265371412, "std": 0.006912105296030988, "repeat": 10, "number": 1}]}, "api.supers.time_remove": {"result": [2.026061777025461], "stats": [{"ci_99": [2.0140930553898215, 2.099373142234981], "q_25": 2.0201070269104093, "q_75": 2.0355808672029525, "min": 2.0140930553898215, "max": 2.099373142234981, "mean": 2.0349818177055568, "std": 0.02581195637961656, "repeat": 8, "number": 1}]}, "api.supers.time_status": {"result": [0.688756538555026], "stats": [{"ci_99": [0.6802714709192514, 0.6978911869227886], "q_25": 0.6871662074699998, "q_75": 0.6893790054600686, "min": 0.6802714709192514, "max": 0.6978911869227886, "mean": 0.6882766753435134, "std": 0.004232915610647126, "repeat": 10, "number": 1}]}, "api.supers.time_status_recursive": {"result": [1.1467103408649564], "stats": [{"ci_99": [1.1434275889769197, 1.1547120865434408], "q_25": 1.1453767076600343, "q_75": 1.1505711618810892, "min": 1.1434275889769197, "max": 1.1547120865434408, "mean": 1.1477768871933223, "std": 0.003602841637829056, "repeat": 10, "number": 1}]}, "api.supers.time_subdatasets": {"result": [0.07068959716707468], "stats": [{"ci_99": [0.06433822866529226, 0.0831833453848958], "q_25": 0.06753249280154705, "q_75": 0.07170537603087723, "min": 0.06433822866529226, "max": 0.0831833453848958, "mean": 0.07065893430262804, "std": 0.004820612047480457, "repeat": 10, "number": 1}]}, "api.supers.time_subdatasets_recursive": {"result": [0.24825541581958532], "stats": [{"ci_99": [0.24292200524359941, 0.255384081043303], "q_25": 0.2436177576892078, "q_75": 0.2505087936297059, "min": 0.24292200524359941, "max": 0.255384081043303, "mean": 0.2477838353253901, "std": 0.003985341377922392, "repeat": 10, "number": 1}]}, "api.supers.time_subdatasets_recursive_first": {"result": [0.06716672331094742], "stats": [{"ci_99": [0.06253644358366728, 0.07527820020914078], "q_25": 0.0636187638156116, "q_75": 0.06972970115020871, "min": 0.06253644358366728, "max": 0.07527820020914078, "mean": 0.06725068483501673, "std": 0.003890923210360731, "repeat": 10, "number": 1}]}, "api.supers.time_uninstall": {"result": [1.989421442616731], "stats": [{"ci_99": [1.9828710313886404, 1.9965977799147367], "q_25": 1.9867111186031252, "q_75": 1.9914782224223018, "min": 1.9828710313886404, "max": 1.9965977799147367, "mean": 1.9892131777014583, "std": 0.0041021087915279475, "repeat": 8, "number": 1}]}, "repo.gitrepo.time_get_content_info": {"result": [0.020998722407966852], "stats": [{"ci_99": [0.016549892723560333, 0.02559152338653803], "q_25": 0.0195978251285851, "q_75": 0.022828590823337436, "min": 0.016549892723560333, "max": 0.02559152338653803, "mean": 0.02108307546004653, "std": 0.002483948935279185, "repeat": 10, "number": 1}]}, "api.testds.time_create_test_dataset1": {"result": [0.4341766913421452], "stats": [{"ci_99": [0.42878083884716034, 0.4472404830157757], "q_25": 0.43170627718791366, "q_75": 0.44067755714058876, "min": 0.42878083884716034, "max": 0.4472404830157757, "mean": 0.4363782879896462, "std": 0.006246889403815099, "repeat": 10, "number": 1}]}, "api.testds.time_create_test_dataset2x2": {"result": [2.69810953643173], "stats": [{"ci_99": [2.666142339472077, 2.742255637422204], "q_25": 2.6837759378831834, "q_75": 2.7128301358316094, "min": 2.6775975292548537, "max": 2.742255637422204, "mean": 2.7021345522565148, "std": 0.022288711355531128, "repeat": 6, "number": 1}]}, "core.runner.time_echo": {"result": [0.0020845128456130624], "stats": [{"ci_99": [0.001795788062736392, 0.0025160328950732946], "q_25": 0.0019993101595900953, "q_75": 0.0022585487458854914, "min": 0.001795788062736392, "max": 0.0025160328950732946, "mean": 0.002125056693330407, "std": 0.00020819568842734141, "repeat": 10, "number": 4}]}, "core.runner.time_echo_gitrunner": {"result": [0.002770357532426715], "stats": [{"ci_99": [0.0025021338369697332, 0.0034553257282823324], "q_25": 0.0027404287829995155, "q_75": 0.0028771415818482637, "min": 0.0025021338369697332, "max": 0.0034553257282823324, "mean": 0.0028306005988270044, "std": 0.00023940392842600883, "repeat": 10, "number": 4}]}, "core.startup.time_help_np": {"result": [0.578087454661727], "stats": [{"ci_99": [0.5114508355036378, 0.6349008250981569], "q_25": 0.56698402389884, "q_75": 0.6183726284652948, "min": 0.5114508355036378, "max": 0.6349008250981569, "mean": 0.5817497182637453, "std": 0.04000197565378115, "repeat": 10, "number": 1}]}, "core.startup.time_import": {"result": [0.16143587417900562], "stats": [{"ci_99": [0.1197574632242322, 0.20348093006759882], "q_25": 0.1554546980187297, "q_75": 0.1672153261024505, "min": 0.1197574632242322, "max": 0.20348093006759882, "mean": 0.16381043242290616, "std": 0.02249302622462369, "repeat": 10, "number": 1}]}, "core.startup.time_import_api": {"result": [0.502502491697669], "stats": [{"ci_99": [0.4571046894416213, 0.5609427113085985], "q_25": 0.47355750878341496, "q_75": 0.5105173555202782, "min": 0.4571046894416213, "max": 0.5609427113085985, "mean": 0.4983448348008096, "std": 0.02980408170660759, "repeat": 10, "number": 1}]}, "support.path.get_parent_paths.time_allsubmods_toplevel": null, "support.path.get_parent_paths.time_allsubmods_toplevel_only": null, "support.path.get_parent_paths.time_no_submods": null, "support.path.get_parent_paths.time_one_submod_subdir": null, "support.path.get_parent_paths.time_one_submod_toplevel": null, "usecases.study_forrest.time_make_studyforrest_mockup": {"result": [26.82883717585355], "stats": [{"ci_99": [4.408093276433647, 49.24958107527344], "q_25": 26.60462973685935, "q_75": 27.05304461484775, "min": 26.380422297865152, "max": 27.27725205384195, "mean": 26.82883717585355, "std": 0.4484148779883981, "repeat": 2, "number": 1}]}, "core.runner.track_overhead_100ms": 1.78, "core.runner.track_overhead_echo": 36.65, "core.runner.track_overhead_heavyout": -8.87, "core.runner.track_overhead_heavyout_online_process": -1.68, "core.runner.track_overhead_heavyout_online_through": 16.87}, "params": {"arch": "x86_64", "cpu": "Intel(R) Xeon(R) CPU E5-1607 v2 @ 3.00GHz", "machine": "drogon-neurodebian0.20200209.1",