{"results": {"api.supers.time_createadd": {"result": [0.972331753000617], "stats": [{"ci_99": [0.9557657791301608, 1.0065303556621075], "q_25": 0.9587742015719414, "q_75": 0.9917952814139426, "min": 0.9557657791301608, "max": 1.0065303556621075, "mean": 0.9767030196264386, "std": 0.01920428075230312, "repeat": 10, "number": 1}]}, "api.supers.time_createadd_to_dataset": {"result": [0.9705073144286871], "stats": [{"ci_99": [0.9572176318615675, 0.9974100962281227], "q_25": 0.9675772346090525, "q_75": 0.9725864322390407, "min": 0.9572176318615675, "max": 0.9974100962281227, "mean": 0.9707941086031496, "std": 0.010383981155868274, "repeat": 10, "number": 1}]}, "api.supers.time_diff": null, "api.supers.time_diff_recursive": null, "api.supers.time_installr": {"result": [4.094274912960827], "stats": [{"ci_99": [4.047921518220239, 4.123925333486266], "q_25": 4.0845413180068135, "q_75": 4.095657020807266, "min": 4.0584127604961395, "max": 4.096731116995215, "mean": 4.085923425853252, "std": 0.015931376529109028, "repeat": 4, "number": 1}]}, "api.supers.time_ls": {"result": [0.11993394559249282], "stats": [{"ci_99": [0.11139223724603653, 0.1294563403353095], "q_25": 0.11644818494096398, "q_75": 0.12056911853142083, "min": 0.11139223724603653, "max": 0.1294563403353095, "mean": 0.1191641247831285, "std": 0.004884574631633581, "repeat": 10, "number": 1}]}, "api.supers.time_ls_recursive": {"result": [1.0749832191504538], "stats": [{"ci_99": [1.0659425063058734, 1.0830500405281782], "q_25": 1.0728886183351278, "q_75": 1.0802486434113234, "min": 1.0659425063058734, "max": 1.0830500405281782, "mean": 1.0755379763431847, "std": 0.005515358442239082, "repeat": 10, "number": 1}]}, "api.supers.time_ls_recursive_long_all": {"result": [1.238583234604448], "stats": [{"ci_99": [1.224129050038755, 1.2537420177832246], "q_25": 1.2354619998950511, "q_75": 1.249713565222919, "min": 1.224129050038755, "max": 1.2537420177832246, "mean": 1.24078717995435, "std": 0.009112303557411872, "repeat": 10, "number": 1}]}, "api.supers.time_remove": {"result": [2.0392204439267516], "stats": [{"ci_99": [2.0247697280719876, 2.1567208440974355], "q_25": 2.0332544250413775, "q_75": 2.071617311798036, "min": 2.0247697280719876, "max": 2.1567208440974355, "mean": 2.064974576001987, "std": 0.05089414236007464, "repeat": 8, "number": 1}]}, "api.supers.time_status": {"result": [0.6949603669345379], "stats": [{"ci_99": [0.6868135957047343, 0.7287751464173198], "q_25": 0.6877604648470879, "q_75": 0.7052972347009927, "min": 0.6868135957047343, "max": 0.7287751464173198, "mean": 0.6989317151717842, "std": 0.013110600517217486, "repeat": 10, "number": 1}]}, "api.supers.time_status_recursive": {"result": [1.1814943556673825], "stats": [{"ci_99": [1.144562428817153, 1.2169763185083866], "q_25": 1.1489488913211972, "q_75": 1.2150427747983485, "min": 1.144562428817153, "max": 1.2169763185083866, "mean": 1.1817296993918718, "std": 0.03254074122356607, "repeat": 10, "number": 1}]}, "api.supers.time_subdatasets": {"result": [0.07396946288645267], "stats": [{"ci_99": [0.06222357880324125, 0.09169419296085835], "q_25": 0.07115634810179472, "q_75": 0.07524618576280773, "min": 0.06222357880324125, "max": 0.09169419296085835, "mean": 0.07365080239251257, "std": 0.007699468389598029, "repeat": 10, "number": 1}]}, "api.supers.time_subdatasets_recursive": {"result": [0.26041471119970083], "stats": [{"ci_99": [0.24254808388650417, 0.2754301642999053], "q_25": 0.25065295421518385, "q_75": 0.26253242581151426, "min": 0.24254808388650417, "max": 0.2754301642999053, "mean": 0.2580887916497886, "std": 0.009219904128653672, "repeat": 10, "number": 1}]}, "api.supers.time_subdatasets_recursive_first": {"result": [0.07071913033723831], "stats": [{"ci_99": [0.061607908457517624, 0.07408081367611885], "q_25": 0.06775246909819543, "q_75": 0.07324225688353181, "min": 0.061607908457517624, "max": 0.07408081367611885, "mean": 0.07008751872926951, "std": 0.0037634361879819167, "repeat": 10, "number": 1}]}, "api.supers.time_uninstall": {"result": [2.037359463982284], "stats": [{"ci_99": [1.9870134303346276, 2.1107549788430333], "q_25": 2.002061212901026, "q_75": 2.094852047273889, "min": 1.9870134303346276, "max": 2.1107549788430333, "mean": 2.045809933100827, "std": 0.04865023226988049, "repeat": 8, "number": 1}]}, "repo.gitrepo.time_get_content_info": {"result": [0.01553984871134162], "stats": [{"ci_99": [0.014249625615775585, 0.022871178574860096], "q_25": 0.014411143492907286, "q_75": 0.01768492255359888, "min": 0.014249625615775585, "max": 0.022871178574860096, "mean": 0.01675429930910468, "std": 0.0029843522761109566, "repeat": 10, "number": 1}]}, "api.testds.time_create_test_dataset1": {"result": [0.44731026981025934], "stats": [{"ci_99": [0.4294592384248972, 0.4632479343563318], "q_25": 0.43353607156313956, "q_75": 0.45672001503407955, "min": 0.4294592384248972, "max": 0.4632479343563318, "mean": 0.4455024040304124, "std": 0.012176736674594058, "repeat": 10, "number": 1}]}, "api.testds.time_create_test_dataset2x2": {"result": [2.7194099770858884], "stats": [{"ci_99": [2.67220498804751, 2.783736937709123], "q_25": 2.702608580701053, "q_75": 2.7530603175982833, "min": 2.686183577403426, "max": 2.781537032686174, "mean": 2.7279709628783166, "std": 0.033696393300069634, "repeat": 6, "number": 1}]}, "core.runner.time_echo": {"result": [0.0017364052279541888], "stats": [{"ci_99": [0.0017147284621993701, 0.0021263128146529198], "q_25": 0.001720741546402375, "q_75": 0.001755442392701904, "min": 0.0017147284621993701, "max": 0.0021263128146529198, "mean": 0.0017786959030975896, "std": 0.00011882768873050246, "repeat": 10, "number": 6}]}, "core.runner.time_echo_gitrunner": {"result": [0.002288245363160968], "stats": [{"ci_99": [0.002108718501403928, 0.0029399925842881203], "q_25": 0.0021285589900799096, "q_75": 0.0026103138807229698, "min": 0.002108718501403928, "max": 0.0029399925842881203, "mean": 0.002396955876611173, "std": 0.0003013251982525193, "repeat": 10, "number": 4}]}, "core.startup.time_help_np": {"result": [0.581479316111654], "stats": [{"ci_99": [0.558739447966218, 0.6375215277075768], "q_25": 0.5727042625658214, "q_75": 0.5838031580206007, "min": 0.558739447966218, "max": 0.6375215277075768, "mean": 0.5835474967956543, "std": 0.01995145004221433, "repeat": 10, "number": 1}]}, "core.startup.time_import": {"result": [0.16099745081737638], "stats": [{"ci_99": [0.11877334862947464, 0.19915990624576807], "q_25": 0.13682204182259738, "q_75": 0.17941922647878528, "min": 0.11877334862947464, "max": 0.19915990624576807, "mean": 0.15820084661245346, "std": 0.027459405911812795, "repeat": 10, "number": 1}]}, "core.startup.time_import_api": {"result": [0.514396462123841], "stats": [{"ci_99": [0.45474452152848244, 0.5276412898674607], "q_25": 0.5042076141107827, "q_75": 0.5195788850542158, "min": 0.45474452152848244, "max": 0.5276412898674607, "mean": 0.508550102263689, "std": 0.019897307040429187, "repeat": 10, "number": 1}]}, "support.path.get_parent_paths.time_allsubmods_toplevel": null, "support.path.get_parent_paths.time_allsubmods_toplevel_only": null, "support.path.get_parent_paths.time_no_submods": null, "support.path.get_parent_paths.time_one_submod_subdir": null, "support.path.get_parent_paths.time_one_submod_toplevel": null, "usecases.study_forrest.time_make_studyforrest_mockup": {"result": [26.524219408631325], "stats": [{"ci_99": [23.255221711471677, 29.79321710579097], "q_25": 26.49152943165973, "q_75": 26.55690938560292, "min": 26.458839454688132, "max": 26.589599362574518, "mean": 26.524219408631325, "std": 0.06537995394319296, "repeat": 2, "number": 1}]}, "core.runner.track_overhead_100ms": 1.4, "core.runner.track_overhead_echo": 35.5, "core.runner.track_overhead_heavyout": -0.29, "core.runner.track_overhead_heavyout_online_process": 14.07, "core.runner.track_overhead_heavyout_online_through": 40.83}, "params": {"arch": "x86_64", "cpu": "Intel(R) Xeon(R) CPU E5-1607 v2 @ 3.00GHz",