{"results": {"api.supers.time_createadd": {"result": [1.2780722971074283], "stats": [{"ci_99": [1.2610878478735685, 1.3007491677999496], "q_25": 1.273319908650592, "q_75": 1.286158652510494, "min": 1.2610878478735685, "max": 1.3007491677999496, "mean": 1.2794776411727071, "std": 0.010758613110929087, "repeat": 10, "number": 1}]}, "api.supers.time_createadd_to_dataset": {"result": [1.2255497896112502], "stats": [{"ci_99": [1.2071814415976405, 1.2422432471066713], "q_25": 1.2178422645665705, "q_75": 1.232451108749956, "min": 1.2071814415976405, "max": 1.2422432471066713, "mean": 1.225018458534032, "std": 0.009810245107438524, "repeat": 10, "number": 1}]}, "api.supers.time_diff": null, "api.supers.time_diff_recursive": null, "api.supers.time_installr": {"result": [6.301580215804279], "stats": [{"ci_99": [5.783441183157265, 6.8197192484512925], "q_25": 6.296398825477809, "q_75": 6.306761606130749, "min": 6.291217435151339, "max": 6.311942996457219, "mean": 6.301580215804279, "std": 0.010362780652940273, "repeat": 2, "number": 1}]}, "api.supers.time_ls": {"result": [0.19533188082277775], "stats": [{"ci_99": [0.18713002651929855, 0.2080960115417838], "q_25": 0.19235034426674247, "q_75": 0.19640870625153184, "min": 0.18713002651929855, "max": 0.2080960115417838, "mean": 0.19576295670121907, "std": 0.005495513401538247, "repeat": 10, "number": 1}]}, "api.supers.time_ls_recursive": {"result": [1.9020728785544634], "stats": [{"ci_99": [1.8987077670171857, 1.9167857393622398], "q_25": 1.899622828233987, "q_75": 1.908397869905457, "min": 1.8987077670171857, "max": 1.9167857393622398, "mean": 1.9043286671862005, "std": 0.005875810399541823, "repeat": 10, "number": 1}]}, "api.supers.time_ls_recursive_long_all": {"result": [2.060276723932475], "stats": [{"ci_99": [2.05344773363322, 2.0671715708449483], "q_25": 2.0548136327415705, "q_75": 2.063850613310933, "min": 2.05344773363322, "max": 2.0671715708449483, "mean": 2.059953424264677, "std": 0.005044616758808209, "repeat": 8, "number": 1}]}, "api.supers.time_remove": null, "api.supers.time_status": {"result": [0.7529936814680696], "stats": [{"ci_99": [0.7470881901681423, 0.757532655261457], "q_25": 0.7499503740109503, "q_75": 0.7559195554349571, "min": 0.7470881901681423, "max": 0.757532655261457, "mean": 0.7527691842056811, "std": 0.0035807901412111026, "repeat": 10, "number": 1}]}, "api.supers.time_status_recursive": {"result": [1.3974304585717618], "stats": [{"ci_99": [1.3919668952003121, 1.410998608916998], "q_25": 1.3939479128457606, "q_75": 1.4005850879475474, "min": 1.3919668952003121, "max": 1.410998608916998, "mean": 1.3982421200722457, "std": 0.0053592181156239685, "repeat": 10, "number": 1}]}, "api.supers.time_subdatasets": {"result": [0.10998062556609511], "stats": [{"ci_99": [0.10817919950932264, 0.11410289164632559], "q_25": 0.10900223604403436, "q_75": 0.11166398623026907, "min": 0.10817919950932264, "max": 0.11410289164632559, "mean": 0.11035241736099125, "std": 0.0018724625227866712, "repeat": 10, "number": 1}]}, "api.supers.time_subdatasets_recursive": {"result": [0.4446799415163696], "stats": [{"ci_99": [0.4404024574905634, 0.4483581045642495], "q_25": 0.44261110527440906, "q_75": 0.44581866986118257, "min": 0.4404024574905634, "max": 0.4483581045642495, "mean": 0.4442954735830426, "std": 0.0023714079771375855, "repeat": 10, "number": 1}]}, "api.supers.time_subdatasets_recursive_first": {"result": [0.11080145090818405], "stats": [{"ci_99": [0.10709055233746767, 0.11439482681453228], "q_25": 0.10856519592925906, "q_75": 0.11218642513267696, "min": 0.10709055233746767, "max": 0.11439482681453228, "mean": 0.11059343004599213, "std": 0.0023189382596136687, "repeat": 10, "number": 1}]}, "api.supers.time_uninstall": {"result": [4.13202538061887], "stats": [{"ci_99": [4.108151455914722, 4.161404228264345], "q_25": 4.127139396267012, "q_75": 4.139663826441392, "min": 4.124958830885589, "max": 4.150101776234806, "mean": 4.134777842089534, "std": 0.009759415182563356, "repeat": 4, "number": 1}]}, "repo.gitrepo.time_get_content_info": {"result": [0.014838940929621458], "stats": [{"ci_99": [0.014245853759348392, 0.018652883358299732], "q_25": 0.014643828617408872, "q_75": 0.017202144023030996, "min": 0.014245853759348392, "max": 0.018652883358299732, "mean": 0.015791403967887162, "std": 0.0015745683849794966, "repeat": 10, "number": 1}]}, "api.testds.time_create_test_dataset1": {"result": [0.6044398630037904], "stats": [{"ci_99": [0.5937217930331826, 0.6175683671608567], "q_25": 0.5984598936047405, "q_75": 0.6085061128251255, "min": 0.5937217930331826, "max": 0.6175683671608567, "mean": 0.6041694255545735, "std": 0.007216483811441105, "repeat": 10, "number": 1}]}, "api.testds.time_create_test_dataset2x2": {"result": [3.5702273841015995], "stats": [{"ci_99": [3.552828857611288, 3.5884519494777725], "q_25": 3.5663885984104127, "q_75": 3.574479189235717, "min": 3.5624001920223236, "max": 3.5797066539525986, "mean": 3.5706404035445303, "std": 0.006384208938342039, "repeat": 4, "number": 1}]}, "core.runner.time_echo": {"result": [0.0017673795421918235], "stats": [{"ci_99": [0.001701084120819966, 0.0021667114148537316], "q_25": 0.001705582719296217, "q_75": 0.0019676797091960907, "min": 0.001701084120819966, "max": 0.0021667114148537316, "mean": 0.001845634294052919, "std": 0.00016072672827296673, "repeat": 10, "number": 6}]}, "core.runner.time_echo_gitrunner": {"result": [0.002095115464180708], "stats": [{"ci_99": [0.0020751442760229112, 0.002114291302859783], "q_25": 0.002089932281523943, "q_75": 0.0021023509092628957, "min": 0.0020751442760229112, "max": 0.002114291302859783, "mean": 0.0020954526960849764, "std": 1.0247744263911735e-05, "repeat": 10, "number": 5}]}, "core.startup.time_help_np": {"result": [0.5679297307506204], "stats": [{"ci_99": [0.5136267561465502, 0.6208991203457117], "q_25": 0.5212748278863728, "q_75": 0.5769043057225645, "min": 0.5136267561465502, "max": 0.6208991203457117, "mean": 0.5564379040151834, "std": 0.034290642109129306, "repeat": 10, "number": 1}]}, "core.startup.time_import": {"result": [0.17088439455255866], "stats": [{"ci_99": [0.14245943911373615, 0.20166989881545305], "q_25": 0.1572658435907215, "q_75": 0.19349889177829027, "min": 0.14245943911373615, "max": 0.20166989881545305, "mean": 0.17411457914859058, "std": 0.020072343132684984, "repeat": 10, "number": 1}]}, "core.startup.time_import_api": {"result": [0.5051234769634902], "stats": [{"ci_99": [0.45176896918565035, 0.5548983598127961], "q_25": 0.48880395689047873, "q_75": 0.5291423182934523, "min": 0.45176896918565035, "max": 0.5548983598127961, "mean": 0.5062413955107331, "std": 0.029274132383119093, "repeat": 10, "number": 1}]}, "support.path.get_parent_paths.time_allsubmods_toplevel": {"result": [0.006987002678215504], "stats": [{"ci_99": [0.00682910718023777, 0.008840398862957954], "q_25": 0.0068435578141361475, "q_75": 0.007713073631748557, "min": 0.00682910718023777, "max": 0.008840398862957954, "mean": 0.007371447654440999, "std": 0.0006837550344163646, "repeat": 10, "number": 2}]}, "support.path.get_parent_paths.time_allsubmods_toplevel_only": {"result": [0.006537608103826642], "stats": [{"ci_99": [0.0061124772764742374, 0.008045053109526634], "q_25": 0.00611942820250988, "q_75": 0.0070899088168516755, "min": 0.0061124772764742374, "max": 0.008045053109526634, "mean": 0.006718112947419285, "std": 0.0006629706509085012, "repeat": 10, "number": 2}]}, "support.path.get_parent_paths.time_no_submods": {"result": [2.8871053753457534e-07], "stats": [{"ci_99": [2.75331849494682e-07, 3.677997293174758e-07], "q_25": 2.76151281745822e-07, "q_75": 3.2533006061749196e-07, "min": 2.75331849494682e-07, "max": 3.677997293174758e-07, "mean": 3.036233690288072e-07, "std": 3.226171789701551e-08, "repeat": 10, "number": 38848}]}, "support.path.get_parent_paths.time_one_submod_subdir": {"result": [0.005583452992141247], "stats": [{"ci_99": [0.00537591427564621, 0.007045989390462637], "q_25": 0.005381791735999286,