{"results": {"api.supers.time_createadd": {"result": [0.9926905259490013], "stats": [{"ci_99": [0.9682491468265653, 1.0139293586835265], "q_25": 0.977465427480638, "q_75": 0.99972985079512, "min": 0.9682491468265653, "max": 1.0139293586835265, "mean": 0.9900084358640016, "std": 0.014696026076980777, "repeat": 10, "number": 1}]}, "api.supers.time_createadd_to_dataset": {"result": [0.9892142284661531], "stats": [{"ci_99": [0.9705378711223602, 1.0174083327874541], "q_25": 0.9799985294230282, "q_75": 0.9997940547764301, "min": 0.9705378711223602, "max": 1.0174083327874541, "mean": 0.9906340328976512, "std": 0.014364175671351523, "repeat": 10, "number": 1}]}, "api.supers.time_diff": null, "api.supers.time_diff_recursive": null, "api.supers.time_installr": {"result": [3.7996339784003794], "stats": [{"ci_99": [3.743995382090789, 3.8492107301822487], "q_25": 3.7893663921859115, "q_75": 3.8068706423509866, "min": 3.7660397198051214, "max": 3.8211045479401946, "mean": 3.7966030561365187, "std": 0.01978151929500363, "repeat": 4, "number": 1}]}, "api.supers.time_ls": {"result": [0.6930864807218313], "stats": [{"ci_99": [0.6869126297533512, 0.7053071018308401], "q_25": 0.6909287406597286, "q_75": 0.6978100598789752, "min": 0.6869126297533512, "max": 0.7053071018308401, "mean": 0.6944771469570696, "std": 0.0051324801350449934, "repeat": 10, "number": 1}]}, "api.supers.time_ls_recursive": {"result": [2.5989633933641016], "stats": [{"ci_99": [2.5922517347062692, 2.607814518836631], "q_25": 2.59647202398628, "q_75": 2.6036130357533693, "min": 2.5942130079492927, "max": 2.6072544818744063, "mean": 2.60003312677145, "std": 0.0046495919381885804, "repeat": 6, "number": 1}]}, "api.supers.time_ls_recursive_long_all": {"result": [2.76416032621637], "stats": [{"ci_99": [2.7511654718276435, 2.7713555393932685], "q_25": 2.7560339807532728, "q_75": 2.7652896146755666, "min": 2.751795783638954, "max": 2.7684553544968367, "mean": 2.761260505610456, "std": 0.0062475978038400585, "repeat": 6, "number": 1}]}, "api.supers.time_remove": {"result": [1.855375844053924], "stats": [{"ci_99": [1.7895552394911647, 1.8854670003056526], "q_25": 1.80044477712363, "q_75": 1.8776824683882296, "min": 1.7895552394911647, "max": 1.8854670003056526, "mean": 1.8426518636755644, "std": 0.03884731289285785, "repeat": 10, "number": 1}]}, "api.supers.time_status": {"result": [0.6969696753658354], "stats": [{"ci_99": [0.6769444299861789, 0.7249050289392471], "q_25": 0.679535718401894, "q_75": 0.7190755649935454, "min": 0.6769444299861789, "max": 0.7249050289392471, "mean": 0.6990137713961303, "std": 0.019793975248860837, "repeat": 10, "number": 1}]}, "api.supers.time_status_recursive": {"result": [1.16599514009431], "stats": [{"ci_99": [1.127631787210703, 1.1926806727424264], "q_25": 1.1441342344041914, "q_75": 1.1771443947218359, "min": 1.127631787210703, "max": 1.1926806727424264, "mean": 1.161926235165447, "std": 0.02085196678199101, "repeat": 10, "number": 1}]}, "api.supers.time_subdatasets": {"result": [0.04828455951064825], "stats": [{"ci_99": [0.045569985173642635, 0.061250945553183556], "q_25": 0.04674147069454193, "q_75": 0.052884336560964584, "min": 0.045569985173642635, "max": 0.061250945553183556, "mean": 0.05033104848116636, "std": 0.004783731367617343, "repeat": 10, "number": 1}]}, "api.supers.time_subdatasets_recursive": {"result": [0.12229826208204031], "stats": [{"ci_99": [0.11766446009278297, 0.13082094583660364], "q_25": 0.11818808573298156, "q_75": 0.1255593067035079, "min": 0.11766446009278297, "max": 0.13082094583660364, "mean": 0.12241571685299277, "std": 0.0041998608516081925, "repeat": 10, "number": 1}]}, "api.supers.time_subdatasets_recursive_first": {"result": [0.05272346269339323], "stats": [{"ci_99": [0.04476381279528141, 0.060817879624664783], "q_25": 0.047584719490259886, "q_75": 0.05617952346801758, "min": 0.04476381279528141, "max": 0.060817879624664783, "mean": 0.052071578614413735, "std": 0.005186716876620782, "repeat": 10, "number": 1}]}, "api.supers.time_uninstall": {"result": [1.762931540608406], "stats": [{"ci_99": [1.739955022931099, 1.8397289393469691], "q_25": 1.7472780842799693, "q_75": 1.8232595124281943, "min": 1.739955022931099, "max": 1.8397289393469691, "mean": 1.7826932738535106, "std": 0.040076089113019936, "repeat": 10, "number": 1}]}, "repo.gitrepo.time_get_content_info": {"result": [0.020058401860296726], "stats": [{"ci_99": [0.016397448256611824, 0.02414001803845167], "q_25": 0.019426844781264663, "q_75": 0.021778785390779376, "min": 0.016397448256611824, "max": 0.02414001803845167, "mean": 0.020465292595326902, "std": 0.0020709746172801256, "repeat": 10, "number": 1}]}, "api.testds.time_create_test_dataset1": {"result": [0.43880180083215237], "stats": [{"ci_99": [0.4327959828078747, 0.4585771691054106], "q_25": 0.43513544695451856, "q_75": 0.4432605826295912, "min": 0.4327959828078747, "max": 0.4585771691054106, "mean": 0.44131719283759596, "std": 0.007969597729497471, "repeat": 10, "number": 1}]}, "api.testds.time_create_test_dataset2x2": {"result": [2.78092636866495], "stats": [{"ci_99": [2.726943462282725, 2.829870171407553], "q_25": 2.750055770156905, "q_75": 2.7960630075540394, "min": 2.7395272608846426, "max": 2.8281867783516645, "mean": 2.778406816845139, "std": 0.031152217273812764, "repeat": 6, "number": 1}]}, "core.runner.time_echo": {"result": [0.0018495273155470688], "stats": [{"ci_99": [0.0017198727776606877, 0.0023144176229834557], "q_25": 0.0017440901913990576, "q_75": 0.00211235333699733, "min": 0.0017198727776606877, "max": 0.0023144176229834557, "mean": 0.0019437083664039772, "std": 0.00022261715412449982, "repeat": 10, "number": 6}]}, "core.runner.time_echo_gitrunner": {"result": [0.0023885214468464255], "stats": [{"ci_99": [0.002104753628373146, 0.0028398772701621056], "q_25": 0.0022560396464541554, "q_75": 0.002596396254375577, "min": 0.002104753628373146, "max": 0.0028398772701621056, "mean": 0.002426277962513268, "std": 0.00022768996319936954, "repeat": 10, "number": 4}]}, "core.startup.time_help_np": {"result": [0.5885263155214489], "stats": [{"ci_99": [0.5602276725694537, 0.6277505196630955], "q_25": 0.5691232623066753, "q_75": 0.6032589066307992, "min": 0.5602276725694537, "max": 0.6277505196630955, "mean": 0.5889424710534513, "std": 0.021399834928025545, "repeat": 10, "number": 1}]}, "core.startup.time_import": {"result": [0.18291491456329823], "stats": [{"ci_99": [0.14282763190567493, 0.21836406271904707], "q_25": 0.16562743950635195, "q_75": 0.20023995079100132, "min": 0.14282763190567493, "max": 0.21836406271904707, "mean": 0.1824044229462743, "std": 0.0242071966079881, "repeat": 10, "number": 1}]}, "core.startup.time_import_api": {"result": [0.5021227621473372], "stats": [{"ci_99": [0.4754417706280947, 0.566611816175282], "q_25": 0.49379095854237676, "q_75": 0.5152721649501473, "min": 0.4754417706280947, "max": 0.566611816175282, "mean": 0.5102391023188829, "std": 0.026023092383966277, "repeat": 10, "number": 1}]}, "support.path.get_parent_paths.time_allsubmods_toplevel": null, "support.path.get_parent_paths.time_allsubmods_toplevel_only": null, "support.path.get_parent_paths.time_no_submods": null, "support.path.get_parent_paths.time_one_submod_subdir": null, "support.path.get_parent_paths.time_one_submod_toplevel": null, "usecases.study_forrest.time_make_studyforrest_mockup": {"result": [26.894082651473582], "stats": [{"ci_99": [26.451935629360378, 27.336229673586786], "q_25": 26.88966118125245, "q_75": 26.898504121694714, "min": 26.885239711031318, "max": 26.902925591915846, "mean": 26.894082651473582, "std": 0.00884294044226408, "repeat": 2, "number": 1}]}, "core.runner.track_overhead_100ms": 1.64, "core.runner.track_overhead_echo": 35.44, "core.runner.track_overhead_heavyout": 8.52, "core.runner.track_overhead_heavyout_online_process": 1.25, "core.runner.track_overhead_heavyout_online_through": 51.09}, "params": {"arch": "x86_64", "cpu": "Intel(R) Xeon(R) CPU E5-1607 v2 @ 3.00GHz",