{"results": {"api.supers.time_createadd": {"result": [1.2731910618022084], "stats": [{"ci_99": [1.2631548894569278, 1.2948264731094241], "q_25": 1.2687162125948817, "q_75": 1.2835401839111, "min": 1.2631548894569278, "max": 1.2948264731094241, "mean": 1.2764516960829497, "std": 0.010266588982415692, "repeat": 10, "number": 1}]}, "api.supers.time_createadd_to_dataset": {"result": [1.2451532669365406], "stats": [{"ci_99": [1.2380052534863353, 1.2690965980291367], "q_25": 1.2403433213476092, "q_75": 1.2535136283840984, "min": 1.2380052534863353, "max": 1.2690965980291367, "mean": 1.2482172171585262, "std": 0.009859377665014562, "repeat": 10, "number": 1}]}, "api.supers.time_diff": null, "api.supers.time_diff_recursive": null, "api.supers.time_installr": {"result": [5.269474972970784], "stats": [{"ci_99": [2.528114820830524, 8.010835125111042], "q_25": 5.242061371449381, "q_75": 5.296888574492186, "min": 5.2146477699279785, "max": 5.324302176013589, "mean": 5.269474972970784, "std": 0.054827203042805195, "repeat": 2, "number": 1}]}, "api.supers.time_ls": {"result": [0.17902087233960629], "stats": [{"ci_99": [0.17461405601352453, 0.1888864580541849], "q_25": 0.17773086624220014, "q_75": 0.18110629147849977, "min": 0.17461405601352453, "max": 0.1888864580541849, "mean": 0.17985519459471105, "std": 0.003983780348437856, "repeat": 10, "number": 1}]}, "api.supers.time_ls_recursive": {"result": [1.7531739985570312], "stats": [{"ci_99": [1.7449740832671523, 1.824970405548811], "q_25": 1.7502447599545121, "q_75": 1.7708019949495792, "min": 1.7449740832671523, "max": 1.824970405548811, "mean": 1.7683144920505582, "std": 0.02855274272883993, "repeat": 10, "number": 1}]}, "api.supers.time_ls_recursive_long_all": {"result": [1.9045369578525424], "stats": [{"ci_99": [1.9010790241882205, 1.9329679738730192], "q_25": 1.9043348962441087, "q_75": 1.9198762373998761, "min": 1.9010790241882205, "max": 1.9329679738730192, "mean": 1.9109867490414116, "std": 0.010181620583386184, "repeat": 9, "number": 1}]}, "api.supers.time_remove": null, "api.supers.time_rev_createadd": null, "api.supers.time_rev_createadd_to_dataset": null, "api.supers.time_status": {"result": [0.7085245088674128], "stats": [{"ci_99": [0.7050063973292708, 0.7199717052280903], "q_25": 0.7073276836890727, "q_75": 0.710305898450315, "min": 0.7050063973292708, "max": 0.7199717052280903, "mean": 0.7095360086299479, "std": 0.003946508330833635, "repeat": 10, "number": 1}]}, "api.supers.time_status_recursive": {"result": [1.340033442247659], "stats": [{"ci_99": [1.3309059012681246, 1.3540383484214544], "q_25": 1.3369856770150363, "q_75": 1.3428862406872213, "min": 1.3309059012681246, "max": 1.3540383484214544, "mean": 1.3402420380152762, "std": 0.006070402951476707, "repeat": 10, "number": 1}]}, "api.supers.time_subdatasets": {"result": [0.09495561709627509], "stats": [{"ci_99": [0.092559858225286, 0.09751611109822989], "q_25": 0.0945715019479394, "q_75": 0.09616315201856196, "min": 0.092559858225286, "max": 0.09751611109822989, "mean": 0.09505907976999879, "std": 0.0015200468393151761, "repeat": 10, "number": 1}]}, "api.supers.time_subdatasets_recursive": {"result": [0.4197806236334145], "stats": [{"ci_99": [0.4149733753874898, 0.4334886008873582], "q_25": 0.4183690457139164, "q_75": 0.4214611048810184, "min": 0.4149733753874898, "max": 0.4334886008873582, "mean": 0.4210074387490749, "std": 0.004968355773936136, "repeat": 10, "number": 1}]}, "api.supers.time_subdatasets_recursive_first": {"result": [0.09381158975884318], "stats": [{"ci_99": [0.091236119158566, 0.09697484690696001], "q_25": 0.09226020844653249, "q_75": 0.09545120899565518, "min": 0.091236119158566, "max": 0.09697484690696001, "mean": 0.09386850902810692, "std": 0.0018060531557967188, "repeat": 10, "number": 1}]}, "api.supers.time_uninstall": {"result": [4.164866293780506], "stats": [{"ci_99": [4.136971182268503, 4.19112705058938], "q_25": 4.1583685874938965, "q_75": 4.170546822715551, "min": 4.150031161494553, "max": 4.1764327166602015, "mean": 4.1640491164289415, "std": 0.00973200407917831, "repeat": 4, "number": 1}]}, "repo.gitrepo.time_get_content_info": {"result": [0.015016219578683376], "stats": [{"ci_99": [0.014474185183644295, 0.017404593527317047], "q_25": 0.014727441128343344, "q_75": 0.015323143918067217, "min": 0.014474185183644295, "max": 0.017404593527317047, "mean": 0.015203586779534817, "std": 0.0007905296204706729, "repeat": 10, "number": 1}]}, "api.testds.time_create_test_dataset1": {"result": [0.6074856608174741], "stats": [{"ci_99": [0.6005275323987007, 0.6222476027905941], "q_25": 0.6031343499198556, "q_75": 0.6112780515104532, "min": 0.6005275323987007, "max": 0.6222476027905941, "mean": 0.6083930319175124, "std": 0.006874555549710094, "repeat": 10, "number": 1}]}, "api.testds.time_create_test_dataset2x2": {"result": [3.742169603239745], "stats": [{"ci_99": [3.7237519782224386, 3.756574917379609], "q_25": 3.738391892518848, "q_75": 3.7439411585219204, "min": 3.729658003896475, "max": 3.7466565808281302, "mean": 3.7401634478010237, "std": 0.006365449623674302, "repeat": 4, "number": 1}]}, "core.runner.time_echo": {"result": [0.0018488689480970302], "stats": [{"ci_99": [0.001738860582311948, 0.0023369135645528636], "q_25": 0.001761600375175476, "q_75": 0.0021288665399576225, "min": 0.001738860582311948, "max": 0.0023369135645528636, "mean": 0.0019528602249920366, "std": 0.00021834167734552018, "repeat": 10, "number": 6}]}, "core.runner.time_echo_gitrunner": {"result": [0.002451934851706028], "stats": [{"ci_99": [0.002153945853933692, 0.0031530570704489946], "q_25": 0.0022388268844224513, "q_75": 0.0027495126123540103, "min": 0.002153945853933692, "max": 0.0031530570704489946, "mean": 0.002526529459282756, "std": 0.0003277535424719929, "repeat": 10, "number": 4}]}, "core.startup.time_help_np": {"result": [0.6145408344455063], "stats": [{"ci_99": [0.6046832343563437, 0.6832547662779689], "q_25": 0.6096978764981031, "q_75": 0.6219853702932596, "min": 0.6046832343563437, "max": 0.6832547662779689, "mean": 0.6230201889760792, "std": 0.02250586490020887, "repeat": 10, "number": 1}]}, "core.startup.time_import": {"result": [0.1882464955560863], "stats": [{"ci_99": [0.1348260473459959, 0.2205182434991002], "q_25": 0.14412401570007205, "q_75": 0.19868955411948264, "min": 0.1348260473459959, "max": 0.2205182434991002, "mean": 0.17700751395896078, "std": 0.03190776259424285, "repeat": 10, "number": 1}]}, "core.startup.time_import_api": {"result": [0.5484990770928562], "stats": [{"ci_99": [0.5320175737142563, 0.6014330573379993], "q_25": 0.5380942656192929, "q_75": 0.5575476957019418, "min": 0.5320175737142563, "max": 0.6014330573379993, "mean": 0.5520947610028089, "std": 0.019816324631578144, "repeat": 10, "number": 1}]}, "support.path.get_parent_paths.time_allsubmods_toplevel": {"result": [0.007638876559212804], "stats": [{"ci_99": [0.006854333449155092, 0.008609317243099213], "q_25": 0.007272765622474253, "q_75": 0.008071222458966076, "min": 0.006854333449155092, "max": 0.008609317243099213, "mean": 0.007681106356903911, "std": 0.0005997930282283753, "repeat": 10, "number": 2}]}, "support.path.get_parent_paths.time_allsubmods_toplevel_only": {"result": [0.00655149738304317], "stats": [{"ci_99": [0.006071482785046101, 0.007296434137970209], "q_25": 0.006288643809966743, "q_75": 0.006860434543341398, "min": 0.006071482785046101, "max": 0.007296434137970209, "mean": 0.006600850494578481, "std": 0.000400822195732306, "repeat": 10, "number": 2}]}, "support.path.get_parent_paths.time_no_submods": {"result": [2.811647500013062e-07], "stats": [{"ci_99": [2.69190058461041e-07, 3.4995939081606685e-07], "q_25": 2.7058125300788034e-07, "q_75": 3.1677123933750223e-07, "min": 2.69190058461041e-07, "max": 3.4995939081606685e-07, "mean": 2.952788672053041e-07, "std": 2.892055307298368e-08, "repeat": 10, "number": 39976}]}, "support.path.get_parent_paths.time_one_submod_subdir": {"result": [0.00553433015011251],