{"results": {"api.supers.time_createadd": {"result": [1.3765933173708618], "stats": [{"ci_99": [1.3429221585392952, 1.4093843530863523], "q_25": 1.359430119395256, "q_75": 1.3892685170285404, "min": 1.3429221585392952, "max": 1.4093843530863523, "mean": 1.3747844446450472, "std": 0.02156570691794687, "repeat": 10, "number": 1}]}, "api.supers.time_createadd_to_dataset": {"result": [1.1148759531788528], "stats": [{"ci_99": [1.0995323099195957, 1.146831527352333], "q_25": 1.1041019586846232, "q_75": 1.1261318300385028, "min": 1.0995323099195957, "max": 1.146831527352333, "mean": 1.1182485639117659, "std": 0.0161344266656953, "repeat": 10, "number": 1}]}, "api.supers.time_diff": {"result": [0.09925729501992464], "stats": [{"ci_99": [0.08716086205095053, 0.1262302426621318], "q_25": 0.09235463687218726, "q_75": 0.1127194338478148, "min": 0.08716086205095053, "max": 0.1262302426621318, "mean": 0.10343150664120912, "std": 0.013668224504124504, "repeat": 10, "number": 1}]}, "api.supers.time_diff_recursive": {"result": [0.3105814764276147], "stats": [{"ci_99": [0.2988504245877266, 0.31893058121204376], "q_25": 0.30704687163233757, "q_75": 0.31159699195995927, "min": 0.2988504245877266, "max": 0.31893058121204376, "mean": 0.3099260943941772, "std": 0.005430681130261943, "repeat": 10, "number": 1}]}, "api.supers.time_installr": {"result": [3.8183597791939974], "stats": [{"ci_99": [3.7399028438403743, 3.9042567358091933], "q_25": 3.808108717901632, "q_75": 3.832330851117149, "min": 3.7822988647967577, "max": 3.8693007361143827, "mean": 3.822079789824784, "std": 0.03100583437169515, "repeat": 4, "number": 1}]}, "api.supers.time_ls": {"result": [0.6912992177531123], "stats": [{"ci_99": [0.6830071918666363, 0.6970978332683444], "q_25": 0.6882968978025019, "q_75": 0.6948415255174041, "min": 0.6830071918666363, "max": 0.6970978332683444, "mean": 0.6912573436275125, "std": 0.004250308990475906, "repeat": 10, "number": 1}]}, "api.supers.time_ls_recursive": {"result": [2.6132389046251774], "stats": [{"ci_99": [2.6034985426546102, 2.641097388230264], "q_25": 2.6118417030666023, "q_75": 2.6205680544953793, "min": 2.609842924401164, "max": 2.641097388230264, "mean": 2.61863419925794, "std": 0.010870262196358251, "repeat": 6, "number": 1}]}, "api.supers.time_ls_recursive_long_all": {"result": [2.781467533670366], "stats": [{"ci_99": [2.769956444390118, 2.78986560683543], "q_25": 2.776469421805814, "q_75": 2.7841220109257847, "min": 2.769956444390118, "max": 2.7880244264379144, "mean": 2.780121026560664, "std": 0.0060694779910181705, "repeat": 6, "number": 1}]}, "api.supers.time_remove": {"result": [2.0806780899874866], "stats": [{"ci_99": [2.054743197746575, 2.1151884868741035], "q_25": 2.0695419781841338, "q_75": 2.090687414864078, "min": 2.054743197746575, "max": 2.1151884868741035, "mean": 2.0815681292442605, "std": 0.01765805070009327, "repeat": 8, "number": 1}]}, "api.supers.time_status": {"result": [0.6815389366820455], "stats": [{"ci_99": [0.6755007617175579, 0.6899125752970576], "q_25": 0.6802594223991036, "q_75": 0.6841695748735219, "min": 0.6755007617175579, "max": 0.6899125752970576, "mean": 0.6821113045327365, "std": 0.0036810874979076075, "repeat": 10, "number": 1}]}, "api.supers.time_status_recursive": {"result": [1.136796122416854], "stats": [{"ci_99": [1.1318950755521655, 1.1544323777779937], "q_25": 1.1350743409711868, "q_75": 1.1409163356292993, "min": 1.1318950755521655, "max": 1.1544323777779937, "mean": 1.13868976123631, "std": 0.006139086497802838, "repeat": 10, "number": 1}]}, "api.supers.time_subdatasets": {"result": [0.05207069357857108], "stats": [{"ci_99": [0.0449994346126914, 0.06673691049218178], "q_25": 0.04770125006325543, "q_75": 0.05692398292012513, "min": 0.0449994346126914, "max": 0.06673691049218178, "mean": 0.05304801249876619, "std": 0.006573454899301872, "repeat": 10, "number": 1}]}, "api.supers.time_subdatasets_recursive": {"result": [0.12253275653347373], "stats": [{"ci_99": [0.11674577090889215, 0.13062318973243237], "q_25": 0.11940502701327205, "q_75": 0.1254185694269836, "min": 0.11674577090889215, "max": 0.13062318973243237, "mean": 0.12267991807311773, "std": 0.004395571184593189, "repeat": 10, "number": 1}]}, "api.supers.time_subdatasets_recursive_first": {"result": [0.05501763476058841], "stats": [{"ci_99": [0.04994401428848505, 0.06307795830070972], "q_25": 0.0528807092923671, "q_75": 0.058057035552337766, "min": 0.04994401428848505, "max": 0.06307795830070972, "mean": 0.05589803317561746, "std": 0.004191060920807584, "repeat": 10, "number": 1}]}, "api.supers.time_uninstall": {"result": [2.144668459892273], "stats": [{"ci_99": [2.138581693172455, 2.148150975815952], "q_25": 2.1427752112504095, "q_75": 2.145898281596601, "min": 2.138581693172455, "max": 2.148150975815952, "mean": 2.144190162187442, "std": 0.0028805970984404692, "repeat": 8, "number": 1}]}, "repo.gitrepo.time_get_content_info": {"result": [0.019921918399631977], "stats": [{"ci_99": [0.0162629010155797, 0.02124554757028818], "q_25": 0.017982495948672295, "q_75": 0.020792170194908977, "min": 0.0162629010155797, "max": 0.02124554757028818, "mean": 0.019309364911168813, "std": 0.0016654220713161114, "repeat": 10, "number": 1}]}, "api.testds.time_create_test_dataset1": {"result": [0.4366816570982337], "stats": [{"ci_99": [0.4314211830496788, 0.4488664250820875], "q_25": 0.43560192990116775, "q_75": 0.4435549466870725, "min": 0.4314211830496788, "max": 0.4488664250820875, "mean": 0.43909419821575285, "std": 0.005672316807805206, "repeat": 10, "number": 1}]}, "api.testds.time_create_test_dataset2x2": {"result": [2.76182359457016], "stats": [{"ci_99": [2.748495635118751, 2.784549775533378], "q_25": 2.7596852520946413, "q_75": 2.765374073991552, "min": 2.748858460225165, "max": 2.784549775533378, "mean": 2.7637642438833914, "std": 0.010721876663344308, "repeat": 6, "number": 1}]}, "core.runner.time_echo": {"result": [0.0020887245424091815], "stats": [{"ci_99": [0.0019051225855946541, 0.002310096472501755], "q_25": 0.0019827479962259533, "q_75": 0.0021804564632475374, "min": 0.0019051225855946541, "max": 0.002310096472501755, "mean": 0.0020882539451122285, "std": 0.0001228485932139151, "repeat": 10, "number": 5}]}, "core.runner.time_echo_gitrunner": {"result": [0.002301950938999653], "stats": [{"ci_99": [0.0020957034081220626, 0.002760991081595421], "q_25": 0.002137094317004085, "q_75": 0.002537435200065374, "min": 0.0020957034081220626, "max": 0.002760991081595421, "mean": 0.0023532199487090112, "std": 0.00022959852201871853, "repeat": 10, "number": 5}]}, "core.startup.time_help_np": {"result": [0.5796266300603747], "stats": [{"ci_99": [0.5206891819834709, 0.6429569637402892], "q_25": 0.5503334808163345, "q_75": 0.6233872876036912, "min": 0.5206891819834709, "max": 0.6429569637402892, "mean": 0.5820387898012995, "std": 0.04338712362544394, "repeat": 10, "number": 1}]}, "core.startup.time_import": {"result": [0.16658456856384873], "stats": [{"ci_99": [0.11365501303225756, 0.19636366795748472], "q_25": 0.1208328353241086, "q_75": 0.17459595808759332, "min": 0.11365501303225756, "max": 0.19636366795748472, "mean": 0.1550929450429976, "std": 0.03069649782485503, "repeat": 10, "number": 1}]}, "core.startup.time_import_api": {"result": [0.5318634919822216], "stats": [{"ci_99": [0.4573218962177634, 0.5651611629873514], "q_25": 0.5001138902734965, "q_75": 0.5564977610483766, "min": 0.4573218962177634, "max": 0.5651611629873514, "mean": 0.5222427460364998, "std": 0.038134787505745546, "repeat": 10, "number": 1}]}, "support.path.get_parent_paths.time_allsubmods_toplevel": null, "support.path.get_parent_paths.time_allsubmods_toplevel_only": null, "support.path.get_parent_paths.time_no_submods": null, "support.path.get_parent_paths.time_one_submod_subdir": null, "support.path.get_parent_paths.time_one_submod_toplevel": null, "usecases.study_forrest.time_make_studyforrest_mockup": {"result": [35.95926697133109], "stats": [{"ci_99": [28.543894302565604, 43.37463964009657],