{"results": {"api.supers.time_createadd": {"result": [1.2675604317337275], "stats": [{"ci_99": [1.2582631185650826, 1.2909985929727554], "q_25": 1.2642666273750365, "q_75": 1.274128152988851, "min": 1.2582631185650826, "max": 1.2909985929727554, "mean": 1.2701142740435898, "std": 0.00966024585718006, "repeat": 10, "number": 1}]}, "api.supers.time_createadd_to_dataset": {"result": [1.2105591376312077], "stats": [{"ci_99": [1.1958582550287247, 1.234299666248262], "q_25": 1.20498247561045, "q_75": 1.221060443436727, "min": 1.1958582550287247, "max": 1.234299666248262, "mean": 1.2124508123844862, "std": 0.011663604695953749, "repeat": 10, "number": 1}]}, "api.supers.time_diff": null, "api.supers.time_diff_recursive": null, "api.supers.time_installr": {"result": [5.0616363901644945], "stats": [{"ci_99": [4.3689710926264524, 5.754301687702536], "q_25": 5.054709737189114, "q_75": 5.068563043139875, "min": 5.047783084213734, "max": 5.075489696115255, "mean": 5.0616363901644945, "std": 0.013853305950760841, "repeat": 2, "number": 1}]}, "api.supers.time_ls": {"result": [0.18542243959382176], "stats": [{"ci_99": [0.17950592655688524, 0.19697552546858788], "q_25": 0.18382011237554252, "q_75": 0.1874759322963655, "min": 0.17950592655688524, "max": 0.19697552546858788, "mean": 0.18658789424225689, "std": 0.004837009433489829, "repeat": 10, "number": 1}]}, "api.supers.time_ls_recursive": {"result": [1.8021464222110808], "stats": [{"ci_99": [1.7902409294620156, 1.8083023084327579], "q_25": 1.793799625709653, "q_75": 1.8069582432508469, "min": 1.7902409294620156, "max": 1.8083023084327579, "mean": 1.800335238315165, "std": 0.006913247991581397, "repeat": 10, "number": 1}]}, "api.supers.time_ls_recursive_long_all": {"result": [1.9583332939073443], "stats": [{"ci_99": [1.9473861139267683, 1.9602377722039819], "q_25": 1.95238341181539, "q_75": 1.959538210183382, "min": 1.9473861139267683, "max": 1.9602377722039819, "mean": 1.9560067490674555, "std": 0.00451668973480996, "repeat": 8, "number": 1}]}, "api.supers.time_remove": null, "api.supers.time_status": {"result": [0.7476952695287764], "stats": [{"ci_99": [0.7447707038372755, 0.75456602871418], "q_25": 0.7469633193686604, "q_75": 0.7500696403440088, "min": 0.7447707038372755, "max": 0.75456602871418, "mean": 0.7484244217164815, "std": 0.0027860970579141908, "repeat": 10, "number": 1}]}, "api.supers.time_status_recursive": {"result": [1.3923704116605222], "stats": [{"ci_99": [1.3870134754106402, 1.4020698061212897], "q_25": 1.389374298043549, "q_75": 1.3984898393973708, "min": 1.3870134754106402, "max": 1.4020698061212897, "mean": 1.3940082509070635, "std": 0.0054259493889178105, "repeat": 10, "number": 1}]}, "api.supers.time_subdatasets": {"result": [0.10867598000913858], "stats": [{"ci_99": [0.10663878824561834, 0.11658567562699318], "q_25": 0.10779158608056605, "q_75": 0.11113550281152129, "min": 0.10663878824561834, "max": 0.11658567562699318, "mean": 0.10987502234056593, "std": 0.0029875721474969825, "repeat": 10, "number": 1}]}, "api.supers.time_subdatasets_recursive": {"result": [0.44241498736664653], "stats": [{"ci_99": [0.4381185146048665, 0.45264481008052826], "q_25": 0.4408980382140726, "q_75": 0.4449280551634729, "min": 0.4381185146048665, "max": 0.45264481008052826, "mean": 0.4433854090981185, "std": 0.003914134211454396, "repeat": 10, "number": 1}]}, "api.supers.time_subdatasets_recursive_first": {"result": [0.10849888483062387], "stats": [{"ci_99": [0.1058371402323246, 0.11942977178841829], "q_25": 0.10729616973549128, "q_75": 0.11031969613395631, "min": 0.1058371402323246, "max": 0.11942977178841829, "mean": 0.10962121561169624, "std": 0.003668092432215044, "repeat": 10, "number": 1}]}, "api.supers.time_uninstall": {"result": [4.121770271565765], "stats": [{"ci_99": [4.105876705370946, 4.137112253118204], "q_25": 4.116681148298085, "q_75": 4.126583602512255, "min": 4.11522329505533, "max": 4.1272140787914395, "mean": 4.121494479244575, "std": 0.005351917443373615, "repeat": 4, "number": 1}]}, "repo.gitrepo.time_get_content_info": {"result": [0.015896708704531193], "stats": [{"ci_99": [0.014916906133294106, 0.018641475588083267], "q_25": 0.0153554268181324, "q_75": 0.016764891799539328, "min": 0.014916906133294106, "max": 0.018641475588083267, "mean": 0.01614701934158802, "std": 0.0010877765305026858, "repeat": 10, "number": 1}]}, "api.testds.time_create_test_dataset1": {"result": [0.6003349819220603], "stats": [{"ci_99": [0.5938191516324878, 0.6150782974436879], "q_25": 0.596836727578193, "q_75": 0.607764673884958, "min": 0.5938191516324878, "max": 0.6150782974436879, "mean": 0.6020694037899375, "std": 0.0069619097709469014, "repeat": 10, "number": 1}]}, "api.testds.time_create_test_dataset2x2": {"result": [3.5779877807945013], "stats": [{"ci_99": [3.5365360157581995, 3.630921245364564], "q_25": 3.570268590003252, "q_75": 3.591447821352631, "min": 3.5668518524616957, "max": 3.612087108194828, "mean": 3.5837286305613816, "std": 0.01761777319371314, "repeat": 4, "number": 1}]}, "core.runner.time_echo": {"result": [0.001943247780824701], "stats": [{"ci_99": [0.0017584588689108689, 0.0022031405630211034], "q_25": 0.0018606727632383506, "q_75": 0.0020939038755993047, "min": 0.0017584588689108689, "max": 0.0022031405630211034, "mean": 0.0019652028723309437, "std": 0.00014421696065411617, "repeat": 10, "number": 6}]}, "core.runner.time_echo_gitrunner": {"result": [0.0024778578663244843], "stats": [{"ci_99": [0.0022444433998316526, 0.0029344509821385145], "q_25": 0.0023819883354008198, "q_75": 0.0026799654588103294, "min": 0.0022444433998316526, "max": 0.0029344509821385145, "mean": 0.0025389410555362703, "std": 0.00021574542277717277, "repeat": 10, "number": 4}]}, "core.startup.time_help_np": {"result": [0.560433910228312], "stats": [{"ci_99": [0.5149736888706684, 0.6251030201092362], "q_25": 0.5253104835283011, "q_75": 0.5800823199097067, "min": 0.5149736888706684, "max": 0.6251030201092362, "mean": 0.5580045551992953, "std": 0.03368442690201749, "repeat": 10, "number": 1}]}, "core.startup.time_import": {"result": [0.15260819857940078], "stats": [{"ci_99": [0.11392953153699636, 0.20442788396030664], "q_25": 0.11817932315170765, "q_75": 0.17336879251524806, "min": 0.11392953153699636, "max": 0.20442788396030664, "mean": 0.15224028928205371, "std": 0.03275012166669308, "repeat": 10, "number": 1}]}, "core.startup.time_import_api": {"result": [0.51226772274822], "stats": [{"ci_99": [0.49630789924412966, 0.5520162554457784], "q_25": 0.5000354994554073, "q_75": 0.5316621514502913, "min": 0.49630789924412966, "max": 0.5520162554457784, "mean": 0.5178531107492745, "std": 0.01966847309106395, "repeat": 10, "number": 1}]}, "support.path.get_parent_paths.time_allsubmods_toplevel": {"result": [0.007816864177584648], "stats": [{"ci_99": [0.007078743539750576, 0.008804436773061752], "q_25": 0.007412379374727607, "q_75": 0.00826033833436668, "min": 0.007078743539750576, "max": 0.008804436773061752, "mean": 0.007871393812820315, "std": 0.0006024269060899094, "repeat": 10, "number": 2}]}, "support.path.get_parent_paths.time_allsubmods_toplevel_only": {"result": [0.006354372249916196], "stats": [{"ci_99": [0.006292019505053759, 0.007687949109822512], "q_25": 0.0063247461803257465, "q_75": 0.006852719117887318, "min": 0.006292019505053759, "max": 0.007687949109822512, "mean": 0.006648736679926515, "std": 0.00046409727786468977, "repeat": 10, "number": 2}]}, "support.path.get_parent_paths.time_no_submods": {"result": [3.3879842405684855e-07], "stats": [{"ci_99": [3.143244724417382e-07, 3.764419475048392e-07], "q_25": 3.2515399004444715e-07, "q_75": 3.561243787704733e-07, "min": 3.143244724417382e-07, "max": 3.764419475048392e-07, "mean": 3.4155003225603026e-07, "std": 1.939944394499095e-08, "repeat": 10, "number": 27608}]}, "support.path.get_parent_paths.time_one_submod_subdir": {"result": [0.005515458062291145], "stats": [{"ci_99": [0.005480813328176737, 0.005571001674979925], "q_25": 0.005511402385309339,