{"results": {"api.supers.time_createadd": {"result": [1.3510801754891872], "stats": [{"ci_99": [1.3313399171456695, 1.3651839345693588], "q_25": 1.3483015538658947, "q_75": 1.35575421131216, "min": 1.3313399171456695, "max": 1.3651839345693588, "mean": 1.3502122044563294, "std": 0.010538171423138879, "repeat": 10, "number": 1}]}, "api.supers.time_createadd_to_dataset": {"result": [1.1135379108600318], "stats": [{"ci_99": [1.0919199250638485, 1.1403646133840084], "q_25": 1.1029684825334698, "q_75": 1.1274309786967933, "min": 1.0919199250638485, "max": 1.1403646133840084, "mean": 1.1149356233887375, "std": 0.015348382082047342, "repeat": 10, "number": 1}]}, "api.supers.time_diff": {"result": [0.09625672036781907], "stats": [{"ci_99": [0.08753859158605337, 0.12253756634891033], "q_25": 0.09265741938725114, "q_75": 0.10717336763627827, "min": 0.08753859158605337, "max": 0.12253756634891033, "mean": 0.10017448617145419, "std": 0.010676006053970833, "repeat": 10, "number": 1}]}, "api.supers.time_diff_recursive": {"result": [0.30420513171702623], "stats": [{"ci_99": [0.2982926908880472, 0.3157139737159014], "q_25": 0.3010231824591756, "q_75": 0.3098937473259866, "min": 0.2982926908880472, "max": 0.3157139737159014, "mean": 0.3053151031024754, "std": 0.0055245138455182145, "repeat": 10, "number": 1}]}, "api.supers.time_installr": {"result": [3.8447569934651256], "stats": [{"ci_99": [3.8191336124910156, 3.8801969665327927], "q_25": 3.841780880931765, "q_75": 3.852641402045265, "min": 3.839076508767903, "max": 3.8700706623494625, "mean": 3.849665289511904, "std": 0.012096411104069948, "repeat": 4, "number": 1}]}, "api.supers.time_ls": {"result": [0.6890337527729571], "stats": [{"ci_99": [0.6826371718198061, 0.6980966869741678], "q_25": 0.6866060064639896, "q_75": 0.6914327491540462, "min": 0.6826371718198061, "max": 0.6980966869741678, "mean": 0.6895094588398933, "std": 0.004697913968245751, "repeat": 10, "number": 1}]}, "api.supers.time_ls_recursive": {"result": [2.6215668306685984], "stats": [{"ci_99": [2.6034818422049284, 2.633359695119862], "q_25": 2.6151004433631897, "q_75": 2.6261202616151422, "min": 2.6034818422049284, "max": 2.6292550107464194, "mean": 2.619408927857876, "std": 0.008750674244481428, "repeat": 6, "number": 1}]}, "api.supers.time_ls_recursive_long_all": {"result": [2.78197576245293], "stats": [{"ci_99": [2.7647103392275163, 2.821799812838435], "q_25": 2.776803490007296, "q_75": 2.7905744346790016, "min": 2.7732569305226207, "max": 2.821799812838435, "mean": 2.7879213877022266, "std": 0.016414573021892195, "repeat": 6, "number": 1}]}, "api.supers.time_remove": {"result": [2.163351005408913], "stats": [{"ci_99": [2.076621728949249, 2.274168312549591], "q_25": 2.0884345422964543, "q_75": 2.236785349668935, "min": 2.076621728949249, "max": 2.274168312549591, "mean": 2.1667334903031588, "std": 0.08016304283466046, "repeat": 8, "number": 1}]}, "api.supers.time_status": {"result": [0.7183257178403437], "stats": [{"ci_99": [0.6722133811563253, 0.783344242721796], "q_25": 0.6861887904815376, "q_75": 0.7573775199707597, "min": 0.6722133811563253, "max": 0.783344242721796, "mean": 0.7227677517570555, "std": 0.03851894977257801, "repeat": 10, "number": 1}]}, "api.supers.time_status_recursive": {"result": [1.1932511352933943], "stats": [{"ci_99": [1.1321973837912083, 1.2801037188619375], "q_25": 1.135513745015487, "q_75": 1.2523866323754191, "min": 1.1321973837912083, "max": 1.2801037188619375, "mean": 1.1977067885920405, "std": 0.060514592147490734, "repeat": 10, "number": 1}]}, "api.supers.time_subdatasets": {"result": [0.05102770123630762], "stats": [{"ci_99": [0.04627920873463154, 0.05805731937289238], "q_25": 0.049109867541119456, "q_75": 0.053604447515681386, "min": 0.04627920873463154, "max": 0.05805731937289238, "mean": 0.05118264146149158, "std": 0.003483219383031198, "repeat": 10, "number": 1}]}, "api.supers.time_subdatasets_recursive": {"result": [0.12464340636506677], "stats": [{"ci_99": [0.11930625606328249, 0.13176000397652388], "q_25": 0.1206769838463515, "q_75": 0.12910357071086764, "min": 0.11930625606328249, "max": 0.13176000397652388, "mean": 0.125047192722559, "std": 0.004518066244423179, "repeat": 10, "number": 1}]}, "api.supers.time_subdatasets_recursive_first": {"result": [0.0513151939958334], "stats": [{"ci_99": [0.04573196452111006, 0.060475170612335205], "q_25": 0.04796295962296426, "q_75": 0.05331530421972275, "min": 0.04573196452111006, "max": 0.060475170612335205, "mean": 0.051516519486904146, "std": 0.004500498575116439, "repeat": 10, "number": 1}]}, "api.supers.time_uninstall": {"result": [2.1588782966136932], "stats": [{"ci_99": [2.1389848329126835, 2.299041432328522], "q_25": 2.1477897432632744, "q_75": 2.189236710080877, "min": 2.1389848329126835, "max": 2.299041432328522, "mean": 2.1816933965310454, "std": 0.051539197682663795, "repeat": 8, "number": 1}]}, "repo.gitrepo.time_get_content_info": {"result": [0.019074568059295416], "stats": [{"ci_99": [0.017039790749549866, 0.0218596076592803], "q_25": 0.01805476495064795, "q_75": 0.02047858852893114, "min": 0.017039790749549866, "max": 0.0218596076592803, "mean": 0.019355866219848396, "std": 0.001588170232498663, "repeat": 10, "number": 1}]}, "api.testds.time_create_test_dataset1": {"result": [0.43951450614258647], "stats": [{"ci_99": [0.43478911090642214, 0.4589786743745208], "q_25": 0.437983320094645, "q_75": 0.4422782282344997, "min": 0.43478911090642214, "max": 0.4589786743745208, "mean": 0.44154414227232336, "std": 0.006393656279391223, "repeat": 10, "number": 1}]}, "api.testds.time_create_test_dataset2x2": {"result": [2.754242507275194], "stats": [{"ci_99": [2.7289125865058876, 2.7742066341408314], "q_25": 2.7420527634676546, "q_75": 2.763140341732651, "min": 2.729196925647557, "max": 2.7675799196586013, "mean": 2.7515596103233597, "std": 0.013812293660218739, "repeat": 6, "number": 1}]}, "core.runner.time_echo": {"result": [0.0018811889924108983], "stats": [{"ci_99": [0.0017282119020819663, 0.002262840047478676], "q_25": 0.0017384126782417299, "q_75": 0.002099484298378229, "min": 0.0017282119020819663, "max": 0.002262840047478676, "mean": 0.001929153800010681, "std": 0.0002012773223098466, "repeat": 10, "number": 5}]}, "core.runner.time_echo_gitrunner": {"result": [0.0022529012523591517], "stats": [{"ci_99": [0.0021144915372133255, 0.0027292173355817793], "q_25": 0.002116584358736873, "q_75": 0.0024815741460770366, "min": 0.0021144915372133255, "max": 0.0027292173355817793, "mean": 0.002324819918721914, "std": 0.00022927430623905022, "repeat": 10, "number": 5}]}, "core.startup.time_help_np": {"result": [0.5907124178484082], "stats": [{"ci_99": [0.5285922158509493, 0.6410966701805592], "q_25": 0.5681433316785842, "q_75": 0.6170144500210881, "min": 0.5285922158509493, "max": 0.6410966701805592, "mean": 0.5895412516780197, "std": 0.03367329229059775, "repeat": 10, "number": 1}]}, "core.startup.time_import": {"result": [0.14667546702548862], "stats": [{"ci_99": [0.11365809850394726, 0.1967170350253582], "q_25": 0.1295527145266533, "q_75": 0.18048291048035026, "min": 0.11365809850394726, "max": 0.1967170350253582, "mean": 0.1516916726715863, "std": 0.029134082848016093, "repeat": 10, "number": 1}]}, "core.startup.time_import_api": {"result": [0.5031364923343062], "stats": [{"ci_99": [0.4510290874168277, 0.5646114619448781], "q_25": 0.4626188911497593, "q_75": 0.5216874782927334, "min": 0.4510290874168277, "max": 0.5646114619448781, "mean": 0.5004740946926176, "std": 0.03898696294595012, "repeat": 10, "number": 1}]}, "support.path.get_parent_paths.time_allsubmods_toplevel": null, "support.path.get_parent_paths.time_allsubmods_toplevel_only": null, "support.path.get_parent_paths.time_no_submods": null, "support.path.get_parent_paths.time_one_submod_subdir": null, "support.path.get_parent_paths.time_one_submod_toplevel": null, "usecases.study_forrest.time_make_studyforrest_mockup": {"result": [35.2245666757226],