{"results": {"api.supers.time_createadd": {"result": [1.3110792292281985], "stats": [{"ci_99": [1.2876318488270044, 1.3300620494410396], "q_25": 1.3038129771593958, "q_75": 1.316779346903786, "min": 1.2876318488270044, "max": 1.3300620494410396, "mean": 1.3108510033227503, "std": 0.012234137022357733, "repeat": 10, "number": 1}]}, "api.supers.time_createadd_to_dataset": {"result": [1.246363450307399], "stats": [{"ci_99": [1.2296410258859396, 1.2681435057893395], "q_25": 1.2435415165964514, "q_75": 1.2616470756474882, "min": 1.2296410258859396, "max": 1.2681435057893395, "mean": 1.2502017378807069, "std": 0.011993734433177238, "repeat": 10, "number": 1}]}, "api.supers.time_diff": null, "api.supers.time_diff_recursive": null, "api.supers.time_installr": {"result": [5.380433696787804], "stats": [{"ci_99": [4.650585601571947, 6.1102817920036605], "q_25": 5.373135215835646, "q_75": 5.387732177739963, "min": 5.365836734883487, "max": 5.3950306586921215, "mean": 5.380433696787804, "std": 0.01459696190431714, "repeat": 2, "number": 1}]}, "api.supers.time_ls": {"result": [0.18304558750241995], "stats": [{"ci_99": [0.18033151607960463, 0.1905503999441862], "q_25": 0.1820000980515033, "q_75": 0.1886769449338317, "min": 0.18033151607960463, "max": 0.1905503999441862, "mean": 0.18475243002176284, "std": 0.0038248265143530852, "repeat": 10, "number": 1}]}, "api.supers.time_ls_recursive": {"result": [1.7968568089418113], "stats": [{"ci_99": [1.7793897967785597, 1.8043165495619178], "q_25": 1.7905484605580568, "q_75": 1.8003955935128033, "min": 1.7793897967785597, "max": 1.8043165495619178, "mean": 1.7950927273370325, "std": 0.007250937144491239, "repeat": 10, "number": 1}]}, "api.supers.time_ls_recursive_long_all": {"result": [1.9559554792940617], "stats": [{"ci_99": [1.9473709957674146, 1.9704977087676525], "q_25": 1.9502302759792656, "q_75": 1.9645044063217938, "min": 1.9473709957674146, "max": 1.9704977087676525, "mean": 1.9578573119360954, "std": 0.00859473362771952, "repeat": 8, "number": 1}]}, "api.supers.time_remove": null, "api.supers.time_status": {"result": [0.7272631512023509], "stats": [{"ci_99": [0.7198335966095328, 0.7591618997976184], "q_25": 0.7231725382152945, "q_75": 0.7307211540173739, "min": 0.7198335966095328, "max": 0.7591618997976184, "mean": 0.7295966423116624, "std": 0.010668957850253213, "repeat": 10, "number": 1}]}, "api.supers.time_status_recursive": {"result": [1.3760197013616562], "stats": [{"ci_99": [1.369344518519938, 1.3832459636032581], "q_25": 1.3725319942459464, "q_75": 1.3786942409351468, "min": 1.369344518519938, "max": 1.3832459636032581, "mean": 1.3757635968737305, "std": 0.004491989398230433, "repeat": 10, "number": 1}]}, "api.supers.time_subdatasets": {"result": [0.09652935713529587], "stats": [{"ci_99": [0.0929228775203228, 0.10448718070983887], "q_25": 0.09541209833696485, "q_75": 0.09952405304647982, "min": 0.0929228775203228, "max": 0.10448718070983887, "mean": 0.09781469935551286, "std": 0.003589011840028182, "repeat": 10, "number": 1}]}, "api.supers.time_subdatasets_recursive": {"result": [0.4321054508909583], "stats": [{"ci_99": [0.4286993760615587, 0.46272472385317087], "q_25": 0.4298911460209638, "q_75": 0.43679327773861587, "min": 0.4286993760615587, "max": 0.46272472385317087, "mean": 0.43581677256152035, "std": 0.009648977412094546, "repeat": 10, "number": 1}]}, "api.supers.time_subdatasets_recursive_first": {"result": [0.09686006093397737], "stats": [{"ci_99": [0.09376778732985258, 0.10078927502036095], "q_25": 0.09504041518084705, "q_75": 0.09765260596759617, "min": 0.09376778732985258, "max": 0.10078927502036095, "mean": 0.09676229432225228, "std": 0.002053147130842409, "repeat": 10, "number": 1}]}, "api.supers.time_uninstall": {"result": [4.275535101071], "stats": [{"ci_99": [4.2387746198642535, 4.3053912996706085], "q_25": 4.267709956970066, "q_75": 4.279908103868365, "min": 4.251559296622872, "max": 4.2857023403048515, "mean": 4.272082959767431, "std": 0.012673452213945056, "repeat": 4, "number": 1}]}, "repo.gitrepo.time_get_content_info": {"result": [0.01679435884580016], "stats": [{"ci_99": [0.015521619468927383, 0.01893466617912054], "q_25": 0.016195548232644796, "q_75": 0.017115718685090542, "min": 0.015521619468927383, "max": 0.01893466617912054, "mean": 0.016884753853082655, "std": 0.0010204586176310996, "repeat": 10, "number": 1}]}, "api.testds.time_create_test_dataset1": {"result": [0.6227471507154405], "stats": [{"ci_99": [0.6146028954535723, 0.6416823007166386], "q_25": 0.6190143334679306, "q_75": 0.6280344075057656, "min": 0.6146028954535723, "max": 0.6416823007166386, "mean": 0.6243954304605722, "std": 0.007486760008518008, "repeat": 10, "number": 1}]}, "api.testds.time_create_test_dataset2x2": {"result": [3.824524274095893], "stats": [{"ci_99": [3.792911549583898, 3.8557577598645527], "q_25": 3.8184121274389327, "q_75": 3.8304468013811857, "min": 3.808060866780579, "max": 3.8402292039245367, "mean": 3.8243346547242254, "std": 0.011529466104121835, "repeat": 4, "number": 1}]}, "core.runner.time_echo": {"result": [0.0017255188431590796], "stats": [{"ci_99": [0.0017121920051674049, 0.001855984019736449], "q_25": 0.0017214597513278325, "q_75": 0.0017449207371100783, "min": 0.0017121920051674049, "max": 0.001855984019736449, "mean": 0.0017498294667651257, "std": 4.995367481899216e-05, "repeat": 10, "number": 6}]}, "core.runner.time_echo_gitrunner": {"result": [0.002976019401103258], "stats": [{"ci_99": [0.0022254126767317453, 0.0031950613483786583], "q_25": 0.0028548832051455975, "q_75": 0.003068029104421536, "min": 0.0022254126767317453, "max": 0.0031950613483786583, "mean": 0.002896987677862247, "std": 0.00027681905122274526, "repeat": 10, "number": 3}]}, "core.startup.time_help_np": {"result": [0.6658649039454758], "stats": [{"ci_99": [0.6056738113984466, 0.6918465700000525], "q_25": 0.6608360167592764, "q_75": 0.6726050807628781, "min": 0.6056738113984466, "max": 0.6918465700000525, "mean": 0.6606573115102947, "std": 0.024835056814484557, "repeat": 10, "number": 1}]}, "core.startup.time_import": {"result": [0.17709969449788332], "stats": [{"ci_99": [0.1294844662770629, 0.21870321221649647], "q_25": 0.15787163120694458, "q_75": 0.18993404763750732, "min": 0.1294844662770629, "max": 0.21870321221649647, "mean": 0.17403302351012825, "std": 0.02686774730803033, "repeat": 10, "number": 1}]}, "core.startup.time_import_api": {"result": [0.5501615037210286], "stats": [{"ci_99": [0.48180279694497585, 0.5977846430614591], "q_25": 0.5401838007383049, "q_75": 0.5883257687091827, "min": 0.48180279694497585, "max": 0.5977846430614591, "mean": 0.555431110970676, "std": 0.03408682897257282, "repeat": 10, "number": 1}]}, "support.path.get_parent_paths.time_allsubmods_toplevel": {"result": [0.007709189550951123], "stats": [{"ci_99": [0.006828957702964544, 0.008849774952977896], "q_25": 0.007276795688085258, "q_75": 0.008099318016320467, "min": 0.006828957702964544, "max": 0.008849774952977896, "mean": 0.007728118076920509, "std": 0.0006030124873913842, "repeat": 10, "number": 2}]}, "support.path.get_parent_paths.time_allsubmods_toplevel_only": {"result": [0.0072790393605828285], "stats": [{"ci_99": [0.00641019968315959, 0.008608359843492508], "q_25": 0.006866438896395266, "q_75": 0.007812349474988878, "min": 0.00641019968315959, "max": 0.008608359843492508, "mean": 0.007363071432337165, "std": 0.0006248394001359999, "repeat": 10, "number": 2}]}, "support.path.get_parent_paths.time_no_submods": {"result": [3.4787743481606894e-07], "stats": [{"ci_99": [3.227263979686442e-07, 3.750497839970421e-07], "q_25": 3.3487567736781906e-07, "q_75": 3.590358652465118e-07, "min": 3.227263979686442e-07, "max": 3.750497839970421e-07, "mean": 3.483136647729523e-07, "std": 1.7763123064886226e-08, "repeat": 10, "number": 26660}]}, "support.path.get_parent_paths.time_one_submod_subdir": {"result": [0.005343729630112648], "stats": [{"ci_99": [0.00521050114184618, 0.0062317573465406895], "q_25": 0.005320840398781002,