{"results": {"api.supers.time_createadd": {"result": [1.0548890787176788], "stats": [{"ci_99": [1.0475707799196243, 1.0688216052949429], "q_25": 1.0521822860464454, "q_75": 1.064581373007968, "min": 1.0475707799196243, "max": 1.0688216052949429, "mean": 1.0577803868800402, "std": 0.007539046858363825, "repeat": 10, "number": 1}]}, "api.supers.time_createadd_to_dataset": {"result": [1.05616366956383], "stats": [{"ci_99": [1.036905713379383, 1.0745344934985042], "q_25": 1.052955141523853, "q_75": 1.0600699307397008, "min": 1.036905713379383, "max": 1.0745344934985042, "mean": 1.0554748887196184, "std": 0.009671776312654277, "repeat": 10, "number": 1}]}, "api.supers.time_diff": null, "api.supers.time_diff_recursive": null, "api.supers.time_installr": {"result": [4.0486299162730575], "stats": [{"ci_99": [3.9840349400659636, 4.1008384521806995], "q_25": 4.035805488470942, "q_75": 4.0552611239254475, "min": 4.0058463187888265, "max": 4.066640633158386, "mean": 4.042436696123332, "std": 0.022458334485551467, "repeat": 4, "number": 1}]}, "api.supers.time_ls": {"result": [0.11757141165435314], "stats": [{"ci_99": [0.11257458757609129, 0.1275868434458971], "q_25": 0.11488309921696782, "q_75": 0.12032630573958158, "min": 0.11257458757609129, "max": 0.1275868434458971, "mean": 0.1186402989551425, "std": 0.0049855521169381925, "repeat": 10, "number": 1}]}, "api.supers.time_ls_recursive": {"result": [1.0799763738177717], "stats": [{"ci_99": [1.0696995537728071, 1.1111841415986419], "q_25": 1.0734962958376855, "q_75": 1.0885124683845788, "min": 1.0696995537728071, "max": 1.1111841415986419, "mean": 1.0829176078550518, "std": 0.012091300100517142, "repeat": 10, "number": 1}]}, "api.supers.time_ls_recursive_long_all": {"result": [1.2409845213405788], "stats": [{"ci_99": [1.229289890266955, 1.2567469496279955], "q_25": 1.2343658837489784, "q_75": 1.2435628212988377, "min": 1.229289890266955, "max": 1.2567469496279955, "mean": 1.2408181009814143, "std": 0.007724396632740471, "repeat": 10, "number": 1}]}, "api.supers.time_remove": {"result": [2.003078442532569], "stats": [{"ci_99": [1.9799586590379477, 2.040103880688548], "q_25": 1.987989826593548, "q_75": 2.0196216760668904, "min": 1.9799586590379477, "max": 2.040103880688548, "mean": 2.0057737985625863, "std": 0.020728382270929244, "repeat": 8, "number": 1}]}, "api.supers.time_status": {"result": [0.692306105978787], "stats": [{"ci_99": [0.6878636199980974, 0.7016364950686693], "q_25": 0.6894971686415374, "q_75": 0.6993424647953361, "min": 0.6878636199980974, "max": 0.7016364950686693, "mean": 0.6942869970574975, "std": 0.0052433838061642325, "repeat": 10, "number": 1}]}, "api.supers.time_status_recursive": {"result": [1.160290305968374], "stats": [{"ci_99": [1.1489077676087618, 1.1709339367225766], "q_25": 1.1567378041800112, "q_75": 1.163070318987593, "min": 1.1489077676087618, "max": 1.1709339367225766, "mean": 1.159815637767315, "std": 0.00585388068115434, "repeat": 10, "number": 1}]}, "api.supers.time_subdatasets": {"result": [0.06601969758048654], "stats": [{"ci_99": [0.0612143175676465, 0.07790332287549973], "q_25": 0.06258332682773471, "q_75": 0.06766525749117136, "min": 0.0612143175676465, "max": 0.07790332287549973, "mean": 0.06648335317149759, "std": 0.004690943746145873, "repeat": 10, "number": 1}]}, "api.supers.time_subdatasets_recursive": {"result": [0.24497570097446442], "stats": [{"ci_99": [0.23777026869356632, 0.2502263179048896], "q_25": 0.240968260448426, "q_75": 0.24687673640437424, "min": 0.23777026869356632, "max": 0.2502263179048896, "mean": 0.24415603335946798, "std": 0.0037560369354713184, "repeat": 10, "number": 1}]}, "api.supers.time_subdatasets_recursive_first": {"result": [0.06453494168817997], "stats": [{"ci_99": [0.05872531980276108, 0.0710122687742114], "q_25": 0.06358300219289958, "q_75": 0.06607514363713562, "min": 0.05872531980276108, "max": 0.0710122687742114, "mean": 0.06463276408612728, "std": 0.003713487222950132, "repeat": 10, "number": 1}]}, "api.supers.time_uninstall": {"result": [1.9799291966482997], "stats": [{"ci_99": [1.958630396053195, 2.0182647546753287], "q_25": 1.9641191950067878, "q_75": 1.9991287614684552, "min": 1.958630396053195, "max": 2.0182647546753287, "mean": 1.9833767334930599, "std": 0.021441094253502668, "repeat": 8, "number": 1}]}, "repo.gitrepo.time_get_content_info": {"result": [0.017431288957595825], "stats": [{"ci_99": [0.014557646587491035, 0.020599819719791412], "q_25": 0.014694375218823552, "q_75": 0.020311143016442657, "min": 0.014557646587491035, "max": 0.020599819719791412, "mean": 0.017504454776644706, "std": 0.002793340373741086, "repeat": 10, "number": 1}]}, "api.testds.time_create_test_dataset1": {"result": [0.4450510502792895], "stats": [{"ci_99": [0.43186851125210524, 0.45517761912196875], "q_25": 0.436592151876539, "q_75": 0.44785488210618496, "min": 0.43186851125210524, "max": 0.45517761912196875, "mean": 0.4436776497401297, "std": 0.007740836325731746, "repeat": 10, "number": 1}]}, "api.testds.time_create_test_dataset2x2": {"result": [2.897553065791726], "stats": [{"ci_99": [2.8757045790553093, 2.921969212591648], "q_25": 2.894897594116628, "q_75": 2.9040040196850896, "min": 2.8757045790553093, "max": 2.921969212591648, "mean": 2.8988244496285915, "std": 0.013802092846117098, "repeat": 6, "number": 1}]}, "core.runner.time_echo": {"result": [0.0021447611041367056], "stats": [{"ci_99": [0.0019786925986409187, 0.0023824404925107956], "q_25": 0.0020786381792277098, "q_75": 0.0022517566569149497, "min": 0.0019786925986409187, "max": 0.0023824404925107956, "mean": 0.0021637033857405184, "std": 0.00012203143282658153, "repeat": 10, "number": 5}]}, "core.runner.time_echo_gitrunner": {"result": [0.0022625474957749248], "stats": [{"ci_99": [0.002117588883265853, 0.002479192800819874], "q_25": 0.00219735992141068, "q_75": 0.002348483365494758, "min": 0.002117588883265853, "max": 0.002479192800819874, "mean": 0.0022766271606087683, "std": 0.00010322191983071189, "repeat": 10, "number": 4}]}, "core.startup.time_help_np": {"result": [0.5840041246265173], "stats": [{"ci_99": [0.55355404317379, 0.6359112374484539], "q_25": 0.5698373978957534, "q_75": 0.5928278386127204, "min": 0.55355404317379, "max": 0.6359112374484539, "mean": 0.5874505345709622, "std": 0.02392606080611433, "repeat": 10, "number": 1}]}, "core.startup.time_import": {"result": [0.1448845136910677], "stats": [{"ci_99": [0.11440562177449465, 0.2058283668011427], "q_25": 0.11879337951540947, "q_75": 0.1630362570285797, "min": 0.11440562177449465, "max": 0.2058283668011427, "mean": 0.14896216848865151, "std": 0.03214413841810558, "repeat": 10, "number": 1}]}, "core.startup.time_import_api": {"result": [0.5180496047250926], "stats": [{"ci_99": [0.4869185434654355, 0.5755497347563505], "q_25": 0.5062254804652184, "q_75": 0.547859780723229, "min": 0.4869185434654355, "max": 0.5755497347563505, "mean": 0.5251636874862016, "std": 0.027198862503162884, "repeat": 10, "number": 1}]}, "support.path.get_parent_paths.time_allsubmods_toplevel": {"result": [0.007135147228837013], "stats": [{"ci_99": [0.006734576541930437, 0.008605602197349072], "q_25": 0.006862526293843985, "q_75": 0.007597841671667993, "min": 0.006734576541930437, "max": 0.008605602197349072, "mean": 0.0073212151881307365, "std": 0.0005731990192278291, "repeat": 10, "number": 2}]}, "support.path.get_parent_paths.time_allsubmods_toplevel_only": {"result": [0.00630464474670589], "stats": [{"ci_99": [0.006075384095311165, 0.007941371761262417], "q_25": 0.006119413883425295, "q_75": 0.007049771375022829, "min": 0.006075384095311165, "max": 0.007941371761262417, "mean": 0.0066303570289164785, "std": 0.0006365996860262778, "repeat": 10, "number": 2}]}, "support.path.get_parent_paths.time_no_submods": {"result": [2.824264853536918e-07], "stats": [{"ci_99": [2.7147522285759314e-07, 3.286987608884034e-07], "q_25": 2.754367186015012e-07, "q_75": 3.0841176118419444e-07, "min": 2.7147522285759314e-07, "max": 3.286987608884034e-07,