{"results": {"api.supers.time_createadd": {"result": [1.0549557926133275], "stats": [{"ci_99": [1.0387896904721856, 1.0737343402579427], "q_25": 1.0494044467341155, "q_75": 1.0602808347903192, "min": 1.0387896904721856, "max": 1.0737343402579427, "mean": 1.0560536663979292, "std": 0.010081004489391896, "repeat": 10, "number": 1}]}, "api.supers.time_createadd_to_dataset": {"result": [1.0524039925076067], "stats": [{"ci_99": [1.0411226293072104, 1.0738002555444837], "q_25": 1.0475016457494348, "q_75": 1.0546147683635354, "min": 1.0411226293072104, "max": 1.0738002555444837, "mean": 1.053057975694537, "std": 0.008664355183531794, "repeat": 10, "number": 1}]}, "api.supers.time_diff": null, "api.supers.time_diff_recursive": null, "api.supers.time_installr": {"result": [4.017323432955891], "stats": [{"ci_99": [3.9720807189670637, 4.070250644107418], "q_25": 4.010365116177127, "q_75": 4.028123998316005, "min": 3.9996986743062735, "max": 4.050317185930908, "mean": 4.021165681537241, "std": 0.018461628747131843, "repeat": 4, "number": 1}]}, "api.supers.time_ls": {"result": [0.11761052627116442], "stats": [{"ci_99": [0.11323468014597893, 0.13888091407716274], "q_25": 0.11556059075519443, "q_75": 0.12385931727476418, "min": 0.11323468014597893, "max": 0.13888091407716274, "mean": 0.12069078059867025, "std": 0.007557437259857663, "repeat": 10, "number": 1}]}, "api.supers.time_ls_recursive": {"result": [1.0832644351758063], "stats": [{"ci_99": [1.0703974030911922, 1.130875477567315], "q_25": 1.0815471792593598, "q_75": 1.0857906534802169, "min": 1.0703974030911922, "max": 1.130875477567315, "mean": 1.0865753076039255, "std": 0.015594526741268152, "repeat": 10, "number": 1}]}, "api.supers.time_ls_recursive_long_all": {"result": [1.2472404697909951], "stats": [{"ci_99": [1.2357240905985236, 1.2550061270594597], "q_25": 1.2402030711527914, "q_75": 1.2489357381127775, "min": 1.2357240905985236, "max": 1.2550061270594597, "mean": 1.245437896437943, "std": 0.005728271036532059, "repeat": 10, "number": 1}]}, "api.supers.time_remove": {"result": [2.0027314727194607], "stats": [{"ci_99": [1.9944100147113204, 2.069683832116425], "q_25": 1.9951613207813352, "q_75": 2.0122310323640704, "min": 1.9944100147113204, "max": 2.069683832116425, "mean": 2.0107931701932102, "std": 0.023474360378128046, "repeat": 8, "number": 1}]}, "api.supers.time_status": {"result": [0.6958709685131907], "stats": [{"ci_99": [0.6931662559509277, 0.6983519336208701], "q_25": 0.6936939684674144, "q_75": 0.6970449318177998, "min": 0.6931662559509277, "max": 0.6983519336208701, "mean": 0.695669489633292, "std": 0.0018891977427541562, "repeat": 10, "number": 1}]}, "api.supers.time_status_recursive": {"result": [1.1634354102425277], "stats": [{"ci_99": [1.150515127927065, 1.1933575933799148], "q_25": 1.1572751861531287, "q_75": 1.170487716794014, "min": 1.150515127927065, "max": 1.1933575933799148, "mean": 1.1648996601812542, "std": 0.011928756285569483, "repeat": 10, "number": 1}]}, "api.supers.time_subdatasets": {"result": [0.06124750478193164], "stats": [{"ci_99": [0.05906199850142002, 0.07186986692249775], "q_25": 0.06074796966277063, "q_75": 0.06409071711823344, "min": 0.05906199850142002, "max": 0.07186986692249775, "mean": 0.06280005266889929, "std": 0.003527797774434553, "repeat": 10, "number": 1}]}, "api.supers.time_subdatasets_recursive": {"result": [0.24220434436574578], "stats": [{"ci_99": [0.23701452277600765, 0.2539532324299216], "q_25": 0.2410857945214957, "q_75": 0.24490173696540296, "min": 0.23701452277600765, "max": 0.2539532324299216, "mean": 0.2436625321395695, "std": 0.004504931764362687, "repeat": 10, "number": 1}]}, "api.supers.time_subdatasets_recursive_first": {"result": [0.06294668046757579], "stats": [{"ci_99": [0.058235849253833294, 0.07162712048739195], "q_25": 0.05952308280393481, "q_75": 0.06913997232913971, "min": 0.058235849253833294, "max": 0.07162712048739195, "mean": 0.06436117989942432, "std": 0.004997227383409505, "repeat": 10, "number": 1}]}, "api.supers.time_uninstall": {"result": [1.9549339269287884], "stats": [{"ci_99": [1.9395218044519424, 1.9899734053760767], "q_25": 1.953634150326252, "q_75": 1.9751716365572065, "min": 1.9395218044519424, "max": 1.9899734053760767, "mean": 1.9625056439545006, "std": 0.015954629805789093, "repeat": 8, "number": 1}]}, "repo.gitrepo.time_get_content_info": {"result": [0.019158292561769485], "stats": [{"ci_99": [0.014969759620726109, 0.025160400196909904], "q_25": 0.017447386169806123, "q_75": 0.02021584426984191, "min": 0.014969759620726109, "max": 0.025160400196909904, "mean": 0.019009325932711364, "std": 0.0028356816086383724, "repeat": 10, "number": 1}]}, "api.testds.time_create_test_dataset1": {"result": [0.4446176956407726], "stats": [{"ci_99": [0.44006944447755814, 0.4577722046524286], "q_25": 0.4407128202728927, "q_75": 0.4486500509083271, "min": 0.44006944447755814, "max": 0.4577722046524286, "mean": 0.4461814801208675, "std": 0.006242025451649417, "repeat": 10, "number": 1}]}, "api.testds.time_create_test_dataset2x2": {"result": [2.899290700443089], "stats": [{"ci_99": [2.8589005688048967, 2.9467411069199443], "q_25": 2.8846646333113313, "q_75": 2.9152519691269845, "min": 2.8649387527257204, "max": 2.9467411069199443, "mean": 2.901770488359034, "std": 0.026475037125060216, "repeat": 6, "number": 1}]}, "core.runner.time_echo": {"result": [0.0019171065650880337], "stats": [{"ci_99": [0.0016847853548824787, 0.0024146668147295713], "q_25": 0.001707356481347233, "q_75": 0.00221784581663087, "min": 0.0016847853548824787, "max": 0.0024146668147295713, "mean": 0.001982031366787851, "std": 0.00028658088109881396, "repeat": 10, "number": 4}]}, "core.runner.time_echo_gitrunner": {"result": [0.0025062004569917917], "stats": [{"ci_99": [0.0020989456679672003, 0.003078748704865575], "q_25": 0.0021433636429719627, "q_75": 0.002802728966344148, "min": 0.0020989456679672003, "max": 0.003078748704865575, "mean": 0.002518676919862628, "std": 0.00037258145824064267, "repeat": 10, "number": 4}]}, "core.startup.time_help_np": {"result": [0.5906950468197465], "stats": [{"ci_99": [0.5599569017067552, 0.6168198343366385], "q_25": 0.5788717071991414, "q_75": 0.6076536488253623, "min": 0.5599569017067552, "max": 0.6168198343366385, "mean": 0.5916736600920558, "std": 0.019402510246348443, "repeat": 10, "number": 1}]}, "core.startup.time_import": {"result": [0.16362557001411915], "stats": [{"ci_99": [0.11703987326472998, 0.1945602223277092], "q_25": 0.14701079460792243, "q_75": 0.165662394836545, "min": 0.11703987326472998, "max": 0.1945602223277092, "mean": 0.15737160975113512, "std": 0.024301662053361234, "repeat": 10, "number": 1}]}, "core.startup.time_import_api": {"result": [0.5266246208921075], "stats": [{"ci_99": [0.49160278122872114, 0.5438696956261992], "q_25": 0.5076546866912395, "q_75": 0.5302567516919225, "min": 0.49160278122872114, "max": 0.5438696956261992, "mean": 0.5208342012017966, "std": 0.016141666010249904, "repeat": 10, "number": 1}]}, "support.path.get_parent_paths.time_allsubmods_toplevel": {"result": [0.007860570913180709], "stats": [{"ci_99": [0.007049537263810635, 0.008877334650605917], "q_25": 0.007421148824505508, "q_75": 0.008165408973582089, "min": 0.007049537263810635, "max": 0.008877334650605917, "mean": 0.007870810898020863, "std": 0.000613084238090561, "repeat": 10, "number": 2}]}, "support.path.get_parent_paths.time_allsubmods_toplevel_only": {"result": [0.007213017670437694], "stats": [{"ci_99": [0.006451302673667669, 0.008054240606725216], "q_25": 0.00684495666064322, "q_75": 0.007494750316254795, "min": 0.006451302673667669, "max": 0.008054240606725216, "mean": 0.00721817254088819, "std": 0.0005300704871129656, "repeat": 10, "number": 2}]}, "support.path.get_parent_paths.time_no_submods": {"result": [3.353469574725107e-07], "stats": [{"ci_99": [3.064337104300934e-07, 3.7318790157537315e-07], "q_25": 3.2082289038847243e-07, "q_75": 3.5438132521241963e-07, "min": 3.064337104300934e-07,