{"results": {"api.supers.time_createadd": {"result": [0.991495612077415], "stats": [{"ci_99": [0.9597115470096469, 1.0259983949363232], "q_25": 0.9873813686426729, "q_75": 1.0024834773503244, "min": 0.9597115470096469, "max": 1.0259983949363232, "mean": 0.9916591376066208, "std": 0.01866921077392923, "repeat": 10, "number": 1}]}, "api.supers.time_createadd_to_dataset": {"result": [0.9943031114526093], "stats": [{"ci_99": [0.9625357259064913, 1.033600790426135], "q_25": 0.9700513582210988, "q_75": 1.0098863211460412, "min": 0.9625357259064913, "max": 1.033600790426135, "mean": 0.9942345704883337, "std": 0.025236165807722942, "repeat": 10, "number": 1}]}, "api.supers.time_diff": null, "api.supers.time_diff_recursive": null, "api.supers.time_installr": {"result": [4.106288813985884], "stats": [{"ci_99": [3.9887651217911664, 4.227665216774094], "q_25": 4.0888661802746356, "q_75": 4.125637802993879, "min": 4.047027951106429, "max": 4.173255098052323, "mean": 4.10821516928263, "std": 0.04473718418047648, "repeat": 4, "number": 1}]}, "api.supers.time_ls": {"result": [0.12017678981646895], "stats": [{"ci_99": [0.11679196637123823, 0.13682349026203156], "q_25": 0.11723557161167264, "q_75": 0.1286610944662243, "min": 0.11679196637123823, "max": 0.13682349026203156, "mean": 0.12307007554918528, "std": 0.006887431090808317, "repeat": 10, "number": 1}]}, "api.supers.time_ls_recursive": {"result": [1.0746637056581676], "stats": [{"ci_99": [1.063710069283843, 1.0826154202222824], "q_25": 1.0681501715444028, "q_75": 1.076865817187354, "min": 1.063710069283843, "max": 1.0826154202222824, "mean": 1.0731713321991265, "std": 0.005609695906957787, "repeat": 10, "number": 1}]}, "api.supers.time_ls_recursive_long_all": {"result": [1.2325045536272228], "stats": [{"ci_99": [1.2278236290439963, 1.238130253739655], "q_25": 1.231346268672496, "q_75": 1.2337848737370223, "min": 1.2278236290439963, "max": 1.238130253739655, "mean": 1.2327523828484117, "std": 0.0031163900680354047, "repeat": 10, "number": 1}]}, "api.supers.time_remove": {"result": [2.0423052511177957], "stats": [{"ci_99": [2.022578479722142, 2.0812813667580485], "q_25": 2.037550277542323, "q_75": 2.0534602641128004, "min": 2.022578479722142, "max": 2.0812813667580485, "mean": 2.0473916442133486, "std": 0.01759411431480087, "repeat": 8, "number": 1}]}, "api.supers.time_status": {"result": [0.6886626007035375], "stats": [{"ci_99": [0.6827032398432493, 0.699055808596313], "q_25": 0.6864219047129154, "q_75": 0.6958723186980933, "min": 0.6827032398432493, "max": 0.699055808596313, "mean": 0.6903973050415516, "std": 0.00560495575497751, "repeat": 10, "number": 1}]}, "api.supers.time_status_recursive": {"result": [1.1445064577274024], "stats": [{"ci_99": [1.1404770202934742, 1.1619974225759506], "q_25": 1.1428027977235615, "q_75": 1.1493205910082906, "min": 1.1404770202934742, "max": 1.1619974225759506, "mean": 1.1468499911017715, "std": 0.006029631685287896, "repeat": 10, "number": 1}]}, "api.supers.time_subdatasets": {"result": [0.06836424162611365], "stats": [{"ci_99": [0.06471284665167332, 0.07952978741377592], "q_25": 0.0675831965636462, "q_75": 0.07381621468812227, "min": 0.06471284665167332, "max": 0.07952978741377592, "mean": 0.07056754557415842, "std": 0.005158784000432355, "repeat": 10, "number": 1}]}, "api.supers.time_subdatasets_recursive": {"result": [0.24783490225672722], "stats": [{"ci_99": [0.24317106697708368, 0.2562899449840188], "q_25": 0.24612866318784654, "q_75": 0.2519050862174481, "min": 0.24317106697708368, "max": 0.2562899449840188, "mean": 0.24857427477836608, "std": 0.004105306033001324, "repeat": 10, "number": 1}]}, "api.supers.time_subdatasets_recursive_first": {"result": [0.06782849226146936], "stats": [{"ci_99": [0.06309036444872618, 0.07261764910072088], "q_25": 0.06553042400628328, "q_75": 0.07003170833922923, "min": 0.06309036444872618, "max": 0.07261764910072088, "mean": 0.06768303718417883, "std": 0.002971604605410056, "repeat": 10, "number": 1}]}, "api.supers.time_uninstall": {"result": [2.0011483784765005], "stats": [{"ci_99": [1.9848915617913008, 2.0093262996524572], "q_25": 1.9969974206760526, "q_75": 2.006527722813189, "min": 1.9848915617913008, "max": 2.0093262996524572, "mean": 2.0004953395109624, "std": 0.007491422448138346, "repeat": 8, "number": 1}]}, "repo.gitrepo.time_get_content_info": {"result": [0.021724971011281013], "stats": [{"ci_99": [0.019418478943407536, 0.025022676214575768], "q_25": 0.01980496710166335, "q_75": 0.02268229192122817, "min": 0.019418478943407536, "max": 0.025022676214575768, "mean": 0.021619656682014467, "std": 0.0018328574186303498, "repeat": 10, "number": 1}]}, "api.testds.time_create_test_dataset1": {"result": [0.4383419365622103], "stats": [{"ci_99": [0.43351406790316105, 0.4456177372485399], "q_25": 0.43681306787766516, "q_75": 0.443211673758924, "min": 0.43351406790316105, "max": 0.4456177372485399, "mean": 0.43960076039657, "std": 0.0038995323480426245, "repeat": 10, "number": 1}]}, "api.testds.time_create_test_dataset2x2": {"result": [2.763327048625797], "stats": [{"ci_99": [2.7455550740272097, 2.793841280043125], "q_25": 2.760037870844826, "q_75": 2.769806730095297, "min": 2.747161477804184, "max": 2.793841280043125, "mean": 2.766427492878089, "std": 0.014260439894653141, "repeat": 6, "number": 1}]}, "core.runner.time_echo": {"result": [0.002045699511654675], "stats": [{"ci_99": [0.001745264045894146, 0.0025979799684137106], "q_25": 0.0017816153122112155, "q_75": 0.0024623099016025662, "min": 0.001745264045894146, "max": 0.0025979799684137106, "mean": 0.002116021327674389, "std": 0.0003510150623484947, "repeat": 10, "number": 4}]}, "core.runner.time_echo_gitrunner": {"result": [0.0023849904537200928], "stats": [{"ci_99": [0.0021188820246607065, 0.00291193719021976], "q_25": 0.0021683808299712837, "q_75": 0.0026832298026420176, "min": 0.0021188820246607065, "max": 0.00291193719021976, "mean": 0.0024559857090935113, "std": 0.0002994582271225785, "repeat": 10, "number": 4}]}, "core.startup.time_help_np": {"result": [0.5764177795499563], "stats": [{"ci_99": [0.5205982802435756, 0.5861866418272257], "q_25": 0.5690972385928035, "q_75": 0.5816064595710486, "min": 0.5205982802435756, "max": 0.5861866418272257, "mean": 0.5710939818061889, "std": 0.017830539373835153, "repeat": 10, "number": 1}]}, "core.startup.time_import": {"result": [0.1445235339924693], "stats": [{"ci_99": [0.11471455078572035, 0.19855007156729698], "q_25": 0.1281751438509673, "q_75": 0.16350482241250575, "min": 0.11471455078572035, "max": 0.19855007156729698, "mean": 0.1491082745604217, "std": 0.02681074145283818, "repeat": 10, "number": 1}]}, "core.startup.time_import_api": {"result": [0.5330095300450921], "stats": [{"ci_99": [0.4494239091873169, 0.588831284083426], "q_25": 0.4961068097036332, "q_75": 0.5579077510628849, "min": 0.4494239091873169, "max": 0.588831284083426, "mean": 0.5271313974633813, "std": 0.040434163406607264, "repeat": 10, "number": 1}]}, "support.path.get_parent_paths.time_allsubmods_toplevel": null, "support.path.get_parent_paths.time_allsubmods_toplevel_only": null, "support.path.get_parent_paths.time_no_submods": null, "support.path.get_parent_paths.time_one_submod_subdir": null, "support.path.get_parent_paths.time_one_submod_toplevel": null, "usecases.study_forrest.time_make_studyforrest_mockup": {"result": [26.844078797847033], "stats": [{"ci_99": [16.56890980154276, 37.1192477941513], "q_25": 26.74132710788399, "q_75": 26.946830487810075, "min": 26.638575417920947, "max": 27.049582177773118, "mean": 26.844078797847033, "std": 0.20550337992608547, "repeat": 2, "number": 1}]}, "core.runner.track_overhead_100ms": 1.72, "core.runner.track_overhead_echo": 34.15, "core.runner.track_overhead_heavyout": 7.2, "core.runner.track_overhead_heavyout_online_process": 9.78, "core.runner.track_overhead_heavyout_online_through": 19.53}, "params": {"arch": "x86_64", "cpu": "Intel(R) Xeon(R) CPU E5-1607 v2 @ 3.00GHz", "machine": "drogon-neurodebian0.20200209.1",