{"results": {"api.supers.time_createadd": {"result": [1.2727636359632015], "stats": [{"ci_99": [1.2570655345916748, 1.2895496990531683], "q_25": 1.2604211799334735, "q_75": 1.278926892671734, "min": 1.2570655345916748, "max": 1.2895496990531683, "mean": 1.2711616039276123, "std": 0.010666258362036395, "repeat": 10, "number": 1}]}, "api.supers.time_createadd_to_dataset": {"result": [1.2142042303457856], "stats": [{"ci_99": [1.202251392416656, 1.2272716145962477], "q_25": 1.2068863867316395, "q_75": 1.2241397737525403, "min": 1.202251392416656, "max": 1.2272716145962477, "mean": 1.215085516963154, "std": 0.009066226111167435, "repeat": 10, "number": 1}]}, "api.supers.time_diff": null, "api.supers.time_diff_recursive": null, "api.supers.time_installr": {"result": [5.177409784402698], "stats": [{"ci_99": [4.348304635379463, 6.006514933425932], "q_25": 5.169118732912466, "q_75": 5.185700835892931, "min": 5.160827681422234, "max": 5.193991887383163, "mean": 5.177409784402698, "std": 0.016582102980464697, "repeat": 2, "number": 1}]}, "api.supers.time_ls": {"result": [0.18789210775867105], "stats": [{"ci_99": [0.17972170934081078, 0.20120998471975327], "q_25": 0.18390927813015878, "q_75": 0.1911152272950858, "min": 0.17972170934081078, "max": 0.20120998471975327, "mean": 0.1887575569562614, "std": 0.00665564115656369, "repeat": 10, "number": 1}]}, "api.supers.time_ls_recursive": {"result": [1.7996359691023827], "stats": [{"ci_99": [1.7963907029479742, 1.816192495636642], "q_25": 1.7978568898979574, "q_75": 1.8043567901477218, "min": 1.7963907029479742, "max": 1.816192495636642, "mean": 1.8022636987268925, "std": 0.006264961942479063, "repeat": 10, "number": 1}]}, "api.supers.time_ls_recursive_long_all": {"result": [1.9606318450532854], "stats": [{"ci_99": [1.9540173895657063, 1.9847061792388558], "q_25": 1.9571920726448298, "q_75": 1.9677259947638959, "min": 1.9540173895657063, "max": 1.9847061792388558, "mean": 1.9638794342754409, "std": 0.009612757045850167, "repeat": 8, "number": 1}]}, "api.supers.time_remove": null, "api.supers.time_status": {"result": [0.7523434548638761], "stats": [{"ci_99": [0.7479335954412818, 0.7806445974856615], "q_25": 0.7519243713468313, "q_75": 0.7551737427711487, "min": 0.7479335954412818, "max": 0.7806445974856615, "mean": 0.7553970331326127, "std": 0.008773068575276521, "repeat": 10, "number": 1}]}, "api.supers.time_status_recursive": {"result": [1.3984194649383426], "stats": [{"ci_99": [1.3794842204079032, 1.4424745980650187], "q_25": 1.3951403936371207, "q_75": 1.4107171690557152, "min": 1.3794842204079032, "max": 1.4424745980650187, "mean": 1.403728554211557, "std": 0.016895901227851243, "repeat": 10, "number": 1}]}, "api.supers.time_subdatasets": {"result": [0.10909301182255149], "stats": [{"ci_99": [0.10711272805929184, 0.11453874967992306], "q_25": 0.107676160056144, "q_75": 0.11045569111593068, "min": 0.10711272805929184, "max": 0.11453874967992306, "mean": 0.10941011272370815, "std": 0.002150105708733699, "repeat": 10, "number": 1}]}, "api.supers.time_subdatasets_recursive": {"result": [0.44604278868064284], "stats": [{"ci_99": [0.4369992073625326, 0.45318444445729256], "q_25": 0.44213158870115876, "q_75": 0.44939955906011164, "min": 0.4369992073625326, "max": 0.45318444445729256, "mean": 0.445690958108753, "std": 0.004681593598872738, "repeat": 10, "number": 1}]}, "api.supers.time_subdatasets_recursive_first": {"result": [0.11023658746853471], "stats": [{"ci_99": [0.10560828074812889, 0.11535671539604664], "q_25": 0.10850936523638666, "q_75": 0.11060033296234906, "min": 0.10560828074812889, "max": 0.11535671539604664, "mean": 0.10985306585207581, "std": 0.002589046121308123, "repeat": 10, "number": 1}]}, "api.supers.time_uninstall": {"result": [4.11860137199983], "stats": [{"ci_99": [4.031752207439565, 4.182742133147842], "q_25": 4.100227570626885, "q_75": 4.125620971666649, "min": 4.05704206507653, "max": 4.134743872098625, "mean": 4.107247170293704, "std": 0.029858483014008227, "repeat": 4, "number": 1}]}, "repo.gitrepo.time_get_content_info": {"result": [0.01545227412134409], "stats": [{"ci_99": [0.013971838168799877, 0.0167898116633296], "q_25": 0.015288187889382243, "q_75": 0.016109087504446507, "min": 0.013971838168799877, "max": 0.0167898116633296, "mean": 0.015591153595596551, "std": 0.0007709800714101574, "repeat": 10, "number": 1}]}, "api.testds.time_create_test_dataset1": {"result": [0.6025974252261221], "stats": [{"ci_99": [0.5956250363960862, 0.6183606730774045], "q_25": 0.5977624750230461, "q_75": 0.6069319392554462, "min": 0.5956250363960862, "max": 0.6183606730774045, "mean": 0.6033509314060211, "std": 0.006646434720152269, "repeat": 10, "number": 1}]}, "api.testds.time_create_test_dataset2x2": {"result": [3.6011449228972197], "stats": [{"ci_99": [3.5236562527646584, 3.6936673540691576], "q_25": 3.585584153421223, "q_75": 3.6242225728929043, "min": 3.5752436509355903, "max": 3.6571137169376016, "mean": 3.608661803416908, "std": 0.031108128689159457, "repeat": 4, "number": 1}]}, "core.runner.time_echo": {"result": [0.0017215826082974672], "stats": [{"ci_99": [0.00170595059171319, 0.0017636297270655632], "q_25": 0.0017145125893875957, "q_75": 0.0017292768073578675, "min": 0.00170595059171319, "max": 0.0017636297270655632, "mean": 0.0017258287717898686, "std": 1.7162312284232147e-05, "repeat": 10, "number": 6}]}, "core.runner.time_echo_gitrunner": {"result": [0.002569521591067314], "stats": [{"ci_99": [0.0023227037861943247, 0.002932707965373993], "q_25": 0.002390329912304878, "q_75": 0.0026733231265097853, "min": 0.0023227037861943247, "max": 0.002932707965373993, "mean": 0.0025720115564763545, "std": 0.00019788625427897294, "repeat": 10, "number": 5}]}, "core.startup.time_help_np": {"result": [0.5888083768077195], "stats": [{"ci_99": [0.5109097938984632, 0.6305584497749805], "q_25": 0.574036946054548, "q_75": 0.6173530623782426, "min": 0.5109097938984632, "max": 0.6305584497749805, "mean": 0.5870117857120931, "std": 0.0356648897227467, "repeat": 10, "number": 1}]}, "core.startup.time_import": {"result": [0.15788816614076495], "stats": [{"ci_99": [0.11454720050096512, 0.20478852838277817], "q_25": 0.14952820329926908, "q_75": 0.16376609238795936, "min": 0.11454720050096512, "max": 0.20478852838277817, "mean": 0.1543013172224164, "std": 0.024634686656870467, "repeat": 10, "number": 1}]}, "core.startup.time_import_api": {"result": [0.5162059618160129], "stats": [{"ci_99": [0.4534738380461931, 0.5577529743313789], "q_25": 0.4855402084067464, "q_75": 0.5322098971810192, "min": 0.4534738380461931, "max": 0.5577529743313789, "mean": 0.5095602579414844, "std": 0.034742631926896826, "repeat": 10, "number": 1}]}, "support.path.get_parent_paths.time_allsubmods_toplevel": {"result": [0.007744100876152515], "stats": [{"ci_99": [0.006930648349225521, 0.00892453221604228], "q_25": 0.007375778630375862, "q_75": 0.008281112415716052, "min": 0.006930648349225521, "max": 0.00892453221604228, "mean": 0.007838916731998324, "std": 0.0006369014956346407, "repeat": 10, "number": 2}]}, "support.path.get_parent_paths.time_allsubmods_toplevel_only": {"result": [0.0062574222683906555], "stats": [{"ci_99": [0.006187743507325649, 0.007317884359508753], "q_25": 0.006202221265994012, "q_75": 0.00654117064550519, "min": 0.006187743507325649, "max": 0.007317884359508753, "mean": 0.006449694791808724, "std": 0.0003567998374778533, "repeat": 10, "number": 2}]}, "support.path.get_parent_paths.time_no_submods": {"result": [2.953805905425635e-07], "stats": [{"ci_99": [2.808767216133128e-07, 3.483363794531506e-07], "q_25": 2.8270690411428345e-07, "q_75": 3.1040182404270144e-07, "min": 2.808767216133128e-07, "max": 3.483363794531506e-07, "mean": 3.008197159468784e-07, "std": 2.0588544723956125e-08, "repeat": 10, "number": 29478}]}, "support.path.get_parent_paths.time_one_submod_subdir": {"result": [0.0065157844219356775], "stats": [{"ci_99": [0.005803578533232212, 0.007346231956034899], "q_25": 0.0062078144401311874,