{"results": {"api.supers.time_createadd": {"result": [1.296776074450463], "stats": [{"ci_99": [1.2846915647387505, 1.323305405676365], "q_25": 1.290467077633366, "q_75": 1.3091708461288363, "min": 1.2846915647387505, "max": 1.323305405676365, "mean": 1.2999698651954532, "std": 0.012066018877310042, "repeat": 10, "number": 1}]}, "api.supers.time_createadd_to_dataset": {"result": [1.236771290190518], "stats": [{"ci_99": [1.230756320990622, 1.2520065307617188], "q_25": 1.231736078625545, "q_75": 1.2448761155828834, "min": 1.230756320990622, "max": 1.2520065307617188, "mean": 1.2386789933778346, "std": 0.007745512911489851, "repeat": 10, "number": 1}]}, "api.supers.time_diff": null, "api.supers.time_diff_recursive": null, "api.supers.time_installr": {"result": [5.522654958534986], "stats": [{"ci_99": [4.98789258627221, 6.057417330797762], "q_25": 5.517307334812358, "q_75": 5.5280025822576135, "min": 5.51195971108973, "max": 5.533350205980241, "mean": 5.522654958534986, "std": 0.010695247445255518, "repeat": 2, "number": 1}]}, "api.supers.time_ls": {"result": [0.1898755682632327], "stats": [{"ci_99": [0.17970253061503172, 0.19918479397892952], "q_25": 0.18378383805975318, "q_75": 0.1918667855206877, "min": 0.17970253061503172, "max": 0.19918479397892952, "mean": 0.1884952884167433, "std": 0.0057696884281356, "repeat": 10, "number": 1}]}, "api.supers.time_ls_recursive": {"result": [1.7880355240777135], "stats": [{"ci_99": [1.7760208901017904, 1.8031640043482184], "q_25": 1.7855963052716106, "q_75": 1.7940659553278238, "min": 1.7760208901017904, "max": 1.8031640043482184, "mean": 1.789070885349065, "std": 0.008672276836807387, "repeat": 10, "number": 1}]}, "api.supers.time_ls_recursive_long_all": {"result": [1.9434097101911902], "stats": [{"ci_99": [1.9305904535576701, 1.9586783768609166], "q_25": 1.9359266511164606, "q_75": 1.9523276227992028, "min": 1.9305904535576701, "max": 1.9586783768609166, "mean": 1.9443350521614775, "std": 0.010398489379022931, "repeat": 8, "number": 1}]}, "api.supers.time_remove": null, "api.supers.time_status": {"result": [0.7220693686977029], "stats": [{"ci_99": [0.7188581544905901, 0.7355046877637506], "q_25": 0.7203735129442066, "q_75": 0.7233987974468619, "min": 0.7188581544905901, "max": 0.7355046877637506, "mean": 0.7229658904485404, "std": 0.0045328097209207455, "repeat": 10, "number": 1}]}, "api.supers.time_status_recursive": {"result": [1.3698626165278256], "stats": [{"ci_99": [1.3615735778585076, 1.38194774184376], "q_25": 1.36482821428217, "q_75": 1.3709757872857153, "min": 1.3615735778585076, "max": 1.38194774184376, "mean": 1.3696195920929313, "std": 0.006159416914337866, "repeat": 10, "number": 1}]}, "api.supers.time_subdatasets": {"result": [0.09741762885823846], "stats": [{"ci_99": [0.09375477768480778, 0.1009820532053709], "q_25": 0.09525570715777576, "q_75": 0.09910516208037734, "min": 0.09375477768480778, "max": 0.1009820532053709, "mean": 0.09722522832453251, "std": 0.00239132586579898, "repeat": 10, "number": 1}]}, "api.supers.time_subdatasets_recursive": {"result": [0.4314944292418659], "stats": [{"ci_99": [0.4249181328341365, 0.44305004738271236], "q_25": 0.43022115528583527, "q_75": 0.4356667569372803, "min": 0.4249181328341365, "max": 0.44305004738271236, "mean": 0.43280445570126175, "std": 0.005418576478805326, "repeat": 10, "number": 1}]}, "api.supers.time_subdatasets_recursive_first": {"result": [0.09549216739833355], "stats": [{"ci_99": [0.09329810831695795, 0.09915842860937119], "q_25": 0.09478451102040708, "q_75": 0.09613283793441951, "min": 0.09329810831695795, "max": 0.09915842860937119, "mean": 0.09567389553412795, "std": 0.0015074043843288983, "repeat": 10, "number": 1}]}, "api.supers.time_uninstall": {"result": [4.247243310790509], "stats": [{"ci_99": [4.229294683150429, 4.267300501633954], "q_25": 4.244086960097775, "q_75": 4.251453943084925, "min": 4.239674021489918, "max": 4.259029726497829, "mean": 4.248297592392191, "std": 0.00702582110559752, "repeat": 4, "number": 1}]}, "repo.gitrepo.time_get_content_info": {"result": [0.01586205791682005], "stats": [{"ci_99": [0.014570018276572227, 0.018710846081376076], "q_25": 0.015105607453733683, "q_75": 0.016029477352276444, "min": 0.014570018276572227, "max": 0.018710846081376076, "mean": 0.01584492139518261, "std": 0.0010970928027518722, "repeat": 10, "number": 1}]}, "api.testds.time_create_test_dataset1": {"result": [0.6142618716694415], "stats": [{"ci_99": [0.6102890986949205, 0.6324123982340097], "q_25": 0.6129266631323844, "q_75": 0.6203636173158884, "min": 0.6102890986949205, "max": 0.6324123982340097, "mean": 0.6172498860396445, "std": 0.006543114546632037, "repeat": 10, "number": 1}]}, "api.testds.time_create_test_dataset2x2": {"result": [3.7932439567521214], "stats": [{"ci_99": [3.7847238891754014, 3.8021044930447174], "q_25": 3.7905890736728907, "q_75": 3.7960690741892904, "min": 3.790227090008557, "max": 3.7969417609274387, "mean": 3.7934141911100596, "std": 0.0029792567265130095, "repeat": 4, "number": 1}]}, "core.runner.time_echo": {"result": [0.0017122451681643724], "stats": [{"ci_99": [0.0016950441834827263, 0.0018567557757099469], "q_25": 0.0017019195171693962, "q_75": 0.001740830911633869, "min": 0.0016950441834827263, "max": 0.0018567557757099469, "mean": 0.0017355113911132018, "std": 4.9450057059311766e-05, "repeat": 10, "number": 6}]}, "core.runner.time_echo_gitrunner": {"result": [0.0027451212517917156], "stats": [{"ci_99": [0.0025500678457319736, 0.003270275890827179], "q_25": 0.002629210997838527, "q_75": 0.002820777124725282, "min": 0.0025500678457319736, "max": 0.003270275890827179, "mean": 0.0027628545882180332, "std": 0.00019740748146518467, "repeat": 10, "number": 4}]}, "core.startup.time_help_np": {"result": [0.589242453686893], "stats": [{"ci_99": [0.5335316145792603, 0.6701424177736044], "q_25": 0.5703778280876577, "q_75": 0.6234441215638071, "min": 0.5335316145792603, "max": 0.6701424177736044, "mean": 0.5958692141808569, "std": 0.03832028844197771, "repeat": 10, "number": 1}]}, "core.startup.time_import": {"result": [0.17313393019139767], "stats": [{"ci_99": [0.15575404930859804, 0.20853834878653288], "q_25": 0.16698202164843678, "q_75": 0.19319375813938677, "min": 0.15575404930859804, "max": 0.20853834878653288, "mean": 0.17875538328662516, "std": 0.017492060234581913, "repeat": 10, "number": 1}]}, "core.startup.time_import_api": {"result": [0.525510800536722], "stats": [{"ci_99": [0.4631131440401077, 0.5979038123041391], "q_25": 0.5129116789903492, "q_75": 0.548873306484893, "min": 0.4631131440401077, "max": 0.5979038123041391, "mean": 0.5310495793819427, "std": 0.03605083608425116, "repeat": 10, "number": 1}]}, "support.path.get_parent_paths.time_allsubmods_toplevel": {"result": [0.007299192249774933], "stats": [{"ci_99": [0.007005725055932999, 0.008919035084545612], "q_25": 0.00704422197304666, "q_75": 0.007892671041190624, "min": 0.007005725055932999, "max": 0.008919035084545612, "mean": 0.007568732416257262, "std": 0.000622889773897092, "repeat": 10, "number": 2}]}, "support.path.get_parent_paths.time_allsubmods_toplevel_only": {"result": [0.006976406555622816], "stats": [{"ci_99": [0.006234551314264536, 0.0082227298989892], "q_25": 0.00660309789236635, "q_75": 0.00747579918242991, "min": 0.006234551314264536, "max": 0.0082227298989892, "mean": 0.007073679426684976, "std": 0.0005730263311664726, "repeat": 10, "number": 2}]}, "support.path.get_parent_paths.time_no_submods": {"result": [3.4942034819342644e-07], "stats": [{"ci_99": [3.17196921710118e-07, 3.9671643534178325e-07], "q_25": 3.385077955500556e-07, "q_75": 3.640706851814176e-07, "min": 3.17196921710118e-07, "max": 3.9671643534178325e-07, "mean": 3.5195807406519045e-07, "std": 2.2068196267804563e-08, "repeat": 10, "number": 26164}]}, "support.path.get_parent_paths.time_one_submod_subdir": {"result": [0.006450264947488904], "stats": [{"ci_99": [0.0056131440214812756, 0.0073569477535784245], "q_25": 0.006106218439526856, "q_75": 0.006699783494696021,