{"results": {"api.supers.time_createadd": {"result": [0.9928690250962973], "stats": [{"ci_99": [0.9758058981969953, 1.0113069247454405], "q_25": 0.9807994358707219, "q_75": 1.0017123927827924, "min": 0.9758058981969953, "max": 1.0113069247454405, "mean": 0.9921782847493887, "std": 0.0120083991092232, "repeat": 10, "number": 1}]}, "api.supers.time_createadd_to_dataset": {"result": [0.9832975878380239], "stats": [{"ci_99": [0.9602676033973694, 1.010597319342196], "q_25": 0.9728558021597564, "q_75": 0.998017807956785, "min": 0.9602676033973694, "max": 1.010597319342196, "mean": 0.984462741483003, "std": 0.016235850442584805, "repeat": 10, "number": 1}]}, "api.supers.time_diff": null, "api.supers.time_diff_recursive": null, "api.supers.time_installr": {"result": [4.1108849360607564], "stats": [{"ci_99": [4.0655405927534956, 4.157888614005242], "q_25": 4.104385199723765, "q_75": 4.11821433971636, "min": 4.088102092035115, "max": 4.1369864493608475, "mean": 4.111714603379369, "std": 0.017319729355845224, "repeat": 4, "number": 1}]}, "api.supers.time_ls": {"result": [0.1144734644331038], "stats": [{"ci_99": [0.11160651408135891, 0.1279220851138234], "q_25": 0.11395454499870539, "q_75": 0.11710914131253958, "min": 0.11160651408135891, "max": 0.1279220851138234, "mean": 0.11632873611524701, "std": 0.0043715166566378584, "repeat": 10, "number": 1}]}, "api.supers.time_ls_recursive": {"result": [1.0656606419943273], "stats": [{"ci_99": [1.059505332261324, 1.0856726206839085], "q_25": 1.0616123182699084, "q_75": 1.0696620009839535, "min": 1.059505332261324, "max": 1.0856726206839085, "mean": 1.0670179488137363, "std": 0.007338247065226967, "repeat": 10, "number": 1}]}, "api.supers.time_ls_recursive_long_all": {"result": [1.226221780758351], "stats": [{"ci_99": [1.2156915105879307, 1.2331528710201383], "q_25": 1.2205605474300683, "q_75": 1.2301994732115418, "min": 1.2156915105879307, "max": 1.2331528710201383, "mean": 1.2254329634830357, "std": 0.005625504034793631, "repeat": 10, "number": 1}]}, "api.supers.time_remove": {"result": [2.0266856774687767], "stats": [{"ci_99": [2.008674096316099, 2.041540550068021], "q_25": 2.014164972351864, "q_75": 2.0348150555510074, "min": 2.008674096316099, "max": 2.041540550068021, "mean": 2.0248769142199308, "std": 0.011698819280920794, "repeat": 8, "number": 1}]}, "api.supers.time_status": {"result": [0.6842449326068163], "stats": [{"ci_99": [0.678093533962965, 0.6926759835332632], "q_25": 0.6833540077786893, "q_75": 0.686751309549436, "min": 0.678093533962965, "max": 0.6926759835332632, "mean": 0.68500234503299, "std": 0.004124331383331699, "repeat": 10, "number": 1}]}, "api.supers.time_status_recursive": {"result": [1.141937195789069], "stats": [{"ci_99": [1.1320758517831564, 1.1603224100545049], "q_25": 1.138174021616578, "q_75": 1.144068721216172, "min": 1.1320758517831564, "max": 1.1603224100545049, "mean": 1.1426118179224432, "std": 0.007444679712822418, "repeat": 10, "number": 1}]}, "api.supers.time_subdatasets": {"result": [0.06915701227262616], "stats": [{"ci_99": [0.06509245652705431, 0.0723844263702631], "q_25": 0.0674790539778769, "q_75": 0.07057882728986442, "min": 0.06509245652705431, "max": 0.0723844263702631, "mean": 0.06911908006295561, "std": 0.0022372195809949435, "repeat": 10, "number": 1}]}, "api.supers.time_subdatasets_recursive": {"result": [0.24661890882998705], "stats": [{"ci_99": [0.24016998056322336, 0.25542628951370716], "q_25": 0.2456562709994614, "q_75": 0.24782914156094193, "min": 0.24016998056322336, "max": 0.25542628951370716, "mean": 0.24656327068805695, "std": 0.003991038240893085, "repeat": 10, "number": 1}]}, "api.supers.time_subdatasets_recursive_first": {"result": [0.06657687947154045], "stats": [{"ci_99": [0.06410439405590296, 0.07418677862733603], "q_25": 0.065500701777637, "q_75": 0.07043044292367995, "min": 0.06410439405590296, "max": 0.07418677862733603, "mean": 0.06795788826420904, "std": 0.0033574845745099505, "repeat": 10, "number": 1}]}, "api.supers.time_uninstall": {"result": [1.979028892237693], "stats": [{"ci_99": [1.963761436752975, 2.088257195428014], "q_25": 1.9709246838465333, "q_75": 1.986341401701793, "min": 1.963761436752975, "max": 2.088257195428014, "mean": 1.9902208185521886, "std": 0.03789615402228499, "repeat": 8, "number": 1}]}, "repo.gitrepo.time_get_content_info": {"result": [0.02051811944693327], "stats": [{"ci_99": [0.014809449203312397, 0.02419762872159481], "q_25": 0.016103456262499094, "q_75": 0.022000445518642664, "min": 0.014809449203312397, "max": 0.02419762872159481, "mean": 0.019571389257907867, "std": 0.0033160028415717448, "repeat": 10, "number": 1}]}, "api.testds.time_create_test_dataset1": {"result": [0.45037561981007457], "stats": [{"ci_99": [0.4318881453946233, 0.47383621986955404], "q_25": 0.4404632442165166, "q_75": 0.4633407082874328, "min": 0.4318881453946233, "max": 0.47383621986955404, "mean": 0.4510649618692696, "std": 0.013716292213530112, "repeat": 10, "number": 1}]}, "api.testds.time_create_test_dataset2x2": {"result": [2.8184575038030744], "stats": [{"ci_99": [2.758740812577028, 2.884251297414582], "q_25": 2.7892780208494514, "q_75": 2.8575825304724276, "min": 2.7765131294727325, "max": 2.865372460335493, "mean": 2.821496054995805, "std": 0.03618538207505656, "repeat": 6, "number": 1}]}, "core.runner.time_echo": {"result": [0.00208268677815795], "stats": [{"ci_99": [0.0018291132524609565, 0.00235131960362196], "q_25": 0.002025825344026089, "q_75": 0.002167710242792964, "min": 0.0018291132524609565, "max": 0.00235131960362196, "mean": 0.0020921225845813756, "std": 0.0001392969309201948, "repeat": 10, "number": 5}]}, "core.runner.time_echo_gitrunner": {"result": [0.002272673789411783], "stats": [{"ci_99": [0.0020920807495713235, 0.0028973830863833427], "q_25": 0.0021114086266607046, "q_75": 0.0026194754987955093, "min": 0.0020920807495713235, "max": 0.0028973830863833427, "mean": 0.002384318169206381, "std": 0.00029680109829523346, "repeat": 10, "number": 5}]}, "core.startup.time_help_np": {"result": [0.5793587164953351], "stats": [{"ci_99": [0.5576597834005952, 0.6299157617613673], "q_25": 0.5664875817019492, "q_75": 0.6038145027123392, "min": 0.5576597834005952, "max": 0.6299157617613673, "mean": 0.5853489840403199, "std": 0.02268000704571013, "repeat": 10, "number": 1}]}, "core.startup.time_import": {"result": [0.16012079501524568], "stats": [{"ci_99": [0.11597147677093744, 0.1865811524912715], "q_25": 0.125475843437016, "q_75": 0.1694637923501432, "min": 0.11597147677093744, "max": 0.1865811524912715, "mean": 0.15132953869178892, "std": 0.02470991192214132, "repeat": 10, "number": 1}]}, "core.startup.time_import_api": {"result": [0.49866575095802546], "stats": [{"ci_99": [0.4473986765369773, 0.5668877447023988], "q_25": 0.46256012469530106, "q_75": 0.5101695328485221, "min": 0.4473986765369773, "max": 0.5668877447023988, "mean": 0.4951906414702535, "std": 0.03581895790548279, "repeat": 10, "number": 1}]}, "support.path.get_parent_paths.time_allsubmods_toplevel": null, "support.path.get_parent_paths.time_allsubmods_toplevel_only": null, "support.path.get_parent_paths.time_no_submods": null, "support.path.get_parent_paths.time_one_submod_subdir": null, "support.path.get_parent_paths.time_one_submod_toplevel": null, "usecases.study_forrest.time_make_studyforrest_mockup": {"result": [26.973214556463063], "stats": [{"ci_99": [22.881741446442902, 31.06468766648322], "q_25": 26.93229982536286, "q_75": 27.014129287563264, "min": 26.89138509426266, "max": 27.055044018663466, "mean": 26.973214556463063, "std": 0.08182946220040321, "repeat": 2, "number": 1}]}, "core.runner.track_overhead_100ms": 2.1, "core.runner.track_overhead_echo": 28.5, "core.runner.track_overhead_heavyout": -3.2, "core.runner.track_overhead_heavyout_online_process": 2.55, "core.runner.track_overhead_heavyout_online_through": 34.48}, "params": {"arch": "x86_64", "cpu": "Intel(R) Xeon(R) CPU E5-1607 v2 @ 3.00GHz", "machine": "drogon-neurodebian0.20200209.1",