{"results": {"api.supers.time_createadd": {"result": [1.2998854266479611], "stats": [{"ci_99": [1.2915217410773039, 1.3126046527177095], "q_25": 1.292644873028621, "q_75": 1.307340835686773, "min": 1.2915217410773039, "max": 1.3126046527177095, "mean": 1.3007028743624687, "std": 0.007904487443913637, "repeat": 10, "number": 1}]}, "api.supers.time_createadd_to_dataset": {"result": [1.242886179126799], "stats": [{"ci_99": [1.2364404099062085, 1.2717568073421717], "q_25": 1.2414107755757868, "q_75": 1.2519255389925092, "min": 1.2364404099062085, "max": 1.2717568073421717, "mean": 1.2474890852347016, "std": 0.010094708840578715, "repeat": 10, "number": 1}]}, "api.supers.time_diff": null, "api.supers.time_diff_recursive": null, "api.supers.time_installr": {"result": [5.364864032715559], "stats": [{"ci_99": [4.623481996357441, 6.106246069073676], "q_25": 5.357450212351978, "q_75": 5.37227785307914, "min": 5.350036391988397, "max": 5.379691673442721, "mean": 5.364864032715559, "std": 0.014827640727162361, "repeat": 2, "number": 1}]}, "api.supers.time_ls": {"result": [0.18582438537850976], "stats": [{"ci_99": [0.18037740979343653, 0.20895103178918362], "q_25": 0.18148646969348192, "q_75": 0.189273334806785, "min": 0.18037740979343653, "max": 0.20895103178918362, "mean": 0.18786020232364536, "std": 0.008308413319922357, "repeat": 10, "number": 1}]}, "api.supers.time_ls_recursive": {"result": [1.7880557463504374], "stats": [{"ci_99": [1.7784546418115497, 1.801805816590786], "q_25": 1.7860675062984228, "q_75": 1.794199938653037, "min": 1.7784546418115497, "max": 1.801805816590786, "mean": 1.7894007821567357, "std": 0.006612343895819033, "repeat": 10, "number": 1}]}, "api.supers.time_ls_recursive_long_all": {"result": [1.9523756932467222], "stats": [{"ci_99": [1.9350216751918197, 1.995122466236353], "q_25": 1.9412566476967186, "q_75": 1.9653833475895226, "min": 1.9350216751918197, "max": 1.995122466236353, "mean": 1.95594277465716, "std": 0.018478689826810293, "repeat": 8, "number": 1}]}, "api.supers.time_remove": null, "api.supers.time_status": {"result": [0.7246199320070446], "stats": [{"ci_99": [0.712527341209352, 0.7396473214030266], "q_25": 0.7188052379060537, "q_75": 0.7274200220126659, "min": 0.712527341209352, "max": 0.7396473214030266, "mean": 0.7242264738306403, "std": 0.007677054087726436, "repeat": 10, "number": 1}]}, "api.supers.time_status_recursive": {"result": [1.3694718843325973], "stats": [{"ci_99": [1.3560090903192759, 1.3841254729777575], "q_25": 1.3651888875756413, "q_75": 1.3732976992614567, "min": 1.3560090903192759, "max": 1.3841254729777575, "mean": 1.3700354212895036, "std": 0.008667511961860434, "repeat": 10, "number": 1}]}, "api.supers.time_subdatasets": {"result": [0.09570258855819702], "stats": [{"ci_99": [0.09312745835632086, 0.11137762758880854], "q_25": 0.0947462753392756, "q_75": 0.09945968631654978, "min": 0.09312745835632086, "max": 0.11137762758880854, "mean": 0.09786645891144871, "std": 0.005198623783424257, "repeat": 10, "number": 1}]}, "api.supers.time_subdatasets_recursive": {"result": [0.43094249814748764], "stats": [{"ci_99": [0.4225416649132967, 0.44095016457140446], "q_25": 0.42976620863191783, "q_75": 0.43527311203069985, "min": 0.4225416649132967, "max": 0.44095016457140446, "mean": 0.4320513245649636, "std": 0.005143700803327568, "repeat": 10, "number": 1}]}, "api.supers.time_subdatasets_recursive_first": {"result": [0.09424914978444576], "stats": [{"ci_99": [0.0914120813831687, 0.09909396525472403], "q_25": 0.09325052122585475, "q_75": 0.09555804752744734, "min": 0.0914120813831687, "max": 0.09909396525472403, "mean": 0.09466436319053173, "std": 0.002118964100421101, "repeat": 10, "number": 1}]}, "api.supers.time_uninstall": {"result": [4.268666219431907], "stats": [{"ci_99": [4.14098011293576, 4.452078373533329], "q_25": 4.258675855118781, "q_75": 4.306519607547671, "min": 4.244269108399749, "max": 4.404515425674617, "mean": 4.296529243234545, "std": 0.06324291771560783, "repeat": 4, "number": 1}]}, "repo.gitrepo.time_get_content_info": {"result": [0.015859518200159073], "stats": [{"ci_99": [0.014477771706879139, 0.018607916310429573], "q_25": 0.015556108439341187, "q_75": 0.01627477561123669, "min": 0.014477771706879139, "max": 0.018607916310429573, "mean": 0.016045493073761463, "std": 0.001092433448196776, "repeat": 10, "number": 1}]}, "api.testds.time_create_test_dataset1": {"result": [0.6197079229168594], "stats": [{"ci_99": [0.6125212712213397, 0.6324852555990219], "q_25": 0.6145790226291865, "q_75": 0.6245666272006929, "min": 0.6125212712213397, "max": 0.6324852555990219, "mean": 0.6206667693331838, "std": 0.006544436678579513, "repeat": 10, "number": 1}]}, "api.testds.time_create_test_dataset2x2": {"result": [3.79782481957227], "stats": [{"ci_99": [3.754060691049948, 3.8482037789051686], "q_25": 3.791099027963355, "q_75": 3.807858026586473, "min": 3.780077423900366, "max": 3.8288018768653274, "mean": 3.8011322349775583, "std": 0.01767357222092433, "repeat": 4, "number": 1}]}, "core.runner.time_echo": {"result": [0.0017297964077442884], "stats": [{"ci_99": [0.0017173707795639832, 0.0017431755550205708], "q_25": 0.001726171700283885, "q_75": 0.0017356379733731349, "min": 0.0017173707795639832, "max": 0.0017431755550205708, "mean": 0.0017303321976214648, "std": 7.067448495282239e-06, "repeat": 10, "number": 6}]}, "core.runner.time_echo_gitrunner": {"result": [0.002441437100060284], "stats": [{"ci_99": [0.002347272355109453, 0.002780186478048563], "q_25": 0.002379842335358262, "q_75": 0.002567517280112952, "min": 0.002347272355109453, "max": 0.002780186478048563, "mean": 0.0024964425479993223, "std": 0.00014447702665800925, "repeat": 10, "number": 4}]}, "core.startup.time_help_np": {"result": [0.6465898128226399], "stats": [{"ci_99": [0.6033468320965767, 0.6793700391426682], "q_25": 0.615837708581239, "q_75": 0.666689868317917, "min": 0.6033468320965767, "max": 0.6793700391426682, "mean": 0.6424777187407017, "std": 0.027658156411881078, "repeat": 10, "number": 1}]}, "core.startup.time_import": {"result": [0.17447652341797948], "stats": [{"ci_99": [0.13000483252108097, 0.21155932638794184], "q_25": 0.13410686259157956, "q_75": 0.17809576028957963, "min": 0.13000483252108097, "max": 0.21155932638794184, "mean": 0.16283271731808782, "std": 0.02632905203722077, "repeat": 10, "number": 1}]}, "core.startup.time_import_api": {"result": [0.5639370763674378], "stats": [{"ci_99": [0.48427740298211575, 0.62194808665663], "q_25": 0.5472253900952637, "q_75": 0.5894812038168311, "min": 0.48427740298211575, "max": 0.62194808665663, "mean": 0.5589815911836922, "std": 0.04211653780240888, "repeat": 10, "number": 1}]}, "support.path.get_parent_paths.time_allsubmods_toplevel": {"result": [0.007268386194482446], "stats": [{"ci_99": [0.006629227660596371, 0.008624317590147257], "q_25": 0.006946794339455664, "q_75": 0.007719163899309933, "min": 0.006629227660596371, "max": 0.008624317590147257, "mean": 0.007391463872045279, "std": 0.0005980677491400129, "repeat": 10, "number": 2}]}, "support.path.get_parent_paths.time_allsubmods_toplevel_only": {"result": [0.006331640062853694], "stats": [{"ci_99": [0.005932822357863188, 0.007417101878672838], "q_25": 0.006065755267627537, "q_75": 0.006678798352368176, "min": 0.005932822357863188, "max": 0.007417101878672838, "mean": 0.006441492773592472, "std": 0.0004558448592425993, "repeat": 10, "number": 2}]}, "support.path.get_parent_paths.time_no_submods": {"result": [2.8472855101893486e-07], "stats": [{"ci_99": [2.7153021253249343e-07, 3.5179731148129826e-07], "q_25": 2.7507874613179e-07, "q_75": 3.153225653320827e-07, "min": 2.7153021253249343e-07, "max": 3.5179731148129826e-07, "mean": 2.9756856554637857e-07, "std": 2.7458281103686686e-08, "repeat": 10, "number": 37810}]}, "support.path.get_parent_paths.time_one_submod_subdir": {"result": [0.0052274297922849655], "stats": [{"ci_99": [0.005123879294842482, 0.006026051007211208], "q_25": 0.005221273633651435, "q_75": 0.0055416879476979375,