{"results": {"api.supers.time_createadd": {"result": [1.309285814408213], "stats": [{"ci_99": [1.2882466586306691, 1.3237738134339452], "q_25": 1.2943839454092085, "q_75": 1.3202602171804756, "min": 1.2882466586306691, "max": 1.3237738134339452, "mean": 1.3069597015157342, "std": 0.01315989729008305, "repeat": 10, "number": 1}]}, "api.supers.time_createadd_to_dataset": {"result": [1.2519396971911192], "stats": [{"ci_99": [1.230926682241261, 1.2810375522822142], "q_25": 1.2392886164598167, "q_75": 1.2601101202890277, "min": 1.230926682241261, "max": 1.2810375522822142, "mean": 1.2506003725342452, "std": 0.014749992652081526, "repeat": 10, "number": 1}]}, "api.supers.time_diff": null, "api.supers.time_diff_recursive": null, "api.supers.time_installr": {"result": [5.520649338606745], "stats": [{"ci_99": [4.558730558957905, 6.4825681182555845], "q_25": 5.511030150810257, "q_75": 5.530268526403233, "min": 5.501410963013768, "max": 5.539887714199722, "mean": 5.520649338606745, "std": 0.01923837559297681, "repeat": 2, "number": 1}]}, "api.supers.time_ls": {"result": [0.18445484898984432], "stats": [{"ci_99": [0.18015839159488678, 0.19137007929384708], "q_25": 0.18322819308377802, "q_75": 0.18947668140754104, "min": 0.18015839159488678, "max": 0.19137007929384708, "mean": 0.18589848559349775, "std": 0.0037963932678667543, "repeat": 10, "number": 1}]}, "api.supers.time_ls_recursive": {"result": [1.7843676414340734], "stats": [{"ci_99": [1.7728543458506465, 1.7937735030427575], "q_25": 1.7801980825606734, "q_75": 1.7880050837993622, "min": 1.7728543458506465, "max": 1.7937735030427575, "mean": 1.7842270407825709, "std": 0.006055157905741431, "repeat": 10, "number": 1}]}, "api.supers.time_ls_recursive_long_all": {"result": [1.9449356235563755], "stats": [{"ci_99": [1.933516712859273, 1.9570179460570216], "q_25": 1.9410653577651829, "q_75": 1.9465107265859842, "min": 1.933516712859273, "max": 1.9570179460570216, "mean": 1.9441945450380445, "std": 0.0065362007444256884, "repeat": 8, "number": 1}]}, "api.supers.time_remove": null, "api.supers.time_status": {"result": [0.7217745976522565], "stats": [{"ci_99": [0.7196356132626534, 0.7273249588906765], "q_25": 0.7204318842850626, "q_75": 0.7259687080513686, "min": 0.7196356132626534, "max": 0.7273249588906765, "mean": 0.7229419960640371, "std": 0.002896771010530011, "repeat": 10, "number": 1}]}, "api.supers.time_status_recursive": {"result": [1.3670305144041777], "stats": [{"ci_99": [1.361579841002822, 1.3784923758357763], "q_25": 1.3644303309265524, "q_75": 1.370066789444536, "min": 1.361579841002822, "max": 1.3784923758357763, "mean": 1.3682711222209036, "std": 0.005501426941887618, "repeat": 10, "number": 1}]}, "api.supers.time_subdatasets": {"result": [0.09537132270634174], "stats": [{"ci_99": [0.09399515483528376, 0.10197316110134125], "q_25": 0.09451250988058746, "q_75": 0.0959733878262341, "min": 0.09399515483528376, "max": 0.10197316110134125, "mean": 0.0958573080599308, "std": 0.002183676980039605, "repeat": 10, "number": 1}]}, "api.supers.time_subdatasets_recursive": {"result": [0.4346813103184104], "stats": [{"ci_99": [0.4236563425511122, 0.4439009400084615], "q_25": 0.4268490003887564, "q_75": 0.4354944135993719, "min": 0.4236563425511122, "max": 0.4439009400084615, "mean": 0.4323444325476885, "std": 0.00612728355918063, "repeat": 10, "number": 1}]}, "api.supers.time_subdatasets_recursive_first": {"result": [0.09453250048682094], "stats": [{"ci_99": [0.09182038437575102, 0.10044479370117188], "q_25": 0.09352849284186959, "q_75": 0.09553667157888412, "min": 0.09182038437575102, "max": 0.10044479370117188, "mean": 0.09481650926172733, "std": 0.002203812829845349, "repeat": 10, "number": 1}]}, "api.supers.time_uninstall": {"result": [4.268255730159581], "stats": [{"ci_99": [4.189350917125877, 4.347296747257177], "q_25": 4.248643908882514, "q_75": 4.287935653468594, "min": 4.231552675366402, "max": 4.3052311930805445, "mean": 4.268323832191527, "std": 0.027845649156262205, "repeat": 4, "number": 1}]}, "repo.gitrepo.time_get_content_info": {"result": [0.0157911479473114], "stats": [{"ci_99": [0.01432852353900671, 0.018767043948173523], "q_25": 0.014524221187457442, "q_75": 0.016935375286266208, "min": 0.01432852353900671, "max": 0.018767043948173523, "mean": 0.01589174345135689, "std": 0.0014341073181650583, "repeat": 10, "number": 1}]}, "api.testds.time_create_test_dataset1": {"result": [0.6151656708680093], "stats": [{"ci_99": [0.6075999410822988, 0.6240653619170189], "q_25": 0.6104438691399992, "q_75": 0.6197302194777876, "min": 0.6075999410822988, "max": 0.6240653619170189, "mean": 0.6153795147314668, "std": 0.005767642541362098, "repeat": 10, "number": 1}]}, "api.testds.time_create_test_dataset2x2": {"result": [3.834707378409803], "stats": [{"ci_99": [3.7199876362780135, 3.949632234094104], "q_25": 3.8051773626357317, "q_75": 3.8643399509601295, "min": 3.7823650436475873, "max": 3.88745994027704, "mean": 3.8348099351860583, "std": 0.040261649650444556, "repeat": 4, "number": 1}]}, "core.runner.time_echo": {"result": [0.0017053321159134307], "stats": [{"ci_99": [0.001697541835407416, 0.0017271849016348522], "q_25": 0.0017005336315681536, "q_75": 0.001708243042230606, "min": 0.001697541835407416, "max": 0.0017271849016348522, "mean": 0.0017063344363123182, "std": 8.217284064218841e-06, "repeat": 10, "number": 6}]}, "core.runner.time_echo_gitrunner": {"result": [0.002126254141330719], "stats": [{"ci_99": [0.002100447565317154, 0.0021985340863466263], "q_25": 0.0021085948683321476, "q_75": 0.002134376671165228, "min": 0.002100447565317154, "max": 0.0021985340863466263, "mean": 0.002128058820962906, "std": 2.657778743792034e-05, "repeat": 10, "number": 5}]}, "core.startup.time_help_np": {"result": [0.5819174563512206], "stats": [{"ci_99": [0.521799105219543, 0.6496241427958012], "q_25": 0.5394544587470591, "q_75": 0.6303270345088094, "min": 0.521799105219543, "max": 0.6496241427958012, "mean": 0.5861650791019202, "std": 0.04762964584905112, "repeat": 10, "number": 1}]}, "core.startup.time_import": {"result": [0.17542265821248293], "stats": [{"ci_99": [0.12072863709181547, 0.20456436648964882], "q_25": 0.15969663648866117, "q_75": 0.1959743534680456, "min": 0.12072863709181547, "max": 0.20456436648964882, "mean": 0.17401887830346824, "std": 0.025589543475215998, "repeat": 10, "number": 1}]}, "core.startup.time_import_api": {"result": [0.5411711256019771], "stats": [{"ci_99": [0.46902601793408394, 0.5726543087512255], "q_25": 0.5216074383351952, "q_75": 0.5546671010088176, "min": 0.46902601793408394, "max": 0.5726543087512255, "mean": 0.5355856762267649, "std": 0.02847039739791574, "repeat": 10, "number": 1}]}, "support.path.get_parent_paths.time_allsubmods_toplevel": {"result": [0.0075518840458244085], "stats": [{"ci_99": [0.006864114664494991, 0.008525452576577663], "q_25": 0.007248621201142669, "q_75": 0.007833701791241765, "min": 0.006864114664494991, "max": 0.008525452576577663, "mean": 0.00757011822424829, "std": 0.00048795764414128216, "repeat": 10, "number": 2}]}, "support.path.get_parent_paths.time_allsubmods_toplevel_only": {"result": [0.006012198282405734], "stats": [{"ci_99": [0.005947276949882507, 0.006501376163214445], "q_25": 0.005994357052259147, "q_75": 0.006024590227752924, "min": 0.005947276949882507, "max": 0.006501376163214445, "mean": 0.006071141874417663, "std": 0.0001577017229651306, "repeat": 10, "number": 2}]}, "support.path.get_parent_paths.time_no_submods": {"result": [2.7362974180479164e-07], "stats": [{"ci_99": [2.708695991591075e-07, 2.77498106025415e-07], "q_25": 2.7355485254723213e-07, "q_75": 2.7415928845099187e-07, "min": 2.708695991591075e-07, "max": 2.77498106025415e-07, "mean": 2.740466280498136e-07, "std": 1.7166818378111259e-09, "repeat": 10, "number": 40075}]}, "support.path.get_parent_paths.time_one_submod_subdir": {"result": [0.0054882916156202555], "stats": [{"ci_99": [0.005231568589806557, 0.006885278504341841], "q_25": 0.005245920037850738,