{"results": {"api.supers.time_createadd": {"result": [0.9710556068457663], "stats": [{"ci_99": [0.9544328302145004, 0.9977347077801824], "q_25": 0.9675089749507606, "q_75": 0.9804120215121657, "min": 0.9544328302145004, "max": 0.9977347077801824, "mean": 0.9737647552974522, "std": 0.012353486746023712, "repeat": 10, "number": 1}]}, "api.supers.time_createadd_to_dataset": {"result": [0.9762883223593235], "stats": [{"ci_99": [0.9559146668761969, 0.9916062327101827], "q_25": 0.9645879080053419, "q_75": 0.9848128145094961, "min": 0.9559146668761969, "max": 0.9916062327101827, "mean": 0.9749203995801509, "std": 0.011664826586770108, "repeat": 10, "number": 1}]}, "api.supers.time_diff": null, "api.supers.time_diff_recursive": null, "api.supers.time_installr": {"result": [4.105018064379692], "stats": [{"ci_99": [4.0803887660002784, 4.1246660926991625], "q_25": 4.100301245460287, "q_75": 4.107244248269126, "min": 4.088446446694434, "max": 4.111627141945064, "mean": 4.1025274293497205, "std": 0.008582780563573318, "repeat": 4, "number": 1}]}, "api.supers.time_ls": {"result": [0.11688396194949746], "stats": [{"ci_99": [0.11074927914887667, 0.13053600303828716], "q_25": 0.11311306664720178, "q_75": 0.12614864367060363, "min": 0.11074927914887667, "max": 0.13053600303828716, "mean": 0.119388135522604, "std": 0.006904262857030208, "repeat": 10, "number": 1}]}, "api.supers.time_ls_recursive": {"result": [1.0734057859517634], "stats": [{"ci_99": [1.0658390456810594, 1.0894023682922125], "q_25": 1.0691892185714096, "q_75": 1.076379984151572, "min": 1.0658390456810594, "max": 1.0894023682922125, "mean": 1.074328591208905, "std": 0.007033453527132982, "repeat": 10, "number": 1}]}, "api.supers.time_ls_recursive_long_all": {"result": [1.229318612255156], "stats": [{"ci_99": [1.2190722897648811, 1.2553602932021022], "q_25": 1.2268054084852338, "q_75": 1.2350689372979105, "min": 1.2190722897648811, "max": 1.2553602932021022, "mean": 1.2324644869193435, "std": 0.009935649662392045, "repeat": 10, "number": 1}]}, "api.supers.time_remove": {"result": [2.032221192959696], "stats": [{"ci_99": [2.0182729233056307, 2.058347257785499], "q_25": 2.0251479195430875, "q_75": 2.0358661762438715, "min": 2.0182729233056307, "max": 2.058347257785499, "mean": 2.0328219558577985, "std": 0.011355067814065457, "repeat": 8, "number": 1}]}, "api.supers.time_status": {"result": [0.6846291446126997], "stats": [{"ci_99": [0.681242948397994, 0.6906356578692794], "q_25": 0.6825650287792087, "q_75": 0.6873949114233255, "min": 0.681242948397994, "max": 0.6906356578692794, "mean": 0.6850705130025745, "std": 0.002984409805332475, "repeat": 10, "number": 1}]}, "api.supers.time_status_recursive": {"result": [1.1453198925592005], "stats": [{"ci_99": [1.1394960694015026, 1.1509121814742684], "q_25": 1.1429619216360152, "q_75": 1.1469669742509723, "min": 1.1394960694015026, "max": 1.1509121814742684, "mean": 1.1450067372061312, "std": 0.0031372801013225585, "repeat": 10, "number": 1}]}, "api.supers.time_subdatasets": {"result": [0.06646140571683645], "stats": [{"ci_99": [0.06285435985773802, 0.07038459740579128], "q_25": 0.0655229112599045, "q_75": 0.0683844112791121, "min": 0.06285435985773802, "max": 0.07038459740579128, "mean": 0.06674141688272357, "std": 0.002080601218608056, "repeat": 10, "number": 1}]}, "api.supers.time_subdatasets_recursive": {"result": [0.24937232583761215], "stats": [{"ci_99": [0.24348449893295765, 0.25862514413893223], "q_25": 0.2459539589472115, "q_75": 0.2503497553989291, "min": 0.24348449893295765, "max": 0.25862514413893223, "mean": 0.2494902395643294, "std": 0.004592829567090129, "repeat": 10, "number": 1}]}, "api.supers.time_subdatasets_recursive_first": {"result": [0.06790167465806007], "stats": [{"ci_99": [0.06308308616280556, 0.07763446774333715], "q_25": 0.06543587381020188, "q_75": 0.07250561681576073, "min": 0.06308308616280556, "max": 0.07763446774333715, "mean": 0.06903132740408183, "std": 0.004967325723164118, "repeat": 10, "number": 1}]}, "api.supers.time_uninstall": {"result": [1.9842812027782202], "stats": [{"ci_99": [1.9754810370504856, 2.0525239361450076], "q_25": 1.9796519146766514, "q_75": 1.9893109605181962, "min": 1.9754810370504856, "max": 2.0525239361450076, "mean": 1.99235818895977, "std": 0.023784651787793414, "repeat": 8, "number": 1}]}, "repo.gitrepo.time_get_content_info": {"result": [0.020092721097171307], "stats": [{"ci_99": [0.016828706488013268, 0.02257075160741806], "q_25": 0.019073472823947668, "q_75": 0.021257703192532063, "min": 0.016828706488013268, "max": 0.02257075160741806, "mean": 0.019920729193836452, "std": 0.0017336733750347348, "repeat": 10, "number": 1}]}, "api.testds.time_create_test_dataset1": {"result": [0.4333271780051291], "stats": [{"ci_99": [0.42820815835148096, 0.43804515060037374], "q_25": 0.43102219863794744, "q_75": 0.43524422543123364, "min": 0.42820815835148096, "max": 0.43804515060037374, "mean": 0.43337885988876224, "std": 0.0029585369616579294, "repeat": 10, "number": 1}]}, "api.testds.time_create_test_dataset2x2": {"result": [2.719218115787953], "stats": [{"ci_99": [2.689561029551425, 2.764682309115431], "q_25": 2.711649799719453, "q_75": 2.747316556284204, "min": 2.698627301491797, "max": 2.7598567521199584, "mean": 2.727121669333428, "std": 0.02270957954018647, "repeat": 6, "number": 1}]}, "core.runner.time_echo": {"result": [0.0019086506217718124], "stats": [{"ci_99": [0.0017175506800413132, 0.0021394606679677962], "q_25": 0.0018815335817635058, "q_75": 0.00203225533477962, "min": 0.0017175506800413132, "max": 0.0021394606679677962, "mean": 0.0019421608559787272, "std": 0.00012504841646632437, "repeat": 10, "number": 5}]}, "core.runner.time_echo_gitrunner": {"result": [0.0021369295194745065], "stats": [{"ci_99": [0.002099684625864029, 0.002398371882736683], "q_25": 0.002108853915706277, "q_75": 0.0021907826885581017, "min": 0.002099684625864029, "max": 0.002398371882736683, "mean": 0.0021794626675546167, "std": 0.00010174187490159591, "repeat": 10, "number": 5}]}, "core.startup.time_help_np": {"result": [0.5999145139940083], "stats": [{"ci_99": [0.5598646476864815, 0.6396149387583137], "q_25": 0.5694663510657847, "q_75": 0.6267512915655971, "min": 0.5598646476864815, "max": 0.6396149387583137, "mean": 0.5992975403554738, "std": 0.030510030467881602, "repeat": 10, "number": 1}]}, "core.startup.time_import": {"result": [0.16411658329889178], "stats": [{"ci_99": [0.14282573573291302, 0.20174469612538815], "q_25": 0.15278765419498086, "q_75": 0.1749195517040789, "min": 0.14282573573291302, "max": 0.20174469612538815, "mean": 0.16625287709757686, "std": 0.017109609465279205, "repeat": 10, "number": 1}]}, "core.startup.time_import_api": {"result": [0.5117423883639276], "stats": [{"ci_99": [0.4508166275918484, 0.5450483988970518], "q_25": 0.5028482610359788, "q_75": 0.5288032521493733, "min": 0.4508166275918484, "max": 0.5450483988970518, "mean": 0.509931294247508, "std": 0.026090543313963887, "repeat": 10, "number": 1}]}, "support.path.get_parent_paths.time_allsubmods_toplevel": null, "support.path.get_parent_paths.time_allsubmods_toplevel_only": null, "support.path.get_parent_paths.time_no_submods": null, "support.path.get_parent_paths.time_one_submod_subdir": null, "support.path.get_parent_paths.time_one_submod_toplevel": null, "usecases.study_forrest.time_make_studyforrest_mockup": {"result": [26.618347564246505], "stats": [{"ci_99": [16.950409850571305, 36.2862852779217], "q_25": 26.521668187109753, "q_75": 26.715026941383258, "min": 26.424988809973, "max": 26.81170631852001, "mean": 26.618347564246505, "std": 0.19335875427350402, "repeat": 2, "number": 1}]}, "core.runner.track_overhead_100ms": 2.18, "core.runner.track_overhead_echo": 36.01, "core.runner.track_overhead_heavyout": -8.79, "core.runner.track_overhead_heavyout_online_process": -4.64, "core.runner.track_overhead_heavyout_online_through": 25.18}, "params": {"arch": "x86_64", "cpu": "Intel(R) Xeon(R) CPU E5-1607 v2 @ 3.00GHz",