{"results": {"api.supers.time_createadd": {"result": [1.3001640043221414], "stats": [{"ci_99": [1.2875671116635203, 1.3356516808271408], "q_25": 1.294153230264783, "q_75": 1.3019992497283965, "min": 1.2875671116635203, "max": 1.3356516808271408, "mean": 1.301533108484, "std": 0.012912459017520665, "repeat": 10, "number": 1}]}, "api.supers.time_createadd_to_dataset": {"result": [1.2417813246138394], "stats": [{"ci_99": [1.224298127926886, 1.2584069445729256], "q_25": 1.2371889476198703, "q_75": 1.2530725821852684, "min": 1.224298127926886, "max": 1.2584069445729256, "mean": 1.2427489845082165, "std": 0.011113151202858279, "repeat": 10, "number": 1}]}, "api.supers.time_diff": null, "api.supers.time_diff_recursive": null, "api.supers.time_installr": {"result": [5.283299251459539], "stats": [{"ci_99": [4.916993691585958, 5.64960481133312], "q_25": 5.279636195860803, "q_75": 5.286962307058275, "min": 5.275973140262067, "max": 5.2906253626570106, "mean": 5.283299251459539, "std": 0.007326111197471619, "repeat": 2, "number": 1}]}, "api.supers.time_ls": {"result": [0.1835832162760198], "stats": [{"ci_99": [0.17750200349837542, 0.19305468630045652], "q_25": 0.18044178723357618, "q_75": 0.18679535039700568, "min": 0.17750200349837542, "max": 0.19305468630045652, "mean": 0.1840127863921225, "std": 0.00452983539216802, "repeat": 10, "number": 1}]}, "api.supers.time_ls_recursive": {"result": [1.779331429861486], "stats": [{"ci_99": [1.769483644515276, 1.8484778432175517], "q_25": 1.7750690567772835, "q_75": 1.7817528899759054, "min": 1.769483644515276, "max": 1.8484778432175517, "mean": 1.787604665197432, "std": 0.023320614852246967, "repeat": 10, "number": 1}]}, "api.supers.time_ls_recursive_long_all": {"result": [1.9526473223231733], "stats": [{"ci_99": [1.9277002112939954, 1.9889425933361053], "q_25": 1.9418752247001976, "q_75": 1.9613073035143316, "min": 1.9277002112939954, "max": 1.9889425933361053, "mean": 1.953200432122685, "std": 0.017521835720376237, "repeat": 8, "number": 1}]}, "api.supers.time_remove": null, "api.supers.time_status": {"result": [0.7202353947795928], "stats": [{"ci_99": [0.7103320835158229, 0.7283042529597878], "q_25": 0.7169616490136832, "q_75": 0.722096816636622, "min": 0.7103320835158229, "max": 0.7283042529597878, "mean": 0.7192783620208502, "std": 0.00520780864405424, "repeat": 10, "number": 1}]}, "api.supers.time_status_recursive": {"result": [1.3743862328119576], "stats": [{"ci_99": [1.3569905711337924, 1.4044315600767732], "q_25": 1.3643992659635842, "q_75": 1.3846136736683547, "min": 1.3569905711337924, "max": 1.4044315600767732, "mean": 1.3758978837169706, "std": 0.014028806870602024, "repeat": 10, "number": 1}]}, "api.supers.time_subdatasets": {"result": [0.09603302646428347], "stats": [{"ci_99": [0.09270868729799986, 0.10577152669429779], "q_25": 0.09424338513053954, "q_75": 0.09787239390425384, "min": 0.09270868729799986, "max": 0.10577152669429779, "mean": 0.09683261057361961, "std": 0.003653000724831474, "repeat": 10, "number": 1}]}, "api.supers.time_subdatasets_recursive": {"result": [0.4312593671493232], "stats": [{"ci_99": [0.42596260365098715, 0.44707011617720127], "q_25": 0.42872439976781607, "q_75": 0.4400668484158814, "min": 0.42596260365098715, "max": 0.44707011617720127, "mean": 0.4340321458876133, "std": 0.006971905822730292, "repeat": 10, "number": 1}]}, "api.supers.time_subdatasets_recursive_first": {"result": [0.09675393346697092], "stats": [{"ci_99": [0.0950414203107357, 0.10415804851800203], "q_25": 0.09627640410326421, "q_75": 0.09821489825844765, "min": 0.0950414203107357, "max": 0.10415804851800203, "mean": 0.09762318376451731, "std": 0.0024189340979351897, "repeat": 10, "number": 1}]}, "api.supers.time_uninstall": {"result": [4.241292553953826], "stats": [{"ci_99": [4.217506135660903, 4.257930495929225], "q_25": 4.236303321318701, "q_75": 4.2427075484301895, "min": 4.223757677711546, "max": 4.244530477561057, "mean": 4.237718315795064, "std": 0.00818777981396692, "repeat": 4, "number": 1}]}, "repo.gitrepo.time_get_content_info": {"result": [0.015896024648100138], "stats": [{"ci_99": [0.01435847021639347, 0.019616014324128628], "q_25": 0.015112660126760602, "q_75": 0.016644085757434368, "min": 0.01435847021639347, "max": 0.019616014324128628, "mean": 0.01608125474303961, "std": 0.0014132297398796682, "repeat": 10, "number": 1}]}, "api.testds.time_create_test_dataset1": {"result": [0.6169131617061794], "stats": [{"ci_99": [0.6096485974267125, 0.6341565977782011], "q_25": 0.6162539923097938, "q_75": 0.6265377977397293, "min": 0.6096485974267125, "max": 0.6341565977782011, "mean": 0.6201662895269692, "std": 0.007660660878707126, "repeat": 10, "number": 1}]}, "api.testds.time_create_test_dataset2x2": {"result": [3.7906560678966343], "stats": [{"ci_99": [3.7181830883708304, 3.8758264167483443], "q_25": 3.7724702816922218, "q_75": 3.815190538764, "min": 3.7689171684905887, "max": 3.837789705954492, "mean": 3.7970047525595874, "std": 0.027888315785879674, "repeat": 4, "number": 1}]}, "core.runner.time_echo": {"result": [0.001824978645890951], "stats": [{"ci_99": [0.0016854973509907722, 0.002254333905875683], "q_25": 0.0016967914532870054, "q_75": 0.002079404937103391, "min": 0.0016854973509907722, "max": 0.002254333905875683, "mean": 0.0019007506407797334, "std": 0.00021729936612807855, "repeat": 10, "number": 5}]}, "core.runner.time_echo_gitrunner": {"result": [0.0025010618381202223], "stats": [{"ci_99": [0.0023374663665890693, 0.003013508208096027], "q_25": 0.0023824082221835853, "q_75": 0.00263686734251678, "min": 0.0023374663665890693, "max": 0.003013508208096027, "mean": 0.0025526671856641765, "std": 0.00020465626796346712, "repeat": 10, "number": 5}]}, "core.startup.time_help_np": {"result": [0.585568574257195], "stats": [{"ci_99": [0.5541285397484899, 0.651989521458745], "q_25": 0.5760158421471715, "q_75": 0.6029285539407283, "min": 0.5541285397484899, "max": 0.651989521458745, "mean": 0.5927760603837668, "std": 0.027397927381163395, "repeat": 10, "number": 1}]}, "core.startup.time_import": {"result": [0.15625760843977332], "stats": [{"ci_99": [0.11485154554247856, 0.19873762875795364], "q_25": 0.12211528909392655, "q_75": 0.19261686666868627, "min": 0.11485154554247856, "max": 0.19873762875795364, "mean": 0.15718115009367467, "std": 0.03332328650243881, "repeat": 10, "number": 1}]}, "core.startup.time_import_api": {"result": [0.5218468876555562], "stats": [{"ci_99": [0.4614225095137954, 0.5788534237071872], "q_25": 0.5105359293520451, "q_75": 0.5250888296868652, "min": 0.4614225095137954, "max": 0.5788534237071872, "mean": 0.5217349540442229, "std": 0.029827644424828822, "repeat": 10, "number": 1}]}, "support.path.get_parent_paths.time_allsubmods_toplevel": {"result": [0.007847814820706844], "stats": [{"ci_99": [0.006933172233402729, 0.008880644105374813], "q_25": 0.007373623899184167, "q_75": 0.008633992867544293, "min": 0.006933172233402729, "max": 0.008880644105374813, "mean": 0.007919224863871931, "std": 0.0007064117922413053, "repeat": 10, "number": 2}]}, "support.path.get_parent_paths.time_allsubmods_toplevel_only": {"result": [0.0062411786057055], "stats": [{"ci_99": [0.006151289213448763, 0.007648734375834465], "q_25": 0.006213405984453857, "q_75": 0.00683049182407558, "min": 0.006151289213448763, "max": 0.007648734375834465, "mean": 0.006559789273887872, "std": 0.0004947694045596291, "repeat": 10, "number": 2}]}, "support.path.get_parent_paths.time_no_submods": {"result": [3.3156537136758857e-07], "stats": [{"ci_99": [3.061514648443107e-07, 3.739689046551195e-07], "q_25": 3.1879784812450235e-07, "q_75": 3.4910023581444333e-07, "min": 3.061514648443107e-07, "max": 3.739689046551195e-07, "mean": 3.3576024204104977e-07, "std": 2.0296366393077024e-08, "repeat": 10, "number": 28065}]}, "support.path.get_parent_paths.time_one_submod_subdir": {"result": [0.0063807538244873285], "stats": [{"ci_99": [0.005770405754446983, 0.0071867587976157665], "q_25": 0.006095187505707145,