{"results": {"api.supers.time_createadd": {"result": [0.9771353886462748], "stats": [{"ci_99": [0.9604168925434351, 1.0055951280519366], "q_25": 0.970366618828848, "q_75": 0.9903542795218527, "min": 0.9604168925434351, "max": 1.0055951280519366, "mean": 0.9801101403310895, "std": 0.013861726604146606, "repeat": 10, "number": 1}]}, "api.supers.time_createadd_to_dataset": {"result": [0.9708537356927991], "stats": [{"ci_99": [0.950935535132885, 1.0016264570876956], "q_25": 0.9585036768112332, "q_75": 0.9807558313477784, "min": 0.950935535132885, "max": 1.0016264570876956, "mean": 0.9723706564866006, "std": 0.015925493796063048, "repeat": 10, "number": 1}]}, "api.supers.time_diff": null, "api.supers.time_diff_recursive": null, "api.supers.time_installr": {"result": [4.154686929658055], "stats": [{"ci_99": [3.937842107115926, 4.382497284357757], "q_25": 4.092677980428562, "q_75": 4.222178644966334, "min": 4.072527124546468, "max": 4.258777799084783, "mean": 4.16016969573684, "std": 0.07677777950428159, "repeat": 4, "number": 1}]}, "api.supers.time_ls": {"result": [0.1171925705857575], "stats": [{"ci_99": [0.11087200976908207, 0.12706556543707848], "q_25": 0.11401764093898237, "q_75": 0.11959404917433858, "min": 0.11087200976908207, "max": 0.12706556543707848, "mean": 0.1174197955057025, "std": 0.004913262257545751, "repeat": 10, "number": 1}]}, "api.supers.time_ls_recursive": {"result": [1.0983228725381196], "stats": [{"ci_99": [1.0706515591591597, 1.129942580126226], "q_25": 1.0749833728186786, "q_75": 1.1142647683154792, "min": 1.0706515591591597, "max": 1.129942580126226, "mean": 1.0970253797248006, "std": 0.0214146839848204, "repeat": 10, "number": 1}]}, "api.supers.time_ls_recursive_long_all": {"result": [1.248407572042197], "stats": [{"ci_99": [1.2243347149342299, 1.2888501342386007], "q_25": 1.2352415847126395, "q_75": 1.2606126526370645, "min": 1.2243347149342299, "max": 1.2888501342386007, "mean": 1.2506542027927936, "std": 0.01944507303678384, "repeat": 10, "number": 1}]}, "api.supers.time_remove": {"result": [2.080223450437188], "stats": [{"ci_99": [2.0196228194981813, 2.1141274562105536], "q_25": 2.034762625582516, "q_75": 2.100639420095831, "min": 2.0196228194981813, "max": 2.1141274562105536, "mean": 2.0702259020181373, "std": 0.03591906842843911, "repeat": 8, "number": 1}]}, "api.supers.time_status": {"result": [0.689947709441185], "stats": [{"ci_99": [0.6830992894247174, 0.6964933536946774], "q_25": 0.6888893216382712, "q_75": 0.6905798795633018, "min": 0.6830992894247174, "max": 0.6964933536946774, "mean": 0.6897852749563753, "std": 0.0034988883388091183, "repeat": 10, "number": 1}]}, "api.supers.time_status_recursive": {"result": [1.148459143936634], "stats": [{"ci_99": [1.1430351240560412, 1.1599673805758357], "q_25": 1.1468252809718251, "q_75": 1.1500188834033906, "min": 1.1430351240560412, "max": 1.1599673805758357, "mean": 1.1491880377754569, "std": 0.004652375021238558, "repeat": 10, "number": 1}]}, "api.supers.time_subdatasets": {"result": [0.06897385977208614], "stats": [{"ci_99": [0.06417484115809202, 0.07191584352403879], "q_25": 0.06602363660931587, "q_75": 0.06944633182138205, "min": 0.06417484115809202, "max": 0.07191584352403879, "mean": 0.06811576951295137, "std": 0.002350737786843075, "repeat": 10, "number": 1}]}, "api.supers.time_subdatasets_recursive": {"result": [0.24692962085828185], "stats": [{"ci_99": [0.24034099280834198, 0.25090672075748444], "q_25": 0.24329373240470886, "q_75": 0.24764070566743612, "min": 0.24034099280834198, "max": 0.25090672075748444, "mean": 0.24604314947500824, "std": 0.003188356455733753, "repeat": 10, "number": 1}]}, "api.supers.time_subdatasets_recursive_first": {"result": [0.06662345072254539], "stats": [{"ci_99": [0.05990016087889671, 0.06819219328463078], "q_25": 0.06356226513162255, "q_75": 0.06784979486837983, "min": 0.05990016087889671, "max": 0.06819219328463078, "mean": 0.06533873528242111, "std": 0.0028983457859960075, "repeat": 10, "number": 1}]}, "api.supers.time_uninstall": {"result": [1.988571741618216], "stats": [{"ci_99": [1.9767531352117658, 2.0025656074285507], "q_25": 1.9807047587819397, "q_75": 1.9922043469268829, "min": 1.9767531352117658, "max": 2.0025656074285507, "mean": 1.9884534226730466, "std": 0.008920773731943991, "repeat": 8, "number": 1}]}, "repo.gitrepo.time_get_content_info": {"result": [0.021143489982932806], "stats": [{"ci_99": [0.016453564167022705, 0.024198121391236782], "q_25": 0.02046836749650538, "q_75": 0.022340044612064958, "min": 0.016453564167022705, "max": 0.024198121391236782, "mean": 0.020814422518014908, "std": 0.00226910724788542, "repeat": 10, "number": 1}]}, "api.testds.time_create_test_dataset1": {"result": [0.4390864446759224], "stats": [{"ci_99": [0.4308394826948643, 0.46748411376029253], "q_25": 0.4333121299277991, "q_75": 0.44365745782852173, "min": 0.4308394826948643, "max": 0.46748411376029253, "mean": 0.44070082483813167, "std": 0.0101678399894713, "repeat": 10, "number": 1}]}, "api.testds.time_create_test_dataset2x2": {"result": [2.691533091943711], "stats": [{"ci_99": [2.6686471681326975, 2.7424497585743666], "q_25": 2.6840657379943877, "q_75": 2.7092286022379994, "min": 2.6830074107274413, "max": 2.7424497585743666, "mean": 2.7008711798116565, "std": 0.021378114730110448, "repeat": 6, "number": 1}]}, "core.runner.time_echo": {"result": [0.001734808785840869], "stats": [{"ci_99": [0.0017106739493707817, 0.001742568953583638], "q_25": 0.0017240783587719004, "q_75": 0.001738696397903065, "min": 0.0017106739493707817, "max": 0.001742568953583638, "mean": 0.0017305362193534772, "std": 1.1007664483339742e-05, "repeat": 10, "number": 6}]}, "core.runner.time_echo_gitrunner": {"result": [0.0027047108160331845], "stats": [{"ci_99": [0.0025047080125659704, 0.0030390280298888683], "q_25": 0.002644171065185219, "q_75": 0.00283208821201697, "min": 0.0025047080125659704, "max": 0.0030390280298888683, "mean": 0.0027422579005360603, "std": 0.0001602451861360557, "repeat": 10, "number": 4}]}, "core.startup.time_help_np": {"result": [0.6091407788917422], "stats": [{"ci_99": [0.5151382479816675, 0.6348835974931717], "q_25": 0.5802321662195027, "q_75": 0.6289353393949568, "min": 0.5151382479816675, "max": 0.6348835974931717, "mean": 0.600118094868958, "std": 0.035550862071389196, "repeat": 10, "number": 1}]}, "core.startup.time_import": {"result": [0.1569381644949317], "stats": [{"ci_99": [0.11546414438635111, 0.19215431343764067], "q_25": 0.1255033970810473, "q_75": 0.164649888407439, "min": 0.11546414438635111, "max": 0.19215431343764067, "mean": 0.1500681889243424, "std": 0.024466868777413477, "repeat": 10, "number": 1}]}, "core.startup.time_import_api": {"result": [0.5011025192216039], "stats": [{"ci_99": [0.45783719420433044, 0.5649600178003311], "q_25": 0.4867407188285142, "q_75": 0.5501622082665563, "min": 0.45783719420433044, "max": 0.5649600178003311, "mean": 0.5140027083456516, "std": 0.035905700832255874, "repeat": 10, "number": 1}]}, "support.path.get_parent_paths.time_allsubmods_toplevel": null, "support.path.get_parent_paths.time_allsubmods_toplevel_only": null, "support.path.get_parent_paths.time_no_submods": null, "support.path.get_parent_paths.time_one_submod_subdir": null, "support.path.get_parent_paths.time_one_submod_toplevel": null, "usecases.study_forrest.time_make_studyforrest_mockup": {"result": [26.405787106137723], "stats": [{"ci_99": [20.4150980678387, 32.39647614443674], "q_25": 26.345880215754732, "q_75": 26.465693996520713, "min": 26.285973325371742, "max": 26.525600886903703, "mean": 26.405787106137723, "std": 0.11981378076598048, "repeat": 2, "number": 1}]}, "core.runner.track_overhead_100ms": 1.72, "core.runner.track_overhead_echo": 36.89, "core.runner.track_overhead_heavyout": 1.26, "core.runner.track_overhead_heavyout_online_process": 0.71, "core.runner.track_overhead_heavyout_online_through": 31.98}, "params": {"arch": "x86_64", "cpu": "Intel(R) Xeon(R) CPU E5-1607 v2 @ 3.00GHz",