{"results": {"api.supers.time_createadd": {"result": [1.298736380878836], "stats": [{"ci_99": [1.2829163689166307, 1.330616227351129], "q_25": 1.2882391195744276, "q_75": 1.310300397919491, "min": 1.2829163689166307, "max": 1.330616227351129, "mean": 1.3005155530758201, "std": 0.014816525641722067, "repeat": 10, "number": 1}]}, "api.supers.time_createadd_to_dataset": {"result": [1.2425718745216727], "stats": [{"ci_99": [1.2348543861880898, 1.2617211947217584], "q_25": 1.2392259638290852, "q_75": 1.2503856257535517, "min": 1.2348543861880898, "max": 1.2617211947217584, "mean": 1.244923743698746, "std": 0.008406295133681135, "repeat": 10, "number": 1}]}, "api.supers.time_diff": null, "api.supers.time_diff_recursive": null, "api.supers.time_installr": {"result": [5.529790657106787], "stats": [{"ci_99": [4.890373751055449, 6.169207563158124], "q_25": 5.523396488046274, "q_75": 5.5361848261673, "min": 5.51700231898576, "max": 5.542578995227814, "mean": 5.529790657106787, "std": 0.012788338121026754, "repeat": 2, "number": 1}]}, "api.supers.time_ls": {"result": [0.1808270299807191], "stats": [{"ci_99": [0.1777540910989046, 0.18503982946276665], "q_25": 0.17990104900673032, "q_75": 0.18404539860785007, "min": 0.1777540910989046, "max": 0.18503982946276665, "mean": 0.18158544236794114, "std": 0.0024887505355261574, "repeat": 10, "number": 1}]}, "api.supers.time_ls_recursive": {"result": [1.78696766262874], "stats": [{"ci_99": [1.7672620499506593, 1.8134795045480132], "q_25": 1.7783911027945578, "q_75": 1.7947213121224195, "min": 1.7672620499506593, "max": 1.8134795045480132, "mean": 1.7875219695270061, "std": 0.012234713879931155, "repeat": 10, "number": 1}]}, "api.supers.time_ls_recursive_long_all": {"result": [1.9501543301157653], "stats": [{"ci_99": [1.9339956669136882, 2.016875298693776], "q_25": 1.9422148102894425, "q_75": 1.9886595529969782, "min": 1.9339956669136882, "max": 2.016875298693776, "mean": 1.9642254923237488, "std": 0.028842825186285396, "repeat": 8, "number": 1}]}, "api.supers.time_remove": null, "api.supers.time_status": {"result": [0.7221163953654468], "stats": [{"ci_99": [0.7185117704793811, 0.7262847209349275], "q_25": 0.7194455440621823, "q_75": 0.7244343280326575, "min": 0.7185117704793811, "max": 0.7262847209349275, "mean": 0.7221094110049308, "std": 0.0026972285580082528, "repeat": 10, "number": 1}]}, "api.supers.time_status_recursive": {"result": [1.3676309753209352], "stats": [{"ci_99": [1.3643984161317348, 1.3726119454950094], "q_25": 1.3666686823125929, "q_75": 1.3699159603565931, "min": 1.3643984161317348, "max": 1.3726119454950094, "mean": 1.368304592370987, "std": 0.0024231959084132443, "repeat": 10, "number": 1}]}, "api.supers.time_subdatasets": {"result": [0.09573055431246758], "stats": [{"ci_99": [0.09327875636518002, 0.10413616988807917], "q_25": 0.09458002797327936, "q_75": 0.09624726511538029, "min": 0.09327875636518002, "max": 0.10413616988807917, "mean": 0.09619890712201595, "std": 0.0028782705517191973, "repeat": 10, "number": 1}]}, "api.supers.time_subdatasets_recursive": {"result": [0.4288382916711271], "stats": [{"ci_99": [0.4241295987740159, 0.4323524599894881], "q_25": 0.42647950164973736, "q_75": 0.4310886242892593, "min": 0.4241295987740159, "max": 0.4323524599894881, "mean": 0.4286355682648718, "std": 0.0026623218546616926, "repeat": 10, "number": 1}]}, "api.supers.time_subdatasets_recursive_first": {"result": [0.09561336785554886], "stats": [{"ci_99": [0.09302303288131952, 0.10103081353008747], "q_25": 0.09398627025075257, "q_75": 0.09829261270351708, "min": 0.09302303288131952, "max": 0.10103081353008747, "mean": 0.09632904399186373, "std": 0.002759707746255317, "repeat": 10, "number": 1}]}, "api.supers.time_uninstall": {"result": [4.261195474304259], "stats": [{"ci_99": [4.241678853489804, 4.278828937589777], "q_25": 4.256918839178979, "q_75": 4.26453053066507, "min": 4.24998536799103, "max": 4.268639265559614, "mean": 4.26025389553979, "std": 0.0068054470381774205, "repeat": 4, "number": 1}]}, "repo.gitrepo.time_get_content_info": {"result": [0.016162057407200336], "stats": [{"ci_99": [0.014256755821406841, 0.020685942843556404], "q_25": 0.01575140585191548, "q_75": 0.017052106093615294, "min": 0.014256755821406841, "max": 0.020685942843556404, "mean": 0.01645580930635333, "std": 0.0016885636125547397, "repeat": 10, "number": 1}]}, "api.testds.time_create_test_dataset1": {"result": [0.6194949406199157], "stats": [{"ci_99": [0.610240651294589, 0.6449387725442648], "q_25": 0.6130337638314813, "q_75": 0.6219171416014433, "min": 0.610240651294589, "max": 0.6449387725442648, "mean": 0.6216722977347672, "std": 0.011055720173552544, "repeat": 10, "number": 1}]}, "api.testds.time_create_test_dataset2x2": {"result": [3.8040322517044842], "stats": [{"ci_99": [3.7647959844227286, 3.836560908889457], "q_25": 3.793092363048345, "q_75": 3.8116183353122324, "min": 3.7811931520700455, "max": 3.813456131145358, "mean": 3.800678446656093, "std": 0.01287148911952364, "repeat": 4, "number": 1}]}, "core.runner.time_echo": {"result": [0.0018351415637880564], "stats": [{"ci_99": [0.001684086862951517, 0.002246556803584099], "q_25": 0.0017471394191185634, "q_75": 0.002047522886035343, "min": 0.001684086862951517, "max": 0.002246556803584099, "mean": 0.0018909081040571134, "std": 0.00018510213039674655, "repeat": 10, "number": 6}]}, "core.runner.time_echo_gitrunner": {"result": [0.00229074212256819], "stats": [{"ci_99": [0.002102704020217061, 0.0030854404903948307], "q_25": 0.002117525553330779, "q_75": 0.0026427385746501386, "min": 0.002102704020217061, "max": 0.0030854404903948307, "mean": 0.0024212812539190056, "std": 0.0003483949986538032, "repeat": 10, "number": 4}]}, "core.startup.time_help_np": {"result": [0.5898683965206146], "stats": [{"ci_99": [0.5476109022274613, 0.6400594841688871], "q_25": 0.5782672837376595, "q_75": 0.6218860810622573, "min": 0.5476109022274613, "max": 0.6400594841688871, "mean": 0.5964947230182588, "std": 0.029630612680932162, "repeat": 10, "number": 1}]}, "core.startup.time_import": {"result": [0.17829469917342067], "stats": [{"ci_99": [0.11702878680080175, 0.20911672804504633], "q_25": 0.15513169183395803, "q_75": 0.19269573874771595, "min": 0.11702878680080175, "max": 0.20911672804504633, "mean": 0.17309246882796286, "std": 0.02694486239805848, "repeat": 10, "number": 1}]}, "core.startup.time_import_api": {"result": [0.5239427117630839], "stats": [{"ci_99": [0.5002824338153005, 0.5870798407122493], "q_25": 0.5184953741263598, "q_75": 0.5475673326291144, "min": 0.5002824338153005, "max": 0.5870798407122493, "mean": 0.5338729181326926, "std": 0.025379589001893084, "repeat": 10, "number": 1}]}, "support.path.get_parent_paths.time_allsubmods_toplevel": {"result": [0.007512342417612672], "stats": [{"ci_99": [0.006940724328160286, 0.008760352153331041], "q_25": 0.007141592912375927, "q_75": 0.007898768526501954, "min": 0.006940724328160286, "max": 0.008760352153331041, "mean": 0.0076099465601146225, "std": 0.000558166610323267, "repeat": 10, "number": 2}]}, "support.path.get_parent_paths.time_allsubmods_toplevel_only": {"result": [0.006977615645155311], "stats": [{"ci_99": [0.006262809503823519, 0.007959675509482622], "q_25": 0.006625030538998544, "q_75": 0.0074000011663883924, "min": 0.006262809503823519, "max": 0.007959675509482622, "mean": 0.0070264332462102175, "std": 0.0005080727866425778, "repeat": 10, "number": 2}]}, "support.path.get_parent_paths.time_no_submods": {"result": [3.5549834991914236e-07], "stats": [{"ci_99": [3.2275734235957105e-07, 3.9758152321930595e-07], "q_25": 3.435119057797968e-07, "q_75": 3.7874837620513075e-07, "min": 3.2275734235957105e-07, "max": 3.9758152321930595e-07, "mean": 3.605397983100387e-07, "std": 2.393523626190508e-08, "repeat": 10, "number": 26646}]}, "support.path.get_parent_paths.time_one_submod_subdir": {"result": [0.006104140309616923], "stats": [{"ci_99": [0.005601753480732441, 0.006715958472341299], "q_25": 0.005840677418746054,