{"results": {"api.supers.time_createadd": {"result": [1.273041085805744], "stats": [{"ci_99": [1.2594863595440984, 1.296726793050766], "q_25": 1.2666665657889098, "q_75": 1.2778773191384971, "min": 1.2594863595440984, "max": 1.296726793050766, "mean": 1.27344301212579, "std": 0.010029804140632101, "repeat": 10, "number": 1}]}, "api.supers.time_createadd_to_dataset": {"result": [1.2360639926046133], "stats": [{"ci_99": [1.226891541853547, 1.2585097588598728], "q_25": 1.2333565468434244, "q_75": 1.2428017565980554, "min": 1.226891541853547, "max": 1.2585097588598728, "mean": 1.2385842562653124, "std": 0.008408743135353565, "repeat": 10, "number": 1}]}, "api.supers.time_diff": null, "api.supers.time_diff_recursive": null, "api.supers.time_installr": {"result": [5.3028381685726345], "stats": [{"ci_99": [5.153215352911502, 5.452460984233767], "q_25": 5.301341940416023, "q_75": 5.304334396729246, "min": 5.299845712259412, "max": 5.305830624885857, "mean": 5.3028381685726345, "std": 0.0029924563132226467, "repeat": 2, "number": 1}]}, "api.supers.time_ls": {"result": [0.17951689381152391], "stats": [{"ci_99": [0.17454415280371904, 0.19269927591085434], "q_25": 0.17834297427907586, "q_75": 0.18308998318389058, "min": 0.17454415280371904, "max": 0.19269927591085434, "mean": 0.18102239361032843, "std": 0.005379979150799679, "repeat": 10, "number": 1}]}, "api.supers.time_ls_recursive": {"result": [1.7450545215979218], "stats": [{"ci_99": [1.7348216529935598, 1.7758759111166], "q_25": 1.7396617566701025, "q_75": 1.7468548144679517, "min": 1.7348216529935598, "max": 1.7758759111166, "mean": 1.7465096837840974, "std": 0.010921091158564183, "repeat": 10, "number": 1}]}, "api.supers.time_ls_recursive_long_all": {"result": [1.9034374235197902], "stats": [{"ci_99": [1.8851344715803862, 1.9661744525656104], "q_25": 1.896285641938448, "q_75": 1.9167113127186894, "min": 1.8851344715803862, "max": 1.9661744525656104, "mean": 1.909027014962501, "std": 0.02325368054852845, "repeat": 9, "number": 1}]}, "api.supers.time_remove": null, "api.supers.time_rev_createadd": null, "api.supers.time_rev_createadd_to_dataset": null, "api.supers.time_status": {"result": [0.7095600487664342], "stats": [{"ci_99": [0.7012063469737768, 0.7247814871370792], "q_25": 0.7060574206989259, "q_75": 0.7154565472155809, "min": 0.7012063469737768, "max": 0.7247814871370792, "mean": 0.7112849715165794, "std": 0.007224870247875554, "repeat": 10, "number": 1}]}, "api.supers.time_status_recursive": {"result": [1.327267942018807], "stats": [{"ci_99": [1.317074604332447, 1.338498872704804], "q_25": 1.3204111699014902, "q_75": 1.3329710545949638, "min": 1.317074604332447, "max": 1.338498872704804, "mean": 1.3270014204084872, "std": 0.006993025705874124, "repeat": 10, "number": 1}]}, "api.supers.time_subdatasets": {"result": [0.09398100432008505], "stats": [{"ci_99": [0.09086908679455519, 0.09856679383665323], "q_25": 0.09319180645979941, "q_75": 0.09496477781794965, "min": 0.09086908679455519, "max": 0.09856679383665323, "mean": 0.09419242264702916, "std": 0.0021500964652980976, "repeat": 10, "number": 1}]}, "api.supers.time_subdatasets_recursive": {"result": [0.42217953875660896], "stats": [{"ci_99": [0.40910806600004435, 0.434994294308126], "q_25": 0.4187029351014644, "q_75": 0.42548009590245783, "min": 0.40910806600004435, "max": 0.434994294308126, "mean": 0.4226517713628709, "std": 0.007165336422198938, "repeat": 10, "number": 1}]}, "api.supers.time_subdatasets_recursive_first": {"result": [0.09341813391074538], "stats": [{"ci_99": [0.08950144983828068, 0.09952232334762812], "q_25": 0.09158063121140003, "q_75": 0.0957779900636524, "min": 0.08950144983828068, "max": 0.09952232334762812, "mean": 0.0937534942291677, "std": 0.003192686166352637, "repeat": 10, "number": 1}]}, "api.supers.time_uninstall": {"result": [4.135295999236405], "stats": [{"ci_99": [4.042387451236033, 4.28347540394879], "q_25": 4.133240116760135, "q_75": 4.164987310068682, "min": 4.129959817044437, "max": 4.2511738948524, "mean": 4.162931427592412, "std": 0.050997908163393536, "repeat": 4, "number": 1}]}, "repo.gitrepo.time_get_content_info": {"result": [0.016640746500343084], "stats": [{"ci_99": [0.014173692092299461, 0.018298509530723095], "q_25": 0.015361432684585452, "q_75": 0.017390528228133917, "min": 0.014173692092299461, "max": 0.018298509530723095, "mean": 0.016305487230420114, "std": 0.0013428685083821698, "repeat": 10, "number": 1}]}, "api.testds.time_create_test_dataset1": {"result": [0.6003100303933024], "stats": [{"ci_99": [0.5936830127611756, 0.6060439655557275], "q_25": 0.5995118522550911, "q_75": 0.6010175214614719, "min": 0.5936830127611756, "max": 0.6060439655557275, "mean": 0.6005110055208206, "std": 0.003390499725966622, "repeat": 10, "number": 1}]}, "api.testds.time_create_test_dataset2x2": {"result": [3.726764307823032], "stats": [{"ci_99": [3.682778309354374, 3.768514774019083], "q_25": 3.7126566460356116, "q_75": 3.739754203474149, "min": 3.708042746409774, "max": 3.7410148046910763, "mean": 3.7256465416867286, "std": 0.01470178896701761, "repeat": 4, "number": 1}]}, "core.runner.time_echo": {"result": [0.0017643016763031483], "stats": [{"ci_99": [0.0016990164294838905, 0.002186850178986788], "q_25": 0.0017176444719855983, "q_75": 0.001998070084179441, "min": 0.0016990164294838905, "max": 0.002186850178986788, "mean": 0.0018625057457635802, "std": 0.00017847701973242852, "repeat": 10, "number": 6}]}, "core.runner.time_echo_gitrunner": {"result": [0.0023861692752689123], "stats": [{"ci_99": [0.002103604143485427, 0.003193807555362582], "q_25": 0.002112044079694897, "q_75": 0.0029070813907310367, "min": 0.002103604143485427, "max": 0.003193807555362582, "mean": 0.002525084768421948, "std": 0.00043880000534556713, "repeat": 10, "number": 4}]}, "core.startup.time_help_np": {"result": [0.6275295792147517], "stats": [{"ci_99": [0.5688367346301675, 0.6519962111487985], "q_25": 0.6081245834939182, "q_75": 0.63869260228239, "min": 0.5688367346301675, "max": 0.6519962111487985, "mean": 0.6200570452958345, "std": 0.025756893774232226, "repeat": 10, "number": 1}]}, "core.startup.time_import": {"result": [0.16973160114139318], "stats": [{"ci_99": [0.1451326860114932, 0.20382735133171082], "q_25": 0.1583321418147534, "q_75": 0.19084332510828972, "min": 0.1451326860114932, "max": 0.20382735133171082, "mean": 0.17404400128871203, "std": 0.02027264505674522, "repeat": 10, "number": 1}]}, "core.startup.time_import_api": {"result": [0.51398252742365], "stats": [{"ci_99": [0.46628820337355137, 0.556982790119946], "q_25": 0.49572156369686127, "q_75": 0.5218916439916939, "min": 0.46628820337355137, "max": 0.556982790119946, "mean": 0.5117173152975738, "std": 0.02478748773588933, "repeat": 10, "number": 1}]}, "support.path.get_parent_paths.time_allsubmods_toplevel": {"result": [0.007757592014968395], "stats": [{"ci_99": [0.007040520664304495, 0.00872473744675517], "q_25": 0.007357927854172885, "q_75": 0.00824969180393964, "min": 0.007040520664304495, "max": 0.00872473744675517, "mean": 0.007814753288403153, "std": 0.0005672044263478691, "repeat": 10, "number": 2}]}, "support.path.get_parent_paths.time_allsubmods_toplevel_only": {"result": [0.007088221376761794], "stats": [{"ci_99": [0.006378393154591322, 0.008572431281208992], "q_25": 0.006736228126101196, "q_75": 0.007530394708737731, "min": 0.006378393154591322, "max": 0.008572431281208992, "mean": 0.0072133807931095365, "std": 0.0006723970393527136, "repeat": 10, "number": 2}]}, "support.path.get_parent_paths.time_no_submods": {"result": [3.2992965403037027e-07], "stats": [{"ci_99": [2.7364905820586235e-07, 3.6118274602796433e-07], "q_25": 3.120922429502064e-07, "q_75": 3.436956318705131e-07, "min": 2.7364905820586235e-07, "max": 3.6118274602796433e-07, "mean": 3.2521519780052654e-07, "std": 2.694371163467663e-08, "repeat": 10, "number": 28025}]}, "support.path.get_parent_paths.time_one_submod_subdir": {"result": [0.006398887373507023],