{"results": {"api.supers.time_createadd": {"result": [1.2941661877557635], "stats": [{"ci_99": [1.2909078849479556, 1.3521351153030992], "q_25": 1.2919824314303696, "q_75": 1.3097659419290721, "min": 1.2909078849479556, "max": 1.3521351153030992, "mean": 1.3038076605647801, "std": 0.01802101193281888, "repeat": 10, "number": 1}]}, "api.supers.time_createadd_to_dataset": {"result": [1.2448765891604125], "stats": [{"ci_99": [1.232404881156981, 1.2531753741204739], "q_25": 1.2396525754593313, "q_75": 1.2463271911256015, "min": 1.232404881156981, "max": 1.2531753741204739, "mean": 1.2437297557480633, "std": 0.00588380312748728, "repeat": 10, "number": 1}]}, "api.supers.time_diff": null, "api.supers.time_diff_recursive": null, "api.supers.time_installr": {"result": [5.326298227533698], "stats": [{"ci_99": [3.9780481941998005, 6.674548260867595], "q_25": 5.312815727200359, "q_75": 5.339780727867037, "min": 5.29933322686702, "max": 5.353263228200376, "mean": 5.326298227533698, "std": 0.026965000666677952, "repeat": 2, "number": 1}]}, "api.supers.time_ls": {"result": [0.19015604630112648], "stats": [{"ci_99": [0.17944877408444881, 0.19629437569528818], "q_25": 0.18158735148608685, "q_75": 0.19343276182189584, "min": 0.17944877408444881, "max": 0.19629437569528818, "mean": 0.1883047629147768, "std": 0.0062052453969235035, "repeat": 10, "number": 1}]}, "api.supers.time_ls_recursive": {"result": [1.7923266594298184], "stats": [{"ci_99": [1.769346377812326, 1.8299581371247768], "q_25": 1.7872157746460289, "q_75": 1.8010454620234668, "min": 1.769346377812326, "max": 1.8299581371247768, "mean": 1.794462335202843, "std": 0.015824656329335482, "repeat": 10, "number": 1}]}, "api.supers.time_ls_recursive_long_all": {"result": [1.9497535973787308], "stats": [{"ci_99": [1.933166353031993, 1.9722891980782151], "q_25": 1.9402978734578937, "q_75": 1.9645861657336354, "min": 1.933166353031993, "max": 1.9722891980782151, "mean": 1.9521151180379093, "std": 0.014241972502041705, "repeat": 8, "number": 1}]}, "api.supers.time_remove": null, "api.supers.time_status": {"result": [0.7342749726958573], "stats": [{"ci_99": [0.7176868757233024, 0.7626254567876458], "q_25": 0.7254167979117483, "q_75": 0.7500081898178905, "min": 0.7176868757233024, "max": 0.7626254567876458, "mean": 0.737414105143398, "std": 0.014551235490184234, "repeat": 10, "number": 1}]}, "api.supers.time_status_recursive": {"result": [1.3664089539088309], "stats": [{"ci_99": [1.3594297282397747, 1.4045296078547835], "q_25": 1.3644035418983549, "q_75": 1.3676983762998134, "min": 1.3594297282397747, "max": 1.4045296078547835, "mean": 1.36914966898039, "std": 0.012220537706505852, "repeat": 10, "number": 1}]}, "api.supers.time_subdatasets": {"result": [0.09713169652968645], "stats": [{"ci_99": [0.09515432827174664, 0.10165628883987665], "q_25": 0.09581555589102209, "q_75": 0.09771307255141437, "min": 0.09515432827174664, "max": 0.10165628883987665, "mean": 0.09719165861606598, "std": 0.0018046805714364296, "repeat": 10, "number": 1}]}, "api.supers.time_subdatasets_recursive": {"result": [0.42926632473245263], "stats": [{"ci_99": [0.425319011323154, 0.432447774335742], "q_25": 0.4281870862469077, "q_75": 0.43177731381729245, "min": 0.425319011323154, "max": 0.432447774335742, "mean": 0.42947303503751755, "std": 0.0022826219430798675, "repeat": 10, "number": 1}]}, "api.supers.time_subdatasets_recursive_first": {"result": [0.09625785611569881], "stats": [{"ci_99": [0.0933540016412735, 0.0999331483617425], "q_25": 0.09554436663165689, "q_75": 0.09779525571502745, "min": 0.0933540016412735, "max": 0.0999331483617425, "mean": 0.09666079096496105, "std": 0.0017859183922946105, "repeat": 10, "number": 1}]}, "api.supers.time_uninstall": {"result": [4.24774386966601], "stats": [{"ci_99": [4.227189321941333, 4.27684686013068], "q_25": 4.244558174861595, "q_75": 4.255203785840422, "min": 4.244514730758965, "max": 4.268069894053042, "mean": 4.252018091036007, "std": 0.00962564181637582, "repeat": 4, "number": 1}]}, "repo.gitrepo.time_get_content_info": {"result": [0.016452018171548843], "stats": [{"ci_99": [0.014336072839796543, 0.01865929737687111], "q_25": 0.0152423782274127, "q_75": 0.016996311955153942, "min": 0.014336072839796543, "max": 0.01865929737687111, "mean": 0.016353810112923382, "std": 0.0013423485441927427, "repeat": 10, "number": 1}]}, "api.testds.time_create_test_dataset1": {"result": [0.6180397211574018], "stats": [{"ci_99": [0.6120846746489406, 0.6312548629939556], "q_25": 0.6133005358278751, "q_75": 0.6217003264464438, "min": 0.6120846746489406, "max": 0.6312548629939556, "mean": 0.6185319473966956, "std": 0.00567248381427115, "repeat": 10, "number": 1}]}, "api.testds.time_create_test_dataset2x2": {"result": [3.808169500436634], "stats": [{"ci_99": [3.752421212129679, 3.8561440629619983], "q_25": 3.7955170159693807, "q_75": 3.816935122013092, "min": 3.7744856774806976, "max": 3.8263058718293905, "mean": 3.804282637545839, "std": 0.01914916627526644, "repeat": 4, "number": 1}]}, "core.runner.time_echo": {"result": [0.002162220049649477], "stats": [{"ci_99": [0.0019864706322550774, 0.002322544902563095], "q_25": 0.0020927949342876674, "q_75": 0.00221294229850173, "min": 0.0019864706322550774, "max": 0.002322544902563095, "mean": 0.002159929424524307, "std": 9.678711968922416e-05, "repeat": 10, "number": 5}]}, "core.runner.time_echo_gitrunner": {"result": [0.002357922261580825], "stats": [{"ci_99": [0.0020860647782683372, 0.002890487900003791], "q_25": 0.0021237701876088977, "q_75": 0.002696877287235111, "min": 0.0020860647782683372, "max": 0.002890487900003791, "mean": 0.0024175666272640227, "std": 0.00031009771854042324, "repeat": 10, "number": 4}]}, "core.startup.time_help_np": {"result": [0.5862714941613376], "stats": [{"ci_99": [0.5314260590821505, 0.6389544904232025], "q_25": 0.5733867681119591, "q_75": 0.6145696369931102, "min": 0.5314260590821505, "max": 0.6389544904232025, "mean": 0.5908100421540439, "std": 0.03124816079572052, "repeat": 10, "number": 1}]}, "core.startup.time_import": {"result": [0.16928211925551295], "stats": [{"ci_99": [0.1275126552209258, 0.19825998600572348], "q_25": 0.16284098802134395, "q_75": 0.1815647529438138, "min": 0.1275126552209258, "max": 0.19825998600572348, "mean": 0.16989464787766337, "std": 0.01999483667727912, "repeat": 10, "number": 1}]}, "core.startup.time_import_api": {"result": [0.5642539896070957], "stats": [{"ci_99": [0.46943101193755865, 0.5899403458461165], "q_25": 0.5591336206998676, "q_75": 0.5843179349321872, "min": 0.46943101193755865, "max": 0.5899403458461165, "mean": 0.5591491188853979, "std": 0.035163188781680364, "repeat": 10, "number": 1}]}, "support.path.get_parent_paths.time_allsubmods_toplevel": {"result": [0.007702184142544866], "stats": [{"ci_99": [0.006956539582461119, 0.008719687815755606], "q_25": 0.007336913258768618, "q_75": 0.008166548213921487, "min": 0.006956539582461119, "max": 0.008719687815755606, "mean": 0.007767474185675383, "std": 0.000591392255931581, "repeat": 10, "number": 2}]}, "support.path.get_parent_paths.time_allsubmods_toplevel_only": {"result": [0.006789524108171463], "stats": [{"ci_99": [0.006071373820304871, 0.007934526074677706], "q_25": 0.0064893795643001795, "q_75": 0.007193444762378931, "min": 0.006071373820304871, "max": 0.007934526074677706, "mean": 0.0068728028330951926, "std": 0.0005345333061117921, "repeat": 10, "number": 2}]}, "support.path.get_parent_paths.time_no_submods": {"result": [3.4553372473897585e-07], "stats": [{"ci_99": [3.132285253398594e-07, 3.718336125095638e-07], "q_25": 3.2743925667822915e-07, "q_75": 3.583090572555338e-07, "min": 3.132285253398594e-07, "max": 3.718336125095638e-07, "mean": 3.4296827623900136e-07, "std": 1.8160794803442815e-08, "repeat": 10, "number": 26656}]}, "support.path.get_parent_paths.time_one_submod_subdir": {"result": [0.006169172469526529], "stats": [{"ci_99": [0.005646095145493746, 0.007010359782725573], "q_25": 0.0059016222367063165, "q_75": 0.006572848535142839,