{"results": {"api.supers.time_createadd": {"result": [1.3018756052479148], "stats": [{"ci_99": [1.292212718166411, 1.3122850870713592], "q_25": 1.2956562174949795, "q_75": 1.306084749987349, "min": 1.292212718166411, "max": 1.3122850870713592, "mean": 1.3016142908483743, "std": 0.006604266271041679, "repeat": 10, "number": 1}]}, "api.supers.time_createadd_to_dataset": {"result": [1.2406635652296245], "stats": [{"ci_99": [1.2318481635302305, 1.2571674287319183], "q_25": 1.2377894571982324, "q_75": 1.2455112263560295, "min": 1.2318481635302305, "max": 1.2571674287319183, "mean": 1.2423580328002573, "std": 0.00693942495545551, "repeat": 10, "number": 1}]}, "api.supers.time_diff": null, "api.supers.time_diff_recursive": null, "api.supers.time_installr": {"result": [5.540577528066933], "stats": [{"ci_99": [5.004673517309129, 6.076481538824737], "q_25": 5.535218487959355, "q_75": 5.545936568174511, "min": 5.529859447851777, "max": 5.551295608282089, "mean": 5.540577528066933, "std": 0.010718080215156078, "repeat": 2, "number": 1}]}, "api.supers.time_ls": {"result": [0.18502006540074944], "stats": [{"ci_99": [0.18075471185147762, 0.20520206447690725], "q_25": 0.18318583420477808, "q_75": 0.19235312286764383, "min": 0.18075471185147762, "max": 0.20520206447690725, "mean": 0.18817415367811918, "std": 0.0074391427967013665, "repeat": 10, "number": 1}]}, "api.supers.time_ls_recursive": {"result": [1.785007678437978], "stats": [{"ci_99": [1.7639316515997052, 1.8330948036164045], "q_25": 1.7774400825146586, "q_75": 1.793918520445004, "min": 1.7639316515997052, "max": 1.8330948036164045, "mean": 1.7876865805126727, "std": 0.018637697413803635, "repeat": 10, "number": 1}]}, "api.supers.time_ls_recursive_long_all": {"result": [1.9589277310296893], "stats": [{"ci_99": [1.9397090459242463, 2.0021754037588835], "q_25": 1.9473836657125503, "q_75": 1.9705067006871104, "min": 1.9397090459242463, "max": 2.0021754037588835, "mean": 1.9616952566429973, "std": 0.01937419782989058, "repeat": 8, "number": 1}]}, "api.supers.time_remove": null, "api.supers.time_status": {"result": [0.7288186391815543], "stats": [{"ci_99": [0.7196652740240097, 0.7546839555725455], "q_25": 0.7238497692160308, "q_75": 0.7385922148823738, "min": 0.7196652740240097, "max": 0.7546839555725455, "mean": 0.7323873228393495, "std": 0.010632264676235847, "repeat": 10, "number": 1}]}, "api.supers.time_status_recursive": {"result": [1.3703263318166137], "stats": [{"ci_99": [1.3526202561333776, 1.3820714121684432], "q_25": 1.3653347743675113, "q_75": 1.3730520938988775, "min": 1.3526202561333776, "max": 1.3820714121684432, "mean": 1.3691695302724838, "std": 0.007750066057083145, "repeat": 10, "number": 1}]}, "api.supers.time_subdatasets": {"result": [0.09771072398871183], "stats": [{"ci_99": [0.09505178965628147, 0.10974871274083853], "q_25": 0.09562939661554992, "q_75": 0.1009989466983825, "min": 0.09505178965628147, "max": 0.10974871274083853, "mean": 0.09901185035705566, "std": 0.004274537026488407, "repeat": 10, "number": 1}]}, "api.supers.time_subdatasets_recursive": {"result": [0.42889423528686166], "stats": [{"ci_99": [0.42634180653840303, 0.4352452587336302], "q_25": 0.4279077041428536, "q_75": 0.4305568770505488, "min": 0.42634180653840303, "max": 0.4352452587336302, "mean": 0.4296492046676576, "std": 0.0027149238599876715, "repeat": 10, "number": 1}]}, "api.supers.time_subdatasets_recursive_first": {"result": [0.09672429133206606], "stats": [{"ci_99": [0.09303486533463001, 0.10663113463670015], "q_25": 0.09473335719667375, "q_75": 0.0977882097940892, "min": 0.09303486533463001, "max": 0.10663113463670015, "mean": 0.09726652642711997, "std": 0.003705132401981726, "repeat": 10, "number": 1}]}, "api.supers.time_uninstall": {"result": [4.257722171954811], "stats": [{"ci_99": [4.239854080818905, 4.278144285797762], "q_25": 4.252715307055041, "q_75": 4.264006048208103, "min": 4.2524557104334235, "max": 4.268096678890288, "mean": 4.258999183308333, "std": 0.006656994943918648, "repeat": 4, "number": 1}]}, "repo.gitrepo.time_get_content_info": {"result": [0.016380399465560913], "stats": [{"ci_99": [0.014513733796775341, 0.01802767440676689], "q_25": 0.015475374180823565, "q_75": 0.016986250644549727, "min": 0.014513733796775341, "max": 0.01802767440676689, "mean": 0.016273191571235655, "std": 0.0010417438714677826, "repeat": 10, "number": 1}]}, "api.testds.time_create_test_dataset1": {"result": [0.6166929020546377], "stats": [{"ci_99": [0.613259831443429, 0.6247955281287432], "q_25": 0.6142579270526767, "q_75": 0.6184149305336177, "min": 0.613259831443429, "max": 0.6247955281287432, "mean": 0.6170215772464871, "std": 0.0032636830610297675, "repeat": 10, "number": 1}]}, "api.testds.time_create_test_dataset2x2": {"result": [3.8125477200374007], "stats": [{"ci_99": [3.7570304344238816, 3.8612117837352575], "q_25": 3.7966059711761773, "q_75": 3.825062857940793, "min": 3.7829448925331235, "max": 3.8284441037103534, "mean": 3.8091211090795696, "std": 0.018312778308581308, "repeat": 4, "number": 1}]}, "core.runner.time_echo": {"result": [0.001708358914280931], "stats": [{"ci_99": [0.0017039535256723564, 0.0017222192448874314], "q_25": 0.0017071511829271913, "q_75": 0.0017141612867514293, "min": 0.0017039535256723564, "max": 0.0017222192448874314, "mean": 0.0017104674285898607, "std": 5.349581557003092e-06, "repeat": 10, "number": 6}]}, "core.runner.time_echo_gitrunner": {"result": [0.0023885198868811132], "stats": [{"ci_99": [0.0020866995677351952, 0.0029522642493247987], "q_25": 0.002159271994605661, "q_75": 0.002515930635854602, "min": 0.0020866995677351952, "max": 0.0029522642493247987, "mean": 0.0023938298225402834, "std": 0.00026311131432999574, "repeat": 10, "number": 5}]}, "core.startup.time_help_np": {"result": [0.5696414643898606], "stats": [{"ci_99": [0.539793006144464, 0.595055028796196], "q_25": 0.5639186631888151, "q_75": 0.5837784430477768, "min": 0.539793006144464, "max": 0.595055028796196, "mean": 0.5701108491048217, "std": 0.01728940906936088, "repeat": 10, "number": 1}]}, "core.startup.time_import": {"result": [0.17388029163703322], "stats": [{"ci_99": [0.11807372700423002, 0.20144120883196592], "q_25": 0.13680838374421, "q_75": 0.18961635744199157, "min": 0.11807372700423002, "max": 0.20144120883196592, "mean": 0.1652052159421146, "std": 0.02909611146755315, "repeat": 10, "number": 1}]}, "core.startup.time_import_api": {"result": [0.5282254405319691], "stats": [{"ci_99": [0.46505112294107676, 0.5823717666789889], "q_25": 0.5078261438757181, "q_75": 0.5430889520794153, "min": 0.46505112294107676, "max": 0.5823717666789889, "mean": 0.5243042243644596, "std": 0.035815125815001056, "repeat": 10, "number": 1}]}, "support.path.get_parent_paths.time_allsubmods_toplevel": {"result": [0.007801664061844349], "stats": [{"ci_99": [0.006979774683713913, 0.008852523285895586], "q_25": 0.007430253084748983, "q_75": 0.00814371497835964, "min": 0.006979774683713913, "max": 0.008852523285895586, "mean": 0.007840467197820545, "std": 0.0006182681662885239, "repeat": 10, "number": 2}]}, "support.path.get_parent_paths.time_allsubmods_toplevel_only": {"result": [0.0072375452145934105], "stats": [{"ci_99": [0.006458071060478687, 0.008219202980399132], "q_25": 0.006847289390861988, "q_75": 0.007522449130192399, "min": 0.006458071060478687, "max": 0.008219202980399132, "mean": 0.007238547597080469, "std": 0.0005519045999962689, "repeat": 10, "number": 2}]}, "support.path.get_parent_paths.time_no_submods": {"result": [3.1198004114464957e-07], "stats": [{"ci_99": [2.926004886063202e-07, 3.423005212533063e-07], "q_25": 3.0315957983985136e-07, "q_75": 3.264992262523474e-07, "min": 2.926004886063202e-07, "max": 3.423005212533063e-07, "mean": 3.1486687478013063e-07, "std": 1.5052628698090313e-08, "repeat": 10, "number": 28323}]}, "support.path.get_parent_paths.time_one_submod_subdir": {"result": [0.00636239955201745], "stats": [{"ci_99": [0.005700964480638504, 0.007067135069519281], "q_25": 0.006071805371902883,