{"results": {"api.supers.time_createadd": {"result": [1.273902670480311], "stats": [{"ci_99": [1.2545483093708754, 1.291329006664455], "q_25": 1.266465020366013, "q_75": 1.2821861440315843, "min": 1.2545483093708754, "max": 1.291329006664455, "mean": 1.2738776272162795, "std": 0.010585892944660176, "repeat": 10, "number": 1}]}, "api.supers.time_createadd_to_dataset": {"result": [1.2097110818140209], "stats": [{"ci_99": [1.2039905413985252, 1.2303402377292514], "q_25": 1.206704732729122, "q_75": 1.2183772076386958, "min": 1.2039905413985252, "max": 1.2303402377292514, "mean": 1.2131600226275623, "std": 0.008512976635135647, "repeat": 10, "number": 1}]}, "api.supers.time_diff": null, "api.supers.time_diff_recursive": null, "api.supers.time_installr": {"result": [5.456085351295769], "stats": [{"ci_99": [3.5341493198648095, 7.378021382726727], "q_25": 5.43686599098146, "q_75": 5.475304711610079, "min": 5.41764663066715, "max": 5.494524071924388, "mean": 5.456085351295769, "std": 0.038438720628619194, "repeat": 2, "number": 1}]}, "api.supers.time_ls": {"result": [0.1926769013516605], "stats": [{"ci_99": [0.18433299008756876, 0.21658803895115852], "q_25": 0.19236111850477755, "q_75": 0.194423311855644, "min": 0.18433299008756876, "max": 0.21658803895115852, "mean": 0.19441306814551354, "std": 0.008247161417110635, "repeat": 10, "number": 1}]}, "api.supers.time_ls_recursive": {"result": [1.887468527071178], "stats": [{"ci_99": [1.8793835444375873, 1.906437262892723], "q_25": 1.8828144818544388, "q_75": 1.8925321565475315, "min": 1.8793835444375873, "max": 1.906437262892723, "mean": 1.8893934827297927, "std": 0.008556293108836712, "repeat": 10, "number": 1}]}, "api.supers.time_ls_recursive_long_all": {"result": [2.040941798593849], "stats": [{"ci_99": [2.027829601429403, 2.049885254353285], "q_25": 2.03847388853319, "q_75": 2.043379378737882, "min": 2.027829601429403, "max": 2.049885254353285, "mean": 2.040178397670388, "std": 0.0060722708403511275, "repeat": 8, "number": 1}]}, "api.supers.time_remove": null, "api.supers.time_status": {"result": [0.743027604650706], "stats": [{"ci_99": [0.7346874279901385, 0.7480623172596097], "q_25": 0.7414760971441865, "q_75": 0.7437262651510537, "min": 0.7346874279901385, "max": 0.7480623172596097, "mean": 0.7423524212092161, "std": 0.0037180493967256165, "repeat": 10, "number": 1}]}, "api.supers.time_status_recursive": {"result": [1.3817371283657849], "stats": [{"ci_99": [1.3772787228226662, 1.3924674820154905], "q_25": 1.3785594580695033, "q_75": 1.3836150793358684, "min": 1.3772787228226662, "max": 1.3924674820154905, "mean": 1.3823922302573919, "std": 0.004627423910770649, "repeat": 10, "number": 1}]}, "api.supers.time_subdatasets": {"result": [0.10731609165668488], "stats": [{"ci_99": [0.10645932890474796, 0.11290257517248392], "q_25": 0.1069712433964014, "q_75": 0.10926278121769428, "min": 0.10645932890474796, "max": 0.11290257517248392, "mean": 0.10836925497278571, "std": 0.002124394802921292, "repeat": 10, "number": 1}]}, "api.supers.time_subdatasets_recursive": {"result": [0.44032312417402864], "stats": [{"ci_99": [0.4369469340890646, 0.44866804126650095], "q_25": 0.437263410538435, "q_75": 0.44472553208470345, "min": 0.4369469340890646, "max": 0.44866804126650095, "mean": 0.44128791261464356, "std": 0.004068319463511912, "repeat": 10, "number": 1}]}, "api.supers.time_subdatasets_recursive_first": {"result": [0.1076108100824058], "stats": [{"ci_99": [0.10580726247280836, 0.11300699505954981], "q_25": 0.10670525976456702, "q_75": 0.1082555113825947, "min": 0.10580726247280836, "max": 0.11300699505954981, "mean": 0.10788419060409069, "std": 0.0018878295351199865, "repeat": 10, "number": 1}]}, "api.supers.time_uninstall": {"result": [4.044637963175774], "stats": [{"ci_99": [4.0192853087215745, 4.076365476415393], "q_25": 4.039892848813906, "q_75": 4.052570506930351, "min": 4.037226007319987, "max": 4.064799636602402, "mean": 4.047825392568484, "std": 0.010612862377111393, "repeat": 4, "number": 1}]}, "repo.gitrepo.time_get_content_info": {"result": [0.01620736299082637], "stats": [{"ci_99": [0.014518002048134804, 0.022738324478268623], "q_25": 0.015323212137445807, "q_75": 0.016431989846751094, "min": 0.014518002048134804, "max": 0.022738324478268623, "mean": 0.016682820115238427, "std": 0.002273772399917749, "repeat": 10, "number": 1}]}, "api.testds.time_create_test_dataset1": {"result": [0.5888151209801435], "stats": [{"ci_99": [0.5849915621802211, 0.5988798560574651], "q_25": 0.5878290417604148, "q_75": 0.591291047167033, "min": 0.5849915621802211, "max": 0.5988798560574651, "mean": 0.5897393840365112, "std": 0.003925462299401653, "repeat": 10, "number": 1}]}, "api.testds.time_create_test_dataset2x2": {"result": [3.5266679455526173], "stats": [{"ci_99": [3.483810625198729, 3.5724516686317846], "q_25": 3.5192523014266044, "q_75": 3.53554679104127, "min": 3.5067306887358427, "max": 3.5524580078199506, "mean": 3.528131146915257, "std": 0.0163941748462537, "repeat": 4, "number": 1}]}, "core.runner.time_echo": {"result": [0.0018340930342674255], "stats": [{"ci_99": [0.0016804281622171402, 0.002231231704354286], "q_25": 0.0017244087066501377, "q_75": 0.0020640355069190264, "min": 0.0016804281622171402, "max": 0.002231231704354286, "mean": 0.0018971469067037103, "std": 0.00019792665723826163, "repeat": 10, "number": 5}]}, "core.runner.time_echo_gitrunner": {"result": [0.0027552874526008964], "stats": [{"ci_99": [0.0024605239741504192, 0.0029805004596710205], "q_25": 0.0026675836415961385, "q_75": 0.0028851969400420785, "min": 0.0024605239741504192, "max": 0.0029805004596710205, "mean": 0.0027527434285730124, "std": 0.00015922317748954477, "repeat": 10, "number": 4}]}, "core.startup.time_help_np": {"result": [0.5905340779572725], "stats": [{"ci_99": [0.5168823944404721, 0.6535943476483226], "q_25": 0.5726683277171105, "q_75": 0.613620848627761, "min": 0.5168823944404721, "max": 0.6535943476483226, "mean": 0.589832619484514, "std": 0.03590555529476143, "repeat": 10, "number": 1}]}, "core.startup.time_import": {"result": [0.16789213195443153], "stats": [{"ci_99": [0.12499880790710449, 0.19388742465525866], "q_25": 0.14939817949198186, "q_75": 0.18377011106349528, "min": 0.12499880790710449, "max": 0.19388742465525866, "mean": 0.16414778139442204, "std": 0.022021379613111316, "repeat": 10, "number": 1}]}, "core.startup.time_import_api": {"result": [0.5087077650241554], "stats": [{"ci_99": [0.4694232204928994, 0.5278929518535733], "q_25": 0.4930175538174808, "q_75": 0.5167886731214821, "min": 0.4694232204928994, "max": 0.5278929518535733, "mean": 0.5046485285274684, "std": 0.01646278056378149, "repeat": 10, "number": 1}]}, "support.path.get_parent_paths.time_allsubmods_toplevel": {"result": [0.007201200583949685], "stats": [{"ci_99": [0.00687651289626956, 0.009655479341745377], "q_25": 0.006964235566556454, "q_75": 0.008256320026703179, "min": 0.00687651289626956, "max": 0.009655479341745377, "mean": 0.007690984383225441, "std": 0.0009277305251682073, "repeat": 10, "number": 2}]}, "support.path.get_parent_paths.time_allsubmods_toplevel_only": {"result": [0.006439009215682745], "stats": [{"ci_99": [0.00620612408965826, 0.008218769449740648], "q_25": 0.006262941169552505, "q_75": 0.007252219831570983, "min": 0.00620612408965826, "max": 0.008218769449740648, "mean": 0.006809690129011869, "std": 0.0006796261295164717, "repeat": 10, "number": 2}]}, "support.path.get_parent_paths.time_no_submods": {"result": [2.8766320291685127e-07], "stats": [{"ci_99": [2.718473652506789e-07, 3.6764407302083027e-07], "q_25": 2.721309933548716e-07, "q_75": 3.2347151060718863e-07, "min": 2.718473652506789e-07, "max": 3.6764407302083027e-07, "mean": 3.0138191807894446e-07, "std": 3.322786537107443e-08, "repeat": 10, "number": 39024}]}, "support.path.get_parent_paths.time_one_submod_subdir": {"result": [0.006388053530827165], "stats": [{"ci_99": [0.005746833980083466, 0.007071890402585268], "q_25": 0.006137615768238902,