{"results": {"api.supers.time_createadd": {"result": [0.9842768344096839], "stats": [{"ci_99": [0.9709516065195203, 1.0050460686907172], "q_25": 0.9761492025572807, "q_75": 0.9937070726882666, "min": 0.9709516065195203, "max": 1.0050460686907172, "mean": 0.9861076863482594, "std": 0.011537126229878968, "repeat": 10, "number": 1}]}, "api.supers.time_createadd_to_dataset": {"result": [0.9963472080416977], "stats": [{"ci_99": [0.978995306417346, 1.0222176434472203], "q_25": 0.9854830675758421, "q_75": 1.0043942618649453, "min": 0.978995306417346, "max": 1.0222176434472203, "mean": 0.9967309243977069, "std": 0.013298294043050643, "repeat": 10, "number": 1}]}, "api.supers.time_diff": null, "api.supers.time_diff_recursive": null, "api.supers.time_installr": {"result": [3.8497699527069926], "stats": [{"ci_99": [3.7202874516957793, 3.983040395017585], "q_25": 3.826742544770241, "q_75": 3.874691331293434, "min": 3.7856509909033775, "max": 3.9214647971093655, "mean": 3.851663923356682, "std": 0.04850553991958522, "repeat": 4, "number": 1}]}, "api.supers.time_ls": {"result": [0.7094639632850885], "stats": [{"ci_99": [0.682512303814292, 0.722186335362494], "q_25": 0.6875308922026306, "q_75": 0.7179440052714199, "min": 0.682512303814292, "max": 0.722186335362494, "mean": 0.7041243579238653, "std": 0.015469424459354113, "repeat": 10, "number": 1}]}, "api.supers.time_ls_recursive": {"result": [2.6675623431801796], "stats": [{"ci_99": [2.553801404327975, 2.779556876343164], "q_25": 2.6061791218817234, "q_75": 2.7197388547938317, "min": 2.590819255448878, "max": 2.7512818267568946, "mean": 2.6666791403355696, "std": 0.06477404812239482, "repeat": 6, "number": 1}]}, "api.supers.time_ls_recursive_long_all": {"result": [2.784980256576091], "stats": [{"ci_99": [2.7092990270107338, 2.910714784925247], "q_25": 2.7588732002768666, "q_75": 2.8629749787505716, "min": 2.7479372145608068, "max": 2.902999640442431, "mean": 2.8100069059679904, "std": 0.06194438779386842, "repeat": 6, "number": 1}]}, "api.supers.time_remove": {"result": [1.801936483476311], "stats": [{"ci_99": [1.7893629092723131, 1.809588243253529], "q_25": 1.7981133030261844, "q_75": 1.8054279298521578, "min": 1.7893629092723131, "max": 1.809588243253529, "mean": 1.8007031778804958, "std": 0.006264193282719992, "repeat": 10, "number": 1}]}, "api.supers.time_status": {"result": [0.6879347655922174], "stats": [{"ci_99": [0.682121904566884, 0.6949350787326694], "q_25": 0.6851887681987137, "q_75": 0.6912328545004129, "min": 0.682121904566884, "max": 0.6949350787326694, "mean": 0.688235011138022, "std": 0.004240097182771378, "repeat": 10, "number": 1}]}, "api.supers.time_status_recursive": {"result": [1.1409624516963959], "stats": [{"ci_99": [1.1300666453316808, 1.148266945965588], "q_25": 1.1362949218600988, "q_75": 1.1440238016657531, "min": 1.1300666453316808, "max": 1.148266945965588, "mean": 1.1400079062208532, "std": 0.0061407715098400475, "repeat": 10, "number": 1}]}, "api.supers.time_subdatasets": {"result": [0.050649591255933046], "stats": [{"ci_99": [0.04663730692118406, 0.05881952587515116], "q_25": 0.04895061836577952, "q_75": 0.05235580005683005, "min": 0.04663730692118406, "max": 0.05881952587515116, "mean": 0.051153530087322, "std": 0.0032803683387335903, "repeat": 10, "number": 1}]}, "api.supers.time_subdatasets_recursive": {"result": [0.12112519005313516], "stats": [{"ci_99": [0.115617617033422, 0.1407891856506467], "q_25": 0.12007703026756644, "q_75": 0.12268794793635607, "min": 0.115617617033422, "max": 0.1407891856506467, "mean": 0.12241128869354725, "std": 0.006540759737038792, "repeat": 10, "number": 1}]}, "api.supers.time_subdatasets_recursive_first": {"result": [0.05086990026757121], "stats": [{"ci_99": [0.04710759036242962, 0.05856902338564396], "q_25": 0.04859709134325385, "q_75": 0.05658177915029228, "min": 0.04710759036242962, "max": 0.05856902338564396, "mean": 0.052241763472557066, "std": 0.00419122868952468, "repeat": 10, "number": 1}]}, "api.supers.time_uninstall": {"result": [1.7621594979427755], "stats": [{"ci_99": [1.7463420704007149, 1.8030868098139763], "q_25": 1.7547325582709163, "q_75": 1.7754233106970787, "min": 1.7463420704007149, "max": 1.8030868098139763, "mean": 1.7671116000041365, "std": 0.01687353111024579, "repeat": 10, "number": 1}]}, "repo.gitrepo.time_get_content_info": {"result": [0.021352012641727924], "stats": [{"ci_99": [0.017216325737535954, 0.023463468067348003], "q_25": 0.02036601724103093, "q_75": 0.021869922056794167, "min": 0.017216325737535954, "max": 0.023463468067348003, "mean": 0.020864266715943814, "std": 0.0017379890588208374, "repeat": 10, "number": 1}]}, "api.testds.time_create_test_dataset1": {"result": [0.43896751292049885], "stats": [{"ci_99": [0.43194378539919853, 0.4752543969079852], "q_25": 0.43375617521815, "q_75": 0.44675342249684036, "min": 0.43194378539919853, "max": 0.4752543969079852, "mean": 0.44334958754479886, "std": 0.013168988706755222, "repeat": 10, "number": 1}]}, "api.testds.time_create_test_dataset2x2": {"result": [2.770993299782276], "stats": [{"ci_99": [2.7571739573031664, 2.783916899615189], "q_25": 2.7670492434408516, "q_75": 2.7764441086910665, "min": 2.7571739573031664, "max": 2.7825163546949625, "mean": 2.7709454190917313, "std": 0.008133101013088284, "repeat": 6, "number": 1}]}, "core.runner.time_echo": {"result": [0.0017336835929503045], "stats": [{"ci_99": [0.001699188258498907, 0.0017769384818772476], "q_25": 0.0017256787202010553, "q_75": 0.001749533034550647, "min": 0.001699188258498907, "max": 0.0017769384818772476, "mean": 0.0017374196555465457, "std": 2.0327440810758528e-05, "repeat": 10, "number": 6}]}, "core.runner.time_echo_gitrunner": {"result": [0.0026952732587233186], "stats": [{"ci_99": [0.002518169116228819, 0.003293730318546295], "q_25": 0.0026665354380384088, "q_75": 0.0028006507200188935, "min": 0.002518169116228819, "max": 0.003293730318546295, "mean": 0.002774748462252319, "std": 0.00022233660962692607, "repeat": 10, "number": 4}]}, "core.startup.time_help_np": {"result": [0.5918618612922728], "stats": [{"ci_99": [0.5091013899073005, 0.6194662936031818], "q_25": 0.5691826727706939, "q_75": 0.6143523382488638, "min": 0.5091013899073005, "max": 0.6194662936031818, "mean": 0.5863280212506652, "std": 0.0332566559235932, "repeat": 10, "number": 1}]}, "core.startup.time_import": {"result": [0.16479933029040694], "stats": [{"ci_99": [0.13169152289628983, 0.20571641251444817], "q_25": 0.16343306563794613, "q_75": 0.18251185049302876, "min": 0.13169152289628983, "max": 0.20571641251444817, "mean": 0.17058169273659587, "std": 0.019422430731513125, "repeat": 10, "number": 1}]}, "core.startup.time_import_api": {"result": [0.5052740899845958], "stats": [{"ci_99": [0.45221702475100756, 0.571079527027905], "q_25": 0.48608197644352913, "q_75": 0.5455889012664557, "min": 0.45221702475100756, "max": 0.571079527027905, "mean": 0.5111714281141758, "std": 0.038889096564580304, "repeat": 10, "number": 1}]}, "support.path.get_parent_paths.time_allsubmods_toplevel": null, "support.path.get_parent_paths.time_allsubmods_toplevel_only": null, "support.path.get_parent_paths.time_no_submods": null, "support.path.get_parent_paths.time_one_submod_subdir": null, "support.path.get_parent_paths.time_one_submod_toplevel": null, "usecases.study_forrest.time_make_studyforrest_mockup": {"result": [27.004382604267448], "stats": [{"ci_99": [26.74932578438893, 27.259439424145967], "q_25": 27.001832036068663, "q_75": 27.006933172466233, "min": 26.999281467869878, "max": 27.00948374066502, "mean": 27.004382604267448, "std": 0.005101136397570372, "repeat": 2, "number": 1}]}, "core.runner.track_overhead_100ms": 1.52, "core.runner.track_overhead_echo": 35.94, "core.runner.track_overhead_heavyout": 7.3, "core.runner.track_overhead_heavyout_online_process": 0.2, "core.runner.track_overhead_heavyout_online_through": 40.84}, "params": {"arch": "x86_64", "cpu": "Intel(R) Xeon(R) CPU E5-1607 v2 @ 3.00GHz", "machine": "drogon-neurodebian0.20200209.1",