{"results": {"api.supers.time_createadd": {"result": [1.2950136167928576], "stats": [{"ci_99": [1.2839767560362816, 1.306594667956233], "q_25": 1.292349613737315, "q_75": 1.3036766038276255, "min": 1.2839767560362816, "max": 1.306594667956233, "mean": 1.2968377410434186, "std": 0.006986437940924425, "repeat": 10, "number": 1}]}, "api.supers.time_createadd_to_dataset": {"result": [1.2423203326761723], "stats": [{"ci_99": [1.232784847728908, 1.259303342550993], "q_25": 1.2370684519410133, "q_75": 1.2507690619677305, "min": 1.232784847728908, "max": 1.259303342550993, "mean": 1.2442846082150936, "std": 0.008905520185857682, "repeat": 10, "number": 1}]}, "api.supers.time_diff": null, "api.supers.time_diff_recursive": null, "api.supers.time_installr": {"result": [5.546582201961428], "stats": [{"ci_99": [5.102977217640728, 5.990187186282128], "q_25": 5.542146152118221, "q_75": 5.551018251804635, "min": 5.537710102275014, "max": 5.555454301647842, "mean": 5.546582201961428, "std": 0.008872099686414003, "repeat": 2, "number": 1}]}, "api.supers.time_ls": {"result": [0.1836248622275889], "stats": [{"ci_99": [0.17933811154216528, 0.19273944292217493], "q_25": 0.18123540352098644, "q_75": 0.1883979116100818, "min": 0.17933811154216528, "max": 0.19273944292217493, "mean": 0.18494258103892208, "std": 0.004402460130980213, "repeat": 10, "number": 1}]}, "api.supers.time_ls_recursive": {"result": [1.7901498372666538], "stats": [{"ci_99": [1.779194482602179, 1.7982563795521855], "q_25": 1.7851155882235616, "q_75": 1.7918779065366834, "min": 1.779194482602179, "max": 1.7982563795521855, "mean": 1.7888606979511679, "std": 0.005208817753090928, "repeat": 10, "number": 1}]}, "api.supers.time_ls_recursive_long_all": {"result": [1.9540334232151508], "stats": [{"ci_99": [1.944399144500494, 1.9693605825304985], "q_25": 1.9469402399845421, "q_75": 1.9562931866385043, "min": 1.944399144500494, "max": 1.9693605825304985, "mean": 1.9534680268261582, "std": 0.007600919677087497, "repeat": 8, "number": 1}]}, "api.supers.time_remove": null, "api.supers.time_status": {"result": [0.722266333643347], "stats": [{"ci_99": [0.717458438128233, 0.7379197599366307], "q_25": 0.7214568527415395, "q_75": 0.7236237542238086, "min": 0.717458438128233, "max": 0.7379197599366307, "mean": 0.7242171379737556, "std": 0.005855639244978367, "repeat": 10, "number": 1}]}, "api.supers.time_status_recursive": {"result": [1.3670685826800764], "stats": [{"ci_99": [1.3594088777899742, 1.3737299162894487], "q_25": 1.3653875442687422, "q_75": 1.3700875563081354, "min": 1.3594088777899742, "max": 1.3737299162894487, "mean": 1.367075444571674, "std": 0.00424829787497747, "repeat": 10, "number": 1}]}, "api.supers.time_subdatasets": {"result": [0.09592649061232805], "stats": [{"ci_99": [0.09310719463974237, 0.09821487125009298], "q_25": 0.09388301172293723, "q_75": 0.09627196262590587, "min": 0.09310719463974237, "max": 0.09821487125009298, "mean": 0.09533811444416643, "std": 0.0016169887958588768, "repeat": 10, "number": 1}]}, "api.supers.time_subdatasets_recursive": {"result": [0.4316181791946292], "stats": [{"ci_99": [0.42631706316024065, 0.4394448744133115], "q_25": 0.42664332943968475, "q_75": 0.4333743175957352, "min": 0.42631706316024065, "max": 0.4394448744133115, "mean": 0.4312039200216532, "std": 0.004382153029387159, "repeat": 10, "number": 1}]}, "api.supers.time_subdatasets_recursive_first": {"result": [0.09508218476548791], "stats": [{"ci_99": [0.0936560407280922, 0.10110646206885576], "q_25": 0.0943633015267551, "q_75": 0.09689121856354177, "min": 0.0936560407280922, "max": 0.10110646206885576, "mean": 0.09583863876760006, "std": 0.0021310035576769405, "repeat": 10, "number": 1}]}, "api.supers.time_uninstall": {"result": [4.260362592060119], "stats": [{"ci_99": [4.183844590815957, 4.364173948042785], "q_25": 4.247134714620188, "q_75": 4.287237146869302, "min": 4.244933392852545, "max": 4.3303785007447, "mean": 4.274009269429371, "std": 0.03430585113956161, "repeat": 4, "number": 1}]}, "repo.gitrepo.time_get_content_info": {"result": [0.015944027341902256], "stats": [{"ci_99": [0.014468817971646786, 0.017565245740115643], "q_25": 0.01558485277928412, "q_75": 0.01627543824724853, "min": 0.014468817971646786, "max": 0.017565245740115643, "mean": 0.015949854254722597, "std": 0.0009550809270023423, "repeat": 10, "number": 1}]}, "api.testds.time_create_test_dataset1": {"result": [0.6189353712834418], "stats": [{"ci_99": [0.6095404382795095, 0.6375939901918173], "q_25": 0.613341125426814, "q_75": 0.6222335903439671, "min": 0.6095404382795095, "max": 0.6375939901918173, "mean": 0.6193051735870541, "std": 0.007662944069674871, "repeat": 10, "number": 1}]}, "api.testds.time_create_test_dataset2x2": {"result": [3.8090583691373467], "stats": [{"ci_99": [3.7516254636988373, 3.888867821677741], "q_25": 3.8020494016818702, "q_75": 3.827255610143766, "min": 3.7968886122107506, "max": 3.865981220267713, "mean": 3.8202466426882893, "std": 0.02712722290694352, "repeat": 4, "number": 1}]}, "core.runner.time_echo": {"result": [0.001951466198079288], "stats": [{"ci_99": [0.0016896419692784548, 0.002395113231614232], "q_25": 0.001755839737597853, "q_75": 0.0021986279753036797, "min": 0.0016896419692784548, "max": 0.002395113231614232, "mean": 0.001987179252319038, "std": 0.0002585224292353405, "repeat": 10, "number": 4}]}, "core.runner.time_echo_gitrunner": {"result": [0.0022479668259620667], "stats": [{"ci_99": [0.002098384080454707, 0.002788994926959276], "q_25": 0.00212597445352003, "q_75": 0.0025304133305326104, "min": 0.002098384080454707, "max": 0.002788994926959276, "mean": 0.002343925600871444, "std": 0.00024185082205257477, "repeat": 10, "number": 4}]}, "core.startup.time_help_np": {"result": [0.5585699561052024], "stats": [{"ci_99": [0.5267470674589276, 0.6356021547690034], "q_25": 0.5354419825598598, "q_75": 0.6167062756139785, "min": 0.5267470674589276, "max": 0.6356021547690034, "mean": 0.5728962837718428, "std": 0.04172696599565732, "repeat": 10, "number": 1}]}, "core.startup.time_import": {"result": [0.14488205313682556], "stats": [{"ci_99": [0.11456928122788668, 0.20953127183020115], "q_25": 0.11544439592398703, "q_75": 0.19658991694450378, "min": 0.11456928122788668, "max": 0.20953127183020115, "mean": 0.15514482809230684, "std": 0.040789104457960176, "repeat": 10, "number": 1}]}, "core.startup.time_import_api": {"result": [0.47772007854655385], "stats": [{"ci_99": [0.45541108679026365, 0.539900136180222], "q_25": 0.4612003641668707, "q_75": 0.5054091627243906, "min": 0.45541108679026365, "max": 0.539900136180222, "mean": 0.48679063133895395, "std": 0.029414821773516054, "repeat": 10, "number": 1}]}, "support.path.get_parent_paths.time_allsubmods_toplevel": {"result": [0.007757258368656039], "stats": [{"ci_99": [0.006959212478250265, 0.008852843195199966], "q_25": 0.007322435034438968, "q_75": 0.008243328658863902, "min": 0.006959212478250265, "max": 0.008852843195199966, "mean": 0.007811579434201121, "std": 0.0006029578208732915, "repeat": 10, "number": 2}]}, "support.path.get_parent_paths.time_allsubmods_toplevel_only": {"result": [0.006398342549800873], "stats": [{"ci_99": [0.006100381258875132, 0.008244148921221495], "q_25": 0.006128708133473992, "q_75": 0.007201656815595925, "min": 0.006100381258875132, "max": 0.008244148921221495, "mean": 0.006748869456350804, "std": 0.0007408811309580211, "repeat": 10, "number": 2}]}, "support.path.get_parent_paths.time_no_submods": {"result": [2.795303426048317e-07], "stats": [{"ci_99": [2.7710721321131087e-07, 2.8337033769334753e-07], "q_25": 2.7818500936535875e-07, "q_75": 2.806995468498945e-07, "min": 2.7710721321131087e-07, "max": 2.8337033769334753e-07, "mean": 2.797631881226749e-07, "std": 1.8915706698293065e-09, "repeat": 10, "number": 37568}]}, "support.path.get_parent_paths.time_one_submod_subdir": {"result": [0.006422266596928239], "stats": [{"ci_99": [0.005697494372725487, 0.007160151842981577], "q_25": 0.005971691105514765,