{"results": {"api.supers.time_createadd": {"result": [1.0519850747659802], "stats": [{"ci_99": [1.043491587974131, 1.0853019645437598], "q_25": 1.048816345166415, "q_75": 1.0574105381965637, "min": 1.043491587974131, "max": 1.0853019645437598, "mean": 1.0569316853769124, "std": 0.013889835248673748, "repeat": 10, "number": 1}]}, "api.supers.time_createadd_to_dataset": {"result": [1.0595413451083004], "stats": [{"ci_99": [1.0373287703841925, 1.0750097772106528], "q_25": 1.0544759205076844, "q_75": 1.0647254739888012, "min": 1.0373287703841925, "max": 1.0750097772106528, "mean": 1.0582434330135584, "std": 0.010829138877050238, "repeat": 10, "number": 1}]}, "api.supers.time_diff": null, "api.supers.time_diff_recursive": null, "api.supers.time_installr": {"result": [4.0316139701753855], "stats": [{"ci_99": [3.987483350142433, 4.091552462846445], "q_25": 4.0282235278282315, "q_75": 4.042908348841593, "min": 4.020207210443914, "max": 4.07463647518307, "mean": 4.039517906494439, "std": 0.020809813082834975, "repeat": 4, "number": 1}]}, "api.supers.time_ls": {"result": [0.11726739769801497], "stats": [{"ci_99": [0.11501114442944527, 0.1257061967626214], "q_25": 0.115405956748873, "q_75": 0.1191504686139524, "min": 0.11501114442944527, "max": 0.1257061967626214, "mean": 0.11812884230166673, "std": 0.003256781932744804, "repeat": 10, "number": 1}]}, "api.supers.time_ls_recursive": {"result": [1.084584659896791], "stats": [{"ci_99": [1.0712034106254578, 1.1145427478477359], "q_25": 1.077974389307201, "q_75": 1.0929752623196691, "min": 1.0712034106254578, "max": 1.1145427478477359, "mean": 1.0870187536813318, "std": 0.012507060942026832, "repeat": 10, "number": 1}]}, "api.supers.time_ls_recursive_long_all": {"result": [1.2363230320625007], "stats": [{"ci_99": [1.2306890897452831, 1.2506473697721958], "q_25": 1.2333797921892256, "q_75": 1.2424359249416739, "min": 1.2306890897452831, "max": 1.2506473697721958, "mean": 1.2380860978737473, "std": 0.006067772224146667, "repeat": 10, "number": 1}]}, "api.supers.time_remove": {"result": [1.993762417230755], "stats": [{"ci_99": [1.9840790620073676, 2.0186729673296213], "q_25": 1.9911257103085518, "q_75": 1.998616672353819, "min": 1.9840790620073676, "max": 2.0186729673296213, "mean": 1.9964251426281407, "std": 0.009772762060458663, "repeat": 8, "number": 1}]}, "api.supers.time_status": {"result": [0.6939699584618211], "stats": [{"ci_99": [0.6843858314678073, 0.7019168278202415], "q_25": 0.6882073616143316, "q_75": 0.7010402956511825, "min": 0.6843858314678073, "max": 0.7019168278202415, "mean": 0.6941590032540261, "std": 0.0065889382861209714, "repeat": 10, "number": 1}]}, "api.supers.time_status_recursive": {"result": [1.1586092142388225], "stats": [{"ci_99": [1.1530130049213767, 1.178184138610959], "q_25": 1.1556505949702114, "q_75": 1.1643520761281252, "min": 1.1530130049213767, "max": 1.178184138610959, "mean": 1.1615923376753927, "std": 0.00824829348523748, "repeat": 10, "number": 1}]}, "api.supers.time_subdatasets": {"result": [0.06890051020309329], "stats": [{"ci_99": [0.061936669051647186, 0.07343215961009264], "q_25": 0.06575745297595859, "q_75": 0.07161415764130652, "min": 0.061936669051647186, "max": 0.07343215961009264, "mean": 0.06852664090692998, "std": 0.003813123263602067, "repeat": 10, "number": 1}]}, "api.supers.time_subdatasets_recursive": {"result": [0.24770599277690053], "stats": [{"ci_99": [0.24126162193715572, 0.25754681695252657], "q_25": 0.24664714187383652, "q_75": 0.24906629580073059, "min": 0.24126162193715572, "max": 0.25754681695252657, "mean": 0.24810815127566457, "std": 0.003913774911171842, "repeat": 10, "number": 1}]}, "api.supers.time_subdatasets_recursive_first": {"result": [0.06513570761308074], "stats": [{"ci_99": [0.06010806746780872, 0.07410801015794277], "q_25": 0.06379684642888606, "q_75": 0.07240815809927881, "min": 0.06010806746780872, "max": 0.07410801015794277, "mean": 0.06706010224297643, "std": 0.004906348853275556, "repeat": 10, "number": 1}]}, "api.supers.time_uninstall": {"result": [1.956825808621943], "stats": [{"ci_99": [1.947808207012713, 1.963091623969376], "q_25": 1.9520903208758682, "q_75": 1.9619694722350687, "min": 1.947808207012713, "max": 1.963091623969376, "mean": 1.9564405914861709, "std": 0.005694152479669079, "repeat": 8, "number": 1}]}, "repo.gitrepo.time_get_content_info": {"result": [0.01966008124873042], "stats": [{"ci_99": [0.016191108152270317, 0.024336145259439945], "q_25": 0.017790115904062986, "q_75": 0.020646674558520317, "min": 0.016191108152270317, "max": 0.024336145259439945, "mean": 0.01966832419857383, "std": 0.0024148003515299505, "repeat": 10, "number": 1}]}, "api.testds.time_create_test_dataset1": {"result": [0.43832434387877584], "stats": [{"ci_99": [0.4347768658772111, 0.4531950866803527], "q_25": 0.4374363909009844, "q_75": 0.445713403634727, "min": 0.4347768658772111, "max": 0.4531950866803527, "mean": 0.44107595840469005, "std": 0.006085153601637638, "repeat": 10, "number": 1}]}, "api.testds.time_create_test_dataset2x2": {"result": [2.872124259825796], "stats": [{"ci_99": [2.857446722697427, 2.8958742460235953], "q_25": 2.8657507037278265, "q_75": 2.8767007051501423, "min": 2.8631552951410413, "max": 2.8958742460235953, "mean": 2.8741884054616094, "std": 0.011030759266595325, "repeat": 6, "number": 1}]}, "core.runner.time_echo": {"result": [0.0017107212916016579], "stats": [{"ci_99": [0.0016847679701944192, 0.0017408852775891621], "q_25": 0.001700569991953671, "q_75": 0.001721438835375011, "min": 0.0016847679701944192, "max": 0.0017408852775891621, "mean": 0.0017112140078097582, "std": 1.5664374354166292e-05, "repeat": 10, "number": 6}]}, "core.runner.time_echo_gitrunner": {"result": [0.002461333409883082], "stats": [{"ci_99": [0.0022485763765871525, 0.0027660145424306393], "q_25": 0.0023613794473931193, "q_75": 0.002552838181145489, "min": 0.0022485763765871525, "max": 0.0027660145424306393, "mean": 0.002468544850125909, "std": 0.000146168487518522, "repeat": 10, "number": 4}]}, "core.startup.time_help_np": {"result": [0.5538699901662767], "stats": [{"ci_99": [0.5113199753686786, 0.6280563119798899], "q_25": 0.5340708063449711, "q_75": 0.5806090012192726, "min": 0.5113199753686786, "max": 0.6280563119798899, "mean": 0.5582689503207803, "std": 0.03435773408117117, "repeat": 10, "number": 1}]}, "core.startup.time_import": {"result": [0.1621274696663022], "stats": [{"ci_99": [0.12653346825391054, 0.20224278885871172], "q_25": 0.1468022798653692, "q_75": 0.16907895938493311, "min": 0.12653346825391054, "max": 0.20224278885871172, "mean": 0.16166469287127255, "std": 0.021607704821057915, "repeat": 10, "number": 1}]}, "core.startup.time_import_api": {"result": [0.5057866177521646], "stats": [{"ci_99": [0.44908150751143694, 0.5696662478148937], "q_25": 0.47251400351524353, "q_75": 0.5283294843975455, "min": 0.44908150751143694, "max": 0.5696662478148937, "mean": 0.504780017118901, "std": 0.03836046670352422, "repeat": 10, "number": 1}]}, "support.path.get_parent_paths.time_allsubmods_toplevel": {"result": [0.0069933689665049314], "stats": [{"ci_99": [0.006744030863046646, 0.008708189241588116], "q_25": 0.006828732439316809, "q_75": 0.007654943037778139, "min": 0.006744030863046646, "max": 0.008708189241588116, "mean": 0.007298275828361511, "std": 0.0006249719605383172, "repeat": 10, "number": 2}]}, "support.path.get_parent_paths.time_allsubmods_toplevel_only": {"result": [0.006265963427722454], "stats": [{"ci_99": [0.006016076076775789, 0.007909143809229136], "q_25": 0.006105223321355879, "q_75": 0.0070222929352894425, "min": 0.006016076076775789, "max": 0.007909143809229136, "mean": 0.006597311329096555, "std": 0.0006349696276529247, "repeat": 10, "number": 2}]}, "support.path.get_parent_paths.time_no_submods": {"result": [3.205659367938668e-07], "stats": [{"ci_99": [2.908221087117379e-07, 3.8255944991213767e-07], "q_25": 3.009091058534408e-07, "q_75": 3.4610709375310505e-07, "min": 2.908221087117379e-07, "max": 3.8255944991213767e-07,