{"results": {"api.supers.time_createadd": {"result": [1.2651987387798727], "stats": [{"ci_99": [1.2536618867889047, 1.2867494216188788], "q_25": 1.2628028497565538, "q_75": 1.270240772748366, "min": 1.2536618867889047, "max": 1.2867494216188788, "mean": 1.2668926746584475, "std": 0.008812751292281946, "repeat": 10, "number": 1}]}, "api.supers.time_createadd_to_dataset": {"result": [1.2114489488303661], "stats": [{"ci_99": [1.2044431893154979, 1.2274836590513587], "q_25": 1.2108660072553903, "q_75": 1.219524199841544, "min": 1.2044431893154979, "max": 1.2274836590513587, "mean": 1.214259213488549, "std": 0.006718896319223769, "repeat": 10, "number": 1}]}, "api.supers.time_diff": null, "api.supers.time_diff_recursive": null, "api.supers.time_installr": {"result": [5.495008612982929], "stats": [{"ci_99": [5.141697796992958, 5.8483194289729], "q_25": 5.491475504823029, "q_75": 5.4985417211428285, "min": 5.487942396663129, "max": 5.502074829302728, "mean": 5.495008612982929, "std": 0.007066216319799423, "repeat": 2, "number": 1}]}, "api.supers.time_ls": {"result": [0.19503026874735951], "stats": [{"ci_99": [0.18662184476852417, 0.20503932517021894], "q_25": 0.19228401873260736, "q_75": 0.19666132563725114, "min": 0.18662184476852417, "max": 0.20503932517021894, "mean": 0.19524830309674143, "std": 0.005591539698145213, "repeat": 10, "number": 1}]}, "api.supers.time_ls_recursive": {"result": [1.894082063343376], "stats": [{"ci_99": [1.8849770110100508, 1.9044675407931209], "q_25": 1.8878336753696203, "q_75": 1.898386667482555, "min": 1.8849770110100508, "max": 1.9044675407931209, "mean": 1.8939062557183206, "std": 0.006654532292044925, "repeat": 10, "number": 1}]}, "api.supers.time_ls_recursive_long_all": {"result": [2.0539212934672832], "stats": [{"ci_99": [2.0418574679642916, 2.071598418056965], "q_25": 2.047333269380033, "q_75": 2.0648718075826764, "min": 2.0418574679642916, "max": 2.071598418056965, "mean": 2.0557196349836886, "std": 0.010804695222412801, "repeat": 8, "number": 1}]}, "api.supers.time_remove": null, "api.supers.time_status": {"result": [0.7482085255905986], "stats": [{"ci_99": [0.7421199539676309, 0.7589804427698255], "q_25": 0.7460006084293127, "q_75": 0.7539483672007918, "min": 0.7421199539676309, "max": 0.7589804427698255, "mean": 0.7497082796879113, "std": 0.0054619895679513175, "repeat": 10, "number": 1}]}, "api.supers.time_status_recursive": {"result": [1.3935261284932494], "stats": [{"ci_99": [1.3865215508267283, 1.4024534970521927], "q_25": 1.3909026342444122, "q_75": 1.3951926247682422, "min": 1.3865215508267283, "max": 1.4024534970521927, "mean": 1.3935039180330933, "std": 0.004080975342551304, "repeat": 10, "number": 1}]}, "api.supers.time_subdatasets": {"result": [0.10905850166454911], "stats": [{"ci_99": [0.10666247829794884, 0.11137099284678698], "q_25": 0.10768258874304593, "q_75": 0.11117842420935631, "min": 0.10666247829794884, "max": 0.11137099284678698, "mean": 0.10925444327294827, "std": 0.0017946449849560293, "repeat": 10, "number": 1}]}, "api.supers.time_subdatasets_recursive": {"result": [0.441058692522347], "stats": [{"ci_99": [0.43821446504443884, 0.44946148060262203], "q_25": 0.43999297125265, "q_75": 0.4429772787261754, "min": 0.43821446504443884, "max": 0.44946148060262203, "mean": 0.4419472638517618, "std": 0.0030483467343321593, "repeat": 10, "number": 1}]}, "api.supers.time_subdatasets_recursive_first": {"result": [0.10912723606452346], "stats": [{"ci_99": [0.10714893229305744, 0.11548062693327665], "q_25": 0.10822471277788281, "q_75": 0.11097879242151976, "min": 0.10714893229305744, "max": 0.11548062693327665, "mean": 0.10994215365499257, "std": 0.0024475470824340895, "repeat": 10, "number": 1}]}, "api.supers.time_uninstall": {"result": [4.098977936897427], "stats": [{"ci_99": [3.908907747905275, 4.315397391483613], "q_25": 4.044666963396594, "q_75": 4.1664635431952775, "min": 4.043604268692434, "max": 4.207050136290491, "mean": 4.1121525696944445, "std": 0.07048797701520969, "repeat": 4, "number": 1}]}, "repo.gitrepo.time_get_content_info": {"result": [0.015792283229529858], "stats": [{"ci_99": [0.014222301542758942, 0.019482437521219254], "q_25": 0.014909771271049976, "q_75": 0.01678632036782801, "min": 0.014222301542758942, "max": 0.019482437521219254, "mean": 0.016029647272080182, "std": 0.0015165750303828944, "repeat": 10, "number": 1}]}, "api.testds.time_create_test_dataset1": {"result": [0.6047382787801325], "stats": [{"ci_99": [0.5897350870072842, 0.6304002301767468], "q_25": 0.5953536222223192, "q_75": 0.6086708861403167, "min": 0.5897350870072842, "max": 0.6304002301767468, "mean": 0.6049665747210383, "std": 0.011904914496631804, "repeat": 10, "number": 1}]}, "api.testds.time_create_test_dataset2x2": {"result": [3.561122925952077], "stats": [{"ci_99": [3.5383548711116264, 3.582534346015488], "q_25": 3.5572269898839295, "q_75": 3.5643405446317047, "min": 3.548146174289286, "max": 3.571386408060789, "mean": 3.5604446085635573, "std": 0.00826748154265491, "repeat": 4, "number": 1}]}, "core.runner.time_echo": {"result": [0.0017065756643811862], "stats": [{"ci_99": [0.0016937021476527054, 0.0017212593617538612], "q_25": 0.0017013341809312503, "q_75": 0.0017157118612279494, "min": 0.0016937021476527054, "max": 0.0017212593617538612, "mean": 0.001707963350539406, "std": 9.188300212323045e-06, "repeat": 10, "number": 6}]}, "core.runner.time_echo_gitrunner": {"result": [0.0023099244572222233], "stats": [{"ci_99": [0.0020833922550082206, 0.0028423227369785307], "q_25": 0.002139207534492016, "q_75": 0.002521070884540677, "min": 0.0020833922550082206, "max": 0.0028423227369785307, "mean": 0.002361055854707956, "std": 0.0002521174734208999, "repeat": 10, "number": 5}]}, "core.startup.time_help_np": {"result": [0.5467788525857031], "stats": [{"ci_99": [0.5122450459748507, 0.6267802296206355], "q_25": 0.5144972470588982, "q_75": 0.57910399697721, "min": 0.5122450459748507, "max": 0.6267802296206355, "mean": 0.5548925011418759, "std": 0.04220474711700238, "repeat": 10, "number": 1}]}, "core.startup.time_import": {"result": [0.14399197977036238], "stats": [{"ci_99": [0.11360090505331755, 0.1779673071578145], "q_25": 0.11608199658803642, "q_75": 0.17020973563194275, "min": 0.11360090505331755, "max": 0.1779673071578145, "mean": 0.14410776644945145, "std": 0.02735671408901982, "repeat": 10, "number": 1}]}, "core.startup.time_import_api": {"result": [0.5010663522407413], "stats": [{"ci_99": [0.44613159354776144, 0.5606566872447729], "q_25": 0.4603532182518393, "q_75": 0.5178504455834627, "min": 0.44613159354776144, "max": 0.5606566872447729, "mean": 0.49539192784577607, "std": 0.03593241789073976, "repeat": 10, "number": 1}]}, "support.path.get_parent_paths.time_allsubmods_toplevel": {"result": [0.00714304787106812], "stats": [{"ci_99": [0.007022084668278694, 0.008671586401760578], "q_25": 0.007040337659418583, "q_75": 0.007668201229535043, "min": 0.007022084668278694, "max": 0.008671586401760578, "mean": 0.007435503415763378, "std": 0.0005419579690172872, "repeat": 10, "number": 2}]}, "support.path.get_parent_paths.time_allsubmods_toplevel_only": {"result": [0.006520969094708562], "stats": [{"ci_99": [0.006294898688793182, 0.008348973467946053], "q_25": 0.006311004748567939, "q_75": 0.007312377914786339, "min": 0.006294898688793182, "max": 0.008348973467946053, "mean": 0.006886560330167412, "std": 0.0007033465883808554, "repeat": 10, "number": 2}]}, "support.path.get_parent_paths.time_no_submods": {"result": [2.8231299101331826e-07], "stats": [{"ci_99": [2.6823941122909007e-07, 3.5314835204620847e-07], "q_25": 2.6919233229938425e-07, "q_75": 3.1528653105017323e-07, "min": 2.6823941122909007e-07, "max": 3.5314835204620847e-07, "mean": 2.951382666487784e-07, "std": 2.984343912173056e-08, "repeat": 10, "number": 40856}]}, "support.path.get_parent_paths.time_one_submod_subdir": {"result": [0.0057184952311217785], "stats": [{"ci_99": [0.005461276043206453, 0.007137558422982693], "q_25": 0.00549062667414546,