{"results": {"api.supers.time_createadd": {"result": [1.348131824284792], "stats": [{"ci_99": [1.3296751258894801, 1.3605116559192538], "q_25": 1.3447465051431209, "q_75": 1.3599489994812757, "min": 1.3296751258894801, "max": 1.3605116559192538, "mean": 1.3500118521042168, "std": 0.009580287007680799, "repeat": 10, "number": 1}]}, "api.supers.time_createadd_to_dataset": {"result": [1.1241129860281944], "stats": [{"ci_99": [1.1098457053303719, 1.1351171350106597], "q_25": 1.1168761302251369, "q_75": 1.1281123808585107, "min": 1.1098457053303719, "max": 1.1351171350106597, "mean": 1.1224253888241946, "std": 0.008115493404810584, "repeat": 10, "number": 1}]}, "api.supers.time_diff": {"result": [0.10403007501736283], "stats": [{"ci_99": [0.0931105362251401, 0.113027798011899], "q_25": 0.09972605388611555, "q_75": 0.1079166647978127, "min": 0.0931105362251401, "max": 0.113027798011899, "mean": 0.10390882594510913, "std": 0.00588863007649214, "repeat": 10, "number": 1}]}, "api.supers.time_diff_recursive": {"result": [0.31214443361386657], "stats": [{"ci_99": [0.3037915090098977, 0.3553440235555172], "q_25": 0.3066802001558244, "q_75": 0.3144253995269537, "min": 0.3037915090098977, "max": 0.3553440235555172, "mean": 0.3151717450469732, "std": 0.014360184597226152, "repeat": 10, "number": 1}]}, "api.supers.time_installr": {"result": [3.8508576820604503], "stats": [{"ci_99": [3.8108067511059898, 3.910969289164935], "q_25": 3.8471716882195324, "q_75": 3.8645740139763802, "min": 3.8459599213674664, "max": 3.895876795053482, "mean": 3.8608880201354623, "std": 0.020431726886744845, "repeat": 4, "number": 1}]}, "api.supers.time_ls": {"result": [0.6970961354672909], "stats": [{"ci_99": [0.6887782365083694, 0.7111500110477209], "q_25": 0.6948751606978476, "q_75": 0.7009043002035469, "min": 0.6887782365083694, "max": 0.7111500110477209, "mean": 0.6984715458005667, "std": 0.006197977198922405, "repeat": 10, "number": 1}]}, "api.supers.time_ls_recursive": {"result": [2.6449032993987203], "stats": [{"ci_99": [2.628311403095722, 2.6574141933097186], "q_25": 2.640904259402305, "q_75": 2.6502429549582303, "min": 2.628311403095722, "max": 2.654640038497746, "mean": 2.6440586877676346, "std": 0.008537558333006706, "repeat": 6, "number": 1}]}, "api.supers.time_ls_recursive_long_all": {"result": [2.807926352135837], "stats": [{"ci_99": [2.7956856563687325, 2.817665510151748], "q_25": 2.8040338621940464, "q_75": 2.81091122655198, "min": 2.7956856563687325, "max": 2.816943809390068, "mean": 2.807187453377992, "std": 0.006663998794617188, "repeat": 6, "number": 1}]}, "api.supers.time_remove": {"result": [2.095736595336348], "stats": [{"ci_99": [2.0779628409072757, 2.142797252163291], "q_25": 2.0870256240013987, "q_75": 2.1073451263364404, "min": 2.0779628409072757, "max": 2.142797252163291, "mean": 2.0998854455538094, "std": 0.01918467619076035, "repeat": 8, "number": 1}]}, "api.supers.time_status": {"result": [0.692283465526998], "stats": [{"ci_99": [0.6843469943851233, 0.7397747132927179], "q_25": 0.6859338672365993, "q_75": 0.7256854274310172, "min": 0.6843469943851233, "max": 0.7397747132927179, "mean": 0.703774175606668, "std": 0.022815859570986034, "repeat": 10, "number": 1}]}, "api.supers.time_status_recursive": {"result": [1.192319493740797], "stats": [{"ci_99": [1.151813437230885, 1.269861332140863], "q_25": 1.1616610391065478, "q_75": 1.2552438315469772, "min": 1.151813437230885, "max": 1.269861332140863, "mean": 1.2061233748681843, "std": 0.04807239932071101, "repeat": 10, "number": 1}]}, "api.supers.time_subdatasets": {"result": [0.048919637221843004], "stats": [{"ci_99": [0.04483186360448599, 0.05610814597457647], "q_25": 0.046927392249926925, "q_75": 0.05147152510471642, "min": 0.04483186360448599, "max": 0.05610814597457647, "mean": 0.04959614230319857, "std": 0.003501142270548424, "repeat": 10, "number": 1}]}, "api.supers.time_subdatasets_recursive": {"result": [0.12310431757941842], "stats": [{"ci_99": [0.11734515614807606, 0.1282627061009407], "q_25": 0.12019148073159158, "q_75": 0.12453533406369388, "min": 0.11734515614807606, "max": 0.1282627061009407, "mean": 0.12252264656126499, "std": 0.0031243405649335216, "repeat": 10, "number": 1}]}, "api.supers.time_subdatasets_recursive_first": {"result": [0.051313120406121016], "stats": [{"ci_99": [0.047561476938426495, 0.06729873456060886], "q_25": 0.04844564525410533, "q_75": 0.05321769509464502, "min": 0.047561476938426495, "max": 0.06729873456060886, "mean": 0.05260752253234387, "std": 0.005756798607669817, "repeat": 10, "number": 1}]}, "api.supers.time_uninstall": {"result": [2.2476580841466784], "stats": [{"ci_99": [2.1665504407137632, 2.362125923857093], "q_25": 2.171677589416504, "q_75": 2.3219897758681327, "min": 2.1665504407137632, "max": 2.362125923857093, "mean": 2.2530020208796486, "std": 0.08120316467786583, "repeat": 8, "number": 1}]}, "repo.gitrepo.time_get_content_info": {"result": [0.018624577205628157], "stats": [{"ci_99": [0.01480095088481903, 0.02459905669093132], "q_25": 0.014902644325047731, "q_75": 0.02067295741289854, "min": 0.01480095088481903, "max": 0.02459905669093132, "mean": 0.01842900235205889, "std": 0.003314872886546553, "repeat": 10, "number": 1}]}, "api.testds.time_create_test_dataset1": {"result": [0.46151145407930017], "stats": [{"ci_99": [0.4401616360992193, 0.4825573395937681], "q_25": 0.44124942319467664, "q_75": 0.47364326287060976, "min": 0.4401616360992193, "max": 0.4825573395937681, "mean": 0.45919305812567474, "std": 0.016337937136851863, "repeat": 10, "number": 1}]}, "api.testds.time_create_test_dataset2x2": {"result": [2.778515772894025], "stats": [{"ci_99": [2.752523697024436, 2.8368345126509666], "q_25": 2.768321000272408, "q_75": 2.786475385306403, "min": 2.767187925055623, "max": 2.8368345126509666, "mean": 2.7858508859450617, "std": 0.024168280151204254, "repeat": 6, "number": 1}]}, "core.runner.time_echo": {"result": [0.0020199500955641273], "stats": [{"ci_99": [0.001883491314947605, 0.0022499991580843927], "q_25": 0.0019653756637126206, "q_75": 0.0021551159210503102, "min": 0.001883491314947605, "max": 0.0022499991580843927, "mean": 0.0020570327527821065, "std": 0.00012054155710794072, "repeat": 10, "number": 5}]}, "core.runner.time_echo_gitrunner": {"result": [0.0026664379984140396], "stats": [{"ci_99": [0.0024989538360387087, 0.0029195568058639765], "q_25": 0.0025705478037707508, "q_75": 0.0027937893173657358, "min": 0.0024989538360387087, "max": 0.0029195568058639765, "mean": 0.0026913376059383154, "std": 0.00014715352121631584, "repeat": 10, "number": 4}]}, "core.startup.time_help_np": {"result": [0.5790908141061664], "stats": [{"ci_99": [0.5258821463212371, 0.6729634488001466], "q_25": 0.5723005530890077, "q_75": 0.6263504170347005, "min": 0.5258821463212371, "max": 0.6729634488001466, "mean": 0.5944917004555463, "std": 0.043469090587290204, "repeat": 10, "number": 1}]}, "core.startup.time_import": {"result": [0.17530573578551412], "stats": [{"ci_99": [0.11715686600655317, 0.19915700238198042], "q_25": 0.15773449931293726, "q_75": 0.1946065970696509, "min": 0.11715686600655317, "max": 0.19915700238198042, "mean": 0.17298913756385445, "std": 0.0252176477137422, "repeat": 10, "number": 1}]}, "core.startup.time_import_api": {"result": [0.549703732598573], "stats": [{"ci_99": [0.503319731913507, 0.5728558665141463], "q_25": 0.5404977027792484, "q_75": 0.5626081572845578, "min": 0.503319731913507, "max": 0.5728558665141463, "mean": 0.5470721699297428, "std": 0.022058945348716285, "repeat": 10, "number": 1}]}, "support.path.get_parent_paths.time_allsubmods_toplevel": null, "support.path.get_parent_paths.time_allsubmods_toplevel_only": null, "support.path.get_parent_paths.time_no_submods": null, "support.path.get_parent_paths.time_one_submod_subdir": null, "support.path.get_parent_paths.time_one_submod_toplevel": null, "usecases.study_forrest.time_make_studyforrest_mockup": {"result": [35.8678151415661], "stats": [{"ci_99": [16.81442782562226, 54.92120245750992],