{"results": {"api.supers.time_createadd": {"result": [1.303092747926712], "stats": [{"ci_99": [1.287184433080256, 1.32176458183676], "q_25": 1.300382575718686, "q_75": 1.310746697243303, "min": 1.287184433080256, "max": 1.32176458183676, "mean": 1.3047064177691936, "std": 0.00919254731347957, "repeat": 10, "number": 1}]}, "api.supers.time_createadd_to_dataset": {"result": [1.2402295181527734], "stats": [{"ci_99": [1.23069366812706, 1.2573769260197878], "q_25": 1.2348374847788364, "q_75": 1.2459661336615682, "min": 1.23069366812706, "max": 1.2573769260197878, "mean": 1.2416575378738344, "std": 0.008702581228638434, "repeat": 10, "number": 1}]}, "api.supers.time_diff": null, "api.supers.time_diff_recursive": null, "api.supers.time_installr": {"result": [5.5332319610752165], "stats": [{"ci_99": [5.016562997829169, 6.049900924321264], "q_25": 5.528065271442756, "q_75": 5.538398650707677, "min": 5.522898581810296, "max": 5.5435653403401375, "mean": 5.5332319610752165, "std": 0.01033337926492095, "repeat": 2, "number": 1}]}, "api.supers.time_ls": {"result": [0.183053579647094], "stats": [{"ci_99": [0.18068782705813646, 0.1993882106617093], "q_25": 0.18154356465674937, "q_75": 0.18515133997425437, "min": 0.18068782705813646, "max": 0.1993882106617093, "mean": 0.18506838688626887, "std": 0.005534133794188738, "repeat": 10, "number": 1}]}, "api.supers.time_ls_recursive": {"result": [1.791479310952127], "stats": [{"ci_99": [1.7761745490133762, 1.7990307807922363], "q_25": 1.7864075815305114, "q_75": 1.7937666531652212, "min": 1.7761745490133762, "max": 1.7990307807922363, "mean": 1.7894678454846145, "std": 0.006458892900677055, "repeat": 10, "number": 1}]}, "api.supers.time_ls_recursive_long_all": {"result": [1.9466821034438908], "stats": [{"ci_99": [1.9350967099890113, 1.9643823066726327], "q_25": 1.9426188948564231, "q_75": 1.9509499368723482, "min": 1.9350967099890113, "max": 1.9643823066726327, "mean": 1.9481461921241134, "std": 0.008771496160748411, "repeat": 8, "number": 1}]}, "api.supers.time_remove": null, "api.supers.time_status": {"result": [0.7225926965475082], "stats": [{"ci_99": [0.7168492553755641, 0.726494675502181], "q_25": 0.7201247054617852, "q_75": 0.7254164356272668, "min": 0.7168492553755641, "max": 0.726494675502181, "mean": 0.7223648641258478, "std": 0.003286559971947047, "repeat": 10, "number": 1}]}, "api.supers.time_status_recursive": {"result": [1.3662924449890852], "stats": [{"ci_99": [1.3624244518578053, 1.374242952093482], "q_25": 1.365175831830129, "q_75": 1.3687562043778598, "min": 1.3624244518578053, "max": 1.374242952093482, "mean": 1.366920381039381, "std": 0.0033130488907685295, "repeat": 10, "number": 1}]}, "api.supers.time_subdatasets": {"result": [0.09395257150754333], "stats": [{"ci_99": [0.09285699855536222, 0.09985927678644657], "q_25": 0.09363983059301972, "q_75": 0.09575804369524121, "min": 0.09285699855536222, "max": 0.09985927678644657, "mean": 0.09506744388490915, "std": 0.002237020252324484, "repeat": 10, "number": 1}]}, "api.supers.time_subdatasets_recursive": {"result": [0.4292879905551672], "stats": [{"ci_99": [0.4254492800682783, 0.4322282839566469], "q_25": 0.4289082665927708, "q_75": 0.42967776767909527, "min": 0.4254492800682783, "max": 0.4322282839566469, "mean": 0.42891112295910716, "std": 0.0019008241249774678, "repeat": 10, "number": 1}]}, "api.supers.time_subdatasets_recursive_first": {"result": [0.09506909502670169], "stats": [{"ci_99": [0.09319302160292864, 0.10047272220253944], "q_25": 0.09440309694036841, "q_75": 0.09606217360123992, "min": 0.09319302160292864, "max": 0.10047272220253944, "mean": 0.09542946303263307, "std": 0.0019870881051062836, "repeat": 10, "number": 1}]}, "api.supers.time_uninstall": {"result": [4.26037516258657], "stats": [{"ci_99": [4.245973764826623, 4.273946321195844], "q_25": 4.255686019314453, "q_75": 4.26464918628335, "min": 4.25426737871021, "max": 4.264822468161583, "mean": 4.259960043011233, "std": 0.004794476047319705, "repeat": 4, "number": 1}]}, "repo.gitrepo.time_get_content_info": {"result": [0.015947552863508463], "stats": [{"ci_99": [0.01472755242139101, 0.018842454068362713], "q_25": 0.014862071955576539, "q_75": 0.016829183092340827, "min": 0.01472755242139101, "max": 0.018842454068362713, "mean": 0.016060736123472454, "std": 0.0012511501589279387, "repeat": 10, "number": 1}]}, "api.testds.time_create_test_dataset1": {"result": [0.6169087588787079], "stats": [{"ci_99": [0.6098705418407917, 0.6251588789746165], "q_25": 0.611982237547636, "q_75": 0.6216122799087316, "min": 0.6098705418407917, "max": 0.6251588789746165, "mean": 0.6170474640093744, "std": 0.005247205824411792, "repeat": 10, "number": 1}]}, "api.testds.time_create_test_dataset2x2": {"result": [3.8117274111136794], "stats": [{"ci_99": [3.7568076283533673, 3.8562823573264677], "q_25": 3.79650669824332, "q_75": 3.821765705710277, "min": 3.7788728503510356, "max": 3.8238522987812757, "mean": 3.8065449928399175, "std": 0.017983184434080243, "repeat": 4, "number": 1}]}, "core.runner.time_echo": {"result": [0.001699255546554923], "stats": [{"ci_99": [0.0016928020243843396, 0.001780622328321139], "q_25": 0.0016938261687755585, "q_75": 0.0017250638920813799, "min": 0.0016928020243843396, "max": 0.001780622328321139, "mean": 0.0017149580953021843, "std": 2.921927986814006e-05, "repeat": 10, "number": 6}]}, "core.runner.time_echo_gitrunner": {"result": [0.0023455374874174597], "stats": [{"ci_99": [0.00208238884806633, 0.002849849872291088], "q_25": 0.002113591507077217, "q_75": 0.002647383650764823, "min": 0.00208238884806633, "max": 0.002849849872291088, "mean": 0.0023917764425277705, "std": 0.0002830811450522072, "repeat": 10, "number": 5}]}, "core.startup.time_help_np": {"result": [0.570816838182509], "stats": [{"ci_99": [0.5248777093365788, 0.6371478773653507], "q_25": 0.5303564518690109, "q_75": 0.5847059991210699, "min": 0.5248777093365788, "max": 0.6371478773653507, "mean": 0.5654273583553732, "std": 0.034647800102125786, "repeat": 10, "number": 1}]}, "core.startup.time_import": {"result": [0.12793046794831753], "stats": [{"ci_99": [0.11481291521340609, 0.18234052043408155], "q_25": 0.11566825630143285, "q_75": 0.1414599884301424, "min": 0.11481291521340609, "max": 0.18234052043408155, "mean": 0.13268587924540043, "std": 0.020184834021394985, "repeat": 10, "number": 1}]}, "core.startup.time_import_api": {"result": [0.5308037186041474], "stats": [{"ci_99": [0.45580512564629316, 0.5716588478535414], "q_25": 0.510889007942751, "q_75": 0.5503295103553683, "min": 0.45580512564629316, "max": 0.5716588478535414, "mean": 0.5231882387772202, "std": 0.03741418782813117, "repeat": 10, "number": 1}]}, "support.path.get_parent_paths.time_allsubmods_toplevel": {"result": [0.007537553086876869], "stats": [{"ci_99": [0.006724183913320303, 0.00851752096787095], "q_25": 0.007131096790544689, "q_75": 0.007911343360319734, "min": 0.006724183913320303, "max": 0.00851752096787095, "mean": 0.0075593545567244295, "std": 0.0005638742987742537, "repeat": 10, "number": 2}]}, "support.path.get_parent_paths.time_allsubmods_toplevel_only": {"result": [0.00672189868055284], "stats": [{"ci_99": [0.0058868927881121635, 0.008012774866074324], "q_25": 0.00642053410410881, "q_75": 0.007105023832991719, "min": 0.0058868927881121635, "max": 0.008012774866074324, "mean": 0.006808653101325035, "std": 0.000598293048505548, "repeat": 10, "number": 2}]}, "support.path.get_parent_paths.time_no_submods": {"result": [2.972878132833488e-07], "stats": [{"ci_99": [2.778789087516645e-07, 3.53432513998407e-07], "q_25": 2.790208665779837e-07, "q_75": 3.2835354615832935e-07, "min": 2.778789087516645e-07, "max": 3.53432513998407e-07, "mean": 3.0545778974564396e-07, "std": 2.7926848966340513e-08, "repeat": 10, "number": 28449}]}, "support.path.get_parent_paths.time_one_submod_subdir": {"result": [0.0054091052152216434], "stats": [{"ci_99": [0.0051748245023190975, 0.006937425583600998], "q_25": 0.005179266328923404, "q_75": 0.006207199650816619,