{"results": {"api.supers.time_createadd": {"result": [0.9750495362095535], "stats": [{"ci_99": [0.9618294993415475, 0.9901051241904497], "q_25": 0.966854955535382, "q_75": 0.9804264470003545, "min": 0.9618294993415475, "max": 0.9901051241904497, "mean": 0.9745436698198319, "std": 0.008752746628033901, "repeat": 10, "number": 1}]}, "api.supers.time_createadd_to_dataset": {"result": [0.9674511775374413], "stats": [{"ci_99": [0.9477891214191914, 1.0179644646123052], "q_25": 0.9586324426345527, "q_75": 0.969040818978101, "min": 0.9477891214191914, "max": 1.0179644646123052, "mean": 0.9694545703940094, "std": 0.018494327465044102, "repeat": 10, "number": 1}]}, "api.supers.time_diff": null, "api.supers.time_diff_recursive": null, "api.supers.time_installr": {"result": [4.058050044346601], "stats": [{"ci_99": [4.01237961892069, 4.096297878678584], "q_25": 4.047157555585727, "q_75": 4.065231237560511, "min": 4.029997941106558, "max": 4.0712569653987885, "mean": 4.054338748799637, "std": 0.015489999516782867, "repeat": 4, "number": 1}]}, "api.supers.time_ls": {"result": [0.11902008065953851], "stats": [{"ci_99": [0.11109452787786722, 0.1271502384915948], "q_25": 0.11624682694673538, "q_75": 0.11982834315858781, "min": 0.11109452787786722, "max": 0.1271502384915948, "mean": 0.1183207050897181, "std": 0.004289096383256579, "repeat": 10, "number": 1}]}, "api.supers.time_ls_recursive": {"result": [1.073844654019922], "stats": [{"ci_99": [1.0681220218539238, 1.09257410466671], "q_25": 1.0687426873482764, "q_75": 1.0776661550626159, "min": 1.0681220218539238, "max": 1.09257410466671, "mean": 1.0749550256878138, "std": 0.0071404389082543995, "repeat": 10, "number": 1}]}, "api.supers.time_ls_recursive_long_all": {"result": [1.2331076422706246], "stats": [{"ci_99": [1.2171744760125875, 1.2407111478969455], "q_25": 1.2240012739785016, "q_75": 1.236118070781231, "min": 1.2171744760125875, "max": 1.2407111478969455, "mean": 1.2300822664052249, "std": 0.007660468562775555, "repeat": 10, "number": 1}]}, "api.supers.time_remove": {"result": [2.031174359843135], "stats": [{"ci_99": [2.0193368829786777, 2.150302307680249], "q_25": 2.0248550828546286, "q_75": 2.091841399902478, "min": 2.0193368829786777, "max": 2.150302307680249, "mean": 2.060477860388346, "std": 0.047618990781323034, "repeat": 8, "number": 1}]}, "api.supers.time_status": {"result": [0.7038775919936597], "stats": [{"ci_99": [0.6827358053997159, 0.7276654243469238], "q_25": 0.685808376641944, "q_75": 0.721632881090045, "min": 0.6827358053997159, "max": 0.7276654243469238, "mean": 0.7038251934573054, "std": 0.01822643890536699, "repeat": 10, "number": 1}]}, "api.supers.time_status_recursive": {"result": [1.1656614243984222], "stats": [{"ci_99": [1.136223068460822, 1.2405434595420957], "q_25": 1.1458639425691217, "q_75": 1.1975882998667657, "min": 1.136223068460822, "max": 1.2405434595420957, "mean": 1.1752650432288647, "std": 0.034468792716449474, "repeat": 10, "number": 1}]}, "api.supers.time_subdatasets": {"result": [0.07141146762296557], "stats": [{"ci_99": [0.06569184176623821, 0.08281590044498444], "q_25": 0.07007817248813808, "q_75": 0.07434129435569048, "min": 0.06569184176623821, "max": 0.08281590044498444, "mean": 0.07219327138736845, "std": 0.004795112568826252, "repeat": 10, "number": 1}]}, "api.supers.time_subdatasets_recursive": {"result": [0.24808476818725467], "stats": [{"ci_99": [0.24455213360488415, 0.2707059569656849], "q_25": 0.2455516760237515, "q_75": 0.2580528585240245, "min": 0.24455213360488415, "max": 0.2707059569656849, "mean": 0.25255952645093205, "std": 0.008812161553946122, "repeat": 10, "number": 1}]}, "api.supers.time_subdatasets_recursive_first": {"result": [0.062041330616921186], "stats": [{"ci_99": [0.06151997298002243, 0.06786589045077562], "q_25": 0.061813863925635815, "q_75": 0.06518699647858739, "min": 0.06151997298002243, "max": 0.06786589045077562, "mean": 0.06334151783958078, "std": 0.002281161875377716, "repeat": 10, "number": 1}]}, "api.supers.time_uninstall": {"result": [2.022503103595227], "stats": [{"ci_99": [1.9735267255455256, 2.124387896619737], "q_25": 1.9861022944096476, "q_75": 2.076416593277827, "min": 1.9735267255455256, "max": 2.124387896619737, "mean": 2.0347887692041695, "std": 0.05511635419433777, "repeat": 8, "number": 1}]}, "repo.gitrepo.time_get_content_info": {"result": [0.01648110616952181], "stats": [{"ci_99": [0.0147447120398283, 0.02122798003256321], "q_25": 0.014846166595816612, "q_75": 0.020248323678970337, "min": 0.0147447120398283, "max": 0.02122798003256321, "mean": 0.01737124817445874, "std": 0.0026743677520055897, "repeat": 10, "number": 1}]}, "api.testds.time_create_test_dataset1": {"result": [0.4423496634699404], "stats": [{"ci_99": [0.4302328508347273, 0.45605852641165257], "q_25": 0.43377460027113557, "q_75": 0.45215607923455536, "min": 0.4302328508347273, "max": 0.45605852641165257, "mean": 0.44291217569261787, "std": 0.009255633679020877, "repeat": 10, "number": 1}]}, "api.testds.time_create_test_dataset2x2": {"result": [2.693696309812367], "stats": [{"ci_99": [2.6654854379594326, 2.730290071107447], "q_25": 2.687963451491669, "q_75": 2.697587341303006, "min": 2.6654854379594326, "max": 2.730290071107447, "mean": 2.6946841632016003, "std": 0.0191941868794642, "repeat": 6, "number": 1}]}, "core.runner.time_echo": {"result": [0.0017245847266167402], "stats": [{"ci_99": [0.0016984503405789535, 0.0017680733775099118], "q_25": 0.001718064343246321, "q_75": 0.001734835949415962, "min": 0.0016984503405789535, "max": 0.0017680733775099118, "mean": 0.0017275905702263121, "std": 1.8598172020722486e-05, "repeat": 10, "number": 6}]}, "core.runner.time_echo_gitrunner": {"result": [0.002577020670287311], "stats": [{"ci_99": [0.00232454901561141, 0.002895253710448742], "q_25": 0.002436852199025452, "q_75": 0.0026663001044653356, "min": 0.00232454901561141, "max": 0.002895253710448742, "mean": 0.0025729140965268017, "std": 0.00017306248147436277, "repeat": 10, "number": 4}]}, "core.startup.time_help_np": {"result": [0.5804512831382453], "stats": [{"ci_99": [0.5702837603166699, 0.6321977246552706], "q_25": 0.5745462449267507, "q_75": 0.5825384706258774, "min": 0.5702837603166699, "max": 0.6321977246552706, "mean": 0.5858306203968823, "std": 0.018415198564218804, "repeat": 10, "number": 1}]}, "core.startup.time_import": {"result": [0.15657428139820695], "stats": [{"ci_99": [0.11500963382422924, 0.20755131542682648], "q_25": 0.12019479367882013, "q_75": 0.16662764875218272, "min": 0.11500963382422924, "max": 0.20755131542682648, "mean": 0.1503248949535191, "std": 0.0290444659132951, "repeat": 10, "number": 1}]}, "core.startup.time_import_api": {"result": [0.5145252542570233], "stats": [{"ci_99": [0.4509853357449174, 0.5490133045241237], "q_25": 0.5066423628013581, "q_75": 0.5275120453443378, "min": 0.4509853357449174, "max": 0.5490133045241237, "mean": 0.5120785281993449, "std": 0.024952976214461294, "repeat": 10, "number": 1}]}, "support.path.get_parent_paths.time_allsubmods_toplevel": null, "support.path.get_parent_paths.time_allsubmods_toplevel_only": null, "support.path.get_parent_paths.time_no_submods": null, "support.path.get_parent_paths.time_one_submod_subdir": null, "support.path.get_parent_paths.time_one_submod_toplevel": null, "usecases.study_forrest.time_make_studyforrest_mockup": {"result": [26.042472650296986], "stats": [{"ci_99": [24.049560013227165, 28.035385287366807], "q_25": 26.022543523926288, "q_75": 26.062401776667684, "min": 26.00261439755559, "max": 26.082330903038383, "mean": 26.042472650296986, "std": 0.03985825274139643, "repeat": 2, "number": 1}]}, "core.runner.track_overhead_100ms": 2.24, "core.runner.track_overhead_echo": 32.58, "core.runner.track_overhead_heavyout": -1.55, "core.runner.track_overhead_heavyout_online_process": 0.69, "core.runner.track_overhead_heavyout_online_through": 53.33}, "params": {"arch": "x86_64", "cpu": "Intel(R) Xeon(R) CPU E5-1607 v2 @ 3.00GHz", "machine": "drogon-neurodebian0.20200209.1",