{"results": {"api.supers.time_createadd": {"result": [1.256873735692352], "stats": [{"ci_99": [1.2423845678567886, 1.3266103826463223], "q_25": 1.2496038081590086, "q_75": 1.2826116054784507, "min": 1.2423845678567886, "max": 1.3266103826463223, "mean": 1.2686229655519128, "std": 0.02587108685812865, "repeat": 10, "number": 1}]}, "api.supers.time_createadd_to_dataset": {"result": [1.2046003639698029], "stats": [{"ci_99": [1.1834139032289386, 1.2452436098828912], "q_25": 1.1932533159852028, "q_75": 1.2350235464982688, "min": 1.1834139032289386, "max": 1.2452436098828912, "mean": 1.2124171728268265, "std": 0.02257634103568817, "repeat": 10, "number": 1}]}, "api.supers.time_diff": null, "api.supers.time_diff_recursive": null, "api.supers.time_installr": {"result": [5.099095769692212], "stats": [{"ci_99": [4.665616357233375, 5.532575182151049], "q_25": 5.094760975567624, "q_75": 5.103430563816801, "min": 5.090426181443036, "max": 5.107765357941389, "mean": 5.099095769692212, "std": 0.00866958824917674, "repeat": 2, "number": 1}]}, "api.supers.time_ls": {"result": [0.18952776724472642], "stats": [{"ci_99": [0.18355766031891108, 0.19883960206061602], "q_25": 0.18562201270833611, "q_75": 0.19069216819480062, "min": 0.18355766031891108, "max": 0.19883960206061602, "mean": 0.18920498937368393, "std": 0.00431331965718982, "repeat": 10, "number": 1}]}, "api.supers.time_ls_recursive": {"result": [1.8562349579297006], "stats": [{"ci_99": [1.8460476426407695, 1.8658437123522162], "q_25": 1.848715208703652, "q_75": 1.8620284430216998, "min": 1.8460476426407695, "max": 1.8658437123522162, "mean": 1.8556537298485636, "std": 0.007232346942775835, "repeat": 10, "number": 1}]}, "api.supers.time_ls_recursive_long_all": {"result": [2.01145847607404], "stats": [{"ci_99": [1.9991263700649142, 2.0276508694514632], "q_25": 2.00502748740837, "q_75": 2.0226045206654817, "min": 1.9991263700649142, "max": 2.0276508694514632, "mean": 2.0134267829125747, "std": 0.010405833077986136, "repeat": 8, "number": 1}]}, "api.supers.time_remove": null, "api.supers.time_status": {"result": [0.7322637685574591], "stats": [{"ci_99": [0.7243847157806158, 0.7374098310247064], "q_25": 0.7303103001322597, "q_75": 0.7336918511427939, "min": 0.7243847157806158, "max": 0.7374098310247064, "mean": 0.7320541488938034, "std": 0.0036068655575372355, "repeat": 10, "number": 1}]}, "api.supers.time_status_recursive": {"result": [1.3556843646802008], "stats": [{"ci_99": [1.3519547851756215, 1.365180067718029], "q_25": 1.3533975584432483, "q_75": 1.358337342273444, "min": 1.3519547851756215, "max": 1.365180067718029, "mean": 1.3565995126031338, "std": 0.004150564409457848, "repeat": 10, "number": 1}]}, "api.supers.time_subdatasets": {"result": [0.10650356346741319], "stats": [{"ci_99": [0.10372109431773424, 0.11353776324540377], "q_25": 0.10527122183702886, "q_75": 0.10839567286893725, "min": 0.10372109431773424, "max": 0.11353776324540377, "mean": 0.10735110528767108, "std": 0.0029691622753277073, "repeat": 10, "number": 1}]}, "api.supers.time_subdatasets_recursive": {"result": [0.4315678207203746], "stats": [{"ci_99": [0.4273934392258525, 0.43771747313439846], "q_25": 0.4302091265562922, "q_75": 0.43235082528553903, "min": 0.4273934392258525, "max": 0.43771747313439846, "mean": 0.4317008943296969, "std": 0.002924071868263646, "repeat": 10, "number": 1}]}, "api.supers.time_subdatasets_recursive_first": {"result": [0.10673891194164753], "stats": [{"ci_99": [0.10340438596904278, 0.11078969296067953], "q_25": 0.10597391868941486, "q_75": 0.1079117557965219, "min": 0.10340438596904278, "max": 0.11078969296067953, "mean": 0.10696476101875305, "std": 0.001873368142073946, "repeat": 10, "number": 1}]}, "api.supers.time_uninstall": {"result": [4.021189725026488], "stats": [{"ci_99": [3.974992567694539, 4.072713325244582], "q_25": 4.014667226932943, "q_75": 4.030375444563106, "min": 4.0008388524875045, "max": 4.05219348333776, "mean": 4.02385294646956, "std": 0.01840067588680641, "repeat": 4, "number": 1}]}, "repo.gitrepo.time_get_content_info": {"result": [0.01623430661857128], "stats": [{"ci_99": [0.014002775773406029, 0.01897541433572769], "q_25": 0.015547418966889381, "q_75": 0.017974544782191515, "min": 0.014002775773406029, "max": 0.01897541433572769, "mean": 0.016613142006099223, "std": 0.0015056229910775792, "repeat": 10, "number": 1}]}, "api.testds.time_create_test_dataset1": {"result": [0.586569213308394], "stats": [{"ci_99": [0.5810405872762203, 0.6028309874236584], "q_25": 0.5828322148881853, "q_75": 0.5906996545381844, "min": 0.5810405872762203, "max": 0.6028309874236584, "mean": 0.588535750284791, "std": 0.00734760402035472, "repeat": 10, "number": 1}]}, "api.testds.time_create_test_dataset2x2": {"result": [3.498717496637255], "stats": [{"ci_99": [3.4666695166487296, 3.528860630922387], "q_25": 3.490906292805448, "q_75": 3.505576277617365, "min": 3.481950000859797, "max": 3.5116753010079265, "mean": 3.4977650737855583, "std": 0.011090551668361693, "repeat": 4, "number": 1}]}, "core.runner.time_echo": {"result": [0.001837523840367794], "stats": [{"ci_99": [0.0016880925744771958, 0.0022365836426615714], "q_25": 0.001701334211975336, "q_75": 0.002042102674022317, "min": 0.0016880925744771958, "max": 0.0022365836426615714, "mean": 0.0018886475265026095, "std": 0.0001982890133822775, "repeat": 10, "number": 5}]}, "core.runner.time_echo_gitrunner": {"result": [0.002687702770344913], "stats": [{"ci_99": [0.002496151253581047, 0.002934413030743599], "q_25": 0.002593507058918476, "q_75": 0.0027623114874586463, "min": 0.002496151253581047, "max": 0.002934413030743599, "mean": 0.0026957514230161904, "std": 0.00012907920638481892, "repeat": 10, "number": 4}]}, "core.startup.time_help_np": {"result": [0.5839462466537952], "stats": [{"ci_99": [0.5100130662322044, 0.6238516308367252], "q_25": 0.5477359222713858, "q_75": 0.6141274482943118, "min": 0.5100130662322044, "max": 0.6238516308367252, "mean": 0.5788631570525468, "std": 0.03890538965084153, "repeat": 10, "number": 1}]}, "core.startup.time_import": {"result": [0.13034719182178378], "stats": [{"ci_99": [0.11330672446638346, 0.1993396719917655], "q_25": 0.11479760613292456, "q_75": 0.16853935713879764, "min": 0.11330672446638346, "max": 0.1993396719917655, "mean": 0.14320143582299352, "std": 0.031349411786472395, "repeat": 10, "number": 1}]}, "core.startup.time_import_api": {"result": [0.4947352730669081], "stats": [{"ci_99": [0.45272741187363863, 0.5661357548087835], "q_25": 0.4626924011390656, "q_75": 0.5324176959693432, "min": 0.45272741187363863, "max": 0.5661357548087835, "mean": 0.4993095899000764, "std": 0.04003556817384276, "repeat": 10, "number": 1}]}, "support.path.get_parent_paths.time_allsubmods_toplevel": {"result": [0.007796751335263252], "stats": [{"ci_99": [0.00697301747277379, 0.008828397374600172], "q_25": 0.007418125635012984, "q_75": 0.00823728961404413, "min": 0.00697301747277379, "max": 0.008828397374600172, "mean": 0.007849762169644236, "std": 0.0006343838678554655, "repeat": 10, "number": 2}]}, "support.path.get_parent_paths.time_allsubmods_toplevel_only": {"result": [0.006150445435196161], "stats": [{"ci_99": [0.006081433966755867, 0.006172168999910355], "q_25": 0.006116481963545084, "q_75": 0.006154019967652857, "min": 0.006081433966755867, "max": 0.006172168999910355, "mean": 0.0061373901553452015, "std": 3.074326158583694e-05, "repeat": 10, "number": 2}]}, "support.path.get_parent_paths.time_no_submods": {"result": [2.7430194387969895e-07], "stats": [{"ci_99": [2.7207598393434576e-07, 2.803124251320503e-07], "q_25": 2.727392598052817e-07, "q_75": 2.763624675130912e-07, "min": 2.7207598393434576e-07, "max": 2.803124251320503e-07, "mean": 2.748891917663908e-07, "std": 2.517432789541174e-09, "repeat": 10, "number": 39702}]}, "support.path.get_parent_paths.time_one_submod_subdir": {"result": [0.005371586652472615], "stats": [{"ci_99": [0.0052313352935016155, 0.006317805033177137], "q_25": 0.005328091559931636, "q_75": 0.005741944536566734,