{"results": {"api.supers.time_createadd": {"result": [1.2777502499520779], "stats": [{"ci_99": [1.2663355087861419, 1.2959977127611637], "q_25": 1.2711817014496773, "q_75": 1.2802049776073545, "min": 1.2663355087861419, "max": 1.2959977127611637, "mean": 1.2773342373780907, "std": 0.007956523923038314, "repeat": 10, "number": 1}]}, "api.supers.time_createadd_to_dataset": {"result": [1.2386112893000245], "stats": [{"ci_99": [1.2294394308701158, 1.2601587055251002], "q_25": 1.2338356284890324, "q_75": 1.2475193436257541, "min": 1.2294394308701158, "max": 1.2601587055251002, "mean": 1.24174709264189, "std": 0.01033385469277534, "repeat": 10, "number": 1}]}, "api.supers.time_diff": null, "api.supers.time_diff_recursive": null, "api.supers.time_installr": {"result": [5.2483181254938245], "stats": [{"ci_99": [4.902672699652612, 5.593963551335037], "q_25": 5.244861671235412, "q_75": 5.251774579752237, "min": 5.241405216977, "max": 5.255231034010649, "mean": 5.2483181254938245, "std": 0.0069129085168242455, "repeat": 2, "number": 1}]}, "api.supers.time_ls": {"result": [0.180803706869483], "stats": [{"ci_99": [0.17634140141308308, 0.2055035000666976], "q_25": 0.1779731165152043, "q_75": 0.18850768776610494, "min": 0.17634140141308308, "max": 0.2055035000666976, "mean": 0.1844943519681692, "std": 0.008647092042382742, "repeat": 10, "number": 1}]}, "api.supers.time_ls_recursive": {"result": [1.752850564662367], "stats": [{"ci_99": [1.7465488305315375, 1.7680204417556524], "q_25": 1.7495477197226137, "q_75": 1.7561267835553735, "min": 1.7465488305315375, "max": 1.7680204417556524, "mean": 1.7536456018686295, "std": 0.0059760950702003705, "repeat": 10, "number": 1}]}, "api.supers.time_ls_recursive_long_all": {"result": [1.915637755766511], "stats": [{"ci_99": [1.8943110005930066, 1.9262368837371469], "q_25": 1.9137061282526702, "q_75": 1.9179443805478513, "min": 1.8943110005930066, "max": 1.9262368837371469, "mean": 1.9139752901392058, "std": 0.008701241167863714, "repeat": 8, "number": 1}]}, "api.supers.time_remove": null, "api.supers.time_rev_createadd": null, "api.supers.time_rev_createadd_to_dataset": null, "api.supers.time_status": {"result": [0.7122481307014823], "stats": [{"ci_99": [0.701895653270185, 0.7213182980194688], "q_25": 0.7067543803714216, "q_75": 0.7140647917985916, "min": 0.701895653270185, "max": 0.7213182980194688, "mean": 0.7108429638668895, "std": 0.005720735569171736, "repeat": 10, "number": 1}]}, "api.supers.time_status_recursive": {"result": [1.3388764359988272], "stats": [{"ci_99": [1.3328907880932093, 1.3618897907435894], "q_25": 1.333901812788099, "q_75": 1.342906985199079, "min": 1.3328907880932093, "max": 1.3618897907435894, "mean": 1.340672774799168, "std": 0.008626523438544937, "repeat": 10, "number": 1}]}, "api.supers.time_subdatasets": {"result": [0.09368324046954513], "stats": [{"ci_99": [0.09168379753828049, 0.09538742434233427], "q_25": 0.09232945740222931, "q_75": 0.09461954399012029, "min": 0.09168379753828049, "max": 0.09538742434233427, "mean": 0.09348546974360943, "std": 0.001277639098156344, "repeat": 10, "number": 1}]}, "api.supers.time_subdatasets_recursive": {"result": [0.4212417006492615], "stats": [{"ci_99": [0.4158236179500818, 0.4348271805793047], "q_25": 0.41805861284956336, "q_75": 0.43175968434661627, "min": 0.4158236179500818, "max": 0.4348271805793047, "mean": 0.424365343619138, "std": 0.007125160686110961, "repeat": 10, "number": 1}]}, "api.supers.time_subdatasets_recursive_first": {"result": [0.09407473728060722], "stats": [{"ci_99": [0.09071946796029806, 0.10115496348589659], "q_25": 0.09228923125192523, "q_75": 0.09745875676162541, "min": 0.09071946796029806, "max": 0.10115496348589659, "mean": 0.09490768872201442, "std": 0.0033497910737340956, "repeat": 10, "number": 1}]}, "api.supers.time_uninstall": {"result": [4.165962283499539], "stats": [{"ci_99": [4.09204888995945, 4.259399000087533], "q_25": 4.156169938389212, "q_75": 4.185516290133819, "min": 4.142355616204441, "max": 4.2286155968904495, "mean": 4.175723945023492, "std": 0.032231095480838065, "repeat": 4, "number": 1}]}, "repo.gitrepo.time_get_content_info": {"result": [0.015160743147134781], "stats": [{"ci_99": [0.014159491285681725, 0.017323034815490246], "q_25": 0.0146667689550668, "q_75": 0.015707126585766673, "min": 0.014159491285681725, "max": 0.017323034815490246, "mean": 0.015287286695092916, "std": 0.0009015454115039658, "repeat": 10, "number": 1}]}, "api.testds.time_create_test_dataset1": {"result": [0.6091928742825985], "stats": [{"ci_99": [0.5996208963915706, 0.6161624882370234], "q_25": 0.6014973004348576, "q_75": 0.6123541207052767, "min": 0.5996208963915706, "max": 0.6161624882370234, "mean": 0.6075107572600246, "std": 0.005847721426604689, "repeat": 10, "number": 1}]}, "api.testds.time_create_test_dataset2x2": {"result": [3.744857093319297], "stats": [{"ci_99": [3.613626535013191, 3.9004115607031955], "q_25": 3.715651722624898, "q_75": 3.7862244185525924, "min": 3.7026467863470316, "max": 3.835715218447149, "mean": 3.7570190478581935, "std": 0.05167767688670924, "repeat": 4, "number": 1}]}, "core.runner.time_echo": {"result": [0.0017599385852615037], "stats": [{"ci_99": [0.001750670683880647, 0.001782680240770181], "q_25": 0.0017549146044378479, "q_75": 0.0017692041971410315, "min": 0.001750670683880647, "max": 0.001782680240770181, "mean": 0.0017626868871351085, "std": 9.995865627909145e-06, "repeat": 10, "number": 6}]}, "core.runner.time_echo_gitrunner": {"result": [0.0026623837184160948], "stats": [{"ci_99": [0.002144820988178253, 0.0032052721362560987], "q_25": 0.0022716596140526235, "q_75": 0.0027630433323793113, "min": 0.002144820988178253, "max": 0.0032052721362560987, "mean": 0.0026111753424629567, "std": 0.00034388697884476545, "repeat": 10, "number": 4}]}, "core.startup.time_help_np": {"result": [0.6362431417219341], "stats": [{"ci_99": [0.6055949749425054, 0.6856459248811007], "q_25": 0.6140392716042697, "q_75": 0.6584056096617132, "min": 0.6055949749425054, "max": 0.6856459248811007, "mean": 0.6395780882798136, "std": 0.028499402161595473, "repeat": 10, "number": 1}]}, "core.startup.time_import": {"result": [0.17882280610501766], "stats": [{"ci_99": [0.1540923761203885, 0.22247986122965813], "q_25": 0.17314023454673588, "q_75": 0.19928339240141213, "min": 0.1540923761203885, "max": 0.22247986122965813, "mean": 0.1863485246896744, "std": 0.02055892779355187, "repeat": 10, "number": 1}]}, "core.startup.time_import_api": {"result": [0.5472022667527199], "stats": [{"ci_99": [0.48441168386489153, 0.5856471080332994], "q_25": 0.5382182290777564, "q_75": 0.5747495591640472, "min": 0.48441168386489153, "max": 0.5856471080332994, "mean": 0.5496412566863, "std": 0.028820647385244168, "repeat": 10, "number": 1}]}, "support.path.get_parent_paths.time_allsubmods_toplevel": {"result": [0.0073057133704423904], "stats": [{"ci_99": [0.006708835251629353, 0.008694574236869812], "q_25": 0.0069348670076578856, "q_75": 0.007672050502151251, "min": 0.006708835251629353, "max": 0.008694574236869812, "mean": 0.007415225962176919, "std": 0.000602271568455494, "repeat": 10, "number": 2}]}, "support.path.get_parent_paths.time_allsubmods_toplevel_only": {"result": [0.006700927158817649], "stats": [{"ci_99": [0.005979401525110006, 0.008058454841375351], "q_25": 0.0063780308701097965, "q_75": 0.007080241455696523, "min": 0.005979401525110006, "max": 0.008058454841375351, "mean": 0.006805106997489929, "std": 0.0006177707260202651, "repeat": 10, "number": 2}]}, "support.path.get_parent_paths.time_no_submods": {"result": [2.8453139494467964e-07], "stats": [{"ci_99": [2.738343701283268e-07, 3.524800845336957e-07], "q_25": 2.752427033660346e-07, "q_75": 3.151235909057206e-07, "min": 2.738343701283268e-07, "max": 3.524800845336957e-07, "mean": 2.979349868364369e-07, "std": 2.7084577332868928e-08, "repeat": 10, "number": 40086}]}, "support.path.get_parent_paths.time_one_submod_subdir": {"result": [0.005251670954748988],