{"results": {"api.supers.time_createadd": {"result": [0.9828281048685312], "stats": [{"ci_99": [0.9709740374237299, 1.0132591966539621], "q_25": 0.9746577604673803, "q_75": 1.0010048504918814, "min": 0.9709740374237299, "max": 1.0132591966539621, "mean": 0.9878118865191936, "std": 0.014464565327884352, "repeat": 10, "number": 1}]}, "api.supers.time_createadd_to_dataset": {"result": [0.8310488564893603], "stats": [{"ci_99": [0.8229873273521662, 0.8397297076880932], "q_25": 0.8278997209854424, "q_75": 0.8384512457996607, "min": 0.8229873273521662, "max": 0.8397297076880932, "mean": 0.8323650125414133, "std": 0.005798209246625724, "repeat": 10, "number": 1}]}, "api.supers.time_diff": null, "api.supers.time_diff_recursive": null, "api.supers.time_installr": {"result": [3.782239533495158], "stats": [{"ci_99": [3.735450703742121, 3.8313565467501536], "q_25": 3.767673502676189, "q_75": 3.7979696560651064, "min": 3.7661054246127605, "max": 3.803030009381473, "mean": 3.7834036252461374, "std": 0.016443567209716622, "repeat": 4, "number": 1}]}, "api.supers.time_ls": {"result": [0.6927766096778214], "stats": [{"ci_99": [0.681822756305337, 0.7046717535704374], "q_25": 0.6873531737364829, "q_75": 0.698197815567255, "min": 0.681822756305337, "max": 0.7046717535704374, "mean": 0.6926903855986893, "std": 0.007130610058954156, "repeat": 10, "number": 1}]}, "api.supers.time_ls_recursive": {"result": [2.5912900916300714], "stats": [{"ci_99": [2.5794350745517214, 2.6136325672268867], "q_25": 2.5865495442412794, "q_75": 2.593577469000593, "min": 2.583689379505813, "max": 2.6136325672268867, "mean": 2.5932019033158817, "std": 0.00983357268788337, "repeat": 6, "number": 1}]}, "api.supers.time_ls_recursive_long_all": {"result": [2.7436567917466164], "stats": [{"ci_99": [2.7354398967007607, 2.767400340177119], "q_25": 2.7413378227502108, "q_75": 2.7447030532639474, "min": 2.7403192091733217, "max": 2.767400340177119, "mean": 2.746774962171912, "std": 0.009372980029642614, "repeat": 6, "number": 1}]}, "api.supers.time_remove": {"result": [2.056813709437847], "stats": [{"ci_99": [2.0473622288554907, 2.1039493968710303], "q_25": 2.0531170405447483, "q_75": 2.073555612936616, "min": 2.0473622288554907, "max": 2.1039493968710303, "mean": 2.0650364741450176, "std": 0.0176793834018038, "repeat": 8, "number": 1}]}, "api.supers.time_status": {"result": [0.6885291384533048], "stats": [{"ci_99": [0.6754878684878349, 0.6991792339831591], "q_25": 0.6827792287804186, "q_75": 0.6907442384399474, "min": 0.6754878684878349, "max": 0.6991792339831591, "mean": 0.6877301403321325, "std": 0.006933942433909871, "repeat": 10, "number": 1}]}, "api.supers.time_status_recursive": {"result": [1.1419719005934894], "stats": [{"ci_99": [1.134530152194202, 1.1512138172984123], "q_25": 1.137223498430103, "q_75": 1.1430528529454023, "min": 1.134530152194202, "max": 1.1512138172984123, "mean": 1.1409923762083054, "std": 0.004705001015222929, "repeat": 10, "number": 1}]}, "api.supers.time_subdatasets": {"result": [0.05044310400262475], "stats": [{"ci_99": [0.045504012145102024, 0.05637322645634413], "q_25": 0.048550493782386184, "q_75": 0.05250559584237635, "min": 0.045504012145102024, "max": 0.05637322645634413, "mean": 0.0505086362361908, "std": 0.0030259704870899324, "repeat": 10, "number": 1}]}, "api.supers.time_subdatasets_recursive": {"result": [0.11855786992236972], "stats": [{"ci_99": [0.1142058065161109, 0.12510273326188326], "q_25": 0.11476347735151649, "q_75": 0.12348914053291082, "min": 0.1142058065161109, "max": 0.12510273326188326, "mean": 0.11919461516663432, "std": 0.004298749053652089, "repeat": 10, "number": 1}]}, "api.supers.time_subdatasets_recursive_first": {"result": [0.051913632079958916], "stats": [{"ci_99": [0.04830199107527733, 0.05503410752862692], "q_25": 0.04990580189041793, "q_75": 0.05379413510672748, "min": 0.04830199107527733, "max": 0.05503410752862692, "mean": 0.0517887381836772, "std": 0.002247608303540953, "repeat": 10, "number": 1}]}, "api.supers.time_uninstall": {"result": [2.136193604208529], "stats": [{"ci_99": [2.119530137628317, 2.1463465513661504], "q_25": 2.126568418228999, "q_75": 2.1413752799853683, "min": 2.119530137628317, "max": 2.1463465513661504, "mean": 2.134228366659954, "std": 0.008750368562852434, "repeat": 8, "number": 1}]}, "repo.gitrepo.time_get_content_info": {"result": [0.02091216715052724], "stats": [{"ci_99": [0.01696532964706421, 0.023552551865577698], "q_25": 0.018715720158070326, "q_75": 0.022891211789101362, "min": 0.01696532964706421, "max": 0.023552551865577698, "mean": 0.020615564100444315, "std": 0.002388810756925928, "repeat": 10, "number": 1}]}, "api.testds.time_create_test_dataset1": {"result": [0.4366956898011267], "stats": [{"ci_99": [0.4322925014421344, 0.45948250219225883], "q_25": 0.43407728616148233, "q_75": 0.4425055575557053, "min": 0.4322925014421344, "max": 0.45948250219225883, "mean": 0.44068423081189395, "std": 0.009136887209348712, "repeat": 10, "number": 1}]}, "api.testds.time_create_test_dataset2x2": {"result": [2.755741165485233], "stats": [{"ci_99": [2.7442403947881653, 2.7838871721178293], "q_25": 2.7530968168284744, "q_75": 2.7669824270997196, "min": 2.7522457847371697, "max": 2.7838871721178293, "mean": 2.7617600282343724, "std": 0.011672651674634146, "repeat": 6, "number": 1}]}, "core.runner.time_echo": {"result": [0.0017343702881286542], "stats": [{"ci_99": [0.0017209054591755073, 0.001750080691029628], "q_25": 0.0017306162044405937, "q_75": 0.0017430559964850545, "min": 0.0017209054591755073, "max": 0.001750080691029628, "mean": 0.0017357302829623222, "std": 9.175972765056822e-06, "repeat": 10, "number": 6}]}, "core.runner.time_echo_gitrunner": {"result": [0.002513541141524911], "stats": [{"ci_99": [0.0022271662019193172, 0.0028965938836336136], "q_25": 0.002417685347609222, "q_75": 0.0026963227428495884, "min": 0.0022271662019193172, "max": 0.0028965938836336136, "mean": 0.0025455077178776265, "std": 0.0002070716557578259, "repeat": 10, "number": 4}]}, "core.startup.time_help_np": {"result": [0.5862834667786956], "stats": [{"ci_99": [0.5609768433496356, 0.6501938207075], "q_25": 0.5633410797454417, "q_75": 0.6029640769120306, "min": 0.5609768433496356, "max": 0.6501938207075, "mean": 0.5882558236829937, "std": 0.02714978398841901, "repeat": 10, "number": 1}]}, "core.startup.time_import": {"result": [0.15205146791413426], "stats": [{"ci_99": [0.11590408068150282, 0.1866321498528123], "q_25": 0.1409761810209602, "q_75": 0.1608473260421306, "min": 0.11590408068150282, "max": 0.1866321498528123, "mean": 0.15332951014861465, "std": 0.021023986652353457, "repeat": 10, "number": 1}]}, "core.startup.time_import_api": {"result": [0.5030521852895617], "stats": [{"ci_99": [0.45484770741313696, 0.5600659232586622], "q_25": 0.481742181815207, "q_75": 0.5208412155043334, "min": 0.45484770741313696, "max": 0.5600659232586622, "mean": 0.5037496832199395, "std": 0.030986631249816106, "repeat": 10, "number": 1}]}, "support.path.get_parent_paths.time_allsubmods_toplevel": null, "support.path.get_parent_paths.time_allsubmods_toplevel_only": null, "support.path.get_parent_paths.time_no_submods": null, "support.path.get_parent_paths.time_one_submod_subdir": null, "support.path.get_parent_paths.time_one_submod_toplevel": null, "usecases.study_forrest.time_make_studyforrest_mockup": {"result": [29.77546956948936], "stats": [{"ci_99": [24.49154570326209, 35.05939343571662], "q_25": 29.722630330827087, "q_75": 29.828308808151633, "min": 29.669791092164814, "max": 29.881148046813905, "mean": 29.77546956948936, "std": 0.10567847732454538, "repeat": 2, "number": 1}]}, "core.runner.track_overhead_100ms": 1.41, "core.runner.track_overhead_echo": 30.63, "core.runner.track_overhead_heavyout": 6.33, "core.runner.track_overhead_heavyout_online_process": 31.73, "core.runner.track_overhead_heavyout_online_through": 16.66}, "params": {"arch": "x86_64", "cpu": "Intel(R) Xeon(R) CPU E5-1607 v2 @ 3.00GHz", "machine": "drogon-neurodebian0.20200209.1",