{"results": {"api.supers.time_createadd": {"result": [1.3616291643120348], "stats": [{"ci_99": [1.3442626176401973, 1.4174837190657854], "q_25": 1.34982242109254, "q_75": 1.3678432158194482, "min": 1.3442626176401973, "max": 1.4174837190657854, "mean": 1.366117859724909, "std": 0.02151005766899444, "repeat": 10, "number": 1}]}, "api.supers.time_createadd_to_dataset": {"result": [1.1016862923279405], "stats": [{"ci_99": [1.094697680324316, 1.1259187636896968], "q_25": 1.096942700445652, "q_75": 1.1117065655998886, "min": 1.094697680324316, "max": 1.1259187636896968, "mean": 1.1052849805913865, "std": 0.010108728975139751, "repeat": 10, "number": 1}]}, "api.supers.time_diff": {"result": [0.10528917517513037], "stats": [{"ci_99": [0.09427679516375065, 0.12520503159612417], "q_25": 0.0986156202852726, "q_75": 0.11008749855682254, "min": 0.09427679516375065, "max": 0.12520503159612417, "mean": 0.10653965687379241, "std": 0.009914742625261746, "repeat": 10, "number": 1}]}, "api.supers.time_diff_recursive": {"result": [0.30657735420390964], "stats": [{"ci_99": [0.30143167823553085, 0.3152207899838686], "q_25": 0.30391459888778627, "q_75": 0.31113497843034565, "min": 0.30143167823553085, "max": 0.3152207899838686, "mean": 0.3076370280236006, "std": 0.004588747955054155, "repeat": 10, "number": 1}]}, "api.supers.time_installr": {"result": [3.8282494046725333], "stats": [{"ci_99": [3.7867756351396986, 3.8668482829316906], "q_25": 3.8173060917761177, "q_75": 3.83775527193211, "min": 3.8069976549595594, "max": 3.8437513718381524, "mean": 3.8268119590356946, "std": 0.014110261988162674, "repeat": 4, "number": 1}]}, "api.supers.time_ls": {"result": [0.6930411234498024], "stats": [{"ci_99": [0.683423493988812, 0.6954648876562715], "q_25": 0.6921210270375013, "q_75": 0.694151274394244, "min": 0.683423493988812, "max": 0.6954648876562715, "mean": 0.6919970621354878, "std": 0.0034083333726397185, "repeat": 10, "number": 1}]}, "api.supers.time_ls_recursive": {"result": [2.6223914241418242], "stats": [{"ci_99": [2.6105172555749694, 2.6355839717035416], "q_25": 2.6164548897650093, "q_75": 2.629098435631022, "min": 2.61461619194597, "max": 2.633094490505755, "mean": 2.6230506136392555, "std": 0.007235454899766356, "repeat": 6, "number": 1}]}, "api.supers.time_ls_recursive_long_all": {"result": [2.819679083302617], "stats": [{"ci_99": [2.720927291307434, 2.971455046218053], "q_25": 2.7783725869376212, "q_75": 2.9157767263241112, "min": 2.7741342233493924, "max": 2.9512415938079357, "mean": 2.8461911687627435, "std": 0.07419553948740965, "repeat": 6, "number": 1}]}, "api.supers.time_remove": {"result": [2.1448377217166126], "stats": [{"ci_99": [2.0762153174728155, 2.2029323503375053], "q_25": 2.0880863110069185, "q_75": 2.182916216319427, "min": 2.0762153174728155, "max": 2.2029323503375053, "mean": 2.138375066802837, "std": 0.05050929685285308, "repeat": 8, "number": 1}]}, "api.supers.time_status": {"result": [0.6943830396048725], "stats": [{"ci_99": [0.6801048004999757, 0.7233081003651023], "q_25": 0.6850030990317464, "q_75": 0.7160059933084995, "min": 0.6801048004999757, "max": 0.7233081003651023, "mean": 0.6993529491126538, "std": 0.015877390508934795, "repeat": 10, "number": 1}]}, "api.supers.time_status_recursive": {"result": [1.180773630272597], "stats": [{"ci_99": [1.1310139307752252, 1.2428803695365787], "q_25": 1.1432697877753526, "q_75": 1.2192132761701941, "min": 1.1310139307752252, "max": 1.2428803695365787, "mean": 1.1825262911617755, "std": 0.042658605002128085, "repeat": 10, "number": 1}]}, "api.supers.time_subdatasets": {"result": [0.049187155440449715], "stats": [{"ci_99": [0.04502231255173683, 0.06104023568332195], "q_25": 0.04556812718510628, "q_75": 0.053914811462163925, "min": 0.04502231255173683, "max": 0.06104023568332195, "mean": 0.05038246139883995, "std": 0.005217563825017355, "repeat": 10, "number": 1}]}, "api.supers.time_subdatasets_recursive": {"result": [0.12064083619043231], "stats": [{"ci_99": [0.11726106517016888, 0.15919493325054646], "q_25": 0.11805650009773672, "q_75": 0.12878549401648343, "min": 0.11726106517016888, "max": 0.15919493325054646, "mean": 0.1260899029672146, "std": 0.012443217779697377, "repeat": 10, "number": 1}]}, "api.supers.time_subdatasets_recursive_first": {"result": [0.0460608066059649], "stats": [{"ci_99": [0.045172966085374355, 0.055768231861293316], "q_25": 0.04553805501200259, "q_75": 0.04991543898358941, "min": 0.045172966085374355, "max": 0.055768231861293316, "mean": 0.04802931845188141, "std": 0.0033361851686731785, "repeat": 10, "number": 1}]}, "api.supers.time_uninstall": {"result": [2.158462604973465], "stats": [{"ci_99": [2.1429825592786074, 2.173052880913019], "q_25": 2.1478758081793785, "q_75": 2.1615027277730405, "min": 2.1429825592786074, "max": 2.173052880913019, "mean": 2.1564949163002893, "std": 0.009636634071646265, "repeat": 8, "number": 1}]}, "repo.gitrepo.time_get_content_info": {"result": [0.021356402430683374], "stats": [{"ci_99": [0.018352625891566277, 0.023776358924806118], "q_25": 0.020134184742346406, "q_75": 0.022575547453016043, "min": 0.018352625891566277, "max": 0.023776358924806118, "mean": 0.02123260833323002, "std": 0.0019011873391693752, "repeat": 10, "number": 1}]}, "api.testds.time_create_test_dataset1": {"result": [0.4382178704254329], "stats": [{"ci_99": [0.435594717040658, 0.45524275954812765], "q_25": 0.436280335765332, "q_75": 0.4450581013225019, "min": 0.435594717040658, "max": 0.45524275954812765, "mean": 0.4412509324960411, "std": 0.00637800533913979, "repeat": 10, "number": 1}]}, "api.testds.time_create_test_dataset2x2": {"result": [2.7791496491990983], "stats": [{"ci_99": [2.756238373927772, 2.805375758445552], "q_25": 2.7742216719780117, "q_75": 2.7915781054180115, "min": 2.756238373927772, "max": 2.803354926407337, "mean": 2.7810320892992118, "std": 0.01530122788805687, "repeat": 6, "number": 1}]}, "core.runner.time_echo": {"result": [0.0018971687338004508], "stats": [{"ci_99": [0.001754176647712787, 0.0020563529493908086], "q_25": 0.0018177115125581622, "q_75": 0.001966136352469524, "min": 0.001754176647712787, "max": 0.0020563529493908086, "mean": 0.001898946597551306, "std": 9.578682378248535e-05, "repeat": 10, "number": 6}]}, "core.runner.time_echo_gitrunner": {"result": [0.0024578836746513844], "stats": [{"ci_99": [0.002127202972769737, 0.002824072539806366], "q_25": 0.0021409822627902033, "q_75": 0.0025766409467905763, "min": 0.002127202972769737, "max": 0.002824072539806366, "mean": 0.0024156328849494458, "std": 0.0002531879801215665, "repeat": 10, "number": 5}]}, "core.startup.time_help_np": {"result": [0.5806020298041403], "stats": [{"ci_99": [0.5198082625865936, 0.6275581894442439], "q_25": 0.5624575219117105, "q_75": 0.5979874560143799, "min": 0.5198082625865936, "max": 0.6275581894442439, "mean": 0.577580351009965, "std": 0.03525003007718684, "repeat": 10, "number": 1}]}, "core.startup.time_import": {"result": [0.15081994235515594], "stats": [{"ci_99": [0.11457197833806276, 0.20151249878108501], "q_25": 0.13934361026622355, "q_75": 0.18451711512170732, "min": 0.11457197833806276, "max": 0.20151249878108501, "mean": 0.1567610116675496, "std": 0.029541979364150324, "repeat": 10, "number": 1}]}, "core.startup.time_import_api": {"result": [0.500529351644218], "stats": [{"ci_99": [0.4650504859164357, 0.5416214494034648], "q_25": 0.49122259323485196, "q_75": 0.5082937283441424, "min": 0.4650504859164357, "max": 0.5416214494034648, "mean": 0.5021704650484026, "std": 0.022014700368806112, "repeat": 10, "number": 1}]}, "support.path.get_parent_paths.time_allsubmods_toplevel": null, "support.path.get_parent_paths.time_allsubmods_toplevel_only": null, "support.path.get_parent_paths.time_no_submods": null, "support.path.get_parent_paths.time_one_submod_subdir": null, "support.path.get_parent_paths.time_one_submod_toplevel": null, "usecases.study_forrest.time_make_studyforrest_mockup": {"result": [36.31949289096519],