{"results": {"api.supers.time_createadd": {"result": [0.9696189877577126], "stats": [{"ci_99": [0.9555098777636886, 0.9937030663713813], "q_25": 0.961731904419139, "q_75": 0.9723609557840973, "min": 0.9555098777636886, "max": 0.9937030663713813, "mean": 0.9702139740809799, "std": 0.010926310984353448, "repeat": 10, "number": 1}]}, "api.supers.time_createadd_to_dataset": {"result": [0.9653924838639796], "stats": [{"ci_99": [0.9548072516918182, 0.9912026263773441], "q_25": 0.9627448706887662, "q_75": 0.9698765762150288, "min": 0.9548072516918182, "max": 0.9912026263773441, "mean": 0.9692863766103983, "std": 0.0112120301159816, "repeat": 10, "number": 1}]}, "api.supers.time_diff": null, "api.supers.time_diff_recursive": null, "api.supers.time_installr": {"result": [4.099818236660212], "stats": [{"ci_99": [4.005582982116656, 4.2251866996276215], "q_25": 4.08829922392033, "q_75": 4.126903853612021, "min": 4.074722722172737, "max": 4.187180167995393, "mean": 4.115384840872139, "std": 0.04298381570961015, "repeat": 4, "number": 1}]}, "api.supers.time_ls": {"result": [0.12025279505178332], "stats": [{"ci_99": [0.11240272130817175, 0.12329325918108225], "q_25": 0.11525311274453998, "q_75": 0.12251664511859417, "min": 0.11240272130817175, "max": 0.12329325918108225, "mean": 0.11906682290136814, "std": 0.004027944547626603, "repeat": 10, "number": 1}]}, "api.supers.time_ls_recursive": {"result": [1.0801965836435556], "stats": [{"ci_99": [1.066073928028345, 1.0891279745846987], "q_25": 1.0729010826908052, "q_75": 1.0847690582741052, "min": 1.066073928028345, "max": 1.0891279745846987, "mean": 1.079074945114553, "std": 0.007557771112143904, "repeat": 10, "number": 1}]}, "api.supers.time_ls_recursive_long_all": {"result": [1.238813345786184], "stats": [{"ci_99": [1.2272732118144631, 1.254078664816916], "q_25": 1.2343000988475978, "q_75": 1.2442303181160241, "min": 1.2272732118144631, "max": 1.254078664816916, "mean": 1.2393411404453218, "std": 0.007871905522103996, "repeat": 10, "number": 1}]}, "api.supers.time_remove": {"result": [2.0299090798944235], "stats": [{"ci_99": [2.008368290029466, 2.0638663237914443], "q_25": 2.0241535522509366, "q_75": 2.037278297590092, "min": 2.008368290029466, "max": 2.0638663237914443, "mean": 2.0323646375909448, "std": 0.015214489712633218, "repeat": 8, "number": 1}]}, "api.supers.time_status": {"result": [0.6869337325915694], "stats": [{"ci_99": [0.682068333029747, 0.697807963937521], "q_25": 0.6852870567236096, "q_75": 0.68866828083992, "min": 0.682068333029747, "max": 0.697807963937521, "mean": 0.6877711550332606, "std": 0.004286586416859934, "repeat": 10, "number": 1}]}, "api.supers.time_status_recursive": {"result": [1.147912090178579], "stats": [{"ci_99": [1.1424466045573354, 1.154974983073771], "q_25": 1.145318560069427, "q_75": 1.1528259231708944, "min": 1.1424466045573354, "max": 1.154974983073771, "mean": 1.148804616369307, "std": 0.004103271247469198, "repeat": 10, "number": 1}]}, "api.supers.time_subdatasets": {"result": [0.06850823760032654], "stats": [{"ci_99": [0.06151415687054396, 0.07885134872049093], "q_25": 0.06698847096413374, "q_75": 0.06900100037455559, "min": 0.06151415687054396, "max": 0.07885134872049093, "mean": 0.06858453275635838, "std": 0.004274840585628573, "repeat": 10, "number": 1}]}, "api.supers.time_subdatasets_recursive": {"result": [0.24737578770145774], "stats": [{"ci_99": [0.2427861373871565, 0.25512879248708487], "q_25": 0.24661469273269176, "q_75": 0.2533014954533428, "min": 0.2427861373871565, "max": 0.25512879248708487, "mean": 0.24919345015659927, "std": 0.004027601513751431, "repeat": 10, "number": 1}]}, "api.supers.time_subdatasets_recursive_first": {"result": [0.06716265948489308], "stats": [{"ci_99": [0.06212279759347439, 0.07493169512599707], "q_25": 0.06518697971478105, "q_75": 0.06731441617012024, "min": 0.06212279759347439, "max": 0.07493169512599707, "mean": 0.06690522767603398, "std": 0.0033406815848170276, "repeat": 10, "number": 1}]}, "api.supers.time_uninstall": {"result": [1.9947017622180283], "stats": [{"ci_99": [1.9767929436638951, 2.0212487494572997], "q_25": 1.986595673020929, "q_75": 2.018254311522469, "min": 1.9767929436638951, "max": 2.0212487494572997, "mean": 1.9993380724918097, "std": 0.016987089613673883, "repeat": 8, "number": 1}]}, "repo.gitrepo.time_get_content_info": {"result": [0.021455813199281693], "stats": [{"ci_99": [0.017368814907968044, 0.026846258901059628], "q_25": 0.019280473235994577, "q_75": 0.024312461027875543, "min": 0.017368814907968044, "max": 0.026846258901059628, "mean": 0.02165446961298585, "std": 0.0030718603573558455, "repeat": 10, "number": 1}]}, "api.testds.time_create_test_dataset1": {"result": [0.4343512556515634], "stats": [{"ci_99": [0.4296543160453439, 0.4507974907755852], "q_25": 0.4309062850661576, "q_75": 0.4431126785930246, "min": 0.4296543160453439, "max": 0.4507974907755852, "mean": 0.43732666242867707, "std": 0.007601462777472322, "repeat": 10, "number": 1}]}, "api.testds.time_create_test_dataset2x2": {"result": [2.7132585938088596], "stats": [{"ci_99": [2.6732478654012084, 2.741755812145361], "q_25": 2.6993568495381624, "q_75": 2.7250834924634546, "min": 2.6732478654012084, "max": 2.7317641330882907, "mean": 2.7092128743728003, "std": 0.020092656058055883, "repeat": 6, "number": 1}]}, "core.runner.time_echo": {"result": [0.0017245712224394083], "stats": [{"ci_99": [0.0017196393261353176, 0.0017628720961511135], "q_25": 0.0017232545651495457, "q_75": 0.001733369193971157, "min": 0.0017196393261353176, "max": 0.0017628720961511135, "mean": 0.0017305582140882813, "std": 1.2557623188554695e-05, "repeat": 10, "number": 6}]}, "core.runner.time_echo_gitrunner": {"result": [0.002678518765605986], "stats": [{"ci_99": [0.002488850150257349, 0.002924645086750388], "q_25": 0.002550421457272023, "q_75": 0.0027982397004961967, "min": 0.002488850150257349, "max": 0.002924645086750388, "mean": 0.0026805093279108406, "std": 0.00014006144553505725, "repeat": 10, "number": 4}]}, "core.startup.time_help_np": {"result": [0.5754470326937735], "stats": [{"ci_99": [0.5160015653818846, 0.6349021587520838], "q_25": 0.5677982086781412, "q_75": 0.6006861105561256, "min": 0.5160015653818846, "max": 0.6349021587520838, "mean": 0.5795175801962614, "std": 0.03227840617331796, "repeat": 10, "number": 1}]}, "core.startup.time_import": {"result": [0.1647398010827601], "stats": [{"ci_99": [0.1328187184408307, 0.20834550354629755], "q_25": 0.1476617525331676, "q_75": 0.1825881265103817, "min": 0.1328187184408307, "max": 0.20834550354629755, "mean": 0.16785014867782594, "std": 0.02422322264750834, "repeat": 10, "number": 1}]}, "core.startup.time_import_api": {"result": [0.5243560685776174], "stats": [{"ci_99": [0.45112727861851454, 0.5550977904349566], "q_25": 0.4883487238548696, "q_75": 0.540472439257428, "min": 0.45112727861851454, "max": 0.5550977904349566, "mean": 0.512013774458319, "std": 0.03338698145498258, "repeat": 10, "number": 1}]}, "support.path.get_parent_paths.time_allsubmods_toplevel": null, "support.path.get_parent_paths.time_allsubmods_toplevel_only": null, "support.path.get_parent_paths.time_no_submods": null, "support.path.get_parent_paths.time_one_submod_subdir": null, "support.path.get_parent_paths.time_one_submod_toplevel": null, "usecases.study_forrest.time_make_studyforrest_mockup": {"result": [26.839243483264], "stats": [{"ci_99": [7.682274819817394, 45.99621214671059], "q_25": 26.647673796629533, "q_75": 27.030813169898465, "min": 26.456104109995067, "max": 27.22238285653293, "mean": 26.839243483264, "std": 0.3831393732689321, "repeat": 2, "number": 1}]}, "core.runner.track_overhead_100ms": 1.56, "core.runner.track_overhead_echo": 31.72, "core.runner.track_overhead_heavyout": 13.84, "core.runner.track_overhead_heavyout_online_process": 18.38, "core.runner.track_overhead_heavyout_online_through": 15.0}, "params": {"arch": "x86_64", "cpu": "Intel(R) Xeon(R) CPU E5-1607 v2 @ 3.00GHz", "machine": "drogon-neurodebian0.20200209.1",