{"results": {"api.supers.time_createadd": {"result": [1.2716938387602568], "stats": [{"ci_99": [1.2599167311564088, 1.283921985886991], "q_25": 1.2690298294182867, "q_75": 1.2738587479107082, "min": 1.2599167311564088, "max": 1.283921985886991, "mean": 1.2712272454984486, "std": 0.006960717846286343, "repeat": 10, "number": 1}]}, "api.supers.time_createadd_to_dataset": {"result": [1.2117660157382488], "stats": [{"ci_99": [1.198890844359994, 1.2277467241510749], "q_25": 1.207834226777777, "q_75": 1.2189851733855903, "min": 1.198890844359994, "max": 1.2277467241510749, "mean": 1.213411042187363, "std": 0.00829932855796296, "repeat": 10, "number": 1}]}, "api.supers.time_diff": null, "api.supers.time_diff_recursive": null, "api.supers.time_installr": {"result": [5.0543924500234425], "stats": [{"ci_99": [4.817188012879342, 5.291596887167543], "q_25": 5.0520204056520015, "q_75": 5.0567644943948835, "min": 5.0496483612805605, "max": 5.0591365387663245, "mean": 5.0543924500234425, "std": 0.004744088742882013, "repeat": 2, "number": 1}]}, "api.supers.time_ls": {"result": [0.18317971285432577], "stats": [{"ci_99": [0.18147512059658766, 0.19723947159945965], "q_25": 0.18194152158685029, "q_75": 0.18666035356000066, "min": 0.18147512059658766, "max": 0.19723947159945965, "mean": 0.18550393152981998, "std": 0.005022602884461725, "repeat": 10, "number": 1}]}, "api.supers.time_ls_recursive": {"result": [1.799032649025321], "stats": [{"ci_99": [1.7843615636229515, 1.8170306589454412], "q_25": 1.796993005555123, "q_75": 1.8010094847995788, "min": 1.7843615636229515, "max": 1.8170306589454412, "mean": 1.7992539281956852, "std": 0.008327251398512515, "repeat": 10, "number": 1}]}, "api.supers.time_ls_recursive_long_all": {"result": [1.9544277912937105], "stats": [{"ci_99": [1.945874904282391, 1.973262739367783], "q_25": 1.947416323237121, "q_75": 1.9606450719293207, "min": 1.945874904282391, "max": 1.973262739367783, "mean": 1.9558466540183872, "std": 0.009047937015529145, "repeat": 8, "number": 1}]}, "api.supers.time_remove": null, "api.supers.time_status": {"result": [0.7510776096023619], "stats": [{"ci_99": [0.7446816330775619, 0.7619377691298723], "q_25": 0.7493739346973598, "q_75": 0.7549468991346657, "min": 0.7446816330775619, "max": 0.7619377691298723, "mean": 0.7517977242358029, "std": 0.004832740418453348, "repeat": 10, "number": 1}]}, "api.supers.time_status_recursive": {"result": [1.3947230349294841], "stats": [{"ci_99": [1.3909914484247565, 1.4017912531271577], "q_25": 1.3917836954351515, "q_75": 1.3982725793030113, "min": 1.3909914484247565, "max": 1.4017912531271577, "mean": 1.3954821879975499, "std": 0.003813887440978598, "repeat": 10, "number": 1}]}, "api.supers.time_subdatasets": {"result": [0.10839306563138962], "stats": [{"ci_99": [0.1069010328501463, 0.11986056622117758], "q_25": 0.10782038629986346, "q_75": 0.10989508195780218, "min": 0.1069010328501463, "max": 0.11986056622117758, "mean": 0.1098158891312778, "std": 0.003698226939814361, "repeat": 10, "number": 1}]}, "api.supers.time_subdatasets_recursive": {"result": [0.44257559487596154], "stats": [{"ci_99": [0.4371137423440814, 0.4735408276319504], "q_25": 0.44187094643712044, "q_75": 0.4464635506737977, "min": 0.4371137423440814, "max": 0.4735408276319504, "mean": 0.44577398551627995, "std": 0.00983903174425534, "repeat": 10, "number": 1}]}, "api.supers.time_subdatasets_recursive_first": {"result": [0.10902002267539501], "stats": [{"ci_99": [0.10626001097261906, 0.12098628282546997], "q_25": 0.10839654132723808, "q_75": 0.1118685097899288, "min": 0.10626001097261906, "max": 0.12098628282546997, "mean": 0.1112509036436677, "std": 0.004824470453547577, "repeat": 10, "number": 1}]}, "api.supers.time_uninstall": {"result": [4.13083802908659], "stats": [{"ci_99": [4.1070267018019555, 4.157480006097317], "q_25": 4.125532746547833, "q_75": 4.137558636488393, "min": 4.121701362542808, "max": 4.145635995082557, "mean": 4.132253353949636, "std": 0.009040159750074425, "repeat": 4, "number": 1}]}, "repo.gitrepo.time_get_content_info": {"result": [0.016393050085753202], "stats": [{"ci_99": [0.014553334563970566, 0.018500701524317265], "q_25": 0.015097445109859109, "q_75": 0.017002843786031008, "min": 0.014553334563970566, "max": 0.018500701524317265, "mean": 0.016306111495941876, "std": 0.0013084060063085212, "repeat": 10, "number": 1}]}, "api.testds.time_create_test_dataset1": {"result": [0.6027089743874967], "stats": [{"ci_99": [0.5998399863019586, 0.6216039592400193], "q_25": 0.6010513550136238, "q_75": 0.6051914971321821, "min": 0.5998399863019586, "max": 0.6216039592400193, "mean": 0.6053527499549091, "std": 0.00660137042553971, "repeat": 10, "number": 1}]}, "api.testds.time_create_test_dataset2x2": {"result": [3.562307007610798], "stats": [{"ci_99": [3.505402911146938, 3.646416989928276], "q_25": 3.5567250507883728, "q_75": 3.581491907360032, "min": 3.5542582413181663, "max": 3.6247675456106663, "mean": 3.575909950537607, "std": 0.028597423230265127, "repeat": 4, "number": 1}]}, "core.runner.time_echo": {"result": [0.0020126823335886003], "stats": [{"ci_99": [0.001825634390115738, 0.0023472070693969726], "q_25": 0.00195891042239964, "q_75": 0.002092898590490222, "min": 0.001825634390115738, "max": 0.0023472070693969726, "mean": 0.0020419930666685107, "std": 0.00014528747144012578, "repeat": 10, "number": 5}]}, "core.runner.time_echo_gitrunner": {"result": [0.0022765714675188065], "stats": [{"ci_99": [0.002071310952305794, 0.002902599424123764], "q_25": 0.0020779768936336042, "q_75": 0.002626138785853982, "min": 0.002071310952305794, "max": 0.002902599424123764, "mean": 0.002367110401391983, "std": 0.0003089434131895142, "repeat": 10, "number": 5}]}, "core.startup.time_help_np": {"result": [0.5682179941795766], "stats": [{"ci_99": [0.5282948687672615, 0.6742767672985792], "q_25": 0.5324246152304113, "q_75": 0.6494348221458495, "min": 0.5282948687672615, "max": 0.6742767672985792, "mean": 0.5885421164333821, "std": 0.05870909592608359, "repeat": 10, "number": 1}]}, "core.startup.time_import": {"result": [0.15883115120232105], "stats": [{"ci_99": [0.11464174091815948, 0.17942135222256184], "q_25": 0.11814778228290379, "q_75": 0.1706330741290003, "min": 0.11464174091815948, "max": 0.17942135222256184, "mean": 0.14839487140998245, "std": 0.026243423998343528, "repeat": 10, "number": 1}]}, "core.startup.time_import_api": {"result": [0.5044466485269368], "stats": [{"ci_99": [0.4656710783019662, 0.5569000383839011], "q_25": 0.4719046289101243, "q_75": 0.5212301958817989, "min": 0.4656710783019662, "max": 0.5569000383839011, "mean": 0.5020397503860294, "std": 0.030453455267438458, "repeat": 10, "number": 1}]}, "support.path.get_parent_paths.time_allsubmods_toplevel": {"result": [0.006909468909725547], "stats": [{"ci_99": [0.006684957072138786, 0.008783849887549877], "q_25": 0.0067372479243204, "q_75": 0.007666694698855281, "min": 0.006684957072138786, "max": 0.008783849887549877, "mean": 0.007291118754073978, "std": 0.0007072963137766992, "repeat": 10, "number": 2}]}, "support.path.get_parent_paths.time_allsubmods_toplevel_only": {"result": [0.006073265103623271], "stats": [{"ci_99": [0.006001181900501251, 0.006105069071054459], "q_25": 0.006046542199328542, "q_75": 0.00609540578443557, "min": 0.006001181900501251, "max": 0.006105069071054459, "mean": 0.006067451508715749, "std": 3.2439418398956485e-05, "repeat": 10, "number": 2}]}, "support.path.get_parent_paths.time_no_submods": {"result": [2.7155498201492725e-07], "stats": [{"ci_99": [2.704180118801479e-07, 2.749093097663204e-07], "q_25": 2.7072221835273663e-07, "q_75": 2.739568496359448e-07, "min": 2.704180118801479e-07, "max": 2.749093097663204e-07, "mean": 2.7219081214435955e-07, "std": 1.743725249379141e-09, "repeat": 10, "number": 37396}]}, "support.path.get_parent_paths.time_one_submod_subdir": {"result": [0.00550267263315618], "stats": [{"ci_99": [0.00526972534134984, 0.0067731840535998344], "q_25": 0.005284978426061571,