{"results": {"api.supers.time_createadd": {"result": [1.2761817672289908], "stats": [{"ci_99": [1.2627051658928394, 1.289011268876493], "q_25": 1.269032702082768, "q_75": 1.277465836610645, "min": 1.2627051658928394, "max": 1.289011268876493, "mean": 1.274191677197814, "std": 0.007580189898530962, "repeat": 10, "number": 1}]}, "api.supers.time_createadd_to_dataset": {"result": [1.2146129687316716], "stats": [{"ci_99": [1.1934115439653397, 1.228477724827826], "q_25": 1.2096104677766562, "q_75": 1.2216590086463839, "min": 1.1934115439653397, "max": 1.228477724827826, "mean": 1.2147360103204847, "std": 0.009866801960124788, "repeat": 10, "number": 1}]}, "api.supers.time_diff": null, "api.supers.time_diff_recursive": null, "api.supers.time_installr": {"result": [5.137022467795759], "stats": [{"ci_99": [4.658719477709383, 5.615325457882136], "q_25": 5.132239437894896, "q_75": 5.141805497696623, "min": 5.127456407994032, "max": 5.146588527597487, "mean": 5.137022467795759, "std": 0.009566059801727533, "repeat": 2, "number": 1}]}, "api.supers.time_ls": {"result": [0.18309908546507359], "stats": [{"ci_99": [0.179644332267344, 0.21384876873344183], "q_25": 0.18053107871674, "q_75": 0.1947022881358862, "min": 0.179644332267344, "max": 0.21384876873344183, "mean": 0.1883347206749022, "std": 0.010965286583138107, "repeat": 10, "number": 1}]}, "api.supers.time_ls_recursive": {"result": [1.797350576147437], "stats": [{"ci_99": [1.7924861079081893, 1.8072887333109975], "q_25": 1.7949078169185668, "q_75": 1.8004476767964661, "min": 1.7924861079081893, "max": 1.8072887333109975, "mean": 1.7978827174752952, "std": 0.004200740090419252, "repeat": 10, "number": 1}]}, "api.supers.time_ls_recursive_long_all": {"result": [1.9572892938740551], "stats": [{"ci_99": [1.94839249830693, 1.9688481446355581], "q_25": 1.9529305396135896, "q_75": 1.962838067440316, "min": 1.94839249830693, "max": 1.9688481446355581, "mean": 1.9582577315159142, "std": 0.006903975575764874, "repeat": 8, "number": 1}]}, "api.supers.time_remove": null, "api.supers.time_status": {"result": [0.7492897752672434], "stats": [{"ci_99": [0.7461660346016288, 0.7564978320151567], "q_25": 0.7474390652496368, "q_75": 0.7525987722910941, "min": 0.7461660346016288, "max": 0.7564978320151567, "mean": 0.7503085115924477, "std": 0.0035038006138044314, "repeat": 10, "number": 1}]}, "api.supers.time_status_recursive": {"result": [1.3961960221640766], "stats": [{"ci_99": [1.3900674050673842, 1.408631857484579], "q_25": 1.3941797125153244, "q_75": 1.398266431177035, "min": 1.3900674050673842, "max": 1.408631857484579, "mean": 1.396755353268236, "std": 0.00482393060656017, "repeat": 10, "number": 1}]}, "api.supers.time_subdatasets": {"result": [0.10908443480730057], "stats": [{"ci_99": [0.10656465776264668, 0.11611393000930548], "q_25": 0.10784814436919987, "q_75": 0.11250358587130904, "min": 0.10656465776264668, "max": 0.11611393000930548, "mean": 0.11021421682089567, "std": 0.002975551893743332, "repeat": 10, "number": 1}]}, "api.supers.time_subdatasets_recursive": {"result": [0.44203668972477317], "stats": [{"ci_99": [0.43713427893817425, 0.4451253553852439], "q_25": 0.4403534512966871, "q_75": 0.4427928910590708, "min": 0.43713427893817425, "max": 0.4451253553852439, "mean": 0.4416508748196065, "std": 0.0022583951910041273, "repeat": 10, "number": 1}]}, "api.supers.time_subdatasets_recursive_first": {"result": [0.10871688835322857], "stats": [{"ci_99": [0.10702208336442709, 0.11294902954250574], "q_25": 0.10779882478527725, "q_75": 0.11006870097480714, "min": 0.10702208336442709, "max": 0.11294902954250574, "mean": 0.10916457045823336, "std": 0.0017273877570274428, "repeat": 10, "number": 1}]}, "api.supers.time_uninstall": {"result": [4.124570508021861], "stats": [{"ci_99": [4.095166160078441, 4.154691752692963], "q_25": 4.115453467471525, "q_75": 4.134045996936038, "min": 4.113646596670151, "max": 4.136928212828934, "mean": 4.124928956385702, "std": 0.01020456651665717, "repeat": 4, "number": 1}]}, "repo.gitrepo.time_get_content_info": {"result": [0.015846553724259138], "stats": [{"ci_99": [0.014387265779078007, 0.018895099870860577], "q_25": 0.015114028472453356, "q_75": 0.01751886517740786, "min": 0.014387265779078007, "max": 0.018895099870860577, "mean": 0.01630486324429512, "std": 0.0014804692470652434, "repeat": 10, "number": 1}]}, "api.testds.time_create_test_dataset1": {"result": [0.6018299777060747], "stats": [{"ci_99": [0.593806441873312, 0.6476323595270514], "q_25": 0.595918943407014, "q_75": 0.6099558293353766, "min": 0.593806441873312, "max": 0.6476323595270514, "mean": 0.6067114339210093, "std": 0.015537991079278618, "repeat": 10, "number": 1}]}, "api.testds.time_create_test_dataset2x2": {"result": [3.557118972763419], "stats": [{"ci_99": [3.508429569001359, 3.5998879500710843], "q_25": 3.5420072118286043, "q_75": 3.5692705204710364, "min": 3.532708393409848, "max": 3.5696886992082, "mean": 3.5541587595362216, "std": 0.015869835250569023, "repeat": 4, "number": 1}]}, "core.runner.time_echo": {"result": [0.0021068797446787356], "stats": [{"ci_99": [0.001928887516260147, 0.0026698587462306023], "q_25": 0.002005540067330003, "q_75": 0.002180980984121561, "min": 0.001928887516260147, "max": 0.0026698587462306023, "mean": 0.002136023249477148, "std": 0.00019738543373443103, "repeat": 10, "number": 5}]}, "core.runner.time_echo_gitrunner": {"result": [0.0022058749571442606], "stats": [{"ci_99": [0.0020905232056975366, 0.0028288234025239944], "q_25": 0.0021104155573993923, "q_75": 0.0023262873757630585, "min": 0.0020905232056975366, "max": 0.0028288234025239944, "mean": 0.002299017570912838, "std": 0.0002528110120787428, "repeat": 10, "number": 5}]}, "core.startup.time_help_np": {"result": [0.5762361353263259], "stats": [{"ci_99": [0.5131656862795353, 0.6242659157142043], "q_25": 0.5716692300047725, "q_75": 0.5788116182666272, "min": 0.5131656862795353, "max": 0.6242659157142043, "mean": 0.574042608961463, "std": 0.02521730057636372, "repeat": 10, "number": 1}]}, "core.startup.time_import": {"result": [0.16996135050430894], "stats": [{"ci_99": [0.13797660637646914, 0.1951698213815689], "q_25": 0.16010529338382185, "q_75": 0.18784173717722297, "min": 0.13797660637646914, "max": 0.1951698213815689, "mean": 0.17119336212053896, "std": 0.0174078092419191, "repeat": 10, "number": 1}]}, "core.startup.time_import_api": {"result": [0.5319227734580636], "stats": [{"ci_99": [0.4644512729719281, 0.562620148062706], "q_25": 0.5110150030814111, "q_75": 0.549068191787228, "min": 0.4644512729719281, "max": 0.562620148062706, "mean": 0.5268832798115909, "std": 0.029150585664728064, "repeat": 10, "number": 1}]}, "support.path.get_parent_paths.time_allsubmods_toplevel": {"result": [0.007036549737676978], "stats": [{"ci_99": [0.006718411110341549, 0.008725976571440697], "q_25": 0.006819858797825873, "q_75": 0.007666315068490803, "min": 0.006718411110341549, "max": 0.008725976571440697, "mean": 0.007315944414585829, "std": 0.0006450428890083341, "repeat": 10, "number": 2}]}, "support.path.get_parent_paths.time_allsubmods_toplevel_only": {"result": [0.006282065063714981], "stats": [{"ci_99": [0.006029073614627123, 0.007947180885821581], "q_25": 0.0060967899626120925, "q_75": 0.007051698747090995, "min": 0.006029073614627123, "max": 0.007947180885821581, "mean": 0.006622004089877009, "std": 0.0006491089387679127, "repeat": 10, "number": 2}]}, "support.path.get_parent_paths.time_no_submods": {"result": [2.694501934335954e-07], "stats": [{"ci_99": [2.6871671401718787e-07, 2.7424333131317255e-07], "q_25": 2.6912393882247477e-07, "q_75": 2.724688369120829e-07, "min": 2.6871671401718787e-07, "max": 2.7424333131317255e-07, "mean": 2.706767596018517e-07, "std": 2.048935010670252e-09, "repeat": 10, "number": 39429}]}, "support.path.get_parent_paths.time_one_submod_subdir": {"result": [0.005357719957828522], "stats": [{"ci_99": [0.005205206573009491, 0.005384890828281641], "q_25": 0.00534743710886687, "q_75": 0.005364274955354631,