{"results": {"api.supers.time_createadd": {"result": [1.3610860300250351], "stats": [{"ci_99": [1.3396198814734817, 1.381757010705769], "q_25": 1.3528210849035531, "q_75": 1.3669904065318406, "min": 1.3396198814734817, "max": 1.381757010705769, "mean": 1.3600264579989017, "std": 0.011675750166919673, "repeat": 10, "number": 1}]}, "api.supers.time_createadd_to_dataset": {"result": [1.1331152524799109], "stats": [{"ci_99": [1.0945756081491709, 1.1702011786401272], "q_25": 1.1211220340337604, "q_75": 1.1436263544019312, "min": 1.0945756081491709, "max": 1.1702011786401272, "mean": 1.131118678022176, "std": 0.02045369958750793, "repeat": 10, "number": 1}]}, "api.supers.time_diff": {"result": [0.11236466933041811], "stats": [{"ci_99": [0.09064149856567383, 0.1336671132594347], "q_25": 0.09953155345283449, "q_75": 0.12434154935181141, "min": 0.09064149856567383, "max": 0.1336671132594347, "mean": 0.11213967269286514, "std": 0.01386954635903261, "repeat": 10, "number": 1}]}, "api.supers.time_diff_recursive": {"result": [0.3096571094356477], "stats": [{"ci_99": [0.29958415497094393, 0.32012397050857544], "q_25": 0.30513913137838244, "q_75": 0.31323690712451935, "min": 0.29958415497094393, "max": 0.32012397050857544, "mean": 0.3094966957345605, "std": 0.0061652341011750504, "repeat": 10, "number": 1}]}, "api.supers.time_installr": {"result": [3.9267740487121046], "stats": [{"ci_99": [3.6246606868090887, 4.1961838936102716], "q_25": 3.833610513014719, "q_75": 4.0035858259070665, "min": 3.7777973636984825, "max": 4.0103436997160316, "mean": 3.910422290209681, "std": 0.09902847279008467, "repeat": 4, "number": 1}]}, "api.supers.time_ls": {"result": [0.715510671492666], "stats": [{"ci_99": [0.6860569873824716, 0.7623697072267532], "q_25": 0.6918738293461502, "q_75": 0.7354947081767023, "min": 0.6860569873824716, "max": 0.7623697072267532, "mean": 0.7176880802959203, "std": 0.027072103655513463, "repeat": 10, "number": 1}]}, "api.supers.time_ls_recursive": {"result": [2.6363326301798224], "stats": [{"ci_99": [2.5568413493141056, 2.8031410509720445], "q_25": 2.6165899531915784, "q_75": 2.733889136929065, "min": 2.6126747392117977, "max": 2.8031410509720445, "mean": 2.6774830139862993, "std": 0.07620119632617879, "repeat": 6, "number": 1}]}, "api.supers.time_ls_recursive_long_all": {"result": [2.7826594137586653], "stats": [{"ci_99": [2.773422366956802, 2.7929117204621434], "q_25": 2.7797880060970783, "q_75": 2.7858852362260222, "min": 2.7734562503173947, "max": 2.7929117204621434, "mean": 2.7829130298147597, "std": 0.006045542287708677, "repeat": 6, "number": 1}]}, "api.supers.time_remove": {"result": [2.0713340849615633], "stats": [{"ci_99": [2.056018006056547, 2.1015939190983772], "q_25": 2.063389456598088, "q_75": 2.084375124424696, "min": 2.056018006056547, "max": 2.1015939190983772, "mean": 2.074775390094146, "std": 0.015349739081005403, "repeat": 8, "number": 1}]}, "api.supers.time_status": {"result": [0.6802694424986839], "stats": [{"ci_99": [0.6750341691076756, 0.6947447247803211], "q_25": 0.6775823512580246, "q_75": 0.6817962448112667, "min": 0.6750341691076756, "max": 0.6947447247803211, "mean": 0.6811706262640655, "std": 0.005295646676434065, "repeat": 10, "number": 1}]}, "api.supers.time_status_recursive": {"result": [1.1508435383439064], "stats": [{"ci_99": [1.126854126341641, 1.1725481692701578], "q_25": 1.1423426899127662, "q_75": 1.1577165722846985, "min": 1.126854126341641, "max": 1.1725481692701578, "mean": 1.1498544563539326, "std": 0.012152094636954686, "repeat": 10, "number": 1}]}, "api.supers.time_subdatasets": {"result": [0.050880338065326214], "stats": [{"ci_99": [0.047259087674319744, 0.06444779131561518], "q_25": 0.04813025798648596, "q_75": 0.05359319970011711, "min": 0.047259087674319744, "max": 0.06444779131561518, "mean": 0.05190204586833715, "std": 0.004896669576936455, "repeat": 10, "number": 1}]}, "api.supers.time_subdatasets_recursive": {"result": [0.12437923392280936], "stats": [{"ci_99": [0.11928708758205175, 0.14251415710896254], "q_25": 0.12223253794945776, "q_75": 0.12648387090303004, "min": 0.11928708758205175, "max": 0.14251415710896254, "mean": 0.12599512049928308, "std": 0.006479084289110894, "repeat": 10, "number": 1}]}, "api.supers.time_subdatasets_recursive_first": {"result": [0.051828077994287014], "stats": [{"ci_99": [0.047339728102087975, 0.059299821965396404], "q_25": 0.049318921053782105, "q_75": 0.05573593289591372, "min": 0.047339728102087975, "max": 0.059299821965396404, "mean": 0.05269183134660125, "std": 0.004002527743303548, "repeat": 10, "number": 1}]}, "api.supers.time_uninstall": {"result": [2.1652308008633554], "stats": [{"ci_99": [2.154115330427885, 2.182863924652338], "q_25": 2.1610119487158954, "q_75": 2.171213172376156, "min": 2.154115330427885, "max": 2.182863924652338, "mean": 2.16629168309737, "std": 0.00914343040227899, "repeat": 8, "number": 1}]}, "repo.gitrepo.time_get_content_info": {"result": [0.020402973983436823], "stats": [{"ci_99": [0.015516187064349651, 0.025404589250683784], "q_25": 0.018050943268463016, "q_75": 0.021758965216577053, "min": 0.015516187064349651, "max": 0.025404589250683784, "mean": 0.020250802207738162, "std": 0.003002071982364399, "repeat": 10, "number": 1}]}, "api.testds.time_create_test_dataset1": {"result": [0.43972940649837255], "stats": [{"ci_99": [0.432195913977921, 0.4488156456500292], "q_25": 0.4371598130092025, "q_75": 0.44202063675038517, "min": 0.432195913977921, "max": 0.4488156456500292, "mean": 0.44006358487531544, "std": 0.0048757393712946925, "repeat": 10, "number": 1}]}, "api.testds.time_create_test_dataset2x2": {"result": [2.7835246408358216], "stats": [{"ci_99": [2.7461875528097153, 2.8233358329162], "q_25": 2.7712454467546195, "q_75": 2.790917605161667, "min": 2.7461875528097153, "max": 2.8233358329162, "mean": 2.78285116267701, "std": 0.023480804794846554, "repeat": 6, "number": 1}]}, "core.runner.time_echo": {"result": [0.0017441828579952319], "stats": [{"ci_99": [0.001725043635815382, 0.001793344970792532], "q_25": 0.0017323467570046585, "q_75": 0.0017696430052941043, "min": 0.001725043635815382, "max": 0.001793344970792532, "mean": 0.001752713555470109, "std": 2.4521458978722475e-05, "repeat": 10, "number": 6}]}, "core.runner.time_echo_gitrunner": {"result": [0.0022002060431987047], "stats": [{"ci_99": [0.002116687595844269, 0.0025397916324436665], "q_25": 0.0021565600764006376, "q_75": 0.002319612307474017, "min": 0.002116687595844269, "max": 0.0025397916324436665, "mean": 0.0022593170404434206, "std": 0.00014002461927048262, "repeat": 10, "number": 4}]}, "core.startup.time_help_np": {"result": [0.5894565586932003], "stats": [{"ci_99": [0.5212441077455878, 0.628649452701211], "q_25": 0.5694558711256832, "q_75": 0.6119343729224056, "min": 0.5212441077455878, "max": 0.628649452701211, "mean": 0.5873686593957246, "std": 0.03165628007885252, "repeat": 10, "number": 1}]}, "core.startup.time_import": {"result": [0.12973140133544803], "stats": [{"ci_99": [0.1142165707424283, 0.2129506841301918], "q_25": 0.11537651275284588, "q_75": 0.1790053320582956, "min": 0.1142165707424283, "max": 0.2129506841301918, "mean": 0.1461077810265124, "std": 0.03606543123333939, "repeat": 10, "number": 1}]}, "core.startup.time_import_api": {"result": [0.49599023815244436], "stats": [{"ci_99": [0.4531214162707329, 0.5075154136866331], "q_25": 0.46638535475358367, "q_75": 0.5012222612276673, "min": 0.4531214162707329, "max": 0.5075154136866331, "mean": 0.4858852159231901, "std": 0.02010660172465909, "repeat": 10, "number": 1}]}, "support.path.get_parent_paths.time_allsubmods_toplevel": null, "support.path.get_parent_paths.time_allsubmods_toplevel_only": null, "support.path.get_parent_paths.time_no_submods": null, "support.path.get_parent_paths.time_one_submod_subdir": null, "support.path.get_parent_paths.time_one_submod_toplevel": null, "usecases.study_forrest.time_make_studyforrest_mockup": {"result": [35.76683780178428],