{"results": {"api.supers.time_createadd": {"result": [1.2950041838921607], "stats": [{"ci_99": [1.2851361520588398, 1.307773602195084], "q_25": 1.29202377400361, "q_75": 1.302122508175671, "min": 1.2851361520588398, "max": 1.307773602195084, "mean": 1.2965862064622342, "std": 0.006957999739000414, "repeat": 10, "number": 1}]}, "api.supers.time_createadd_to_dataset": {"result": [1.240732632111758], "stats": [{"ci_99": [1.23389698471874, 1.2532516922801733], "q_25": 1.2393998310435563, "q_75": 1.2470973855815828, "min": 1.23389698471874, "max": 1.2532516922801733, "mean": 1.242687987163663, "std": 0.006433677536773565, "repeat": 10, "number": 1}]}, "api.supers.time_diff": null, "api.supers.time_diff_recursive": null, "api.supers.time_installr": {"result": [5.555972016882151], "stats": [{"ci_99": [4.726951664779335, 6.384992368984967], "q_25": 5.547681813361123, "q_75": 5.5642622204031795, "min": 5.539391609840095, "max": 5.572552423924208, "mean": 5.555972016882151, "std": 0.016580407042056322, "repeat": 2, "number": 1}]}, "api.supers.time_ls": {"result": [0.18258340517058969], "stats": [{"ci_99": [0.18105949275195599, 0.19303721375763416], "q_25": 0.1819463276769966, "q_75": 0.18967906502075493, "min": 0.18105949275195599, "max": 0.19303721375763416, "mean": 0.18539684982970356, "std": 0.004372494554752686, "repeat": 10, "number": 1}]}, "api.supers.time_ls_recursive": {"result": [1.7890170440077782], "stats": [{"ci_99": [1.7685536891222, 1.8388861240819097], "q_25": 1.7866977280937135, "q_75": 1.8062401025090367, "min": 1.7685536891222, "max": 1.8388861240819097, "mean": 1.7979467472992838, "std": 0.020557871569492934, "repeat": 10, "number": 1}]}, "api.supers.time_ls_recursive_long_all": {"result": [1.947611550334841], "stats": [{"ci_99": [1.9350370252504945, 1.9717452870681882], "q_25": 1.9444101622793823, "q_75": 1.95424968842417, "min": 1.9350370252504945, "max": 1.9717452870681882, "mean": 1.9505229876376688, "std": 0.012371289460518724, "repeat": 8, "number": 1}]}, "api.supers.time_remove": null, "api.supers.time_status": {"result": [0.7203174396418035], "stats": [{"ci_99": [0.7099873693659902, 0.7283495245501399], "q_25": 0.7181462957523763, "q_75": 0.722969600232318, "min": 0.7099873693659902, "max": 0.7283495245501399, "mean": 0.7200346226803959, "std": 0.004658427040434027, "repeat": 10, "number": 1}]}, "api.supers.time_status_recursive": {"result": [1.3670961470343173], "stats": [{"ci_99": [1.3584652096033096, 1.4144631111994386], "q_25": 1.361078396672383, "q_75": 1.3837420376949012, "min": 1.3584652096033096, "max": 1.4144631111994386, "mean": 1.3760423195548355, "std": 0.01870525507816293, "repeat": 10, "number": 1}]}, "api.supers.time_subdatasets": {"result": [0.09546025283634663], "stats": [{"ci_99": [0.0932520367205143, 0.10697965230792761], "q_25": 0.09424823918379843, "q_75": 0.10066942847333848, "min": 0.0932520367205143, "max": 0.10697965230792761, "mean": 0.09756888290867209, "std": 0.004320361642152786, "repeat": 10, "number": 1}]}, "api.supers.time_subdatasets_recursive": {"result": [0.43488039495423436], "stats": [{"ci_99": [0.4252480110153556, 0.4464190127328038], "q_25": 0.4281318294815719, "q_75": 0.43958415393717587, "min": 0.4252480110153556, "max": 0.4464190127328038, "mean": 0.43453557714819907, "std": 0.006955402302851447, "repeat": 10, "number": 1}]}, "api.supers.time_subdatasets_recursive_first": {"result": [0.09741135174408555], "stats": [{"ci_99": [0.09335226658731699, 0.10312708467245102], "q_25": 0.0948123405687511, "q_75": 0.0982413210440427, "min": 0.09335226658731699, "max": 0.10312708467245102, "mean": 0.09730918323621154, "std": 0.0029042109415025074, "repeat": 10, "number": 1}]}, "api.supers.time_uninstall": {"result": [4.255764859728515], "stats": [{"ci_99": [4.248297763183268, 4.264788610734491], "q_25": 4.253937477245927, "q_75": 4.2583705694414675, "min": 4.25372143369168, "max": 4.260921594686806, "mean": 4.256543186958879, "std": 0.0029371314947410463, "repeat": 4, "number": 1}]}, "repo.gitrepo.time_get_content_info": {"result": [0.01635817252099514], "stats": [{"ci_99": [0.015095869079232216, 0.01846232358366251], "q_25": 0.01569163636304438, "q_75": 0.01726942346431315, "min": 0.015095869079232216, "max": 0.01846232358366251, "mean": 0.016479443572461606, "std": 0.001076895012749923, "repeat": 10, "number": 1}]}, "api.testds.time_create_test_dataset1": {"result": [0.6188699719496071], "stats": [{"ci_99": [0.6121375933289528, 0.6294218339025974], "q_25": 0.6146261824760586, "q_75": 0.6273285071365535, "min": 0.6121375933289528, "max": 0.6294218339025974, "mean": 0.6205000103451311, "std": 0.00642268264902137, "repeat": 10, "number": 1}]}, "api.testds.time_create_test_dataset2x2": {"result": [3.814856884535402], "stats": [{"ci_99": [3.766173886178739, 3.862017334395342], "q_25": 3.799295675707981, "q_75": 3.8296568191144615, "min": 3.7949142809957266, "max": 3.831754391081631, "mean": 3.8140956102870405, "std": 0.016420847784742024, "repeat": 4, "number": 1}]}, "core.runner.time_echo": {"result": [0.0017705508507788181], "stats": [{"ci_99": [0.0017043612897396088, 0.00206091832369566], "q_25": 0.001715744426473975, "q_75": 0.0019298592582345008, "min": 0.0017043612897396088, "max": 0.00206091832369566, "mean": 0.0018266372941434382, "std": 0.00012665676948163843, "repeat": 10, "number": 5}]}, "core.runner.time_echo_gitrunner": {"result": [0.002543995506130159], "stats": [{"ci_99": [0.0023797345347702503, 0.002914645243436098], "q_25": 0.0024373874766752124, "q_75": 0.002706382656469941, "min": 0.0023797345347702503, "max": 0.002914645243436098, "mean": 0.0025815555127337575, "std": 0.00016425529953974387, "repeat": 10, "number": 4}]}, "core.startup.time_help_np": {"result": [0.5860540033318102], "stats": [{"ci_99": [0.5318228090181947, 0.6689216699451208], "q_25": 0.5726370494812727, "q_75": 0.6138335941359401, "min": 0.5318228090181947, "max": 0.6689216699451208, "mean": 0.5941693014465272, "std": 0.036361345730090984, "repeat": 10, "number": 1}]}, "core.startup.time_import": {"result": [0.15527702262625098], "stats": [{"ci_99": [0.11624360363930464, 0.18920821230858564], "q_25": 0.1337171313352883, "q_75": 0.15973351895809174, "min": 0.11624360363930464, "max": 0.18920821230858564, "mean": 0.15136891892179846, "std": 0.02313070611442237, "repeat": 10, "number": 1}]}, "core.startup.time_import_api": {"result": [0.5237156953662634], "stats": [{"ci_99": [0.46217958722263575, 0.5694298734888434], "q_25": 0.5108171356841922, "q_75": 0.5333097947295755, "min": 0.46217958722263575, "max": 0.5694298734888434, "mean": 0.5187185508199036, "std": 0.03236381314654446, "repeat": 10, "number": 1}]}, "support.path.get_parent_paths.time_allsubmods_toplevel": {"result": [0.007030833745375276], "stats": [{"ci_99": [0.006914305035024881, 0.008833165280520916], "q_25": 0.0070029564667493105, "q_75": 0.007751201861537993, "min": 0.006914305035024881, "max": 0.008833165280520916, "mean": 0.007424440374597907, "std": 0.0006259001300714397, "repeat": 10, "number": 2}]}, "support.path.get_parent_paths.time_allsubmods_toplevel_only": {"result": [0.006511255167424679], "stats": [{"ci_99": [0.006325285881757736, 0.008182242512702942], "q_25": 0.006407114677131176, "q_75": 0.007230985211208463, "min": 0.006325285881757736, "max": 0.008182242512702942, "mean": 0.006869280338287353, "std": 0.0006188503764533438, "repeat": 10, "number": 2}]}, "support.path.get_parent_paths.time_no_submods": {"result": [2.829934223632824e-07], "stats": [{"ci_99": [2.753441855489212e-07, 3.360645381992824e-07], "q_25": 2.762754007759303e-07, "q_75": 3.0512456482296123e-07, "min": 2.753441855489212e-07, "max": 3.360645381992824e-07, "mean": 2.9314717481567094e-07, "std": 2.044989329470173e-08, "repeat": 10, "number": 36872}]}, "support.path.get_parent_paths.time_one_submod_subdir": {"result": [0.0057318611070513725], "stats": [{"ci_99": [0.005540697835385799, 0.007318541873246431], "q_25": 0.005554841598495841, "q_75": 0.006496513611637056,