{"results": {"api.supers.time_createadd": {"result": [1.3497191006317735], "stats": [{"ci_99": [1.3298516124486923, 1.368010220117867], "q_25": 1.3436315525323153, "q_75": 1.3648210794199258, "min": 1.3298516124486923, "max": 1.368010220117867, "mean": 1.3512708153575659, "std": 0.013408822076226313, "repeat": 10, "number": 1}]}, "api.supers.time_createadd_to_dataset": {"result": [1.1214121435768902], "stats": [{"ci_99": [1.1091617466881871, 1.1394440615549684], "q_25": 1.1168456855230033, "q_75": 1.1281151983421296, "min": 1.1091617466881871, "max": 1.1394440615549684, "mean": 1.1229084043763577, "std": 0.0094511767064874, "repeat": 10, "number": 1}]}, "api.supers.time_diff": {"result": [0.10974641283974051], "stats": [{"ci_99": [0.09347840305417776, 0.12508905492722988], "q_25": 0.09710553055629134, "q_75": 0.11136575904674828, "min": 0.09347840305417776, "max": 0.12508905492722988, "mean": 0.10707934703677893, "std": 0.00998786242101036, "repeat": 10, "number": 1}]}, "api.supers.time_diff_recursive": {"result": [0.31270552705973387], "stats": [{"ci_99": [0.30403099674731493, 0.3339868187904358], "q_25": 0.30814599338918924, "q_75": 0.3155779205262661, "min": 0.30403099674731493, "max": 0.3339868187904358, "mean": 0.3142118567600846, "std": 0.00855136087077892, "repeat": 10, "number": 1}]}, "api.supers.time_installr": {"result": [3.8345262235961854], "stats": [{"ci_99": [3.7397573805238835, 3.9513955115515946], "q_25": 3.8147100678179413, "q_75": 3.8653926018159837, "min": 3.8071361081674695, "max": 3.9061172287911177, "mean": 3.8455764460377395, "std": 0.0386815618404011, "repeat": 4, "number": 1}]}, "api.supers.time_ls": {"result": [0.6971829039976001], "stats": [{"ci_99": [0.6930900663137436, 0.707274709828198], "q_25": 0.6956674768589437, "q_75": 0.7002111931797117, "min": 0.6930900663137436, "max": 0.707274709828198, "mean": 0.6982418560422957, "std": 0.003950454563299287, "repeat": 10, "number": 1}]}, "api.supers.time_ls_recursive": {"result": [2.710225472226739], "stats": [{"ci_99": [2.5614381017781143, 2.94021851277631], "q_25": 2.647980047389865, "q_75": 2.844056321075186, "min": 2.644260536879301, "max": 2.9243601858615875, "mean": 2.7508283072772124, "std": 0.11269183526083419, "repeat": 6, "number": 1}]}, "api.supers.time_ls_recursive_long_all": {"result": [2.9116132338531315], "stats": [{"ci_99": [2.722186816452318, 3.104172273011632], "q_25": 2.809397484175861, "q_75": 3.0170785111840814, "min": 2.789738987572491, "max": 3.0385526418685913, "mean": 2.9131795447319746, "std": 0.10897348595067306, "repeat": 6, "number": 1}]}, "api.supers.time_remove": {"result": [2.144673173315823], "stats": [{"ci_99": [2.0733087603002787, 2.2303599631413817], "q_25": 2.0861534907016903, "q_75": 2.212085516192019, "min": 2.0733087603002787, "max": 2.2303599631413817, "mean": 2.148856571642682, "std": 0.06538196917698069, "repeat": 8, "number": 1}]}, "api.supers.time_status": {"result": [0.7150963265448809], "stats": [{"ci_99": [0.6852802326902747, 0.7430387791246176], "q_25": 0.6882099360227585, "q_75": 0.7190322221722454, "min": 0.6852802326902747, "max": 0.7430387791246176, "mean": 0.7079037255607545, "std": 0.018623953613834586, "repeat": 10, "number": 1}]}, "api.supers.time_status_recursive": {"result": [1.1445962763391435], "stats": [{"ci_99": [1.1356400568038225, 1.156228929758072], "q_25": 1.1388708038721234, "q_75": 1.1519831218756735, "min": 1.1356400568038225, "max": 1.156228929758072, "mean": 1.1454904028214514, "std": 0.007108585922925697, "repeat": 10, "number": 1}]}, "api.supers.time_subdatasets": {"result": [0.04953197157010436], "stats": [{"ci_99": [0.04569536354392767, 0.059019820764660835], "q_25": 0.04703328059986234, "q_75": 0.054460754385218024, "min": 0.04569536354392767, "max": 0.059019820764660835, "mean": 0.050761430989950895, "std": 0.004516816332222857, "repeat": 10, "number": 1}]}, "api.supers.time_subdatasets_recursive": {"result": [0.12310238555073738], "stats": [{"ci_99": [0.11710053589195013, 0.1311941873282194], "q_25": 0.11900570732541382, "q_75": 0.12433982128277421, "min": 0.11710053589195013, "max": 0.1311941873282194, "mean": 0.12306298380717635, "std": 0.004674208196089395, "repeat": 10, "number": 1}]}, "api.supers.time_subdatasets_recursive_first": {"result": [0.052235083654522896], "stats": [{"ci_99": [0.04789418913424015, 0.06072589475661516], "q_25": 0.04859823128208518, "q_75": 0.05433587171137333, "min": 0.04789418913424015, "max": 0.06072589475661516, "mean": 0.05222707847133279, "std": 0.003912583612418942, "repeat": 10, "number": 1}]}, "api.supers.time_uninstall": {"result": [2.1710053691640496], "stats": [{"ci_99": [2.152274136431515, 2.183724097907543], "q_25": 2.16119823907502, "q_75": 2.181246566120535, "min": 2.152274136431515, "max": 2.183724097907543, "mean": 2.1697156256996095, "std": 0.01173654411757629, "repeat": 8, "number": 1}]}, "repo.gitrepo.time_get_content_info": {"result": [0.02165000420063734], "stats": [{"ci_99": [0.018869085237383842, 0.025811778381466866], "q_25": 0.020095304120332003, "q_75": 0.023803028278052807, "min": 0.018869085237383842, "max": 0.025811778381466866, "mean": 0.022003647685050965, "std": 0.002304059056045281, "repeat": 10, "number": 1}]}, "api.testds.time_create_test_dataset1": {"result": [0.4442205848172307], "stats": [{"ci_99": [0.43764335568994284, 0.456759599968791], "q_25": 0.43954962491989136, "q_75": 0.4490300095640123, "min": 0.43764335568994284, "max": 0.456759599968791, "mean": 0.4451832167804241, "std": 0.006631003102320195, "repeat": 10, "number": 1}]}, "api.testds.time_create_test_dataset2x2": {"result": [2.775296980049461], "stats": [{"ci_99": [2.7321420258018647, 2.8407011246308684], "q_25": 2.754751530010253, "q_75": 2.7914362682495266, "min": 2.7479891078546643, "max": 2.8407011246308684, "mean": 2.780667211705198, "std": 0.03151075221664872, "repeat": 6, "number": 1}]}, "core.runner.time_echo": {"result": [0.0017340397462248802], "stats": [{"ci_99": [0.0017185872420668602, 0.0017944487432638805], "q_25": 0.001727667055092752, "q_75": 0.0017433605389669538, "min": 0.0017185872420668602, "max": 0.0017944487432638805, "mean": 0.001739130588248372, "std": 2.053308003900817e-05, "repeat": 10, "number": 6}]}, "core.runner.time_echo_gitrunner": {"result": [0.0025945311645045877], "stats": [{"ci_99": [0.0023237750865519047, 0.002910132287070155], "q_25": 0.0024476247490383685, "q_75": 0.002773864136543125, "min": 0.0023237750865519047, "max": 0.002910132287070155, "mean": 0.0026112152729183434, "std": 0.0001983610509882455, "repeat": 10, "number": 4}]}, "core.startup.time_help_np": {"result": [0.5990361175499856], "stats": [{"ci_99": [0.5245940461754799, 0.6368455300107598], "q_25": 0.5772493472322822, "q_75": 0.6226616590283811, "min": 0.5245940461754799, "max": 0.6368455300107598, "mean": 0.5952131900936365, "std": 0.033575260583583476, "repeat": 10, "number": 1}]}, "core.startup.time_import": {"result": [0.1697007422335446], "stats": [{"ci_99": [0.13918260391801596, 0.20895858574658632], "q_25": 0.15955882496200502, "q_75": 0.19421498430892825, "min": 0.13918260391801596, "max": 0.20895858574658632, "mean": 0.1751577232964337, "std": 0.02233757931486058, "repeat": 10, "number": 1}]}, "core.startup.time_import_api": {"result": [0.5060289157554507], "stats": [{"ci_99": [0.45508929528295994, 0.5737668387591839], "q_25": 0.4997102622874081, "q_75": 0.5347482135985047, "min": 0.45508929528295994, "max": 0.5737668387591839, "mean": 0.5142087453976274, "std": 0.03685096160382494, "repeat": 10, "number": 1}]}, "support.path.get_parent_paths.time_allsubmods_toplevel": null, "support.path.get_parent_paths.time_allsubmods_toplevel_only": null, "support.path.get_parent_paths.time_no_submods": null, "support.path.get_parent_paths.time_one_submod_subdir": null, "support.path.get_parent_paths.time_one_submod_toplevel": null, "usecases.study_forrest.time_make_studyforrest_mockup": {"result": [35.37741047888994],