{"results": {"api.supers.time_createadd": {"result": [1.281774653121829], "stats": [{"ci_99": [1.2577356221154332, 1.3003383679315448], "q_25": 1.2745174942538142, "q_75": 1.2884999455418438, "min": 1.2577356221154332, "max": 1.3003383679315448, "mean": 1.2812187465839089, "std": 0.012843180702865229, "repeat": 10, "number": 1}]}, "api.supers.time_createadd_to_dataset": {"result": [1.216911408584565], "stats": [{"ci_99": [1.1973359985277057, 1.2264444986358285], "q_25": 1.2137433697935194, "q_75": 1.219981166999787, "min": 1.1973359985277057, "max": 1.2264444986358285, "mean": 1.2147448629140853, "std": 0.008463134385077132, "repeat": 10, "number": 1}]}, "api.supers.time_diff": null, "api.supers.time_diff_recursive": null, "api.supers.time_installr": {"result": [6.279836977366358], "stats": [{"ci_99": [6.065576463472098, 6.494097491260618], "q_25": 6.277694372227415, "q_75": 6.281979582505301, "min": 6.275551767088473, "max": 6.284122187644243, "mean": 6.279836977366358, "std": 0.004285210277885199, "repeat": 2, "number": 1}]}, "api.supers.time_ls": {"result": [0.19295263104140759], "stats": [{"ci_99": [0.1861032536253333, 0.20043954625725746], "q_25": 0.1902685179375112, "q_75": 0.19716776395216584, "min": 0.1861032536253333, "max": 0.20043954625725746, "mean": 0.19366525197401643, "std": 0.004520901527316521, "repeat": 10, "number": 1}]}, "api.supers.time_ls_recursive": {"result": [1.9003654583357275], "stats": [{"ci_99": [1.8885461036115885, 1.9090803489089012], "q_25": 1.8956827754154801, "q_75": 1.9038617035839707, "min": 1.8885461036115885, "max": 1.9090803489089012, "mean": 1.8994123391807078, "std": 0.0059177582162262985, "repeat": 10, "number": 1}]}, "api.supers.time_ls_recursive_long_all": {"result": [2.0621175332926214], "stats": [{"ci_99": [2.038463725708425, 2.102507673203945], "q_25": 2.050471390830353, "q_75": 2.069134113844484, "min": 2.038463725708425, "max": 2.102507673203945, "mean": 2.063235318637453, "std": 0.018294204173977147, "repeat": 8, "number": 1}]}, "api.supers.time_remove": null, "api.supers.time_status": {"result": [0.7528270692564547], "stats": [{"ci_99": [0.7457538591697812, 0.7654271377250552], "q_25": 0.7482944037765265, "q_75": 0.7618238283321261, "min": 0.7457538591697812, "max": 0.7654271377250552, "mean": 0.7547321019694209, "std": 0.007146877380236546, "repeat": 10, "number": 1}]}, "api.supers.time_status_recursive": {"result": [1.39209617767483], "stats": [{"ci_99": [1.385134268552065, 1.4003281779587269], "q_25": 1.3895558225922287, "q_75": 1.3972594174556434, "min": 1.385134268552065, "max": 1.4003281779587269, "mean": 1.392753324471414, "std": 0.005138892005537742, "repeat": 10, "number": 1}]}, "api.supers.time_subdatasets": {"result": [0.10971224727109075], "stats": [{"ci_99": [0.10697713121771812, 0.11301110032945871], "q_25": 0.10777953104116023, "q_75": 0.11144778202287853, "min": 0.10697713121771812, "max": 0.11301110032945871, "mean": 0.10976782506331802, "std": 0.002113678909420557, "repeat": 10, "number": 1}]}, "api.supers.time_subdatasets_recursive": {"result": [0.4446237273514271], "stats": [{"ci_99": [0.4382457919418812, 0.4609356550499797], "q_25": 0.4422262511216104, "q_75": 0.44834531703963876, "min": 0.4382457919418812, "max": 0.4609356550499797, "mean": 0.44694193387404085, "std": 0.00712396946433331, "repeat": 10, "number": 1}]}, "api.supers.time_subdatasets_recursive_first": {"result": [0.108554782345891], "stats": [{"ci_99": [0.10638050548732281, 0.1129512982442975], "q_25": 0.10737308440729976, "q_75": 0.10988607141189277, "min": 0.10638050548732281, "max": 0.1129512982442975, "mean": 0.10903430292382836, "std": 0.002137394168533951, "repeat": 10, "number": 1}]}, "api.supers.time_uninstall": {"result": [4.068577811587602], "stats": [{"ci_99": [3.9479924925618013, 4.25872942935525], "q_25": 4.0636411579325795, "q_75": 4.108297614613548, "min": 4.0600062338635325, "max": 4.216281986795366, "mean": 4.1033609609585255, "std": 0.06534194064897403, "repeat": 4, "number": 1}]}, "repo.gitrepo.time_get_content_info": {"result": [0.015378366690129042], "stats": [{"ci_99": [0.014527568593621254, 0.016599606722593307], "q_25": 0.014828908955678344, "q_75": 0.01589575596153736, "min": 0.014527568593621254, "max": 0.016599606722593307, "mean": 0.015461709070950746, "std": 0.0006963687082780531, "repeat": 10, "number": 1}]}, "api.testds.time_create_test_dataset1": {"result": [0.5974333267658949], "stats": [{"ci_99": [0.5863851010799408, 0.6088433274999261], "q_25": 0.5956986423116177, "q_75": 0.599377908045426, "min": 0.5863851010799408, "max": 0.6088433274999261, "mean": 0.5983573288656772, "std": 0.006134641931266453, "repeat": 10, "number": 1}]}, "api.testds.time_create_test_dataset2x2": {"result": [3.564621881581843], "stats": [{"ci_99": [3.5356969985351054, 3.591176696290812], "q_25": 3.5599530993495136, "q_75": 3.568105629645288, "min": 3.547563549131155, "max": 3.576940077356994, "mean": 3.5634368474129587, "std": 0.010460501003449035, "repeat": 4, "number": 1}]}, "core.runner.time_echo": {"result": [0.0018752201460301874], "stats": [{"ci_99": [0.0017015980556607246, 0.002330784685909748], "q_25": 0.0017084402963519095, "q_75": 0.002215304644778371, "min": 0.0017015980556607246, "max": 0.002330784685909748, "mean": 0.0019564070552587506, "std": 0.0002594493344230057, "repeat": 10, "number": 5}]}, "core.runner.time_echo_gitrunner": {"result": [0.002440864872187376], "stats": [{"ci_99": [0.002107338234782219, 0.0027605216950178147], "q_25": 0.0021619766019284723, "q_75": 0.0026095057837665085, "min": 0.002107338234782219, "max": 0.0027605216950178147, "mean": 0.0024134614691138263, "std": 0.00024381809828915283, "repeat": 10, "number": 5}]}, "core.startup.time_help_np": {"result": [0.6044201636686921], "stats": [{"ci_99": [0.5678252140060067, 0.6330310786142945], "q_25": 0.588000018382445, "q_75": 0.6173227275721729, "min": 0.5678252140060067, "max": 0.6330310786142945, "mean": 0.6020027679391206, "std": 0.0203949337569422, "repeat": 10, "number": 1}]}, "core.startup.time_import": {"result": [0.16797904018312693], "stats": [{"ci_99": [0.11591026093810797, 0.20140106044709682], "q_25": 0.14974325383082032, "q_75": 0.17280750581994653, "min": 0.11591026093810797, "max": 0.20140106044709682, "mean": 0.16100702667608857, "std": 0.02569203510094876, "repeat": 10, "number": 1}]}, "core.startup.time_import_api": {"result": [0.5011249519884586], "stats": [{"ci_99": [0.44702207762748003, 0.5730921300128102], "q_25": 0.4695804435759783, "q_75": 0.5215350175276399, "min": 0.44702207762748003, "max": 0.5730921300128102, "mean": 0.5015069087035954, "std": 0.03963318801781473, "repeat": 10, "number": 1}]}, "support.path.get_parent_paths.time_allsubmods_toplevel": {"result": [0.007556782802566886], "stats": [{"ci_99": [0.00691089266911149, 0.00884715048596263], "q_25": 0.007133417180739343, "q_75": 0.008066795533522964, "min": 0.00691089266911149, "max": 0.00884715048596263, "mean": 0.00764243807643652, "std": 0.0005904021092159064, "repeat": 10, "number": 2}]}, "support.path.get_parent_paths.time_allsubmods_toplevel_only": {"result": [0.006330079631879926], "stats": [{"ci_99": [0.006097407080233097, 0.008038298226892948], "q_25": 0.006183741963468492, "q_75": 0.00707707938272506, "min": 0.006097407080233097, "max": 0.008038298226892948, "mean": 0.0066812507342547175, "std": 0.0006443960941184833, "repeat": 10, "number": 2}]}, "support.path.get_parent_paths.time_no_submods": {"result": [3.306670697256515e-07], "stats": [{"ci_99": [3.044582769683771e-07, 3.638400753990616e-07], "q_25": 3.182031520903552e-07, "q_75": 3.4705462437898707e-07, "min": 3.044582769683771e-07, "max": 3.638400753990616e-07, "mean": 3.322944222394398e-07, "std": 1.7734853518957842e-08, "repeat": 10, "number": 29033}]}, "support.path.get_parent_paths.time_one_submod_subdir": {"result": [0.00643880688585341], "stats": [{"ci_99": [0.005735824350267649, 0.007245911750942469], "q_25": 0.006115432013757527, "q_75": 0.0068018080200999975,