{"results": {"api.supers.time_createadd": {"result": [1.2840209933929145], "stats": [{"ci_99": [1.2692834567278624, 1.3417547000572085], "q_25": 1.2772098612040281, "q_75": 1.297036224976182, "min": 1.2692834567278624, "max": 1.3417547000572085, "mean": 1.2896344783715903, "std": 0.020248655813817136, "repeat": 10, "number": 1}]}, "api.supers.time_createadd_to_dataset": {"result": [1.2529908553697169], "stats": [{"ci_99": [1.221830572001636, 1.3047518795356154], "q_25": 1.2323756264522672, "q_75": 1.257031742716208, "min": 1.221830572001636, "max": 1.3047518795356154, "mean": 1.2517560850828886, "std": 0.02349065644763434, "repeat": 10, "number": 1}]}, "api.supers.time_diff": null, "api.supers.time_diff_recursive": null, "api.supers.time_installr": {"result": [5.4760796376504], "stats": [{"ci_99": [4.375858850311488, 6.576300424989312], "q_25": 5.465077429777011, "q_75": 5.4870818455237895, "min": 5.454075221903622, "max": 5.498084053397179, "mean": 5.4760796376504, "std": 0.02200441574677825, "repeat": 2, "number": 1}]}, "api.supers.time_ls": {"result": [0.18475309666246176], "stats": [{"ci_99": [0.17698548641055822, 0.19521703571081161], "q_25": 0.1810078367125243, "q_75": 0.19051305926404893, "min": 0.17698548641055822, "max": 0.19521703571081161, "mean": 0.18547936249524355, "std": 0.005632893247802686, "repeat": 10, "number": 1}]}, "api.supers.time_ls_recursive": {"result": [1.7541182027198374], "stats": [{"ci_99": [1.7407751828432083, 1.7790324743837118], "q_25": 1.7520458209328353, "q_75": 1.758391889743507, "min": 1.7407751828432083, "max": 1.7790324743837118, "mean": 1.7570690041407944, "std": 0.010451007339837844, "repeat": 10, "number": 1}]}, "api.supers.time_ls_recursive_long_all": {"result": [1.9207696276716888], "stats": [{"ci_99": [1.9087303131818771, 1.9303696630522609], "q_25": 1.918388815363869, "q_75": 1.9256802175659686, "min": 1.9087303131818771, "max": 1.9303696630522609, "mean": 1.9210767683107406, "std": 0.006968453987894257, "repeat": 8, "number": 1}]}, "api.supers.time_remove": null, "api.supers.time_status": {"result": [0.7084457040764391], "stats": [{"ci_99": [0.7040989361703396, 0.7251374563202262], "q_25": 0.706751323537901, "q_75": 0.7100783388596028, "min": 0.7040989361703396, "max": 0.7251374563202262, "mean": 0.709908431302756, "std": 0.005645346622018654, "repeat": 10, "number": 1}]}, "api.supers.time_status_recursive": {"result": [1.3397192168049514], "stats": [{"ci_99": [1.334357589483261, 1.3493143636733294], "q_25": 1.3367952837143093, "q_75": 1.3419466137420386, "min": 1.334357589483261, "max": 1.3493143636733294, "mean": 1.339969757758081, "std": 0.004245723733096735, "repeat": 10, "number": 1}]}, "api.supers.time_subdatasets": {"result": [0.09337080037221313], "stats": [{"ci_99": [0.09154230915009975, 0.10525876376777887], "q_25": 0.0920756112318486, "q_75": 0.09511347999796271, "min": 0.09154230915009975, "max": 0.10525876376777887, "mean": 0.09534505419433117, "std": 0.0047344427744989955, "repeat": 10, "number": 1}]}, "api.supers.time_subdatasets_recursive": {"result": [0.42123388685286045], "stats": [{"ci_99": [0.4175848579034209, 0.4270035410299897], "q_25": 0.42003667750395834, "q_75": 0.4256627596914768, "min": 0.4175848579034209, "max": 0.4270035410299897, "mean": 0.4223542112857103, "std": 0.0032700844719918314, "repeat": 10, "number": 1}]}, "api.supers.time_subdatasets_recursive_first": {"result": [0.09605384524911642], "stats": [{"ci_99": [0.09137982036918402, 0.09861409477889538], "q_25": 0.09305887902155519, "q_75": 0.09694197913631797, "min": 0.09137982036918402, "max": 0.09861409477889538, "mean": 0.09531078608706593, "std": 0.0025264806451375083, "repeat": 10, "number": 1}]}, "api.supers.time_uninstall": {"result": [4.150736669544131], "stats": [{"ci_99": [4.141263252403208, 4.15951232863628], "q_25": 4.1479241997003555, "q_75": 4.153200260363519, "min": 4.146202215924859, "max": 4.1538756070658565, "mean": 4.150387790519744, "std": 0.0031602561210729986, "repeat": 4, "number": 1}]}, "repo.gitrepo.time_get_content_info": {"result": [0.015865344554185867], "stats": [{"ci_99": [0.014303009025752544, 0.018224487081170082], "q_25": 0.01476461417041719, "q_75": 0.01667118724435568, "min": 0.014303009025752544, "max": 0.018224487081170082, "mean": 0.01592009263113141, "std": 0.0012275684776474514, "repeat": 10, "number": 1}]}, "api.testds.time_create_test_dataset1": {"result": [0.603088142350316], "stats": [{"ci_99": [0.5985758444294333, 0.619383898563683], "q_25": 0.6009374039713293, "q_75": 0.6142221712507308, "min": 0.5985758444294333, "max": 0.619383898563683, "mean": 0.6065993028692901, "std": 0.007761386176808022, "repeat": 10, "number": 1}]}, "api.testds.time_create_test_dataset2x2": {"result": [3.7439411794766784], "stats": [{"ci_99": [3.6838883122945636, 3.809822288010785], "q_25": 3.7258577151224017, "q_75": 3.764938764506951, "min": 3.7251997413113713, "max": 3.774339100345969, "mean": 3.7468553001526743, "std": 0.021676955958347507, "repeat": 4, "number": 1}]}, "core.runner.time_echo": {"result": [0.0017653669541080794], "stats": [{"ci_99": [0.0017050025053322315, 0.0019611005360881486], "q_25": 0.0017175584798678756, "q_75": 0.0017995915841311216, "min": 0.0017050025053322315, "max": 0.0019611005360881486, "mean": 0.0017769624479115008, "std": 7.358334987978536e-05, "repeat": 10, "number": 6}]}, "core.runner.time_echo_gitrunner": {"result": [0.0024119487963616846], "stats": [{"ci_99": [0.0020991601049900055, 0.0029851920902729035], "q_25": 0.0021481356583535668, "q_75": 0.0027118500787764793, "min": 0.0020991601049900055, "max": 0.0029851920902729035, "mean": 0.002464401852339506, "std": 0.0003210422753012176, "repeat": 10, "number": 5}]}, "core.startup.time_help_np": {"result": [0.5913082147017121], "stats": [{"ci_99": [0.5555426953360438, 0.6494186390191317], "q_25": 0.5751879690214992, "q_75": 0.6043161991983652, "min": 0.5555426953360438, "max": 0.6494186390191317, "mean": 0.5952839070931077, "std": 0.03102503744089882, "repeat": 10, "number": 1}]}, "core.startup.time_import": {"result": [0.12396165356040001], "stats": [{"ci_99": [0.11263903230428696, 0.16099453438073397], "q_25": 0.1145160763990134, "q_75": 0.15002156305126846, "min": 0.11263903230428696, "max": 0.16099453438073397, "mean": 0.1313616532832384, "std": 0.018306688597445445, "repeat": 10, "number": 1}]}, "core.startup.time_import_api": {"result": [0.47839969024062157], "stats": [{"ci_99": [0.45878957491368055, 0.5455733574926853], "q_25": 0.46178715373389423, "q_75": 0.5061732942704111, "min": 0.45878957491368055, "max": 0.5455733574926853, "mean": 0.4888666721060872, "std": 0.0299632069156328, "repeat": 10, "number": 1}]}, "support.path.get_parent_paths.time_allsubmods_toplevel": {"result": [0.007091110106557608], "stats": [{"ci_99": [0.006983906030654907, 0.008735292125493288], "q_25": 0.007025641389191151, "q_75": 0.007672238629311323, "min": 0.006983906030654907, "max": 0.008735292125493288, "mean": 0.0074418441392481325, "std": 0.0005865901121020143, "repeat": 10, "number": 2}]}, "support.path.get_parent_paths.time_allsubmods_toplevel_only": {"result": [0.0064741759561002254], "stats": [{"ci_99": [0.006335370242595673, 0.008015031460672617], "q_25": 0.006369619281031191, "q_75": 0.00712249765638262, "min": 0.006335370242595673, "max": 0.008015031460672617, "mean": 0.006802704883739352, "std": 0.0005652003652688526, "repeat": 10, "number": 2}]}, "support.path.get_parent_paths.time_no_submods": {"result": [3.2741190416332083e-07], "stats": [{"ci_99": [3.0684230921273865e-07, 3.686849342230707e-07], "q_25": 3.160553557508754e-07, "q_75": 3.5258371535510096e-07, "min": 3.0684230921273865e-07, "max": 3.686849342230707e-07, "mean": 3.334486143354055e-07, "std": 2.1659237773527473e-08, "repeat": 10, "number": 27813}]}, "support.path.get_parent_paths.time_one_submod_subdir": {"result": [0.005683299386873841], "stats": [{"ci_99": [0.005580347962677479, 0.006694822106510401], "q_25": 0.005649337195791304,