{"results": {"api.supers.time_createadd": {"result": [1.3032532250508666], "stats": [{"ci_99": [1.2880623042583466, 1.3359772246330976], "q_25": 1.2957063461653888, "q_75": 1.3173390591982752, "min": 1.2880623042583466, "max": 1.3359772246330976, "mean": 1.3072346724569797, "std": 0.014437620882127869, "repeat": 10, "number": 1}]}, "api.supers.time_createadd_to_dataset": {"result": [1.2466837288811803], "stats": [{"ci_99": [1.2333165602758527, 1.2647482585161924], "q_25": 1.2399501020554453, "q_75": 1.252555533312261, "min": 1.2333165602758527, "max": 1.2647482585161924, "mean": 1.247168008517474, "std": 0.009181923488538829, "repeat": 10, "number": 1}]}, "api.supers.time_diff": null, "api.supers.time_diff_recursive": null, "api.supers.time_installr": {"result": [5.541378414258361], "stats": [{"ci_99": [5.074157953262329, 6.008598875254393], "q_25": 5.5367062096484005, "q_75": 5.546050618868321, "min": 5.53203400503844, "max": 5.5507228234782815, "mean": 5.541378414258361, "std": 0.009344409219920635, "repeat": 2, "number": 1}]}, "api.supers.time_ls": {"result": [0.18336268095299602], "stats": [{"ci_99": [0.17951906379312277, 0.18868084345012903], "q_25": 0.1812150243204087, "q_75": 0.18477745284326375, "min": 0.17951906379312277, "max": 0.18868084345012903, "mean": 0.1832607017830014, "std": 0.0027674157116398587, "repeat": 10, "number": 1}]}, "api.supers.time_ls_recursive": {"result": [1.7823538454249501], "stats": [{"ci_99": [1.7773747807368636, 1.8018420841544867], "q_25": 1.7788360954727978, "q_75": 1.786035685101524, "min": 1.7773747807368636, "max": 1.8018420841544867, "mean": 1.7845726208761334, "std": 0.007535518729271199, "repeat": 10, "number": 1}]}, "api.supers.time_ls_recursive_long_all": {"result": [1.9412452895194292], "stats": [{"ci_99": [1.9383658897131681, 1.9593358235433698], "q_25": 1.940556785557419, "q_75": 1.9512091940268874, "min": 1.9383658897131681, "max": 1.9593358235433698, "mean": 1.9458353117806837, "std": 0.007585597751995079, "repeat": 8, "number": 1}]}, "api.supers.time_remove": null, "api.supers.time_status": {"result": [0.7220417172648013], "stats": [{"ci_99": [0.7160296207293868, 0.7266059517860413], "q_25": 0.7200067765079439, "q_75": 0.7247833267319947, "min": 0.7160296207293868, "max": 0.7266059517860413, "mean": 0.7221110894344747, "std": 0.003090885001250619, "repeat": 10, "number": 1}]}, "api.supers.time_status_recursive": {"result": [1.3621144276112318], "stats": [{"ci_99": [1.3554707411676645, 1.373821279965341], "q_25": 1.357918242458254, "q_75": 1.3652686183340847, "min": 1.3554707411676645, "max": 1.373821279965341, "mean": 1.3627593255601824, "std": 0.0061999273542216096, "repeat": 10, "number": 1}]}, "api.supers.time_subdatasets": {"result": [0.09573914250358939], "stats": [{"ci_99": [0.09324324317276478, 0.10174047760665417], "q_25": 0.09411584562622011, "q_75": 0.0974583588540554, "min": 0.09324324317276478, "max": 0.10174047760665417, "mean": 0.09624352008104324, "std": 0.002576029514258622, "repeat": 10, "number": 1}]}, "api.supers.time_subdatasets_recursive": {"result": [0.42825875943526626], "stats": [{"ci_99": [0.42552949767559767, 0.4422873668372631], "q_25": 0.4265499000903219, "q_75": 0.4292819635011256, "min": 0.42552949767559767, "max": 0.4422873668372631, "mean": 0.42943921219557524, "std": 0.004685560818029346, "repeat": 10, "number": 1}]}, "api.supers.time_subdatasets_recursive_first": {"result": [0.09689123649150133], "stats": [{"ci_99": [0.09217695333063602, 0.10064288973808289], "q_25": 0.09506772900931537, "q_75": 0.0978661417029798, "min": 0.09217695333063602, "max": 0.10064288973808289, "mean": 0.09658381752669812, "std": 0.0022302134077921694, "repeat": 10, "number": 1}]}, "api.supers.time_uninstall": {"result": [4.158634016755968], "stats": [{"ci_99": [4.139598973077197, 4.177774490341138], "q_25": 4.152514244662598, "q_75": 4.164806503802538, "min": 4.151544724591076, "max": 4.165934168733656, "mean": 4.158686731709167, "std": 0.006533381219711853, "repeat": 4, "number": 1}]}, "repo.gitrepo.time_get_content_info": {"result": [0.015513565856963396], "stats": [{"ci_99": [0.01459701918065548, 0.019110597670078278], "q_25": 0.015265350230038166, "q_75": 0.01570670399814844, "min": 0.01459701918065548, "max": 0.019110597670078278, "mean": 0.015908634569495917, "std": 0.0012810055964735186, "repeat": 10, "number": 1}]}, "api.testds.time_create_test_dataset1": {"result": [0.6176878791302443], "stats": [{"ci_99": [0.6091994009912014, 0.6488790838047862], "q_25": 0.6138144975993782, "q_75": 0.6254443468060344, "min": 0.6091994009912014, "max": 0.6488790838047862, "mean": 0.6210202438756823, "std": 0.01121770114875924, "repeat": 10, "number": 1}]}, "api.testds.time_create_test_dataset2x2": {"result": [3.773818706162274], "stats": [{"ci_99": [3.7304079891988153, 3.8178517603441064], "q_25": 3.7659329837188125, "q_75": 3.7820155972149223, "min": 3.75187296140939, "max": 3.797009125351906, "mean": 3.774129874771461, "std": 0.01612057514407925, "repeat": 4, "number": 1}]}, "core.runner.time_echo": {"result": [0.001697840712343653], "stats": [{"ci_99": [0.0016878472330669563, 0.0017273351550102234], "q_25": 0.001695260910006861, "q_75": 0.0017060682099933426, "min": 0.0016878472330669563, "max": 0.0017273351550102234, "mean": 0.001701936808725198, "std": 1.1657991256815043e-05, "repeat": 10, "number": 6}]}, "core.runner.time_echo_gitrunner": {"result": [0.002758709480985999], "stats": [{"ci_99": [0.002505885437130928, 0.003100508591160178], "q_25": 0.0026375651359558105, "q_75": 0.0028271981282159686, "min": 0.002505885437130928, "max": 0.003100508591160178, "mean": 0.0027719635982066393, "std": 0.00017523062883176193, "repeat": 10, "number": 4}]}, "core.startup.time_help_np": {"result": [0.5929877297021449], "stats": [{"ci_99": [0.5601843968033791, 0.6249582311138511], "q_25": 0.5796867311000824, "q_75": 0.612888973671943, "min": 0.5601843968033791, "max": 0.6249582311138511, "mean": 0.5937291673384607, "std": 0.021162262827008022, "repeat": 10, "number": 1}]}, "core.startup.time_import": {"result": [0.13319877535104752], "stats": [{"ci_99": [0.11567641887813807, 0.19326491840183735], "q_25": 0.12103178212419152, "q_75": 0.15373179083690047, "min": 0.11567641887813807, "max": 0.19326491840183735, "mean": 0.14016299471259117, "std": 0.022961121152762172, "repeat": 10, "number": 1}]}, "core.startup.time_import_api": {"result": [0.5146576599217951], "stats": [{"ci_99": [0.4682689169421792, 0.5384739469736814], "q_25": 0.5088599026203156, "q_75": 0.5314823859371245, "min": 0.4682689169421792, "max": 0.5384739469736814, "mean": 0.5156863084994256, "std": 0.019678706718802483, "repeat": 10, "number": 1}]}, "support.path.get_parent_paths.time_allsubmods_toplevel": {"result": [0.006859163986518979], "stats": [{"ci_99": [0.006739236880093813, 0.00719864247366786], "q_25": 0.006797693553380668, "q_75": 0.006886320421472192, "min": 0.006739236880093813, "max": 0.00719864247366786, "mean": 0.006897408794611692, "std": 0.0001543372940410631, "repeat": 10, "number": 2}]}, "support.path.get_parent_paths.time_allsubmods_toplevel_only": {"result": [0.006270198849961162], "stats": [{"ci_99": [0.0059907627291977406, 0.008002059534192085], "q_25": 0.006124343373812735, "q_75": 0.007083549629896879, "min": 0.0059907627291977406, "max": 0.008002059534192085, "mean": 0.006631680764257908, "std": 0.0006747733804902584, "repeat": 10, "number": 2}]}, "support.path.get_parent_paths.time_no_submods": {"result": [2.775911230306609e-07], "stats": [{"ci_99": [2.7355295798026783e-07, 3.166427242907301e-07], "q_25": 2.7436957251550295e-07, "q_75": 2.8873237572572333e-07, "min": 2.7355295798026783e-07, "max": 3.166427242907301e-07, "mean": 2.8449909268143417e-07, "std": 1.3601851605226523e-08, "repeat": 10, "number": 30548}]}, "support.path.get_parent_paths.time_one_submod_subdir": {"result": [0.006132971029728651], "stats": [{"ci_99": [0.005171814933419228, 0.007036193273961544], "q_25": 0.005834365845657885,