{"results": {"api.supers.time_createadd": {"result": [1.2933814376592636], "stats": [{"ci_99": [1.2782120881602168, 1.3136623622849584], "q_25": 1.2876529702916741, "q_75": 1.3031062837690115, "min": 1.2782120881602168, "max": 1.3136623622849584, "mean": 1.2954778579063713, "std": 0.011359232022499716, "repeat": 10, "number": 1}]}, "api.supers.time_createadd_to_dataset": {"result": [1.2510657557286322], "stats": [{"ci_99": [1.237413365393877, 1.2737977234646678], "q_25": 1.2430667993612587, "q_75": 1.2661643880419433, "min": 1.237413365393877, "max": 1.2737977234646678, "mean": 1.254167640581727, "std": 0.012970477932078216, "repeat": 10, "number": 1}]}, "api.supers.time_diff": null, "api.supers.time_diff_recursive": null, "api.supers.time_installr": {"result": [5.217976399697363], "stats": [{"ci_99": [2.0771965822204947, 8.358756217174228], "q_25": 5.186568601522595, "q_75": 5.249384197872132, "min": 5.155160803347826, "max": 5.280791996046901, "mean": 5.217976399697363, "std": 0.06281559634953737, "repeat": 2, "number": 1}]}, "api.supers.time_ls": {"result": [0.18163338210433722], "stats": [{"ci_99": [0.17914668936282396, 0.2138047982007265], "q_25": 0.179591502295807, "q_75": 0.1843081465922296, "min": 0.17914668936282396, "max": 0.2138047982007265, "mean": 0.18504761578515172, "std": 0.009940188486190823, "repeat": 10, "number": 1}]}, "api.supers.time_ls_recursive": {"result": [1.78159843897447], "stats": [{"ci_99": [1.7717780703678727, 1.7961404947564006], "q_25": 1.7783246482722461, "q_75": 1.7885654103010893, "min": 1.7717780703678727, "max": 1.7961404947564006, "mean": 1.7831171344965697, "std": 0.007273846639424109, "repeat": 10, "number": 1}]}, "api.supers.time_ls_recursive_long_all": {"result": [1.9435574356466532], "stats": [{"ci_99": [1.934533642604947, 1.9497963590547442], "q_25": 1.937647039303556, "q_75": 1.9468141843099147, "min": 1.934533642604947, "max": 1.9497963590547442, "mean": 1.9423842696705833, "std": 0.0055016140778563144, "repeat": 8, "number": 1}]}, "api.supers.time_remove": null, "api.supers.time_status": {"result": [0.7207377422600985], "stats": [{"ci_99": [0.7158509520813823, 0.7279101144522429], "q_25": 0.7189740859903395, "q_75": 0.7228260592091829, "min": 0.7158509520813823, "max": 0.7279101144522429, "mean": 0.7208790981210769, "std": 0.0033688664426028345, "repeat": 10, "number": 1}]}, "api.supers.time_status_recursive": {"result": [1.3626284054480493], "stats": [{"ci_99": [1.3529454367235303, 1.3704081177711487], "q_25": 1.359911802224815, "q_75": 1.367404012242332, "min": 1.3529454367235303, "max": 1.3704081177711487, "mean": 1.3630500869825481, "std": 0.004968165904310383, "repeat": 10, "number": 1}]}, "api.supers.time_subdatasets": {"result": [0.09898276487365365], "stats": [{"ci_99": [0.0930113885551691, 0.10395205207169056], "q_25": 0.096865130122751, "q_75": 0.10112870298326015, "min": 0.0930113885551691, "max": 0.10395205207169056, "mean": 0.09882230535149575, "std": 0.0034725751878868, "repeat": 10, "number": 1}]}, "api.supers.time_subdatasets_recursive": {"result": [0.4292131192050874], "stats": [{"ci_99": [0.4261930100619793, 0.43072127643972635], "q_25": 0.42750762286596, "q_75": 0.4297522057313472, "min": 0.4261930100619793, "max": 0.43072127643972635, "mean": 0.42874123249202967, "std": 0.0015782059043865256, "repeat": 10, "number": 1}]}, "api.supers.time_subdatasets_recursive_first": {"result": [0.09527107374742627], "stats": [{"ci_99": [0.09410126693546772, 0.101421058177948], "q_25": 0.09479563846252859, "q_75": 0.09668434620834887, "min": 0.09410126693546772, "max": 0.101421058177948, "mean": 0.0962042168714106, "std": 0.0021281757721112213, "repeat": 10, "number": 1}]}, "api.supers.time_uninstall": {"result": [4.234556883573532], "stats": [{"ci_99": [4.205636503866901, 4.256287602015743], "q_25": 4.229167783400044, "q_75": 4.236351153114811, "min": 4.214092625305057, "max": 4.2406418193131685, "mean": 4.230962052941322, "std": 0.01005467728802892, "repeat": 4, "number": 1}]}, "repo.gitrepo.time_get_content_info": {"result": [0.016048103105276823], "stats": [{"ci_99": [0.014449100010097027, 0.018718679435551167], "q_25": 0.015313871903344989, "q_75": 0.01767832739278674, "min": 0.014449100010097027, "max": 0.018718679435551167, "mean": 0.016389972623437644, "std": 0.0014991623313524805, "repeat": 10, "number": 1}]}, "api.testds.time_create_test_dataset1": {"result": [0.6130315740592778], "stats": [{"ci_99": [0.6089574312791228, 0.6192365707829595], "q_25": 0.6122934131417423, "q_75": 0.6144333907868713, "min": 0.6089574312791228, "max": 0.6192365707829595, "mean": 0.6138138521462679, "std": 0.0030086339258667393, "repeat": 10, "number": 1}]}, "api.testds.time_create_test_dataset2x2": {"result": [3.794673795811832], "stats": [{"ci_99": [3.7458511776771117, 3.842701334085716], "q_25": 3.779517953051254, "q_75": 3.8094320986419916, "min": 3.7746924040839076, "max": 3.8130650278180838, "mean": 3.794276255881414, "std": 0.01661265620957326, "repeat": 4, "number": 1}]}, "core.runner.time_echo": {"result": [0.0017104262951761484], "stats": [{"ci_99": [0.0016988683491945267, 0.001847794900337855], "q_25": 0.0017057389098530014, "q_75": 0.0017258234632511933, "min": 0.0016988683491945267, "max": 0.001847794900337855, "mean": 0.0017295080857972305, "std": 4.317879109626548e-05, "repeat": 10, "number": 6}]}, "core.runner.time_echo_gitrunner": {"result": [0.002681442885659635], "stats": [{"ci_99": [0.0024416623637080193, 0.0029758200980722904], "q_25": 0.0025582361267879605, "q_75": 0.0027940957224927843, "min": 0.0024416623637080193, "max": 0.0029758200980722904, "mean": 0.00268581323325634, "std": 0.00016235959077269262, "repeat": 10, "number": 4}]}, "core.startup.time_help_np": {"result": [0.59621711820364], "stats": [{"ci_99": [0.5730928350239992, 0.6596774198114872], "q_25": 0.5844142213463783, "q_75": 0.6139378221705556, "min": 0.5730928350239992, "max": 0.6596774198114872, "mean": 0.6028879468329251, "std": 0.025464723516416713, "repeat": 10, "number": 1}]}, "core.startup.time_import": {"result": [0.13860146282240748], "stats": [{"ci_99": [0.11451255157589912, 0.18487114738672972], "q_25": 0.12231253692880273, "q_75": 0.14839938329532743, "min": 0.11451255157589912, "max": 0.18487114738672972, "mean": 0.13921139277517797, "std": 0.019965222233539047, "repeat": 10, "number": 1}]}, "core.startup.time_import_api": {"result": [0.5138693898916245], "stats": [{"ci_99": [0.4690131042152643, 0.5765033038333058], "q_25": 0.5046588974073529, "q_75": 0.5346948869992048, "min": 0.4690131042152643, "max": 0.5765033038333058, "mean": 0.5192867256700993, "std": 0.028402605334023504, "repeat": 10, "number": 1}]}, "support.path.get_parent_paths.time_allsubmods_toplevel": {"result": [0.007819082355126739], "stats": [{"ci_99": [0.007271795533597469, 0.008847818709909916], "q_25": 0.007440397865138948, "q_75": 0.008219710900448263, "min": 0.007271795533597469, "max": 0.008847818709909916, "mean": 0.007894677203148603, "std": 0.0005267465727919287, "repeat": 10, "number": 2}]}, "support.path.get_parent_paths.time_allsubmods_toplevel_only": {"result": [0.0067709279246628284], "stats": [{"ci_99": [0.00651698000729084, 0.008750428445637226], "q_25": 0.0065809437073767185, "q_75": 0.007606730563566089, "min": 0.00651698000729084, "max": 0.008750428445637226, "mean": 0.007174554793164134, "std": 0.0007518136517993696, "repeat": 10, "number": 2}]}, "support.path.get_parent_paths.time_no_submods": {"result": [3.055796271395496e-07], "stats": [{"ci_99": [2.7166053481694095e-07, 3.755507373160839e-07], "q_25": 2.7244682820274847e-07, "q_75": 3.4993810087356563e-07, "min": 2.7166053481694095e-07, "max": 3.755507373160839e-07, "mean": 3.134639068762771e-07, "std": 4.129877780263067e-08, "repeat": 10, "number": 24651}]}, "support.path.get_parent_paths.time_one_submod_subdir": {"result": [0.006563711212947965], "stats": [{"ci_99": [0.005718260072171688, 0.007977946195751429], "q_25": 0.005908145918510854,