{"results": {"api.supers.time_createadd": {"result": [1.2652178360149264], "stats": [{"ci_99": [1.2566211940720677, 1.327470364049077], "q_25": 1.2604257189668715, "q_75": 1.2805928126908839, "min": 1.2566211940720677, "max": 1.327470364049077, "mean": 1.2759107599034905, "std": 0.022220159471460842, "repeat": 10, "number": 1}]}, "api.supers.time_createadd_to_dataset": {"result": [1.21455008815974], "stats": [{"ci_99": [1.1998471105471253, 1.263143826276064], "q_25": 1.207405945751816, "q_75": 1.2215197270270437, "min": 1.1998471105471253, "max": 1.263143826276064, "mean": 1.217853012587875, "std": 0.017372042863758028, "repeat": 10, "number": 1}]}, "api.supers.time_diff": null, "api.supers.time_diff_recursive": null, "api.supers.time_installr": {"result": [5.163953118491918], "stats": [{"ci_99": [3.911693688016385, 6.41621254896745], "q_25": 5.1514305241871625, "q_75": 5.176475712796673, "min": 5.138907929882407, "max": 5.1889983071014285, "mean": 5.163953118491918, "std": 0.02504518860951066, "repeat": 2, "number": 1}]}, "api.supers.time_ls": {"result": [0.18182917218655348], "stats": [{"ci_99": [0.18098584655672312, 0.18552564550191164], "q_25": 0.18149249255657196, "q_75": 0.18253577640280128, "min": 0.18098584655672312, "max": 0.18552564550191164, "mean": 0.18241456300020217, "std": 0.0015111692891274307, "repeat": 10, "number": 1}]}, "api.supers.time_ls_recursive": {"result": [1.8034923081286252], "stats": [{"ci_99": [1.7904572188854218, 1.8121657827869058], "q_25": 1.798105500638485, "q_75": 1.8060852028429508, "min": 1.7904572188854218, "max": 1.8121657827869058, "mean": 1.8023191196843982, "std": 0.0059195077043940145, "repeat": 10, "number": 1}]}, "api.supers.time_ls_recursive_long_all": {"result": [1.9575241087004542], "stats": [{"ci_99": [1.9437829554080963, 1.9744175234809518], "q_25": 1.951355793280527, "q_75": 1.966831001918763, "min": 1.9437829554080963, "max": 1.9744175234809518, "mean": 1.9591128265019506, "std": 0.010486695140229894, "repeat": 8, "number": 1}]}, "api.supers.time_remove": null, "api.supers.time_status": {"result": [0.7496726210229099], "stats": [{"ci_99": [0.7450143592432141, 0.7541660843417048], "q_25": 0.747503325343132, "q_75": 0.7510074933525175, "min": 0.7450143592432141, "max": 0.7541660843417048, "mean": 0.7492251198738813, "std": 0.0027300420495818276, "repeat": 10, "number": 1}]}, "api.supers.time_status_recursive": {"result": [1.3936624620109797], "stats": [{"ci_99": [1.3878899784758687, 1.401664713397622], "q_25": 1.3891844027675688, "q_75": 1.3964450780767947, "min": 1.3878899784758687, "max": 1.401664713397622, "mean": 1.3933996704407037, "std": 0.004410831889952466, "repeat": 10, "number": 1}]}, "api.supers.time_subdatasets": {"result": [0.11008079443126917], "stats": [{"ci_99": [0.10699835605919361, 0.12240992952138186], "q_25": 0.10958035313524306, "q_75": 0.11311681289225817, "min": 0.10699835605919361, "max": 0.12240992952138186, "mean": 0.111796519998461, "std": 0.004512629611464539, "repeat": 10, "number": 1}]}, "api.supers.time_subdatasets_recursive": {"result": [0.44002428464591503], "stats": [{"ci_99": [0.43853976391255856, 0.45004629623144865], "q_25": 0.43871758808381855, "q_75": 0.44308465300127864, "min": 0.43853976391255856, "max": 0.45004629623144865, "mean": 0.4414850864559412, "std": 0.0035680791609245237, "repeat": 10, "number": 1}]}, "api.supers.time_subdatasets_recursive_first": {"result": [0.10930851427838206], "stats": [{"ci_99": [0.10804950445890427, 0.11117568053305149], "q_25": 0.10844187159091234, "q_75": 0.11055194865912199, "min": 0.10804950445890427, "max": 0.11117568053305149, "mean": 0.10944019900634885, "std": 0.0011295865024122111, "repeat": 10, "number": 1}]}, "api.supers.time_uninstall": {"result": [4.124899459071457], "stats": [{"ci_99": [4.113026544183606, 4.137781572796291], "q_25": 4.121613255236298, "q_75": 4.128690262325108, "min": 4.120657096616924, "max": 4.1311602191999555, "mean": 4.1254040584899485, "std": 0.004295002921307936, "repeat": 4, "number": 1}]}, "repo.gitrepo.time_get_content_info": {"result": [0.01506743673235178], "stats": [{"ci_99": [0.01457537803798914, 0.018891222774982452], "q_25": 0.014824350597336888, "q_75": 0.01714656059630215, "min": 0.01457537803798914, "max": 0.018891222774982452, "mean": 0.016056055948138238, "std": 0.0015753014965254573, "repeat": 10, "number": 1}]}, "api.testds.time_create_test_dataset1": {"result": [0.6033212263137102], "stats": [{"ci_99": [0.5959989167749882, 0.6205378603190184], "q_25": 0.6015229427721351, "q_75": 0.6110867869574577, "min": 0.5959989167749882, "max": 0.6205378603190184, "mean": 0.6061669453978539, "std": 0.007850363192511148, "repeat": 10, "number": 1}]}, "api.testds.time_create_test_dataset2x2": {"result": [3.5607197331264615], "stats": [{"ci_99": [3.521147171298525, 3.5919842270365736], "q_25": 3.549475440522656, "q_75": 3.5678099917713553, "min": 3.5367277916520834, "max": 3.568095538765192, "mean": 3.5565656991675496, "std": 0.012834075319922072, "repeat": 4, "number": 1}]}, "core.runner.time_echo": {"result": [0.001968697365373373], "stats": [{"ci_99": [0.0017483929172158242, 0.0025748424232006073], "q_25": 0.001905097719281912, "q_75": 0.002316180523484945, "min": 0.0017483929172158242, "max": 0.0025748424232006073, "mean": 0.0020789482444524767, "std": 0.00026250611329942114, "repeat": 10, "number": 5}]}, "core.runner.time_echo_gitrunner": {"result": [0.002699818927794695], "stats": [{"ci_99": [0.00233669625595212, 0.003396299434825778], "q_25": 0.0025454575079493225, "q_75": 0.0028337054536677897, "min": 0.00233669625595212, "max": 0.003396299434825778, "mean": 0.0027256832690909505, "std": 0.0002745019186405327, "repeat": 10, "number": 4}]}, "core.startup.time_help_np": {"result": [0.5797860831953585], "stats": [{"ci_99": [0.5173470983281732, 0.6469318345189095], "q_25": 0.5589727771002799, "q_75": 0.6239958612713963, "min": 0.5173470983281732, "max": 0.6469318345189095, "mean": 0.5858302414417267, "std": 0.04008347432782305, "repeat": 10, "number": 1}]}, "core.startup.time_import": {"result": [0.11876088194549084], "stats": [{"ci_99": [0.11344247870147228, 0.1821227613836527], "q_25": 0.11520300339907408, "q_75": 0.14902509143576026, "min": 0.11344247870147228, "max": 0.1821227613836527, "mean": 0.13490338549017905, "std": 0.025137168443048075, "repeat": 10, "number": 1}]}, "core.startup.time_import_api": {"result": [0.4621451236307621], "stats": [{"ci_99": [0.4500826084986329, 0.566090801730752], "q_25": 0.45195945212617517, "q_75": 0.5203865070361644, "min": 0.4500826084986329, "max": 0.566090801730752, "mean": 0.48577805403620006, "std": 0.041213982436929246, "repeat": 10, "number": 1}]}, "support.path.get_parent_paths.time_allsubmods_toplevel": {"result": [0.007730358047410846], "stats": [{"ci_99": [0.00690983422100544, 0.008769506122916937], "q_25": 0.007344673154875636, "q_75": 0.008159506018273532, "min": 0.00690983422100544, "max": 0.008769506122916937, "mean": 0.007779712975025177, "std": 0.0006021985066233336, "repeat": 10, "number": 2}]}, "support.path.get_parent_paths.time_allsubmods_toplevel_only": {"result": [0.007184913381934166], "stats": [{"ci_99": [0.006494009867310524, 0.008037603925913572], "q_25": 0.006834574043750763, "q_75": 0.007551784045062959, "min": 0.006494009867310524, "max": 0.008037603925913572, "mean": 0.007219593366608023, "std": 0.0005175143018954433, "repeat": 10, "number": 2}]}, "support.path.get_parent_paths.time_no_submods": {"result": [3.250307821041025e-07], "stats": [{"ci_99": [2.989190287638613e-07, 3.6675076297276925e-07], "q_25": 3.191824288011205e-07, "q_75": 3.3832532712942995e-07, "min": 2.989190287638613e-07, "max": 3.6675076297276925e-07, "mean": 3.295914124930616e-07, "std": 1.9610597714610463e-08, "repeat": 10, "number": 27480}]}, "support.path.get_parent_paths.time_one_submod_subdir": {"result": [0.006320090498775244], "stats": [{"ci_99": [0.0056931269355118275, 0.006966958753764629], "q_25": 0.006048523937352002,