{"results": {"api.supers.time_createadd": {"result": [0.9656412326730788], "stats": [{"ci_99": [0.9574753502383828, 0.9797596111893654], "q_25": 0.9617000888101757, "q_75": 0.9682861471083015, "min": 0.9574753502383828, "max": 0.9797596111893654, "mean": 0.9658322849310934, "std": 0.005925758147533457, "repeat": 10, "number": 1}]}, "api.supers.time_createadd_to_dataset": {"result": [0.9642899939790368], "stats": [{"ci_99": [0.9508697502315044, 1.0059653744101524], "q_25": 0.9563631052151322, "q_75": 0.9769246701616794, "min": 0.9508697502315044, "max": 1.0059653744101524, "mean": 0.9683139213360846, "std": 0.01585771867673998, "repeat": 10, "number": 1}]}, "api.supers.time_diff": null, "api.supers.time_diff_recursive": null, "api.supers.time_installr": {"result": [4.110617802012712], "stats": [{"ci_99": [4.072713151702195, 4.14078328326577], "q_25": 4.101495715091005, "q_75": 4.115870304405689, "min": 4.08613109216094, "max": 4.119626173749566, "mean": 4.106748217483982, "std": 0.012775598995063664, "repeat": 4, "number": 1}]}, "api.supers.time_ls": {"result": [0.11779356095939875], "stats": [{"ci_99": [0.11389461625367403, 0.1251406017690897], "q_25": 0.11653819587081671, "q_75": 0.1202537314966321, "min": 0.11389461625367403, "max": 0.1251406017690897, "mean": 0.11839653607457876, "std": 0.0032979984965237717, "repeat": 10, "number": 1}]}, "api.supers.time_ls_recursive": {"result": [1.0701968665234745], "stats": [{"ci_99": [1.0612833797931671, 1.1358081586658955], "q_25": 1.064052227186039, "q_75": 1.0898384018801153, "min": 1.0612833797931671, "max": 1.1358081586658955, "mean": 1.0813398223370314, "std": 0.02357761488405351, "repeat": 10, "number": 1}]}, "api.supers.time_ls_recursive_long_all": {"result": [1.2258162274956703], "stats": [{"ci_99": [1.216623978689313, 1.2466425858438015], "q_25": 1.224965819856152, "q_75": 1.234462776221335, "min": 1.216623978689313, "max": 1.2466425858438015, "mean": 1.2293667810969056, "std": 0.008289937913279087, "repeat": 10, "number": 1}]}, "api.supers.time_remove": {"result": [2.0270550455898046], "stats": [{"ci_99": [2.007164256647229, 2.081648664548993], "q_25": 2.017931679962203, "q_75": 2.0422604121267796, "min": 2.007164256647229, "max": 2.081648664548993, "mean": 2.032399203046225, "std": 0.0221902049286199, "repeat": 8, "number": 1}]}, "api.supers.time_status": {"result": [0.6874893298372626], "stats": [{"ci_99": [0.6811670372262597, 0.700935723260045], "q_25": 0.6867560460232198, "q_75": 0.6905734362080693, "min": 0.6811670372262597, "max": 0.700935723260045, "mean": 0.6889951098710299, "std": 0.005010988199534612, "repeat": 10, "number": 1}]}, "api.supers.time_status_recursive": {"result": [1.147378879133612], "stats": [{"ci_99": [1.1391783654689789, 1.158448870293796], "q_25": 1.1413615578785539, "q_75": 1.1531170399393886, "min": 1.1391783654689789, "max": 1.158448870293796, "mean": 1.147717797756195, "std": 0.0063779974059404035, "repeat": 10, "number": 1}]}, "api.supers.time_subdatasets": {"result": [0.068416612688452], "stats": [{"ci_99": [0.06299686431884766, 0.09134089574217796], "q_25": 0.06722654169425368, "q_75": 0.07238909974694252, "min": 0.06299686431884766, "max": 0.09134089574217796, "mean": 0.07083731628954411, "std": 0.00761421667862272, "repeat": 10, "number": 1}]}, "api.supers.time_subdatasets_recursive": {"result": [0.24359739245846868], "stats": [{"ci_99": [0.23906280286610126, 0.26196259818971157], "q_25": 0.241879356559366, "q_75": 0.24989133444614708, "min": 0.23906280286610126, "max": 0.26196259818971157, "mean": 0.2471346464008093, "std": 0.007715229582852727, "repeat": 10, "number": 1}]}, "api.supers.time_subdatasets_recursive_first": {"result": [0.07079391134902835], "stats": [{"ci_99": [0.06123089510947466, 0.08029677253216505], "q_25": 0.06974988617002964, "q_75": 0.07547827041707933, "min": 0.06123089510947466, "max": 0.08029677253216505, "mean": 0.07143934713676572, "std": 0.0059556360002352106, "repeat": 10, "number": 1}]}, "api.supers.time_uninstall": {"result": [2.0335448142141104], "stats": [{"ci_99": [1.9859981564804912, 2.122769425623119], "q_25": 1.988807293586433, "q_75": 2.088560204487294, "min": 1.9859981564804912, "max": 2.122769425623119, "mean": 2.0436493647284806, "std": 0.05719418532157762, "repeat": 8, "number": 1}]}, "repo.gitrepo.time_get_content_info": {"result": [0.02028011390939355], "stats": [{"ci_99": [0.01502368226647377, 0.024468193762004375], "q_25": 0.016705938382074237, "q_75": 0.021386849228292704, "min": 0.01502368226647377, "max": 0.024468193762004375, "mean": 0.019399316981434822, "std": 0.0029864872900750667, "repeat": 10, "number": 1}]}, "api.testds.time_create_test_dataset1": {"result": [0.44740211497992277], "stats": [{"ci_99": [0.430834093131125, 0.4605158381164074], "q_25": 0.43389040627516806, "q_75": 0.4547829895745963, "min": 0.430834093131125, "max": 0.4605158381164074, "mean": 0.4458660145290196, "std": 0.011090336471575426, "repeat": 10, "number": 1}]}, "api.testds.time_create_test_dataset2x2": {"result": [2.7446378148160875], "stats": [{"ci_99": [2.682739626671233, 2.8096007701080463], "q_25": 2.711197006283328, "q_75": 2.778653131565079, "min": 2.7064757999032736, "max": 2.791228120215237, "mean": 2.7461701983896396, "std": 0.03625651209113116, "repeat": 6, "number": 1}]}, "core.runner.time_echo": {"result": [0.0017482525048156579], "stats": [{"ci_99": [0.0017285826615989208, 0.0018263009066383045], "q_25": 0.0017330747020120423, "q_75": 0.0017859239984924595, "min": 0.0017285826615989208, "max": 0.0018263009066383045, "mean": 0.00176419485360384, "std": 3.553035109132886e-05, "repeat": 10, "number": 6}]}, "core.runner.time_echo_gitrunner": {"result": [0.0021299682557582855], "stats": [{"ci_99": [0.0021118463948369024, 0.002206403948366642], "q_25": 0.0021170369349420067, "q_75": 0.002168859075754881, "min": 0.0021118463948369024, "max": 0.002206403948366642, "mean": 0.002144937962293625, "std": 3.250707045024843e-05, "repeat": 10, "number": 5}]}, "core.startup.time_help_np": {"result": [0.5529895131476223], "stats": [{"ci_99": [0.5173825277015567, 0.6242564106360078], "q_25": 0.5235915712546557, "q_75": 0.5826059244573116, "min": 0.5173825277015567, "max": 0.6242564106360078, "mean": 0.5571830479428173, "std": 0.03557413388918261, "repeat": 10, "number": 1}]}, "core.startup.time_import": {"result": [0.12624669121578336], "stats": [{"ci_99": [0.11680886149406433, 0.16854709293693304], "q_25": 0.12277382030151784, "q_75": 0.1555582678411156, "min": 0.11680886149406433, "max": 0.16854709293693304, "mean": 0.13661393020302057, "std": 0.01855379998002466, "repeat": 10, "number": 1}]}, "core.startup.time_import_api": {"result": [0.45893593644723296], "stats": [{"ci_99": [0.45123723056167364, 0.5814050445333123], "q_25": 0.45220094663091004, "q_75": 0.4840931626968086, "min": 0.45123723056167364, "max": 0.5814050445333123, "mean": 0.48171610590070485, "std": 0.04283596994525352, "repeat": 10, "number": 1}]}, "support.path.get_parent_paths.time_allsubmods_toplevel": null, "support.path.get_parent_paths.time_allsubmods_toplevel_only": null, "support.path.get_parent_paths.time_no_submods": null, "support.path.get_parent_paths.time_one_submod_subdir": null, "support.path.get_parent_paths.time_one_submod_toplevel": null, "usecases.study_forrest.time_make_studyforrest_mockup": {"result": [26.427422868087888], "stats": [{"ci_99": [26.383214335888624, 26.47163140028715], "q_25": 26.426980782765895, "q_75": 26.42786495340988, "min": 26.426538697443902, "max": 26.428307038731873, "mean": 26.427422868087888, "std": 0.0008841706439852715, "repeat": 2, "number": 1}]}, "core.runner.track_overhead_100ms": 1.26, "core.runner.track_overhead_echo": 37.33, "core.runner.track_overhead_heavyout": 8.53, "core.runner.track_overhead_heavyout_online_process": -3.29, "core.runner.track_overhead_heavyout_online_through": 40.17}, "params": {"arch": "x86_64", "cpu": "Intel(R) Xeon(R) CPU E5-1607 v2 @ 3.00GHz", "machine": "drogon-neurodebian0.20200209.1",