{"results": {"api.supers.time_createadd": {"result": [1.2789499443024397], "stats": [{"ci_99": [1.2508451463654637, 1.2955314423888922], "q_25": 1.2673143590800464, "q_75": 1.2849879413843155, "min": 1.2508451463654637, "max": 1.2955314423888922, "mean": 1.2756079859100282, "std": 0.01290388040772917, "repeat": 10, "number": 1}]}, "api.supers.time_createadd_to_dataset": {"result": [1.2124617379158735], "stats": [{"ci_99": [1.1926143849268556, 1.2671858528628945], "q_25": 1.1999018131755292, "q_75": 1.2256032025907189, "min": 1.1926143849268556, "max": 1.2671858528628945, "mean": 1.2181932960636914, "std": 0.022735232498308965, "repeat": 10, "number": 1}]}, "api.supers.time_diff": null, "api.supers.time_diff_recursive": null, "api.supers.time_installr": {"result": [5.479955924674869], "stats": [{"ci_99": [4.280389165505767, 6.679522683843969], "q_25": 5.467960257083178, "q_75": 5.49195159226656, "min": 5.4559645894914865, "max": 5.503947259858251, "mean": 5.479955924674869, "std": 0.023991335183382034, "repeat": 2, "number": 1}]}, "api.supers.time_ls": {"result": [0.19393737614154816], "stats": [{"ci_99": [0.18821523524820805, 0.1971256472170353], "q_25": 0.19342304370366037, "q_75": 0.19431654503569007, "min": 0.18821523524820805, "max": 0.1971256472170353, "mean": 0.1938464755192399, "std": 0.0022520567324116492, "repeat": 10, "number": 1}]}, "api.supers.time_ls_recursive": {"result": [1.8941676747053862], "stats": [{"ci_99": [1.8833374492824078, 1.9024116387590766], "q_25": 1.890548007329926, "q_75": 1.896619479637593, "min": 1.8833374492824078, "max": 1.9024116387590766, "mean": 1.8939387650229036, "std": 0.0053712546147591375, "repeat": 10, "number": 1}]}, "api.supers.time_ls_recursive_long_all": {"result": [2.055366504006088], "stats": [{"ci_99": [2.041330225765705, 2.0612907130271196], "q_25": 2.0508406972512603, "q_75": 2.0583995522465557, "min": 2.041330225765705, "max": 2.0612907130271196, "mean": 2.053693036432378, "std": 0.006386729074834955, "repeat": 8, "number": 1}]}, "api.supers.time_remove": null, "api.supers.time_status": {"result": [0.7482337630353868], "stats": [{"ci_99": [0.7438892787322402, 0.7516164537519217], "q_25": 0.7467143554240465, "q_75": 0.7503660866059363, "min": 0.7438892787322402, "max": 0.7516164537519217, "mean": 0.7481471688486636, "std": 0.002506006205947595, "repeat": 10, "number": 1}]}, "api.supers.time_status_recursive": {"result": [1.3916302165016532], "stats": [{"ci_99": [1.380607483908534, 1.39955566637218], "q_25": 1.388437166577205, "q_75": 1.3973491019569337, "min": 1.380607483908534, "max": 1.39955566637218, "mean": 1.391992754396051, "std": 0.005817098432191908, "repeat": 10, "number": 1}]}, "api.supers.time_subdatasets": {"result": [0.10998579720035195], "stats": [{"ci_99": [0.1066815797239542, 0.1149508012458682], "q_25": 0.10868917545303702, "q_75": 0.11157842143438756, "min": 0.1066815797239542, "max": 0.1149508012458682, "mean": 0.11019304767251015, "std": 0.002432371896191024, "repeat": 10, "number": 1}]}, "api.supers.time_subdatasets_recursive": {"result": [0.44090702291578054], "stats": [{"ci_99": [0.43695879727602005, 0.4426296418532729], "q_25": 0.44023350859060884, "q_75": 0.4418205569963902, "min": 0.43695879727602005, "max": 0.4426296418532729, "mean": 0.44054917646571995, "std": 0.0016636096979340508, "repeat": 10, "number": 1}]}, "api.supers.time_subdatasets_recursive_first": {"result": [0.1098267799243331], "stats": [{"ci_99": [0.10651971772313118, 0.11673121713101864], "q_25": 0.10870244214311242, "q_75": 0.11249827197752893, "min": 0.10651971772313118, "max": 0.11673121713101864, "mean": 0.11063990453258157, "std": 0.002860954816238019, "repeat": 10, "number": 1}]}, "api.supers.time_uninstall": {"result": [4.053656913805753], "stats": [{"ci_99": [4.022907404627546, 4.087323146473722], "q_25": 4.044827918056399, "q_75": 4.063944271299988, "min": 4.043378168717027, "max": 4.069769105874002, "mean": 4.055115275550634, "std": 0.011136101309529436, "repeat": 4, "number": 1}]}, "repo.gitrepo.time_get_content_info": {"result": [0.015621953643858433], "stats": [{"ci_99": [0.01416319515556097, 0.018151933327317238], "q_25": 0.01503467233851552, "q_75": 0.017168486956506968, "min": 0.01416319515556097, "max": 0.018151933327317238, "mean": 0.015993902273476125, "std": 0.0013801796857172142, "repeat": 10, "number": 1}]}, "api.testds.time_create_test_dataset1": {"result": [0.5906730848364532], "stats": [{"ci_99": [0.5822239853441715, 0.607162862084806], "q_25": 0.5876764669083059, "q_75": 0.5912279945332557, "min": 0.5822239853441715, "max": 0.607162862084806, "mean": 0.5906539226882159, "std": 0.006160774819446249, "repeat": 10, "number": 1}]}, "api.testds.time_create_test_dataset2x2": {"result": [3.5369689287617803], "stats": [{"ci_99": [3.4924045939967634, 3.5745536806955336], "q_25": 3.529019569978118, "q_75": 3.541428496129811, "min": 3.508342197164893, "max": 3.5516364946961403, "mean": 3.5334791373461485, "std": 0.015717400835268232, "repeat": 4, "number": 1}]}, "core.runner.time_echo": {"result": [0.0016856691023955743], "stats": [{"ci_99": [0.0016760396150251229, 0.0017221723683178425], "q_25": 0.0016819984496881564, "q_75": 0.0017038328805938363, "min": 0.0016760396150251229, "max": 0.0017221723683178425, "mean": 0.001692921311284105, "std": 1.4307708139665945e-05, "repeat": 10, "number": 6}]}, "core.runner.time_echo_gitrunner": {"result": [0.0025606484850868583], "stats": [{"ci_99": [0.002326986286789179, 0.002770619932562113], "q_25": 0.002437656745314598, "q_75": 0.0026605220627970994, "min": 0.002326986286789179, "max": 0.002770619932562113, "mean": 0.002554601710289717, "std": 0.00014648530348038472, "repeat": 10, "number": 4}]}, "core.startup.time_help_np": {"result": [0.5801256131380796], "stats": [{"ci_99": [0.5502196736633778, 0.6383008183911443], "q_25": 0.5610902449116111, "q_75": 0.6167343275155872, "min": 0.5502196736633778, "max": 0.6383008183911443, "mean": 0.5883376737125218, "std": 0.031714210103850816, "repeat": 10, "number": 1}]}, "core.startup.time_import": {"result": [0.1141767161898315], "stats": [{"ci_99": [0.11296283826231956, 0.19390348438173532], "q_25": 0.1133400839753449, "q_75": 0.15662163170054555, "min": 0.11296283826231956, "max": 0.19390348438173532, "mean": 0.13496083160862327, "std": 0.0280179148076108, "repeat": 10, "number": 1}]}, "core.startup.time_import_api": {"result": [0.5025324616581202], "stats": [{"ci_99": [0.4472600044682622, 0.5659004421904683], "q_25": 0.4507685292046517, "q_75": 0.522259522927925, "min": 0.4472600044682622, "max": 0.5659004421904683, "mean": 0.4944843166507781, "std": 0.040393795795336834, "repeat": 10, "number": 1}]}, "support.path.get_parent_paths.time_allsubmods_toplevel": {"result": [0.0069402523804455996], "stats": [{"ci_99": [0.006749431136995554, 0.008829084224998951], "q_25": 0.006865804782137275, "q_75": 0.0077421211171895266, "min": 0.006749431136995554, "max": 0.008829084224998951, "mean": 0.007350263139232993, "std": 0.0006842648393388077, "repeat": 10, "number": 2}]}, "support.path.get_parent_paths.time_allsubmods_toplevel_only": {"result": [0.00613826047629118], "stats": [{"ci_99": [0.006023623049259186, 0.006954869721084833], "q_25": 0.006105258362367749, "q_75": 0.006327354698441923, "min": 0.006023623049259186, "max": 0.006954869721084833, "mean": 0.006261757295578718, "std": 0.00028157296667597674, "repeat": 10, "number": 2}]}, "support.path.get_parent_paths.time_no_submods": {"result": [2.8625531836044103e-07], "stats": [{"ci_99": [2.8509026408453307e-07, 2.8864387640113966e-07], "q_25": 2.8522077168281126e-07, "q_75": 2.8735696733045387e-07, "min": 2.8509026408453307e-07, "max": 2.8864387640113966e-07, "mean": 2.864172967218334e-07, "std": 1.2427099100109382e-09, "repeat": 10, "number": 35142}]}, "support.path.get_parent_paths.time_one_submod_subdir": {"result": [0.005298793315887451], "stats": [{"ci_99": [0.005158684682101011, 0.006170374806970358], "q_25": 0.005274447612464428,