{"results": {"api.supers.time_createadd": {"result": [1.352996991481632], "stats": [{"ci_99": [1.3459053691476583, 1.3828325998038054], "q_25": 1.3494804170913994, "q_75": 1.3597152864094824, "min": 1.3459053691476583, "max": 1.3828325998038054, "mean": 1.3561737108975649, "std": 0.010136457186280867, "repeat": 10, "number": 1}]}, "api.supers.time_createadd_to_dataset": {"result": [1.1080138329416513], "stats": [{"ci_99": [1.0929484236985445, 1.130694312043488], "q_25": 1.104439307935536, "q_75": 1.1161589042749256, "min": 1.0929484236985445, "max": 1.130694312043488, "mean": 1.1104900686070323, "std": 0.012361057258581205, "repeat": 10, "number": 1}]}, "api.supers.time_diff": {"result": [0.10024751303717494], "stats": [{"ci_99": [0.08945232070982456, 0.12758043222129345], "q_25": 0.09262922569178045, "q_75": 0.10752327577210963, "min": 0.08945232070982456, "max": 0.12758043222129345, "mean": 0.10263406895101071, "std": 0.011653607917675142, "repeat": 10, "number": 1}]}, "api.supers.time_diff_recursive": {"result": [0.3083629421889782], "stats": [{"ci_99": [0.300594424828887, 0.3260177355259657], "q_25": 0.30494495341554284, "q_75": 0.31736599025316536, "min": 0.300594424828887, "max": 0.3260177355259657, "mean": 0.3111748675815761, "std": 0.008894269854173091, "repeat": 10, "number": 1}]}, "api.supers.time_installr": {"result": [3.9260129276663065], "stats": [{"ci_99": [3.6385458059561047, 4.22146963291349], "q_25": 3.8358260781969875, "q_75": 4.020194568904117, "min": 3.821715691126883, "max": 4.046289331279695, "mean": 3.9300077194347978, "std": 0.09986905466075065, "repeat": 4, "number": 1}]}, "api.supers.time_ls": {"result": [0.7335570082068443], "stats": [{"ci_99": [0.6846085684373975, 0.7850489923730493], "q_25": 0.6938196653500199, "q_75": 0.7719564326107502, "min": 0.6846085684373975, "max": 0.7850489923730493, "mean": 0.7328775018453598, "std": 0.040715013957292726, "repeat": 10, "number": 1}]}, "api.supers.time_ls_recursive": {"result": [2.7689691819250584], "stats": [{"ci_99": [2.5421516930242363, 2.99793155762752], "q_25": 2.6407750197686255, "q_75": 2.8958230812568218, "min": 2.6347189424559474, "max": 2.911441098898649, "mean": 2.7700416253258786, "std": 0.12985267229305555, "repeat": 6, "number": 1}]}, "api.supers.time_ls_recursive_long_all": {"result": [2.8087799292989075], "stats": [{"ci_99": [2.7445890058818243, 2.9968921849504113], "q_25": 2.790750128682703, "q_75": 2.825073953019455, "min": 2.7870000060647726, "max": 2.9968921849504113, "mean": 2.8361162565027676, "std": 0.07348393320736675, "repeat": 6, "number": 1}]}, "api.supers.time_remove": {"result": [2.0934095666743815], "stats": [{"ci_99": [2.0750881265848875, 2.1150440955534577], "q_25": 2.087133068824187, "q_75": 2.100252791075036, "min": 2.0750881265848875, "max": 2.1150440955534577, "mean": 2.0939428634010255, "std": 0.011907242005103695, "repeat": 8, "number": 1}]}, "api.supers.time_status": {"result": [0.6878916742280126], "stats": [{"ci_99": [0.6786412922665477, 0.6974276322871447], "q_25": 0.6837255614809692, "q_75": 0.6924826428294182, "min": 0.6786412922665477, "max": 0.6974276322871447, "mean": 0.6880278373137116, "std": 0.006362637562351612, "repeat": 10, "number": 1}]}, "api.supers.time_status_recursive": {"result": [1.1500464617274702], "stats": [{"ci_99": [1.1384966606274247, 1.1603477438911796], "q_25": 1.1483011504169554, "q_75": 1.15677394089289, "min": 1.1384966606274247, "max": 1.1603477438911796, "mean": 1.1509199239313603, "std": 0.006566767219475433, "repeat": 10, "number": 1}]}, "api.supers.time_subdatasets": {"result": [0.053864176850765944], "stats": [{"ci_99": [0.048608047887682915, 0.058761848136782646], "q_25": 0.05183719331398606, "q_75": 0.05565344193018973, "min": 0.048608047887682915, "max": 0.058761848136782646, "mean": 0.053606587648391726, "std": 0.0029310504659936093, "repeat": 10, "number": 1}]}, "api.supers.time_subdatasets_recursive": {"result": [0.1227531242184341], "stats": [{"ci_99": [0.11565021611750126, 0.1322586750611663], "q_25": 0.1200694430153817, "q_75": 0.12684874003753066, "min": 0.11565021611750126, "max": 0.1322586750611663, "mean": 0.12369512803852559, "std": 0.004809586397732954, "repeat": 10, "number": 1}]}, "api.supers.time_subdatasets_recursive_first": {"result": [0.05326716834679246], "stats": [{"ci_99": [0.04611392505466938, 0.05759888235479593], "q_25": 0.05055081215687096, "q_75": 0.055407750653102994, "min": 0.04611392505466938, "max": 0.05759888235479593, "mean": 0.05289170742034912, "std": 0.003374625831146971, "repeat": 10, "number": 1}]}, "api.supers.time_uninstall": {"result": [2.191548088565469], "stats": [{"ci_99": [2.160090707242489, 2.1999066090211272], "q_25": 2.18264843756333, "q_75": 2.1968271578662097, "min": 2.160090707242489, "max": 2.1999066090211272, "mean": 2.187401312054135, "std": 0.012744037644470602, "repeat": 8, "number": 1}]}, "repo.gitrepo.time_get_content_info": {"result": [0.02054893271997571], "stats": [{"ci_99": [0.016230043955147266, 0.024836392141878605], "q_25": 0.01832351414486766, "q_75": 0.020905271638184786, "min": 0.016230043955147266, "max": 0.024836392141878605, "mean": 0.02007051920518279, "std": 0.002354408231088837, "repeat": 10, "number": 1}]}, "api.testds.time_create_test_dataset1": {"result": [0.4417949258349836], "stats": [{"ci_99": [0.43561809323728085, 0.4593406058847904], "q_25": 0.4391003670170903, "q_75": 0.4506129410583526, "min": 0.43561809323728085, "max": 0.4593406058847904, "mean": 0.4446702452376485, "std": 0.007400688622720512, "repeat": 10, "number": 1}]}, "api.testds.time_create_test_dataset2x2": {"result": [2.766782004851848], "stats": [{"ci_99": [2.746373776117078, 2.79861347284168], "q_25": 2.75995613867417, "q_75": 2.770177744096145, "min": 2.749548275023699, "max": 2.79861347284168, "mean": 2.7684527107824883, "std": 0.01522585380553555, "repeat": 6, "number": 1}]}, "core.runner.time_echo": {"result": [0.0019700588658452035], "stats": [{"ci_99": [0.00173097662627697, 0.002301247790455818], "q_25": 0.0017450008541345598, "q_75": 0.0021062794607132674, "min": 0.00173097662627697, "max": 0.002301247790455818, "mean": 0.0019596977904438972, "std": 0.0002006898552047771, "repeat": 10, "number": 5}]}, "core.runner.time_echo_gitrunner": {"result": [0.002367985714226961], "stats": [{"ci_99": [0.002151690423488617, 0.0030034052208065985], "q_25": 0.002281433530151844, "q_75": 0.002606650115922094, "min": 0.002151690423488617, "max": 0.0030034052208065985, "mean": 0.0024511381424963475, "std": 0.00025578960940076566, "repeat": 10, "number": 5}]}, "core.startup.time_help_np": {"result": [0.5682365279644728], "stats": [{"ci_99": [0.5212446693331003, 0.6266769263893366], "q_25": 0.5518122573848814, "q_75": 0.5915687009692192, "min": 0.5212446693331003, "max": 0.6266769263893366, "mean": 0.5729004045017063, "std": 0.031454385614761306, "repeat": 10, "number": 1}]}, "core.startup.time_import": {"result": [0.157528854906559], "stats": [{"ci_99": [0.11690672021359205, 0.20455921534448862], "q_25": 0.12706688605248928, "q_75": 0.17300655599683523, "min": 0.11690672021359205, "max": 0.20455921534448862, "mean": 0.15528103625401854, "std": 0.029549117431257023, "repeat": 10, "number": 1}]}, "core.startup.time_import_api": {"result": [0.5358485477045178], "stats": [{"ci_99": [0.48971813544631004, 0.5970150427892804], "q_25": 0.5073858257383108, "q_75": 0.5571402190253139, "min": 0.48971813544631004, "max": 0.5970150427892804, "mean": 0.5351398625411093, "std": 0.03225197126831403, "repeat": 10, "number": 1}]}, "support.path.get_parent_paths.time_allsubmods_toplevel": null, "support.path.get_parent_paths.time_allsubmods_toplevel_only": null, "support.path.get_parent_paths.time_no_submods": null, "support.path.get_parent_paths.time_one_submod_subdir": null, "support.path.get_parent_paths.time_one_submod_toplevel": null, "usecases.study_forrest.time_make_studyforrest_mockup": {"result": [35.53460750589147], "stats": [{"ci_99": [32.847907630261034, 38.22130738152191],