{"results": {"api.supers.time_createadd": {"result": [1.4733265689574182], "stats": [{"ci_99": [1.4637577226385474, 1.4889632053673267], "q_25": 1.4684128928929567, "q_75": 1.4829019950702786, "min": 1.4637577226385474, "max": 1.4889632053673267, "mean": 1.4749120067805053, "std": 0.008777785312250385, "repeat": 10, "number": 1}]}, "api.supers.time_createadd_to_dataset": {"result": [1.3800212782807648], "stats": [{"ci_99": [1.358529162593186, 1.4302551867440343], "q_25": 1.3759419620037079, "q_75": 1.3856453520711511, "min": 1.358529162593186, "max": 1.4302551867440343, "mean": 1.382150605507195, "std": 0.018534315400473577, "repeat": 10, "number": 1}]}, "api.supers.time_diff": null, "api.supers.time_diff_recursive": null, "api.supers.time_installr": {"result": [8.688912088051438], "stats": [{"ci_99": [7.965188905596733, 9.412635270506144], "q_25": 8.681674856226891, "q_75": 8.696149319875985, "min": 8.674437624402344, "max": 8.703386551700532, "mean": 8.688912088051438, "std": 0.014474463649094105, "repeat": 2, "number": 1}]}, "api.supers.time_ls": {"result": [0.25749922916293144], "stats": [{"ci_99": [0.25364122446626425, 0.2640802636742592], "q_25": 0.25508021586574614, "q_75": 0.25983479782007635, "min": 0.25364122446626425, "max": 0.2640802636742592, "mean": 0.25780651569366453, "std": 0.003150419880109564, "repeat": 10, "number": 1}]}, "api.supers.time_ls_recursive": {"result": [2.6018955828621984], "stats": [{"ci_99": [2.585261186612985, 2.6395780378952622], "q_25": 2.596336147049442, "q_75": 2.6040198577102274, "min": 2.5920836878940463, "max": 2.6395780378952622, "mean": 2.6057773071030774, "std": 0.015743756307871743, "repeat": 6, "number": 1}]}, "api.supers.time_ls_recursive_long_all": {"result": [2.7900337991304696], "stats": [{"ci_99": [2.729315974775188, 2.886839319615828], "q_25": 2.7699505649507046, "q_75": 2.854803354945034, "min": 2.7564726332202554, "max": 2.8722762912511826, "mean": 2.8080776471955082, "std": 0.04741352115723033, "repeat": 6, "number": 1}]}, "api.supers.time_remove": {"result": [6.92063622456044], "stats": [{"ci_99": [6.885277817957103, 6.955994631163776], "q_25": 6.920282640494406, "q_75": 6.920989808626473, "min": 6.919929056428373, "max": 6.921343392692506, "mean": 6.92063622456044, "std": 0.0007071681320667267, "repeat": 2, "number": 1}]}, "api.supers.time_status": {"result": [0.8143148180097342], "stats": [{"ci_99": [0.8088722769171, 0.8208575053140521], "q_25": 0.8123290173243731, "q_75": 0.8155614843126386, "min": 0.8088722769171, "max": 0.8208575053140521, "mean": 0.8141686311922968, "std": 0.0035262812983392075, "repeat": 10, "number": 1}]}, "api.supers.time_status_recursive": {"result": [1.6681834943592548], "stats": [{"ci_99": [1.6626022662967443, 1.6773352734744549], "q_25": 1.6669350694864988, "q_75": 1.6710271718911827, "min": 1.6626022662967443, "max": 1.6773352734744549, "mean": 1.6694621161557734, "std": 0.004485262341914739, "repeat": 10, "number": 1}]}, "api.supers.time_subdatasets": {"result": [0.21185401966795325], "stats": [{"ci_99": [0.2104077059775591, 0.22217241488397121], "q_25": 0.21082751196809113, "q_75": 0.21579993749037385, "min": 0.2104077059775591, "max": 0.22217241488397121, "mean": 0.2135926153510809, "std": 0.0035783535293021367, "repeat": 10, "number": 1}]}, "api.supers.time_subdatasets_recursive": {"result": [0.6714109419845045], "stats": [{"ci_99": [0.6675839172676206, 0.6762044224888086], "q_25": 0.6697864257730544, "q_75": 0.6750357770361006, "min": 0.6675839172676206, "max": 0.6762044224888086, "mean": 0.6720520356670022, "std": 0.002943198875919161, "repeat": 10, "number": 1}]}, "api.supers.time_subdatasets_recursive_first": {"result": [0.1852848008275032], "stats": [{"ci_99": [0.18385486491024494, 0.18798319529742002], "q_25": 0.18437564745545387, "q_75": 0.18666978552937508, "min": 0.18385486491024494, "max": 0.18798319529742002, "mean": 0.1855503475293517, "std": 0.001370249762461676, "repeat": 10, "number": 1}]}, "api.supers.time_uninstall": {"result": [6.722780710551888], "stats": [{"ci_99": [6.4443899295292795, 7.001171491574496], "q_25": 6.719996802741662, "q_75": 6.725564618362114, "min": 6.717212894931436, "max": 6.72834852617234, "mean": 6.722780710551888, "std": 0.005567815620452166, "repeat": 2, "number": 1}]}, "repo.gitrepo.time_get_content_info": {"result": [0.014631578233093023], "stats": [{"ci_99": [0.014462830498814583, 0.015533276833593845], "q_25": 0.014520409516990185, "q_75": 0.015008458867669106, "min": 0.014462830498814583, "max": 0.015533276833593845, "mean": 0.014806515071541071, "std": 0.0003511981570481525, "repeat": 10, "number": 1}]}, "api.testds.time_create_test_dataset1": {"result": [0.7636077632196248], "stats": [{"ci_99": [0.7504177885130048, 0.78958451282233], "q_25": 0.7563150797504932, "q_75": 0.7669032192789018, "min": 0.7504177885130048, "max": 0.78958451282233, "mean": 0.7645706664770842, "std": 0.01093855386777844, "repeat": 10, "number": 1}]}, "api.testds.time_create_test_dataset2x2": {"result": [4.206897160038352], "stats": [{"ci_99": [4.145856276566136, 4.2693913081269965], "q_25": 4.186650838935748, "q_75": 4.227870113449171, "min": 4.186289297416806, "max": 4.230411551892757, "mean": 4.207623792346567, "std": 0.021128149966555623, "repeat": 4, "number": 1}]}, "core.runner.time_echo": {"result": [0.001764365565031767], "stats": [{"ci_99": [0.0017123211175203324, 0.00203105378895998], "q_25": 0.0017207123339176176, "q_75": 0.0018817827571183444, "min": 0.0017123211175203324, "max": 0.00203105378895998, "mean": 0.0018167878687381743, "std": 0.00011221171372407821, "repeat": 10, "number": 5}]}, "core.runner.time_echo_gitrunner": {"result": [0.0027444190345704556], "stats": [{"ci_99": [0.0024087862111628056, 0.0030966508202254772], "q_25": 0.0025712932110764086, "q_75": 0.0027574061532504857, "min": 0.0024087862111628056, "max": 0.0030966508202254772, "mean": 0.0027074034791439773, "std": 0.00017933426722146434, "repeat": 10, "number": 4}]}, "core.startup.time_help_np": {"result": [0.5725006088614464], "stats": [{"ci_99": [0.5144500033929944, 0.6214273320510983], "q_25": 0.5310900483746082, "q_75": 0.6038943342864513, "min": 0.5144500033929944, "max": 0.6214273320510983, "mean": 0.570483882818371, "std": 0.03920398130516614, "repeat": 10, "number": 1}]}, "core.startup.time_import": {"result": [0.17911963863298297], "stats": [{"ci_99": [0.12363338749855757, 0.19640292692929506], "q_25": 0.15462058526463807, "q_75": 0.18773341993801296, "min": 0.12363338749855757, "max": 0.19640292692929506, "mean": 0.16976381354033948, "std": 0.023971483989116058, "repeat": 10, "number": 1}]}, "core.startup.time_import_api": {"result": [0.5062313103117049], "stats": [{"ci_99": [0.44653139635920525, 0.5357083259150386], "q_25": 0.46707807877101004, "q_75": 0.5123440800234675, "min": 0.44653139635920525, "max": 0.5357083259150386, "mean": 0.4928275039419532, "std": 0.031028437308671344, "repeat": 10, "number": 1}]}, "support.path.get_parent_paths.time_allsubmods_toplevel": {"result": [0.00724556646309793], "stats": [{"ci_99": [0.007167269941419363, 0.007779979612678289], "q_25": 0.007216646452434361, "q_75": 0.007281570229679346, "min": 0.007167269941419363, "max": 0.007779979612678289, "mean": 0.007293448643758893, "std": 0.00016766945194866717, "repeat": 10, "number": 2}]}, "support.path.get_parent_paths.time_allsubmods_toplevel_only": {"result": [0.006520916940644383], "stats": [{"ci_99": [0.006435326766222715, 0.007632292341440916], "q_25": 0.006467209896072745, "q_75": 0.0068549682619050145, "min": 0.006435326766222715, "max": 0.007632292341440916, "mean": 0.006727334950119257, "std": 0.000383489755011139, "repeat": 10, "number": 2}]}, "support.path.get_parent_paths.time_no_submods": {"result": [2.883270767287191e-07], "stats": [{"ci_99": [2.747873482248086e-07, 3.38390933137092e-07], "q_25": 2.755826839747435e-07, "q_75": 3.12948594030081e-07, "min": 2.747873482248086e-07, "max": 3.38390933137092e-07, "mean": 2.9629404488331573e-07,