{"results": {"api.supers.time_createadd": {"result": [1.3074884456582367], "stats": [{"ci_99": [1.28855874016881, 1.3392640361562371], "q_25": 1.2996622149366885, "q_75": 1.3248158995993435, "min": 1.28855874016881, "max": 1.3392640361562371, "mean": 1.311718513444066, "std": 0.015847283025563094, "repeat": 10, "number": 1}]}, "api.supers.time_createadd_to_dataset": {"result": [1.2603210406377912], "stats": [{"ci_99": [1.2373355152085423, 1.2846704227849841], "q_25": 1.2529145197477192, "q_75": 1.279125059954822, "min": 1.2373355152085423, "max": 1.2846704227849841, "mean": 1.263843181822449, "std": 0.015898347447301807, "repeat": 10, "number": 1}]}, "api.supers.time_diff": null, "api.supers.time_diff_recursive": null, "api.supers.time_installr": {"result": [5.555528149474412], "stats": [{"ci_99": [4.919933670666069, 6.191122628282755], "q_25": 5.549172204686329, "q_75": 5.561884094262496, "min": 5.542816259898245, "max": 5.568240039050579, "mean": 5.555528149474412, "std": 0.012711889576166868, "repeat": 2, "number": 1}]}, "api.supers.time_ls": {"result": [0.18379265163093805], "stats": [{"ci_99": [0.18000624049454927, 0.20075901504606009], "q_25": 0.18186163972131908, "q_75": 0.1887353991623968, "min": 0.18000624049454927, "max": 0.20075901504606009, "mean": 0.18593398882076145, "std": 0.0060797171202187006, "repeat": 10, "number": 1}]}, "api.supers.time_ls_recursive": {"result": [1.7874545250087976], "stats": [{"ci_99": [1.7724857944995165, 1.804179197177291], "q_25": 1.7828243097756058, "q_75": 1.7919997577555478, "min": 1.7724857944995165, "max": 1.804179197177291, "mean": 1.786857401765883, "std": 0.009113023839819531, "repeat": 10, "number": 1}]}, "api.supers.time_ls_recursive_long_all": {"result": [1.9500173581764102], "stats": [{"ci_99": [1.9357369830831885, 1.9615336200222373], "q_25": 1.945016182726249, "q_75": 1.9526650877669454, "min": 1.9357369830831885, "max": 1.9615336200222373, "mean": 1.9486309565836564, "std": 0.007718259047399804, "repeat": 8, "number": 1}]}, "api.supers.time_remove": null, "api.supers.time_status": {"result": [0.7215391686186194], "stats": [{"ci_99": [0.7192007573321462, 0.7256935797631741], "q_25": 0.7203286825679243, "q_75": 0.7238860542420298, "min": 0.7192007573321462, "max": 0.7256935797631741, "mean": 0.7220934332348407, "std": 0.0020736243042823624, "repeat": 10, "number": 1}]}, "api.supers.time_status_recursive": {"result": [1.3677187175489962], "stats": [{"ci_99": [1.3625380080193281, 1.3819655058905482], "q_25": 1.3668240506667644, "q_75": 1.369420264614746, "min": 1.3625380080193281, "max": 1.3819655058905482, "mean": 1.368660853523761, "std": 0.00501098632584495, "repeat": 10, "number": 1}]}, "api.supers.time_subdatasets": {"result": [0.09933989262208343], "stats": [{"ci_99": [0.09396789595484734, 0.10280591063201427], "q_25": 0.09668452758342028, "q_75": 0.09979835501872003, "min": 0.09396789595484734, "max": 0.10280591063201427, "mean": 0.09858585856854915, "std": 0.0027920990074083137, "repeat": 10, "number": 1}]}, "api.supers.time_subdatasets_recursive": {"result": [0.42946180095896125], "stats": [{"ci_99": [0.4254138329997659, 0.43629856407642365], "q_25": 0.42790665896609426, "q_75": 0.4341600206680596, "min": 0.4254138329997659, "max": 0.43629856407642365, "mean": 0.4305179538205266, "std": 0.0037925542588325197, "repeat": 10, "number": 1}]}, "api.supers.time_subdatasets_recursive_first": {"result": [0.09426034428179264], "stats": [{"ci_99": [0.09295786265283823, 0.09877600613981485], "q_25": 0.0938245605211705, "q_75": 0.09743334958329797, "min": 0.09295786265283823, "max": 0.09877600613981485, "mean": 0.09536875141784548, "std": 0.0020546294847400993, "repeat": 10, "number": 1}]}, "api.supers.time_uninstall": {"result": [4.263298423029482], "stats": [{"ci_99": [4.242304648347616, 4.282747705392122], "q_25": 4.258411972317845, "q_75": 4.267412627581507, "min": 4.251862494274974, "max": 4.271645367145538, "mean": 4.262526176869869, "std": 0.00729181140780728, "repeat": 4, "number": 1}]}, "repo.gitrepo.time_get_content_info": {"result": [0.01592447003349662], "stats": [{"ci_99": [0.014419429935514927, 0.017942124977707863], "q_25": 0.015616129850968719, "q_75": 0.01641458203084767, "min": 0.014419429935514927, "max": 0.017942124977707863, "mean": 0.016128971334546806, "std": 0.001047299445220276, "repeat": 10, "number": 1}]}, "api.testds.time_create_test_dataset1": {"result": [0.6172589748166502], "stats": [{"ci_99": [0.6126124979928136, 0.6211692737415433], "q_25": 0.6152749855536968, "q_75": 0.6200953864026815, "min": 0.6126124979928136, "max": 0.6211692737415433, "mean": 0.617352225072682, "std": 0.0028850365904962475, "repeat": 10, "number": 1}]}, "api.testds.time_create_test_dataset2x2": {"result": [3.791513031348586], "stats": [{"ci_99": [3.757346135921673, 3.8396496829726834], "q_25": 3.787431721808389, "q_75": 3.8025792189873755, "min": 3.784843508154154, "max": 3.826122066937387, "mean": 3.7984979094471782, "std": 0.01633885096037776, "repeat": 4, "number": 1}]}, "core.runner.time_echo": {"result": [0.0018410270567983389], "stats": [{"ci_99": [0.0016963634019096692, 0.0023624752648174763], "q_25": 0.001701832632534206, "q_75": 0.0021011061423147717, "min": 0.0016963634019096692, "max": 0.0023624752648174763, "mean": 0.0019247569143772125, "std": 0.00024201456444342736, "repeat": 10, "number": 6}]}, "core.runner.time_echo_gitrunner": {"result": [0.0023376172175630927], "stats": [{"ci_99": [0.0022061453200876713, 0.0025971054565161467], "q_25": 0.0022637778893113136, "q_75": 0.0023858820204623044, "min": 0.0022061453200876713, "max": 0.0025971054565161467, "mean": 0.002347161388024688, "std": 0.00011149132268400828, "repeat": 10, "number": 4}]}, "core.startup.time_help_np": {"result": [0.5982243162579834], "stats": [{"ci_99": [0.5388391138985753, 0.6498700901865959], "q_25": 0.5848135533742607, "q_75": 0.6299464695621282, "min": 0.5388391138985753, "max": 0.6498700901865959, "mean": 0.6015753247775137, "std": 0.03197026866653637, "repeat": 10, "number": 1}]}, "core.startup.time_import": {"result": [0.17060736613348126], "stats": [{"ci_99": [0.12828903179615736, 0.20401864312589169], "q_25": 0.16758400504477322, "q_75": 0.1842847124207765, "min": 0.12828903179615736, "max": 0.20401864312589169, "mean": 0.1738377165980637, "std": 0.020231304508844004, "repeat": 10, "number": 1}]}, "core.startup.time_import_api": {"result": [0.5212783669121563], "stats": [{"ci_99": [0.47131923772394657, 0.5991722280159593], "q_25": 0.516359951114282, "q_75": 0.563059406587854, "min": 0.47131923772394657, "max": 0.5991722280159593, "mean": 0.5371839873492718, "std": 0.03880815102884688, "repeat": 10, "number": 1}]}, "support.path.get_parent_paths.time_allsubmods_toplevel": {"result": [0.007304579485207796], "stats": [{"ci_99": [0.006702634505927563, 0.008549262303858995], "q_25": 0.006969941547140479, "q_75": 0.00779074989259243, "min": 0.006702634505927563, "max": 0.008549262303858995, "mean": 0.007419294025748968, "std": 0.0005504718416703476, "repeat": 10, "number": 2}]}, "support.path.get_parent_paths.time_allsubmods_toplevel_only": {"result": [0.006224450189620256], "stats": [{"ci_99": [0.005946014542132616, 0.008012734353542328], "q_25": 0.00601329212076962, "q_75": 0.007048230851069093, "min": 0.005946014542132616, "max": 0.008012734353542328, "mean": 0.006587811885401607, "std": 0.000710912766432314, "repeat": 10, "number": 2}]}, "support.path.get_parent_paths.time_no_submods": {"result": [3.079581443248975e-07], "stats": [{"ci_99": [2.7650806795277824e-07, 3.6530008341045555e-07], "q_25": 2.7812137168175586e-07, "q_75": 3.2554772263346174e-07, "min": 2.7650806795277824e-07, "max": 3.6530008341045555e-07, "mean": 3.0830931575060374e-07, "std": 2.993083962419621e-08, "repeat": 10, "number": 38949}]}, "support.path.get_parent_paths.time_one_submod_subdir": {"result": [0.006210350897163153], "stats": [{"ci_99": [0.005614185240119696, 0.006992965005338192], "q_25": 0.0059029958210885525,