{"results": {"api.supers.time_createadd": {"result": [0.9894413147121668], "stats": [{"ci_99": [0.9639793252572417, 1.0092261238023639], "q_25": 0.978670499054715, "q_75": 0.9906241840217263, "min": 0.9639793252572417, "max": 1.0092261238023639, "mean": 0.9865330691449344, "std": 0.012159601083795895, "repeat": 10, "number": 1}]}, "api.supers.time_createadd_to_dataset": {"result": [0.986303246114403], "stats": [{"ci_99": [0.960429142229259, 1.0099856266751885], "q_25": 0.9708932833746076, "q_75": 0.992742694914341, "min": 0.960429142229259, "max": 1.0099856266751885, "mean": 0.9845580427907408, "std": 0.01579458717267378, "repeat": 10, "number": 1}]}, "api.supers.time_diff": null, "api.supers.time_diff_recursive": null, "api.supers.time_installr": {"result": [4.076229381840676], "stats": [{"ci_99": [3.9634636990168395, 4.206747318580628], "q_25": 4.0545624361839145, "q_75": 4.106772454455495, "min": 4.0339401150122285, "max": 4.154023156501353, "mean": 4.085105508798733, "std": 0.044617169042323934, "repeat": 4, "number": 1}]}, "api.supers.time_ls": {"result": [0.11912455596029758], "stats": [{"ci_99": [0.11437243595719337, 0.13097362406551838], "q_25": 0.11613822728395462, "q_75": 0.12249599699862301, "min": 0.11437243595719337, "max": 0.13097362406551838, "mean": 0.12006797175854445, "std": 0.00494600073436792, "repeat": 10, "number": 1}]}, "api.supers.time_ls_recursive": {"result": [1.0774021395482123], "stats": [{"ci_99": [1.0638986816629767, 1.0837048860266805], "q_25": 1.0697603761218488, "q_75": 1.0825841159094125, "min": 1.0638986816629767, "max": 1.0837048860266805, "mean": 1.0756723479367793, "std": 0.007103404174589238, "repeat": 10, "number": 1}]}, "api.supers.time_ls_recursive_long_all": {"result": [1.237072782125324], "stats": [{"ci_99": [1.2264040224254131, 1.249608320184052], "q_25": 1.233874628553167, "q_75": 1.2405922813341022, "min": 1.2264040224254131, "max": 1.249608320184052, "mean": 1.2372975653968752, "std": 0.0059549083330407634, "repeat": 10, "number": 1}]}, "api.supers.time_remove": {"result": [2.0359765426255763], "stats": [{"ci_99": [2.0216901944950223, 2.0723802307620645], "q_25": 2.0257801522966474, "q_75": 2.0493223038502038, "min": 2.0216901944950223, "max": 2.0723802307620645, "mean": 2.0395640244241804, "std": 0.01643827890309205, "repeat": 8, "number": 1}]}, "api.supers.time_status": {"result": [0.6887958301231265], "stats": [{"ci_99": [0.680021146312356, 0.6949054598808289], "q_25": 0.6873537260107696, "q_75": 0.6913096641656011, "min": 0.680021146312356, "max": 0.6949054598808289, "mean": 0.6888438895344734, "std": 0.003956646478159091, "repeat": 10, "number": 1}]}, "api.supers.time_status_recursive": {"result": [1.1502376263961196], "stats": [{"ci_99": [1.1371366363018751, 1.1617747163400054], "q_25": 1.1447310806252062, "q_75": 1.1555409273132682, "min": 1.1371366363018751, "max": 1.1617747163400054, "mean": 1.1496039127931, "std": 0.007896666936167673, "repeat": 10, "number": 1}]}, "api.supers.time_subdatasets": {"result": [0.06831349106505513], "stats": [{"ci_99": [0.06605398003011942, 0.07252444420009851], "q_25": 0.06670805183239281, "q_75": 0.06914177467115223, "min": 0.06605398003011942, "max": 0.07252444420009851, "mean": 0.06830201344564557, "std": 0.001872113216538934, "repeat": 10, "number": 1}]}, "api.supers.time_subdatasets_recursive": {"result": [0.2508466588333249], "stats": [{"ci_99": [0.2421344006434083, 0.2546624653041363], "q_25": 0.24496614933013916, "q_75": 0.25268729403615, "min": 0.2421344006434083, "max": 0.2546624653041363, "mean": 0.2490465517155826, "std": 0.004556865637319928, "repeat": 10, "number": 1}]}, "api.supers.time_subdatasets_recursive_first": {"result": [0.06852300418540835], "stats": [{"ci_99": [0.060926539823412895, 0.07445695996284485], "q_25": 0.06492271437309682, "q_75": 0.0699999111238867, "min": 0.060926539823412895, "max": 0.07445695996284485, "mean": 0.06764068836346268, "std": 0.0037640683255249522, "repeat": 10, "number": 1}]}, "api.supers.time_uninstall": {"result": [1.997167409863323], "stats": [{"ci_99": [1.9807683946564794, 2.0051122922450304], "q_25": 1.9879739405587316, "q_75": 2.0006214333698153, "min": 1.9807683946564794, "max": 2.0051122922450304, "mean": 1.9946154148783535, "std": 0.008715884801208742, "repeat": 8, "number": 1}]}, "repo.gitrepo.time_get_content_info": {"result": [0.019773431587964296], "stats": [{"ci_99": [0.017267456278204918, 0.02347787469625473], "q_25": 0.01857465971261263, "q_75": 0.021427063504233956, "min": 0.017267456278204918, "max": 0.02347787469625473, "mean": 0.020104818791151047, "std": 0.001985793199185238, "repeat": 10, "number": 1}]}, "api.testds.time_create_test_dataset1": {"result": [0.4345857794396579], "stats": [{"ci_99": [0.4285341054201126, 0.45200688298791647], "q_25": 0.43293654918670654, "q_75": 0.4402343165129423, "min": 0.4285341054201126, "max": 0.45200688298791647, "mean": 0.43721343791112305, "std": 0.006849712470998773, "repeat": 10, "number": 1}]}, "api.testds.time_create_test_dataset2x2": {"result": [2.7044253032654524], "stats": [{"ci_99": [2.67370540649665, 2.746189160272479], "q_25": 2.696502889506519, "q_75": 2.713801216566935, "min": 2.6742499079555273, "max": 2.746189160272479, "mean": 2.706679713446647, "std": 0.021892540580060665, "repeat": 6, "number": 1}]}, "core.runner.time_echo": {"result": [0.001993596786633134], "stats": [{"ci_99": [0.0017191008664667606, 0.0023081544786691666], "q_25": 0.001748948823660612, "q_75": 0.0021904442692175508, "min": 0.0017191008664667606, "max": 0.0023081544786691666, "mean": 0.0019811686904480062, "std": 0.0002209939598280151, "repeat": 10, "number": 6}]}, "core.runner.time_echo_gitrunner": {"result": [0.002250780165195465], "stats": [{"ci_99": [0.002132794074714184, 0.0027464890852570535], "q_25": 0.0021490227896720174, "q_75": 0.0024834758136421443, "min": 0.002132794074714184, "max": 0.0027464890852570535, "mean": 0.002334496583789587, "std": 0.0002143368949279432, "repeat": 10, "number": 5}]}, "core.startup.time_help_np": {"result": [0.5833347849547863], "stats": [{"ci_99": [0.51756392698735, 0.6348779480904341], "q_25": 0.5684585135895759, "q_75": 0.587466605938971, "min": 0.51756392698735, "max": 0.6348779480904341, "mean": 0.5829208914190531, "std": 0.03186195344657233, "repeat": 10, "number": 1}]}, "core.startup.time_import": {"result": [0.1839756341651082], "stats": [{"ci_99": [0.11620213277637959, 0.21511791739612818], "q_25": 0.1632635814603418, "q_75": 0.1980296177789569, "min": 0.11620213277637959, "max": 0.21511791739612818, "mean": 0.17633010456338524, "std": 0.029720985088026997, "repeat": 10, "number": 1}]}, "core.startup.time_import_api": {"result": [0.515816024504602], "stats": [{"ci_99": [0.4810059769079089, 0.565906198695302], "q_25": 0.49910700088366866, "q_75": 0.5417475898284465, "min": 0.4810059769079089, "max": 0.565906198695302, "mean": 0.5206051448360085, "std": 0.02743607007260845, "repeat": 10, "number": 1}]}, "support.path.get_parent_paths.time_allsubmods_toplevel": null, "support.path.get_parent_paths.time_allsubmods_toplevel_only": null, "support.path.get_parent_paths.time_no_submods": null, "support.path.get_parent_paths.time_one_submod_subdir": null, "support.path.get_parent_paths.time_one_submod_toplevel": null, "usecases.study_forrest.time_make_studyforrest_mockup": {"result": [26.2444948265329], "stats": [{"ci_99": [14.32009571697563, 38.16889393609016], "q_25": 26.125250835437328, "q_75": 26.363738817628473, "min": 26.006006844341755, "max": 26.482982808724046, "mean": 26.2444948265329, "std": 0.23848798219114542, "repeat": 2, "number": 1}]}, "core.runner.track_overhead_100ms": 3.86, "core.runner.track_overhead_echo": 33.16, "core.runner.track_overhead_heavyout": -5.45, "core.runner.track_overhead_heavyout_online_process": -10.95, "core.runner.track_overhead_heavyout_online_through": 15.12}, "params": {"arch": "x86_64", "cpu": "Intel(R) Xeon(R) CPU E5-1607 v2 @ 3.00GHz", "machine": "drogon-neurodebian0.20200209.1",