{"results": {"api.supers.time_createadd": {"result": [1.2685297131538391], "stats": [{"ci_99": [1.2459012754261494, 1.3035778077319264], "q_25": 1.2585057020187378, "q_75": 1.285325131379068, "min": 1.2459012754261494, "max": 1.3035778077319264, "mean": 1.271666162740439, "std": 0.017965747757719426, "repeat": 10, "number": 1}]}, "api.supers.time_createadd_to_dataset": {"result": [1.201620818581432], "stats": [{"ci_99": [1.195137190632522, 1.2218266744166613], "q_25": 1.1996182375587523, "q_75": 1.2029036770109087, "min": 1.195137190632522, "max": 1.2218266744166613, "mean": 1.203925461228937, "std": 0.007683125095398333, "repeat": 10, "number": 1}]}, "api.supers.time_diff": null, "api.supers.time_diff_recursive": null, "api.supers.time_installr": {"result": [5.472845956683159], "stats": [{"ci_99": [4.8542434349656105, 6.091448478400706], "q_25": 5.466659931465983, "q_75": 5.479031981900334, "min": 5.460473906248808, "max": 5.48521800711751, "mean": 5.472845956683159, "std": 0.012372050434350967, "repeat": 2, "number": 1}]}, "api.supers.time_ls": {"result": [0.19472317770123482], "stats": [{"ci_99": [0.1836556615307927, 0.20512845180928707], "q_25": 0.1870819723699242, "q_75": 0.20116082555614412, "min": 0.1836556615307927, "max": 0.20512845180928707, "mean": 0.1942715751938522, "std": 0.007527037579076653, "repeat": 10, "number": 1}]}, "api.supers.time_ls_recursive": {"result": [1.8756232974119484], "stats": [{"ci_99": [1.8572079287841916, 1.9065924230962992], "q_25": 1.8657125886529684, "q_75": 1.8886022756341845, "min": 1.8572079287841916, "max": 1.9065924230962992, "mean": 1.8777534073218702, "std": 0.014991638364346974, "repeat": 10, "number": 1}]}, "api.supers.time_ls_recursive_long_all": {"result": [2.0282275890931487], "stats": [{"ci_99": [2.0218282733112574, 2.0459206039085984], "q_25": 2.02383548184298, "q_75": 2.0387858105823398, "min": 2.0218282733112574, "max": 2.0459206039085984, "mean": 2.0311162213329226, "std": 0.00842259762144379, "repeat": 8, "number": 1}]}, "api.supers.time_remove": null, "api.supers.time_status": {"result": [0.7329163309186697], "stats": [{"ci_99": [0.7281589210033417, 0.7422911794856191], "q_25": 0.7296459099743515, "q_75": 0.7372313409578055, "min": 0.7281589210033417, "max": 0.7422911794856191, "mean": 0.7338756963610649, "std": 0.004842540620509896, "repeat": 10, "number": 1}]}, "api.supers.time_status_recursive": {"result": [1.370993762742728], "stats": [{"ci_99": [1.362999252974987, 1.3837084639817476], "q_25": 1.366837294306606, "q_75": 1.3723434307612479, "min": 1.362999252974987, "max": 1.3837084639817476, "mean": 1.3711210558190943, "std": 0.005704518674972273, "repeat": 10, "number": 1}]}, "api.supers.time_subdatasets": {"result": [0.10822163335978985], "stats": [{"ci_99": [0.10521685983985662, 0.11336405202746391], "q_25": 0.10654771025292575, "q_75": 0.10958772571757436, "min": 0.10521685983985662, "max": 0.11336405202746391, "mean": 0.10855357572436333, "std": 0.002481173643158516, "repeat": 10, "number": 1}]}, "api.supers.time_subdatasets_recursive": {"result": [0.4365270887501538], "stats": [{"ci_99": [0.43175467662513256, 0.4441506862640381], "q_25": 0.43452077778056264, "q_75": 0.4397674510255456, "min": 0.43175467662513256, "max": 0.4441506862640381, "mean": 0.4370271726511419, "std": 0.0038435515254368305, "repeat": 10, "number": 1}]}, "api.supers.time_subdatasets_recursive_first": {"result": [0.10708028450608253], "stats": [{"ci_99": [0.10452829580754042, 0.11431652586907148], "q_25": 0.10561182163655758, "q_75": 0.1076122778467834, "min": 0.10452829580754042, "max": 0.11431652586907148, "mean": 0.10764813665300607, "std": 0.0030565482421923474, "repeat": 10, "number": 1}]}, "api.supers.time_uninstall": {"result": [4.060779997613281], "stats": [{"ci_99": [4.021478932178091, 4.100353353829611], "q_25": 4.050306305056438, "q_75": 4.071389835560694, "min": 4.04340681899339, "max": 4.078697757795453, "mean": 4.060916143003851, "std": 0.013751576492698214, "repeat": 4, "number": 1}]}, "repo.gitrepo.time_get_content_info": {"result": [0.014989488292485476], "stats": [{"ci_99": [0.014374027028679848, 0.017202865332365036], "q_25": 0.014591198181733489, "q_75": 0.01582149602472782, "min": 0.014374027028679848, "max": 0.017202865332365036, "mean": 0.01529966276139021, "std": 0.0009047130924850754, "repeat": 10, "number": 1}]}, "api.testds.time_create_test_dataset1": {"result": [0.595169912558049], "stats": [{"ci_99": [0.5848654303699732, 0.6139781521633267], "q_25": 0.5894407113082707, "q_75": 0.6060282986145467, "min": 0.5848654303699732, "max": 0.6139781521633267, "mean": 0.5973181928507983, "std": 0.009547048028409257, "repeat": 10, "number": 1}]}, "api.testds.time_create_test_dataset2x2": {"result": [3.509774741716683], "stats": [{"ci_99": [3.4832584023420066, 3.532601406896457], "q_25": 3.5049393435474485, "q_75": 3.512765302788466, "min": 3.4931224128231406, "max": 3.519047722220421, "mean": 3.507929904619232, "std": 0.009371254871836777, "repeat": 4, "number": 1}]}, "core.runner.time_echo": {"result": [0.0021958285942673683], "stats": [{"ci_99": [0.0020373184233903885, 0.0024256987497210504], "q_25": 0.002119803335517645, "q_75": 0.0023048587143421175, "min": 0.0020373184233903885, "max": 0.0024256987497210504, "mean": 0.002223547901958227, "std": 0.00012925092559085586, "repeat": 10, "number": 5}]}, "core.runner.time_echo_gitrunner": {"result": [0.0026767615927383304], "stats": [{"ci_99": [0.0024677461478859186, 0.003097808687016368], "q_25": 0.0025688204332254827, "q_75": 0.0028688956517726183, "min": 0.0024677461478859186, "max": 0.003097808687016368, "mean": 0.002718008030205965, "std": 0.00019417122919627937, "repeat": 10, "number": 4}]}, "core.startup.time_help_np": {"result": [0.5944850430823863], "stats": [{"ci_99": [0.5116961738094687, 0.6322359070181847], "q_25": 0.5553019717335701, "q_75": 0.6216013461817056, "min": 0.5116961738094687, "max": 0.6322359070181847, "mean": 0.5858617798425257, "std": 0.03936247531163006, "repeat": 10, "number": 1}]}, "core.startup.time_import": {"result": [0.1660332432948053], "stats": [{"ci_99": [0.11277037300169468, 0.20625122636556625], "q_25": 0.1596335966605693, "q_75": 0.19687863416038454, "min": 0.11277037300169468, "max": 0.20625122636556625, "mean": 0.17061263583600522, "std": 0.027865300400972275, "repeat": 10, "number": 1}]}, "core.startup.time_import_api": {"result": [0.5174356210045516], "stats": [{"ci_99": [0.4521894818171859, 0.5616783555597067], "q_25": 0.509113356936723, "q_75": 0.54506457853131, "min": 0.4521894818171859, "max": 0.5616783555597067, "mean": 0.5197033802978694, "std": 0.030061833085440387, "repeat": 10, "number": 1}]}, "support.path.get_parent_paths.time_allsubmods_toplevel": {"result": [0.007793221157044172], "stats": [{"ci_99": [0.00692648533731699, 0.008871611207723618], "q_25": 0.007410744554363191, "q_75": 0.008270243066363037, "min": 0.00692648533731699, "max": 0.008871611207723618, "mean": 0.007846648944541812, "std": 0.0006369622767312578, "repeat": 10, "number": 2}]}, "support.path.get_parent_paths.time_allsubmods_toplevel_only": {"result": [0.007001650985330343], "stats": [{"ci_99": [0.00619896873831749, 0.008077866863459349], "q_25": 0.006617449340410531, "q_75": 0.007404429605230689, "min": 0.00619896873831749, "max": 0.008077866863459349, "mean": 0.0070321636740118265, "std": 0.0005472894546753369, "repeat": 10, "number": 2}]}, "support.path.get_parent_paths.time_no_submods": {"result": [3.3549332153906513e-07], "stats": [{"ci_99": [3.0909752080199916e-07, 3.7443384938283797e-07], "q_25": 3.2433363344144386e-07, "q_75": 3.50247923318946e-07, "min": 3.0909752080199916e-07, "max": 3.7443384938283797e-07, "mean": 3.376796534028622e-07, "std": 1.8875292168369258e-08, "repeat": 10, "number": 27250}]}, "support.path.get_parent_paths.time_one_submod_subdir": {"result": [0.006350558018311858], "stats": [{"ci_99": [0.005747959949076176, 0.007172835990786552], "q_25": 0.006042923778295517,