{"results": {"api.supers.time_createadd": {"result": [1.2695925789885223], "stats": [{"ci_99": [1.2567122001200914, 1.2865815544500947], "q_25": 1.2650491453241557, "q_75": 1.2766959453001618, "min": 1.2567122001200914, "max": 1.2865815544500947, "mean": 1.2707016359083354, "std": 0.008335659872289727, "repeat": 10, "number": 1}]}, "api.supers.time_createadd_to_dataset": {"result": [1.2375583788380027], "stats": [{"ci_99": [1.2227485226467252, 1.2482205359265208], "q_25": 1.2312770581338555, "q_75": 1.238579839002341, "min": 1.2227485226467252, "max": 1.2482205359265208, "mean": 1.235722015798092, "std": 0.007928047909554668, "repeat": 10, "number": 1}]}, "api.supers.time_diff": null, "api.supers.time_diff_recursive": null, "api.supers.time_installr": {"result": [5.340123022440821], "stats": [{"ci_99": [4.511275803204626, 6.168970241677015], "q_25": 5.331834550248459, "q_75": 5.348411494633183, "min": 5.323546078056097, "max": 5.356699966825545, "mean": 5.340123022440821, "std": 0.016576944384723902, "repeat": 2, "number": 1}]}, "api.supers.time_ls": {"result": [0.17929569631814957], "stats": [{"ci_99": [0.17719998955726624, 0.18377216067165136], "q_25": 0.17794476239942014, "q_75": 0.18081802176311612, "min": 0.17719998955726624, "max": 0.18377216067165136, "mean": 0.17982759149745106, "std": 0.0022551025860732634, "repeat": 10, "number": 1}]}, "api.supers.time_ls_recursive": {"result": [1.7420403915457428], "stats": [{"ci_99": [1.7280779602006078, 1.7652015937492251], "q_25": 1.7352976435795426, "q_75": 1.7505193671677262, "min": 1.7280779602006078, "max": 1.7652015937492251, "mean": 1.743551567196846, "std": 0.010853730454198482, "repeat": 10, "number": 1}]}, "api.supers.time_ls_recursive_long_all": {"result": [1.9041646365076303], "stats": [{"ci_99": [1.8942433269694448, 1.9223546842113137], "q_25": 1.898936243262142, "q_75": 1.9060485151130706, "min": 1.8942433269694448, "max": 1.9223546842113137, "mean": 1.903948022518307, "std": 0.007546222870777798, "repeat": 10, "number": 1}]}, "api.supers.time_remove": null, "api.supers.time_rev_createadd": null, "api.supers.time_rev_createadd_to_dataset": null, "api.supers.time_status": {"result": [0.7060583448037505], "stats": [{"ci_99": [0.6980994865298271, 0.7134100655093789], "q_25": 0.7037591729313135, "q_75": 0.7102224107366055, "min": 0.6980994865298271, "max": 0.7134100655093789, "mean": 0.7062316816300154, "std": 0.00465018710481931, "repeat": 10, "number": 1}]}, "api.supers.time_status_recursive": {"result": [1.3330779951065779], "stats": [{"ci_99": [1.322942826896906, 1.3435894856229424], "q_25": 1.332433587871492, "q_75": 1.3382808126043528, "min": 1.322942826896906, "max": 1.3435894856229424, "mean": 1.3345151069574057, "std": 0.00532859721054636, "repeat": 10, "number": 1}]}, "api.supers.time_subdatasets": {"result": [0.09375700633972883], "stats": [{"ci_99": [0.09165946394205093, 0.09669197537004948], "q_25": 0.09296168456785381, "q_75": 0.09476820682175457, "min": 0.09165946394205093, "max": 0.09669197537004948, "mean": 0.09389958241954446, "std": 0.0014071459957687791, "repeat": 10, "number": 1}]}, "api.supers.time_subdatasets_recursive": {"result": [0.41826710384339094], "stats": [{"ci_99": [0.41681245621293783, 0.42062210850417614], "q_25": 0.4174250222276896, "q_75": 0.4198171116877347, "min": 0.41681245621293783, "max": 0.42062210850417614, "mean": 0.41857627741992476, "std": 0.001361954310491809, "repeat": 10, "number": 1}]}, "api.supers.time_subdatasets_recursive_first": {"result": [0.09249972784891725], "stats": [{"ci_99": [0.09073973167687654, 0.09684513136744499], "q_25": 0.09162365621887147, "q_75": 0.09385423106141388, "min": 0.09073973167687654, "max": 0.09684513136744499, "mean": 0.0931427102535963, "std": 0.002001932667782401, "repeat": 10, "number": 1}]}, "api.supers.time_uninstall": {"result": [4.1413354547694325], "stats": [{"ci_99": [4.102008158431328, 4.17850950211572], "q_25": 4.129052795935422, "q_75": 4.152541489107534, "min": 4.1239757696166635, "max": 4.154388641938567, "mean": 4.140258830273524, "std": 0.01314740943535464, "repeat": 4, "number": 1}]}, "repo.gitrepo.time_get_content_info": {"result": [0.015520809218287468], "stats": [{"ci_99": [0.01415574923157692, 0.016261590644717216], "q_25": 0.014856602065265179, "q_75": 0.01598670519888401, "min": 0.01415574923157692, "max": 0.016261590644717216, "mean": 0.015391257591545582, "std": 0.0007090484494337782, "repeat": 10, "number": 1}]}, "api.testds.time_create_test_dataset1": {"result": [0.6038386034779251], "stats": [{"ci_99": [0.5980610596016049, 0.6236133985221386], "q_25": 0.6022374229505658, "q_75": 0.6048374930396676, "min": 0.5980610596016049, "max": 0.6236133985221386, "mean": 0.6064351051114499, "std": 0.008310804070625972, "repeat": 10, "number": 1}]}, "api.testds.time_create_test_dataset2x2": {"result": [3.7173784864135087], "stats": [{"ci_99": [3.6638429334897076, 3.7688343177970975], "q_25": 3.7052211419213563, "q_75": 3.7284959701355547, "min": 3.689556047320366, "max": 3.741041482426226, "mean": 3.7163386256434023, "std": 0.01888058946825569, "repeat": 4, "number": 1}]}, "core.runner.time_echo": {"result": [0.002033377718180418], "stats": [{"ci_99": [0.0018549155443906783, 0.0022241383790969848], "q_25": 0.001952289743348956, "q_75": 0.0020968809723854063, "min": 0.0018549155443906783, "max": 0.0022241383790969848, "mean": 0.0020374772325158115, "std": 0.00011645179221335537, "repeat": 10, "number": 5}]}, "core.runner.time_echo_gitrunner": {"result": [0.0025793735403567553], "stats": [{"ci_99": [0.002399717690423131, 0.0027880528941750526], "q_25": 0.0025190055603161454, "q_75": 0.0026982303825207055, "min": 0.002399717690423131, "max": 0.0027880528941750526, "mean": 0.002599603310227394, "std": 0.00012063518711515022, "repeat": 10, "number": 4}]}, "core.startup.time_help_np": {"result": [0.5587398577481508], "stats": [{"ci_99": [0.5276557384058833, 0.6399228135123849], "q_25": 0.5341990180313587, "q_75": 0.61035514366813, "min": 0.5276557384058833, "max": 0.6399228135123849, "mean": 0.5716267974115908, "std": 0.04196984742432956, "repeat": 10, "number": 1}]}, "core.startup.time_import": {"result": [0.1717161270789802], "stats": [{"ci_99": [0.12197505310177803, 0.19551608338952065], "q_25": 0.16489897365681827, "q_75": 0.18152709607966244, "min": 0.12197505310177803, "max": 0.19551608338952065, "mean": 0.17022420559078455, "std": 0.01928526398338172, "repeat": 10, "number": 1}]}, "core.startup.time_import_api": {"result": [0.5183163355104625], "stats": [{"ci_99": [0.46385686192661524, 0.5404315274208784], "q_25": 0.49942460376769304, "q_75": 0.5216532829217613, "min": 0.46385686192661524, "max": 0.5404315274208784, "mean": 0.511225042771548, "std": 0.021008091047057822, "repeat": 10, "number": 1}]}, "support.path.get_parent_paths.time_allsubmods_toplevel": {"result": [0.007077569141983986], "stats": [{"ci_99": [0.006664724089205265, 0.008786600083112717], "q_25": 0.006787765072658658, "q_75": 0.007702948758378625, "min": 0.006664724089205265, "max": 0.008786600083112717, "mean": 0.0073273624293506145, "std": 0.0006692375318692532, "repeat": 10, "number": 2}]}, "support.path.get_parent_paths.time_allsubmods_toplevel_only": {"result": [0.006278547924011946], "stats": [{"ci_99": [0.005967159289866686, 0.008178854826837778], "q_25": 0.006095042917877436, "q_75": 0.007160805747844279, "min": 0.005967159289866686, "max": 0.008178854826837778, "mean": 0.006661040754988789, "std": 0.0007407308955489111, "repeat": 10, "number": 2}]}, "support.path.get_parent_paths.time_no_submods": {"result": [2.9365792354424586e-07], "stats": [{"ci_99": [2.7935913240894095e-07, 3.690122417697848e-07], "q_25": 2.821955132938146e-07, "q_75": 3.279357564455534e-07, "min": 2.7935913240894095e-07, "max": 3.690122417697848e-07, "mean": 3.073414493123821e-07, "std": 3.054161329257355e-08, "repeat": 10, "number": 39267}]}, "support.path.get_parent_paths.time_one_submod_subdir": {"result": [0.005490154726430774],