{"results": {"api.supers.time_createadd": {"result": [1.048743241932243], "stats": [{"ci_99": [1.0294668301939964, 1.0694380449131131], "q_25": 1.0399214283097535, "q_75": 1.05108735547401, "min": 1.0294668301939964, "max": 1.0694380449131131, "mean": 1.047220239788294, "std": 0.010632688959333612, "repeat": 10, "number": 1}]}, "api.supers.time_createadd_to_dataset": {"result": [1.0457039824686944], "stats": [{"ci_99": [1.0321983769536018, 1.0607816744595766], "q_25": 1.03742661094293, "q_75": 1.0536281869281083, "min": 1.0321983769536018, "max": 1.0607816744595766, "mean": 1.0458404567092656, "std": 0.009726127716129993, "repeat": 10, "number": 1}]}, "api.supers.time_diff": null, "api.supers.time_diff_recursive": null, "api.supers.time_installr": {"result": [3.965355176012963], "stats": [{"ci_99": [3.920979002768897, 4.02462543239931], "q_25": 3.9618689983617514, "q_75": 3.976288395235315, "min": 3.953077632933855, "max": 4.007420885376632, "mean": 3.9728022175841033, "std": 0.020609742300014045, "repeat": 4, "number": 1}]}, "api.supers.time_ls": {"result": [0.11770256189629436], "stats": [{"ci_99": [0.11356242932379246, 0.12729149218648672], "q_25": 0.1155792938079685, "q_75": 0.12049958412535489, "min": 0.11356242932379246, "max": 0.12729149218648672, "mean": 0.11826735446229578, "std": 0.003925222266275079, "repeat": 10, "number": 1}]}, "api.supers.time_ls_recursive": {"result": [1.0718682333827019], "stats": [{"ci_99": [1.057649651542306, 1.1138530625030398], "q_25": 1.06130065722391, "q_75": 1.0805683166254312, "min": 1.057649651542306, "max": 1.1138530625030398, "mean": 1.0753762893378735, "std": 0.017435832479792083, "repeat": 10, "number": 1}]}, "api.supers.time_ls_recursive_long_all": {"result": [1.2247469392605126], "stats": [{"ci_99": [1.2101579420268536, 1.242994680069387], "q_25": 1.2184073843527585, "q_75": 1.227831746917218, "min": 1.2101579420268536, "max": 1.242994680069387, "mean": 1.2244892663322389, "std": 0.008820082309407458, "repeat": 10, "number": 1}]}, "api.supers.time_remove": {"result": [1.967631671577692], "stats": [{"ci_99": [1.9541865233331919, 1.9927730457857251], "q_25": 1.964130412088707, "q_75": 1.9805206344462931, "min": 1.9541865233331919, "max": 1.9927730457857251, "mean": 1.9716629721224308, "std": 0.0117256448332394, "repeat": 8, "number": 1}]}, "api.supers.time_status": {"result": [0.6832093242555857], "stats": [{"ci_99": [0.6773890117183328, 0.696376433596015], "q_25": 0.6802941833157092, "q_75": 0.6852560450788587, "min": 0.6773890117183328, "max": 0.696376433596015, "mean": 0.6837554020807147, "std": 0.005051772695074721, "repeat": 10, "number": 1}]}, "api.supers.time_status_recursive": {"result": [1.1431009299121797], "stats": [{"ci_99": [1.134985757060349, 1.158721899613738], "q_25": 1.142116126138717, "q_75": 1.1563028774689883, "min": 1.134985757060349, "max": 1.158721899613738, "mean": 1.1473147868178786, "std": 0.008312831625976352, "repeat": 10, "number": 1}]}, "api.supers.time_subdatasets": {"result": [0.06428657984361053], "stats": [{"ci_99": [0.06177059933543205, 0.08393430337309837], "q_25": 0.06392609374597669, "q_75": 0.06948742480017245, "min": 0.06177059933543205, "max": 0.08393430337309837, "mean": 0.06716516492888332, "std": 0.006309811386247435, "repeat": 10, "number": 1}]}, "api.supers.time_subdatasets_recursive": {"result": [0.24805223988369107], "stats": [{"ci_99": [0.23610862344503403, 0.2570452969521284], "q_25": 0.24254883080720901, "q_75": 0.25070034456439316, "min": 0.23610862344503403, "max": 0.2570452969521284, "mean": 0.24640079298987985, "std": 0.0062842181562445506, "repeat": 10, "number": 1}]}, "api.supers.time_subdatasets_recursive_first": {"result": [0.06510445987805724], "stats": [{"ci_99": [0.060501267202198505, 0.07035928685218096], "q_25": 0.062185621820390224, "q_75": 0.06745812552981079, "min": 0.060501267202198505, "max": 0.07035928685218096, "mean": 0.0649707623757422, "std": 0.0030938055631846866, "repeat": 10, "number": 1}]}, "api.supers.time_uninstall": {"result": [1.9249843056313694], "stats": [{"ci_99": [1.9163830084726214, 1.9388188812881708], "q_25": 1.9205728645902127, "q_75": 1.928467154270038, "min": 1.9163830084726214, "max": 1.9388188812881708, "mean": 1.925148354191333, "std": 0.006108353172658972, "repeat": 10, "number": 1}]}, "repo.gitrepo.time_get_content_info": {"result": [0.020781959407031536], "stats": [{"ci_99": [0.015326199121773243, 0.024427127093076706], "q_25": 0.017559720436111093, "q_75": 0.022470547584816813, "min": 0.015326199121773243, "max": 0.024427127093076706, "mean": 0.020189801510423423, "std": 0.002897336715403695, "repeat": 10, "number": 1}]}, "api.testds.time_create_test_dataset1": {"result": [0.43269925424829125], "stats": [{"ci_99": [0.426253367215395, 0.4470162130892277], "q_25": 0.42776611959561706, "q_75": 0.43927550758235157, "min": 0.426253367215395, "max": 0.4470162130892277, "mean": 0.4345546744763851, "std": 0.007428759066025181, "repeat": 10, "number": 1}]}, "api.testds.time_create_test_dataset2x2": {"result": [2.9114438663236797], "stats": [{"ci_99": [2.809712227592125, 2.989889778349047], "q_25": 2.8515563565306365, "q_75": 2.9495088676922023, "min": 2.830102893523872, "max": 2.9520243369042873, "mean": 2.899801002970586, "std": 0.05196156369831512, "repeat": 6, "number": 1}]}, "core.runner.time_echo": {"result": [0.0017186099818597236], "stats": [{"ci_99": [0.0017061242833733559, 0.0017401720397174358], "q_25": 0.0017123443152134616, "q_75": 0.0017275787346685927, "min": 0.0017061242833733559, "max": 0.0017401720397174358, "mean": 0.001720428808281819, "std": 1.0642089049690675e-05, "repeat": 10, "number": 6}]}, "core.runner.time_echo_gitrunner": {"result": [0.0022193696349859238], "stats": [{"ci_99": [0.0021210795268416403, 0.0025274889543652535], "q_25": 0.002134031057357788, "q_75": 0.002296626847237349, "min": 0.0021210795268416403, "max": 0.0025274889543652535, "mean": 0.0022590061649680137, "std": 0.0001453392914137218, "repeat": 10, "number": 5}]}, "core.startup.time_help_np": {"result": [0.539934282656759], "stats": [{"ci_99": [0.5146638620644808, 0.6254257271066308], "q_25": 0.5181381097063422, "q_75": 0.5737018983345479, "min": 0.5146638620644808, "max": 0.6254257271066308, "mean": 0.5494110882282257, "std": 0.035664859215721094, "repeat": 10, "number": 1}]}, "core.startup.time_import": {"result": [0.16626327764242887], "stats": [{"ci_99": [0.11647008080035448, 0.1825098218396306], "q_25": 0.13688496639952064, "q_75": 0.17076631542295218, "min": 0.11647008080035448, "max": 0.1825098218396306, "mean": 0.15559372743591665, "std": 0.021892759547776974, "repeat": 10, "number": 1}]}, "core.startup.time_import_api": {"result": [0.5067715435288846], "stats": [{"ci_99": [0.4526398703455925, 0.5612803734838963], "q_25": 0.4692479893565178, "q_75": 0.528147081611678, "min": 0.4526398703455925, "max": 0.5612803734838963, "mean": 0.5030261067673564, "std": 0.03466237845595398, "repeat": 10, "number": 1}]}, "support.path.get_parent_paths.time_allsubmods_toplevel": {"result": [0.006983054103329778], "stats": [{"ci_99": [0.006786978337913752, 0.00869241263717413], "q_25": 0.006853550556115806, "q_75": 0.00769260514061898, "min": 0.006786978337913752, "max": 0.00869241263717413, "mean": 0.00733704618178308, "std": 0.0006430637857699375, "repeat": 10, "number": 2}]}, "support.path.get_parent_paths.time_allsubmods_toplevel_only": {"result": [0.006113234208896756], "stats": [{"ci_99": [0.0060741775669157505, 0.006189924664795399], "q_25": 0.006105543696321547, "q_75": 0.006157751544378698, "min": 0.0060741775669157505, "max": 0.006189924664795399, "mean": 0.006127011496573687, "std": 3.901852488507741e-05, "repeat": 10, "number": 2}]}, "support.path.get_parent_paths.time_no_submods": {"result": [2.854357154977456e-07], "stats": [{"ci_99": [2.7001049864777964e-07, 3.2613827289509234e-07], "q_25": 2.7133673004345426e-07, "q_75": 3.074077052180054e-07, "min": 2.7001049864777964e-07, "max": 3.2613827289509234e-07,