{"results": {"api.supers.time_createadd": {"result": [1.3095499565824866], "stats": [{"ci_99": [1.2757331132888794, 1.3250391045585275], "q_25": 1.299554551485926, "q_75": 1.3203349488321692, "min": 1.2757331132888794, "max": 1.3250391045585275, "mean": 1.3060015956871212, "std": 0.01623298001618232, "repeat": 10, "number": 1}]}, "api.supers.time_createadd_to_dataset": {"result": [1.243828578852117], "stats": [{"ci_99": [1.2291096076369286, 1.2770073534920812], "q_25": 1.2346903490833938, "q_75": 1.2530947865452617, "min": 1.2291096076369286, "max": 1.2770073534920812, "mean": 1.2469737697392702, "std": 0.015123841418665473, "repeat": 10, "number": 1}]}, "api.supers.time_diff": null, "api.supers.time_diff_recursive": null, "api.supers.time_installr": {"result": [5.546680251136422], "stats": [{"ci_99": [4.7738073114305735, 6.31955319084227], "q_25": 5.538951521739364, "q_75": 5.554408980533481, "min": 5.531222792342305, "max": 5.562137709930539, "mean": 5.546680251136422, "std": 0.015457458794116974, "repeat": 2, "number": 1}]}, "api.supers.time_ls": {"result": [0.1853161510080099], "stats": [{"ci_99": [0.17997677251696587, 0.19612082839012146], "q_25": 0.18066715076565742, "q_75": 0.19032548321411014, "min": 0.17997677251696587, "max": 0.19612082839012146, "mean": 0.18635011175647379, "std": 0.005849901903246133, "repeat": 10, "number": 1}]}, "api.supers.time_ls_recursive": {"result": [1.7916008341126144], "stats": [{"ci_99": [1.7859374629333615, 1.8099148301407695], "q_25": 1.7878934741020203, "q_75": 1.7967736257705837, "min": 1.7859374629333615, "max": 1.8099148301407695, "mean": 1.7932051395066082, "std": 0.007026801480945601, "repeat": 10, "number": 1}]}, "api.supers.time_ls_recursive_long_all": {"result": [1.9449560749344528], "stats": [{"ci_99": [1.936384815722704, 1.958810948766768], "q_25": 1.940746524836868, "q_75": 1.9511708940844983, "min": 1.936384815722704, "max": 1.958810948766768, "mean": 1.9460923032602295, "std": 0.007145160205132299, "repeat": 8, "number": 1}]}, "api.supers.time_remove": null, "api.supers.time_status": {"result": [0.72749331779778], "stats": [{"ci_99": [0.7205470837652683, 0.737646346911788], "q_25": 0.7240619724616408, "q_75": 0.7298249558079988, "min": 0.7205470837652683, "max": 0.737646346911788, "mean": 0.7276924072764814, "std": 0.005214690278640868, "repeat": 10, "number": 1}]}, "api.supers.time_status_recursive": {"result": [1.3726088576950133], "stats": [{"ci_99": [1.365555859170854, 1.382958633825183], "q_25": 1.3697633955162019, "q_75": 1.3749350674916059, "min": 1.365555859170854, "max": 1.382958633825183, "mean": 1.3727157100103795, "std": 0.005086501882089197, "repeat": 10, "number": 1}]}, "api.supers.time_subdatasets": {"result": [0.0958500662818551], "stats": [{"ci_99": [0.09345802664756775, 0.1047000139951706], "q_25": 0.09407679736614227, "q_75": 0.0970162630546838, "min": 0.09345802664756775, "max": 0.1047000139951706, "mean": 0.09677152605727316, "std": 0.0035196569052638456, "repeat": 10, "number": 1}]}, "api.supers.time_subdatasets_recursive": {"result": [0.42968211276456714], "stats": [{"ci_99": [0.4277660036459565, 0.43357326183468103], "q_25": 0.4282004786655307, "q_75": 0.431229141773656, "min": 0.4277660036459565, "max": 0.43357326183468103, "mean": 0.42998006427660584, "std": 0.001931564042242631, "repeat": 10, "number": 1}]}, "api.supers.time_subdatasets_recursive_first": {"result": [0.09587659547105432], "stats": [{"ci_99": [0.09330060053616762, 0.09984500613063574], "q_25": 0.094170211115852, "q_75": 0.09745577024295926, "min": 0.09330060053616762, "max": 0.09984500613063574, "mean": 0.09601971805095673, "std": 0.0020528070000087892, "repeat": 10, "number": 1}]}, "api.supers.time_uninstall": {"result": [4.259246539324522], "stats": [{"ci_99": [4.235899246270078, 4.285020787762237], "q_25": 4.255461216671392, "q_75": 4.264245339669287, "min": 4.248950351960957, "max": 4.274396637454629, "mean": 4.2604600170161575, "std": 0.009149638073127526, "repeat": 4, "number": 1}]}, "repo.gitrepo.time_get_content_info": {"result": [0.01477335300296545], "stats": [{"ci_99": [0.014193272218108177, 0.017367377877235413], "q_25": 0.014702821150422096, "q_75": 0.0151349944062531, "min": 0.014193272218108177, "max": 0.017367377877235413, "mean": 0.01507826391607523, "std": 0.0008413553614629597, "repeat": 10, "number": 1}]}, "api.testds.time_create_test_dataset1": {"result": [0.622751098126173], "stats": [{"ci_99": [0.6148547418415546, 0.6402990045025945], "q_25": 0.6178975028451532, "q_75": 0.6277775326743722, "min": 0.6148547418415546, "max": 0.6402990045025945, "mean": 0.6240863340906799, "std": 0.007734328571713908, "repeat": 10, "number": 1}]}, "api.testds.time_create_test_dataset2x2": {"result": [3.8369118343107402], "stats": [{"ci_99": [3.7873726700533403, 3.874894835137926], "q_25": 3.8265164925251156, "q_75": 3.841529094381258, "min": 3.8027921365574002, "max": 3.8479192052036524, "mean": 3.8311337525956333, "std": 0.017059774568569292, "repeat": 4, "number": 1}]}, "core.runner.time_echo": {"result": [0.0018475919961929322], "stats": [{"ci_99": [0.0016877934336662292, 0.0021850548684597014], "q_25": 0.0017017363104969265, "q_75": 0.0020646776538342237, "min": 0.0016877934336662292, "max": 0.0021850548684597014, "mean": 0.0018944697268307206, "std": 0.0002027994400922435, "repeat": 10, "number": 5}]}, "core.runner.time_echo_gitrunner": {"result": [0.0025459390599280596], "stats": [{"ci_99": [0.0023785133380442858, 0.0028128253761678934], "q_25": 0.002459788927808404, "q_75": 0.0026756591396406293, "min": 0.0023785133380442858, "max": 0.0028128253761678934, "mean": 0.00256841154769063, "std": 0.00013229595497881594, "repeat": 10, "number": 4}]}, "core.startup.time_help_np": {"result": [0.5928819081746042], "stats": [{"ci_99": [0.5277360687032342, 0.6550098778679967], "q_25": 0.5785980934742838, "q_75": 0.5972109485883266, "min": 0.5277360687032342, "max": 0.6550098778679967, "mean": 0.5941418416798114, "std": 0.034099154336014174, "repeat": 10, "number": 1}]}, "core.startup.time_import": {"result": [0.14340625191107392], "stats": [{"ci_99": [0.11627741809934378, 0.1973597528412938], "q_25": 0.118103071115911, "q_75": 0.16561812907457352, "min": 0.11627741809934378, "max": 0.1973597528412938, "mean": 0.14792174873873593, "std": 0.031030507559067742, "repeat": 10, "number": 1}]}, "core.startup.time_import_api": {"result": [0.49838149966672063], "stats": [{"ci_99": [0.4586126580834389, 0.5716896466910839], "q_25": 0.4668958350084722, "q_75": 0.5159442001022398, "min": 0.4586126580834389, "max": 0.5716896466910839, "mean": 0.4990098046138883, "std": 0.034409445667423794, "repeat": 10, "number": 1}]}, "support.path.get_parent_paths.time_allsubmods_toplevel": {"result": [0.006874582497403026], "stats": [{"ci_99": [0.006761026103049517, 0.007271566428244114], "q_25": 0.006788280792534351, "q_75": 0.006886191084049642, "min": 0.006761026103049517, "max": 0.007271566428244114, "mean": 0.006883180700242519, "std": 0.00013981236437185803, "repeat": 10, "number": 2}]}, "support.path.get_parent_paths.time_allsubmods_toplevel_only": {"result": [0.0063989253249019384], "stats": [{"ci_99": [0.006207674741744995, 0.008016282226890326], "q_25": 0.006235889275558293, "q_75": 0.007120254449546337, "min": 0.006207674741744995, "max": 0.008016282226890326, "mean": 0.006735549028962851, "std": 0.0006253761005755231, "repeat": 10, "number": 2}]}, "support.path.get_parent_paths.time_no_submods": {"result": [3.4221207690387665e-07], "stats": [{"ci_99": [2.976060138594185e-07, 3.7826596358588605e-07], "q_25": 3.2650425479305613e-07, "q_75": 3.5882336072169964e-07, "min": 2.976060138594185e-07, "max": 3.7826596358588605e-07, "mean": 3.399622063946324e-07, "std": 2.5063136182302098e-08, "repeat": 10, "number": 25171}]}, "support.path.get_parent_paths.time_one_submod_subdir": {"result": [0.005585896782577038], "stats": [{"ci_99": [0.005240943282842636, 0.007171072997152805], "q_25": 0.005355501314625144,