{"results": {"api.supers.time_createadd": {"result": [1.2775275246240199], "stats": [{"ci_99": [1.2556591099128127, 1.303777178749442], "q_25": 1.2698026227299124, "q_75": 1.2856592501047999, "min": 1.2556591099128127, "max": 1.303777178749442, "mean": 1.2771092655137182, "std": 0.014147303854504151, "repeat": 10, "number": 1}]}, "api.supers.time_createadd_to_dataset": {"result": [1.2346859560348094], "stats": [{"ci_99": [1.2250729063525796, 1.2557527581229806], "q_25": 1.2299854019656777, "q_75": 1.2375177065841854, "min": 1.2250729063525796, "max": 1.2557527581229806, "mean": 1.2359468500129878, "std": 0.008777943136320934, "repeat": 10, "number": 1}]}, "api.supers.time_diff": null, "api.supers.time_diff_recursive": null, "api.supers.time_installr": {"result": [8.169717184267938], "stats": [{"ci_99": [-0.5462798466905951, 16.885714215226464], "q_25": 8.082557213958353, "q_75": 8.256877154577523, "min": 7.9953972436487675, "max": 8.344037124887109, "mean": 8.169717184267938, "std": 0.17431994061917067, "repeat": 2, "number": 1}]}, "api.supers.time_ls": {"result": [0.1793701988644898], "stats": [{"ci_99": [0.17617877759039402, 0.19257395528256893], "q_25": 0.17834280105307698, "q_75": 0.1836183499544859, "min": 0.17617877759039402, "max": 0.19257395528256893, "mean": 0.1818790601566434, "std": 0.0053158723987182036, "repeat": 10, "number": 1}]}, "api.supers.time_ls_recursive": {"result": [1.7403443241491914], "stats": [{"ci_99": [1.7311298782005906, 1.7869558902457356], "q_25": 1.7358580934815109, "q_75": 1.7666841621976346, "min": 1.7311298782005906, "max": 1.7869558902457356, "mean": 1.751371704414487, "std": 0.020137309843191106, "repeat": 10, "number": 1}]}, "api.supers.time_ls_recursive_long_all": {"result": [1.9210747992619872], "stats": [{"ci_99": [1.890264947898686, 1.9947271486744285], "q_25": 1.908777691423893, "q_75": 1.9561379114165902, "min": 1.890264947898686, "max": 1.9947271486744285, "mean": 1.9287281813513901, "std": 0.033301056853984407, "repeat": 9, "number": 1}]}, "api.supers.time_remove": null, "api.supers.time_rev_createadd": null, "api.supers.time_rev_createadd_to_dataset": null, "api.supers.time_status": {"result": [0.7048544739373028], "stats": [{"ci_99": [0.699204902164638, 0.711603969335556], "q_25": 0.7022653000894934, "q_75": 0.7089865936432034, "min": 0.699204902164638, "max": 0.711603969335556, "mean": 0.7052893936634064, "std": 0.004254605481630431, "repeat": 10, "number": 1}]}, "api.supers.time_status_recursive": {"result": [1.331748520489782], "stats": [{"ci_99": [1.3254135809838772, 1.3449963070452213], "q_25": 1.3296641688793898, "q_75": 1.3337518889456987, "min": 1.3254135809838772, "max": 1.3449963070452213, "mean": 1.3322043937630952, "std": 0.005335283632816306, "repeat": 10, "number": 1}]}, "api.supers.time_subdatasets": {"result": [0.09405139088630676], "stats": [{"ci_99": [0.09234168101102114, 0.10068685654550791], "q_25": 0.09329773019999266, "q_75": 0.09490173682570457, "min": 0.09234168101102114, "max": 0.10068685654550791, "mean": 0.0946750241331756, "std": 0.0023077128969582862, "repeat": 10, "number": 1}]}, "api.supers.time_subdatasets_recursive": {"result": [0.4158682841807604], "stats": [{"ci_99": [0.41362567991018295, 0.4276457391679287], "q_25": 0.4140978006180376, "q_75": 0.4168009234126657, "min": 0.41362567991018295, "max": 0.4276457391679287, "mean": 0.4168575473129749, "std": 0.004034798191607759, "repeat": 10, "number": 1}]}, "api.supers.time_subdatasets_recursive_first": {"result": [0.09209560742601752], "stats": [{"ci_99": [0.09021443594247103, 0.09653299953788519], "q_25": 0.09068867447786033, "q_75": 0.09390632249414921, "min": 0.09021443594247103, "max": 0.09653299953788519, "mean": 0.09247862985357642, "std": 0.001951315124482453, "repeat": 10, "number": 1}]}, "api.supers.time_uninstall": {"result": [4.143120867200196], "stats": [{"ci_99": [4.126463303417531, 4.160245793796512], "q_25": 4.14076798199676, "q_75": 4.145707433810458, "min": 4.134634582325816, "max": 4.1525418777018785, "mean": 4.143354548607022, "std": 0.0063392484957863725, "repeat": 4, "number": 1}]}, "repo.gitrepo.time_get_content_info": {"result": [0.015856961254030466], "stats": [{"ci_99": [0.014014031738042831, 0.016899265348911285], "q_25": 0.015136772766709328, "q_75": 0.016139353392645717, "min": 0.014014031738042831, "max": 0.016899265348911285, "mean": 0.015629501547664404, "std": 0.0008611239424671641, "repeat": 10, "number": 1}]}, "api.testds.time_create_test_dataset1": {"result": [0.6059790933504701], "stats": [{"ci_99": [0.5982834743335843, 0.6128064505755901], "q_25": 0.5994588076137006, "q_75": 0.6075632376596332, "min": 0.5982834743335843, "max": 0.6128064505755901, "mean": 0.6044346807524562, "std": 0.004677899032758892, "repeat": 10, "number": 1}]}, "api.testds.time_create_test_dataset2x2": {"result": [3.715604037977755], "stats": [{"ci_99": [3.669744694603785, 3.7569762934016153], "q_25": 3.7021157334093004, "q_75": 3.7268487985711545, "min": 3.6925357803702354, "max": 3.729698119685054, "mean": 3.7133604940027, "std": 0.015187389505989943, "repeat": 4, "number": 1}]}, "core.runner.time_echo": {"result": [0.0018041333338866632], "stats": [{"ci_99": [0.0016983808018267155, 0.002223916041354338], "q_25": 0.001712588321728011, "q_75": 0.002029478782787919, "min": 0.0016983808018267155, "max": 0.002223916041354338, "mean": 0.0018809853587299589, "std": 0.00018941322842560095, "repeat": 10, "number": 6}]}, "core.runner.time_echo_gitrunner": {"result": [0.0023796865716576576], "stats": [{"ci_99": [0.0021634844597429037, 0.0027049442287534475], "q_25": 0.002281000604853034, "q_75": 0.002520857786294073, "min": 0.0021634844597429037, "max": 0.0027049442287534475, "mean": 0.002400681306608021, "std": 0.00016464371668221695, "repeat": 10, "number": 4}]}, "core.startup.time_help_np": {"result": [0.600711106788367], "stats": [{"ci_99": [0.5446961205452681, 0.673335405997932], "q_25": 0.5805912758223712, "q_75": 0.6182393727358431, "min": 0.5446961205452681, "max": 0.673335405997932, "mean": 0.5997731951065361, "std": 0.035268184557971295, "repeat": 10, "number": 1}]}, "core.startup.time_import": {"result": [0.16705590253695846], "stats": [{"ci_99": [0.11808636225759983, 0.20369355753064156], "q_25": 0.15644736564718187, "q_75": 0.18607406713999808, "min": 0.11808636225759983, "max": 0.20369355753064156, "mean": 0.1672671888023615, "std": 0.02394897565572475, "repeat": 10, "number": 1}]}, "core.startup.time_import_api": {"result": [0.5343854799866676], "stats": [{"ci_99": [0.47924547642469406, 0.5876305503770709], "q_25": 0.5175825457554311, "q_75": 0.5774181277956814, "min": 0.47924547642469406, "max": 0.5876305503770709, "mean": 0.541826986707747, "std": 0.03471101723766815, "repeat": 10, "number": 1}]}, "support.path.get_parent_paths.time_allsubmods_toplevel": {"result": [0.007791219046339393], "stats": [{"ci_99": [0.006971763446927071, 0.008859232533723116], "q_25": 0.007357858004979789, "q_75": 0.008227345650084317, "min": 0.006971763446927071, "max": 0.008859232533723116, "mean": 0.007831624848768115, "std": 0.0006065771833993204, "repeat": 10, "number": 2}]}, "support.path.get_parent_paths.time_allsubmods_toplevel_only": {"result": [0.006816492881625891], "stats": [{"ci_99": [0.006187174469232559, 0.007601625751703978], "q_25": 0.006458556745201349, "q_75": 0.007119581801816821, "min": 0.006187174469232559, "max": 0.007601625751703978, "mean": 0.006818422209471464, "std": 0.00044494697764516664, "repeat": 10, "number": 2}]}, "support.path.get_parent_paths.time_no_submods": {"result": [3.499005253266806e-07], "stats": [{"ci_99": [3.182582892443304e-07, 3.9395283568989147e-07], "q_25": 3.3600502147162254e-07, "q_75": 3.655196002473297e-07, "min": 3.182582892443304e-07, "max": 3.9395283568989147e-07, "mean": 3.516491471735899e-07, "std": 2.144967148660854e-08, "repeat": 10, "number": 27225}]}, "support.path.get_parent_paths.time_one_submod_subdir": {"result": [0.005534391151741147],