{"results": {"api.supers.time_createadd": {"result": [1.351883671246469], "stats": [{"ci_99": [1.3389887996017933, 1.3712655315175653], "q_25": 1.346693018451333, "q_75": 1.353957881918177, "min": 1.3389887996017933, "max": 1.3712655315175653, "mean": 1.3529698091559113, "std": 0.009235363510569944, "repeat": 10, "number": 1}]}, "api.supers.time_createadd_to_dataset": {"result": [1.1172045390121639], "stats": [{"ci_99": [1.1018247967585921, 1.1408334067091346], "q_25": 1.1140691277105361, "q_75": 1.1264248134102672, "min": 1.1018247967585921, "max": 1.1408334067091346, "mean": 1.1196808004751801, "std": 0.010588604040093865, "repeat": 10, "number": 1}]}, "api.supers.time_diff": {"result": [0.10887626372277737], "stats": [{"ci_99": [0.09025788120925426, 0.12206870689988136], "q_25": 0.1004145760089159, "q_75": 0.11524882283993065, "min": 0.09025788120925426, "max": 0.12206870689988136, "mean": 0.10773524409160018, "std": 0.009414904466956118, "repeat": 10, "number": 1}]}, "api.supers.time_diff_recursive": {"result": [0.3095753244124353], "stats": [{"ci_99": [0.29811932519078255, 0.3259523557499051], "q_25": 0.30435646045953035, "q_75": 0.31106523517519236, "min": 0.29811932519078255, "max": 0.3259523557499051, "mean": 0.308851421251893, "std": 0.007216949252269812, "repeat": 10, "number": 1}]}, "api.supers.time_installr": {"result": [3.833941925317049], "stats": [{"ci_99": [3.80860194147465, 3.860093234079953], "q_25": 3.8302938456181437, "q_75": 3.837995667476207, "min": 3.821123320609331, "max": 3.8483831798657775, "mean": 3.8343475877773017, "std": 0.009655404397044291, "repeat": 4, "number": 1}]}, "api.supers.time_ls": {"result": [0.6957121626473963], "stats": [{"ci_99": [0.6870434088632464, 0.7054970655590296], "q_25": 0.6934938649646938, "q_75": 0.6983221671544015, "min": 0.6870434088632464, "max": 0.7054970655590296, "mean": 0.6958661914803088, "std": 0.004586048904930835, "repeat": 10, "number": 1}]}, "api.supers.time_ls_recursive": {"result": [2.634006291627884], "stats": [{"ci_99": [2.617808341048658, 2.6420493850338564], "q_25": 2.628435888327658, "q_75": 2.6369618526659906, "min": 2.617808341048658, "max": 2.637483206577599, "mean": 2.631305042964717, "std": 0.00701183701606998, "repeat": 6, "number": 1}]}, "api.supers.time_ls_recursive_long_all": {"result": [2.792185492813587], "stats": [{"ci_99": [2.7537461217863575, 2.9411799758672714], "q_25": 2.7884221831336617, "q_75": 2.7955322281923145, "min": 2.7857910580933094, "max": 2.9411799758672714, "mean": 2.8158595954688885, "std": 0.05616312921398275, "repeat": 6, "number": 1}]}, "api.supers.time_remove": {"result": [2.1481284364126623], "stats": [{"ci_99": [2.081819257698953, 2.2863715710118413], "q_25": 2.092358853202313, "q_75": 2.220719035482034, "min": 2.081819257698953, "max": 2.2863715710118413, "mean": 2.1630837214179337, "std": 0.07665465774960548, "repeat": 8, "number": 1}]}, "api.supers.time_status": {"result": [0.7052804166451097], "stats": [{"ci_99": [0.6773238135501742, 0.7715694578364491], "q_25": 0.6813886067830026, "q_75": 0.7519945476669818, "min": 0.6773238135501742, "max": 0.7715694578364491, "mean": 0.717749488633126, "std": 0.03824595859805503, "repeat": 10, "number": 1}]}, "api.supers.time_status_recursive": {"result": [1.175999283324927], "stats": [{"ci_99": [1.1417931085452437, 1.2543975533917546], "q_25": 1.1510884903836995, "q_75": 1.240685364464298, "min": 1.1417931085452437, "max": 1.2543975533917546, "mean": 1.1911708920262754, "std": 0.04524677174619883, "repeat": 10, "number": 1}]}, "api.supers.time_subdatasets": {"result": [0.0513969617895782], "stats": [{"ci_99": [0.04642979893833399, 0.05455649830400944], "q_25": 0.04724542098119855, "q_75": 0.05329276993870735, "min": 0.04642979893833399, "max": 0.05455649830400944, "mean": 0.050592522229999305, "std": 0.0030861238988567356, "repeat": 10, "number": 1}]}, "api.supers.time_subdatasets_recursive": {"result": [0.12246767012402415], "stats": [{"ci_99": [0.11969808489084244, 0.1331641674041748], "q_25": 0.1208766873460263, "q_75": 0.12869742698967457, "min": 0.11969808489084244, "max": 0.1331641674041748, "mean": 0.12459059432148933, "std": 0.00476124776941228, "repeat": 10, "number": 1}]}, "api.supers.time_subdatasets_recursive_first": {"result": [0.05374409398064017], "stats": [{"ci_99": [0.044336176477372646, 0.05841113347560167], "q_25": 0.04755234578624368, "q_75": 0.05569644924253225, "min": 0.044336176477372646, "max": 0.05841113347560167, "mean": 0.05195731772109866, "std": 0.004820582530651116, "repeat": 10, "number": 1}]}, "api.supers.time_uninstall": {"result": [2.17687899293378], "stats": [{"ci_99": [2.158942828886211, 2.3010494662448764], "q_25": 2.168341467389837, "q_75": 2.1998843853361905, "min": 2.158942828886211, "max": 2.3010494662448764, "mean": 2.197048698551953, "std": 0.04648398306760364, "repeat": 8, "number": 1}]}, "repo.gitrepo.time_get_content_info": {"result": [0.020219070371240377], "stats": [{"ci_99": [0.016561870463192463, 0.024278338067233562], "q_25": 0.018733246950432658, "q_75": 0.021945897955447435, "min": 0.016561870463192463, "max": 0.024278338067233562, "mean": 0.02034308398142457, "std": 0.002447177783524614, "repeat": 10, "number": 1}]}, "api.testds.time_create_test_dataset1": {"result": [0.4495512004941702], "stats": [{"ci_99": [0.441563094034791, 0.4770151302218437], "q_25": 0.44638041919097304, "q_75": 0.45652620075270534, "min": 0.441563094034791, "max": 0.4770151302218437, "mean": 0.4538614494726062, "std": 0.011257945203131213, "repeat": 10, "number": 1}]}, "api.testds.time_create_test_dataset2x2": {"result": [3.286450256127864], "stats": [{"ci_99": [3.249477891116883, 3.33015900850296], "q_25": 3.27093134005554, "q_75": 3.304803280858323, "min": 3.2577623035758734, "max": 3.33015900850296, "mean": 3.2895835246890783, "std": 0.02450053233639749, "repeat": 6, "number": 1}]}, "core.runner.time_echo": {"result": [0.0017363824881613255], "stats": [{"ci_99": [0.0017183345432082813, 0.0017572965783377488], "q_25": 0.001733982702717185, "q_75": 0.0017463859015454848, "min": 0.0017183345432082813, "max": 0.0017572965783377488, "mean": 0.00173782086931169, "std": 1.2104899103030669e-05, "repeat": 10, "number": 6}]}, "core.runner.time_echo_gitrunner": {"result": [0.002535119536332786], "stats": [{"ci_99": [0.002271569799631834, 0.002839084714651108], "q_25": 0.002362765488214791, "q_75": 0.0026600288692861795, "min": 0.002271569799631834, "max": 0.002839084714651108, "mean": 0.0025285893119871617, "std": 0.0001831013395556089, "repeat": 10, "number": 4}]}, "core.startup.time_help_np": {"result": [0.5736930714920163], "stats": [{"ci_99": [0.5155029855668545, 0.622996486723423], "q_25": 0.5419279399793595, "q_75": 0.6120036020874977, "min": 0.5155029855668545, "max": 0.622996486723423, "mean": 0.5741975749842823, "std": 0.03872760304431351, "repeat": 10, "number": 1}]}, "core.startup.time_import": {"result": [0.14934746641665697], "stats": [{"ci_99": [0.11943397019058466, 0.16531211510300636], "q_25": 0.13057625433430076, "q_75": 0.1525895595550537, "min": 0.11943397019058466, "max": 0.16531211510300636, "mean": 0.14342449540272356, "std": 0.014820434931298783, "repeat": 10, "number": 1}]}, "core.startup.time_import_api": {"result": [0.5363381044007838], "stats": [{"ci_99": [0.4494535867124796, 0.5712773576378822], "q_25": 0.5002107536420226, "q_75": 0.556231374386698, "min": 0.4494535867124796, "max": 0.5712773576378822, "mean": 0.5258965979330241, "std": 0.036587310423379905, "repeat": 10, "number": 1}]}, "support.path.get_parent_paths.time_allsubmods_toplevel": null, "support.path.get_parent_paths.time_allsubmods_toplevel_only": null, "support.path.get_parent_paths.time_no_submods": null, "support.path.get_parent_paths.time_one_submod_subdir": null, "support.path.get_parent_paths.time_one_submod_toplevel": null, "usecases.study_forrest.time_make_studyforrest_mockup": {"result": [35.68244872428477], "stats": [{"ci_99": [25.763162344694138, 45.60173510387539],