{"results": {"api.supers.time_createadd": {"result": [1.360304021742195], "stats": [{"ci_99": [1.3417277643457055, 1.3826989363878965], "q_25": 1.3502082284539938, "q_75": 1.3737165874335915, "min": 1.3417277643457055, "max": 1.3826989363878965, "mean": 1.3614247862249613, "std": 0.013588888819530595, "repeat": 10, "number": 1}]}, "api.supers.time_createadd_to_dataset": {"result": [1.1210069241933525], "stats": [{"ci_99": [1.106621827930212, 1.1475512841716409], "q_25": 1.1115780700929463, "q_75": 1.1293009642977268, "min": 1.106621827930212, "max": 1.1475512841716409, "mean": 1.1218619541265071, "std": 0.012435554165674604, "repeat": 10, "number": 1}]}, "api.supers.time_diff": {"result": [0.09649530565366149], "stats": [{"ci_99": [0.08968840725719929, 0.12475157156586647], "q_25": 0.09221934014931321, "q_75": 0.10726640978828073, "min": 0.08968840725719929, "max": 0.12475157156586647, "mean": 0.10041211880743503, "std": 0.0107578028133419, "repeat": 10, "number": 1}]}, "api.supers.time_diff_recursive": {"result": [0.30910291196778417], "stats": [{"ci_99": [0.3015457848086953, 0.31909449119120836], "q_25": 0.3065735478885472, "q_75": 0.3127160316798836, "min": 0.3015457848086953, "max": 0.31909449119120836, "mean": 0.3093488736078143, "std": 0.00508210540798265, "repeat": 10, "number": 1}]}, "api.supers.time_installr": {"result": [3.8962459512986243], "stats": [{"ci_99": [3.8729092785457273, 3.923920246369938], "q_25": 3.8920056698843837, "q_75": 3.9026550438720733, "min": 3.8879041085019708, "max": 3.9132630387321115, "mean": 3.8984147624578327, "std": 0.009445395440995787, "repeat": 4, "number": 1}]}, "api.supers.time_ls": {"result": [0.6979110273532569], "stats": [{"ci_99": [0.6945326356217265, 0.7051569633185863], "q_25": 0.6972722399514169, "q_75": 0.7012779617216438, "min": 0.6945326356217265, "max": 0.7051569633185863, "mean": 0.6993119499646128, "std": 0.0033241496367252417, "repeat": 10, "number": 1}]}, "api.supers.time_ls_recursive": {"result": [2.668372840154916], "stats": [{"ci_99": [2.6619339792493713, 2.676338389596469], "q_25": 2.6658472837880254, "q_75": 2.672639734810218, "min": 2.6636756798252463, "max": 2.6753282817080617, "mean": 2.66913618442292, "std": 0.0042380733776247095, "repeat": 6, "number": 1}]}, "api.supers.time_ls_recursive_long_all": {"result": [2.8324317429214716], "stats": [{"ci_99": [2.7756881326533094, 3.056775742210448], "q_25": 2.827955149812624, "q_75": 2.8373670999426395, "min": 2.823649534024298, "max": 3.056775742210448, "mean": 2.8684606555228433, "std": 0.08435537359083865, "repeat": 6, "number": 1}]}, "api.supers.time_remove": {"result": [2.175899146590382], "stats": [{"ci_99": [2.084026957862079, 2.294913104735315], "q_25": 2.0991451221052557, "q_75": 2.2421691194176674, "min": 2.084026957862079, "max": 2.294913104735315, "mean": 2.177198696648702, "std": 0.07653482224605701, "repeat": 8, "number": 1}]}, "api.supers.time_status": null, "api.supers.time_status_recursive": null, "api.supers.time_subdatasets": {"result": [0.05408095195889473], "stats": [{"ci_99": [0.050314879044890404, 0.06252694223076105], "q_25": 0.052619806956499815, "q_75": 0.05832364014349878, "min": 0.050314879044890404, "max": 0.06252694223076105, "mean": 0.055230058170855044, "std": 0.0038883173269849444, "repeat": 10, "number": 1}]}, "api.supers.time_subdatasets_recursive": {"result": [0.1270726858638227], "stats": [{"ci_99": [0.11807073652744293, 0.13793138228356838], "q_25": 0.12264727125875652, "q_75": 0.13253049179911613, "min": 0.11807073652744293, "max": 0.13793138228356838, "mean": 0.12739366302266716, "std": 0.006608326881986502, "repeat": 10, "number": 1}]}, "api.supers.time_subdatasets_recursive_first": {"result": [0.05395531468093395], "stats": [{"ci_99": [0.04752802103757858, 0.06949569378048182], "q_25": 0.05195912648923695, "q_75": 0.05732956086285412, "min": 0.04752802103757858, "max": 0.06949569378048182, "mean": 0.055302544683218005, "std": 0.006054175463687452, "repeat": 10, "number": 1}]}, "api.supers.time_uninstall": {"result": [2.25475108390674], "stats": [{"ci_99": [2.1826366959139705, 2.3368488429114223], "q_25": 2.186768828658387, "q_75": 2.3100252239964902, "min": 2.1826366959139705, "max": 2.3368488429114223, "mean": 2.2534653460606933, "std": 0.06241577637975798, "repeat": 8, "number": 1}]}, "repo.gitrepo.time_get_content_info": {"result": [0.017598564736545086], "stats": [{"ci_99": [0.014810890890657902, 0.025959009304642677], "q_25": 0.014989020070061088, "q_75": 0.02101381798274815, "min": 0.014810890890657902, "max": 0.025959009304642677, "mean": 0.018365863431245088, "std": 0.0037293541433400666, "repeat": 10, "number": 1}]}, "api.testds.time_create_test_dataset1": {"result": [0.44619725551456213], "stats": [{"ci_99": [0.4283865373581648, 0.4563117390498519], "q_25": 0.433957208879292, "q_75": 0.4539673605468124, "min": 0.4283865373581648, "max": 0.4563117390498519, "mean": 0.4436943055130541, "std": 0.010839422084896902, "repeat": 10, "number": 1}]}, "api.testds.time_create_test_dataset2x2": {"result": [3.2834392366930842], "stats": [{"ci_99": [3.24594772764294, 3.3525055861100554], "q_25": 3.274813069961965, "q_75": 3.2851358121261, "min": 3.2719423146918416, "max": 3.3525055861100554, "mean": 3.2935672039166093, "std": 0.029888962369272062, "repeat": 5, "number": 1}]}, "core.runner.time_echo": {"result": [0.0017300591183205447], "stats": [{"ci_99": [0.0017104617630441983, 0.0017489541011552017], "q_25": 0.001723660621792078, "q_75": 0.0017414361548920472, "min": 0.0017104617630441983, "max": 0.0017489541011552017, "mean": 0.001730413983265559, "std": 1.2887715481838253e-05, "repeat": 10, "number": 6}]}, "core.runner.time_echo_gitrunner": {"result": [0.002283043880015612], "stats": [{"ci_99": [0.002097933366894722, 0.002989179827272892], "q_25": 0.0021783593110740185, "q_75": 0.0023185335099697112, "min": 0.002097933366894722, "max": 0.002989179827272892, "mean": 0.0023196222819387912, "std": 0.0002424588421544218, "repeat": 10, "number": 5}]}, "core.startup.time_help_np": {"result": [0.5530793275684118], "stats": [{"ci_99": [0.49582481756806374, 0.6223446065559983], "q_25": 0.5221986144315451, "q_75": 0.5630193622782826, "min": 0.49582481756806374, "max": 0.6223446065559983, "mean": 0.54928371720016, "std": 0.03841556261529343, "repeat": 10, "number": 1}]}, "core.startup.time_import": {"result": [0.16993616754189134], "stats": [{"ci_99": [0.12792287021875381, 0.19562525115907192], "q_25": 0.16058906028047204, "q_75": 0.18179509160108864, "min": 0.12792287021875381, "max": 0.19562525115907192, "mean": 0.16870513716712593, "std": 0.018324344575041108, "repeat": 10, "number": 1}]}, "core.startup.time_import_api": {"result": [0.5096507244743407], "stats": [{"ci_99": [0.4413983253762126, 0.5577407032251358], "q_25": 0.48592926166020334, "q_75": 0.5347100037615746, "min": 0.4413983253762126, "max": 0.5577407032251358, "mean": 0.5076295392587781, "std": 0.03413516523324607, "repeat": 10, "number": 1}]}, "support.path.get_parent_paths.time_allsubmods_toplevel": null, "support.path.get_parent_paths.time_allsubmods_toplevel_only": null, "support.path.get_parent_paths.time_no_submods": null, "support.path.get_parent_paths.time_one_submod_subdir": null, "support.path.get_parent_paths.time_one_submod_toplevel": null, "usecases.study_forrest.time_make_studyforrest_mockup": {"result": [36.051858382765204], "stats": [{"ci_99": [31.28313706582412, 40.82057969970628], "q_25": 36.00417116959579, "q_75": 36.099545595934615, "min": 35.95648395642638, "max": 36.147232809104025, "mean": 36.051858382765204, "std": 0.09537442633882165, "repeat": 2, "number": 1}]}, "core.runner.track_overhead_100ms": 2.23, "core.runner.track_overhead_echo": 39.58, "core.runner.track_overhead_heavyout": -7.97, "core.runner.track_overhead_heavyout_online_process": 1977.21, "core.runner.track_overhead_heavyout_online_through": 15.06}, "params": {"arch": "x86_64", "cpu": "Intel(R) Xeon(R) CPU E5-1607 v2 @ 3.00GHz",