{"results": {"api.supers.time_createadd": {"result": [1.2990483092144132], "stats": [{"ci_99": [1.2824700474739075, 1.3636018242686987], "q_25": 1.2938519103918225, "q_75": 1.3033584996592253, "min": 1.2824700474739075, "max": 1.3636018242686987, "mean": 1.3044118219055236, "std": 0.022170198456316313, "repeat": 10, "number": 1}]}, "api.supers.time_createadd_to_dataset": {"result": [1.244169462006539], "stats": [{"ci_99": [1.2263937648385763, 1.2786605823785067], "q_25": 1.2343379163648933, "q_75": 1.245770295150578, "min": 1.2263937648385763, "max": 1.2786605823785067, "mean": 1.2432190167717636, "std": 0.013588113890295139, "repeat": 10, "number": 1}]}, "api.supers.time_diff": null, "api.supers.time_diff_recursive": null, "api.supers.time_installr": {"result": [5.489463817793876], "stats": [{"ci_99": [5.011083434801549, 5.967844200786203], "q_25": 5.484680013963953, "q_75": 5.494247621623799, "min": 5.479896210134029, "max": 5.4990314254537225, "mean": 5.489463817793876, "std": 0.009567607659846544, "repeat": 2, "number": 1}]}, "api.supers.time_ls": {"result": [0.18442817870527506], "stats": [{"ci_99": [0.1793052153661847, 0.19524996727705002], "q_25": 0.18040256085805595, "q_75": 0.18796123913489282, "min": 0.1793052153661847, "max": 0.19524996727705002, "mean": 0.18519163653254508, "std": 0.0052574962937721, "repeat": 10, "number": 1}]}, "api.supers.time_ls_recursive": {"result": [1.7806389615871012], "stats": [{"ci_99": [1.771178975701332, 1.7904912466183305], "q_25": 1.7790809236466885, "q_75": 1.7819195035845041, "min": 1.771178975701332, "max": 1.7904912466183305, "mean": 1.7807254957966507, "std": 0.005239065768412205, "repeat": 10, "number": 1}]}, "api.supers.time_ls_recursive_long_all": {"result": [1.9404393630102277], "stats": [{"ci_99": [1.933031590655446, 1.963418409228325], "q_25": 1.9361885166727006, "q_75": 1.9473798244725913, "min": 1.933031590655446, "max": 1.963418409228325, "mean": 1.9438658509170637, "std": 0.010841611714923451, "repeat": 8, "number": 1}]}, "api.supers.time_remove": null, "api.supers.time_status": {"result": [0.721302401740104], "stats": [{"ci_99": [0.7173641063272953, 0.734125635586679], "q_25": 0.7200873224064708, "q_75": 0.7269283486530185, "min": 0.7173641063272953, "max": 0.734125635586679, "mean": 0.7236589257605374, "std": 0.0054364054836829314, "repeat": 10, "number": 1}]}, "api.supers.time_status_recursive": {"result": [1.3568406919948757], "stats": [{"ci_99": [1.3518022689968348, 1.3725423458963633], "q_25": 1.3553414344787598, "q_75": 1.365618729032576, "min": 1.3518022689968348, "max": 1.3725423458963633, "mean": 1.359985250327736, "std": 0.006458330039185619, "repeat": 10, "number": 1}]}, "api.supers.time_subdatasets": {"result": [0.09448124095797539], "stats": [{"ci_99": [0.09306110255420208, 0.10650321841239929], "q_25": 0.09404521435499191, "q_75": 0.09666923526674509, "min": 0.09306110255420208, "max": 0.10650321841239929, "mean": 0.09600310232490301, "std": 0.0037463844552740023, "repeat": 10, "number": 1}]}, "api.supers.time_subdatasets_recursive": {"result": [0.4257509973831475], "stats": [{"ci_99": [0.42103188671171665, 0.43821477703750134], "q_25": 0.4240259202197194, "q_75": 0.4298514036927372, "min": 0.42103188671171665, "max": 0.43821477703750134, "mean": 0.42746977172791956, "std": 0.0054507553067554325, "repeat": 10, "number": 1}]}, "api.supers.time_subdatasets_recursive_first": {"result": [0.09530337899923325], "stats": [{"ci_99": [0.09287761989980936, 0.09925596602261066], "q_25": 0.09383104252628982, "q_75": 0.09647350665181875, "min": 0.09287761989980936, "max": 0.09925596602261066, "mean": 0.09550464050844312, "std": 0.002001674534194105, "repeat": 10, "number": 1}]}, "api.supers.time_uninstall": {"result": [4.159654823597521], "stats": [{"ci_99": [4.150326439478336, 4.166127884461643], "q_25": 4.157481290400028, "q_75": 4.160400695167482, "min": 4.152866197749972, "max": 4.160732802934945, "mean": 4.1582271619699895, "std": 0.0031583812597347177, "repeat": 4, "number": 1}]}, "repo.gitrepo.time_get_content_info": {"result": [0.014963218942284584], "stats": [{"ci_99": [0.014413651078939438, 0.015486600808799267], "q_25": 0.014799171825870872, "q_75": 0.015014592790976167, "min": 0.014413651078939438, "max": 0.015486600808799267, "mean": 0.014928850904107093, "std": 0.0003040852085770266, "repeat": 10, "number": 1}]}, "api.testds.time_create_test_dataset1": {"result": [0.622839723713696], "stats": [{"ci_99": [0.6027364581823349, 0.6334629468619823], "q_25": 0.61458113277331, "q_75": 0.6284554612357169, "min": 0.6027364581823349, "max": 0.6334629468619823, "mean": 0.6204957231879235, "std": 0.010413467942597657, "repeat": 10, "number": 1}]}, "api.testds.time_create_test_dataset2x2": {"result": [3.811521706171334], "stats": [{"ci_99": [3.7494546221597114, 3.860427637116053], "q_25": 3.7986650194507092, "q_75": 3.8177978163585067, "min": 3.7696902938187122, "max": 3.8270308123901486, "mean": 3.804941129637882, "std": 0.021433872631317973, "repeat": 4, "number": 1}]}, "core.runner.time_echo": {"result": [0.0019297969993203878], "stats": [{"ci_99": [0.0017103600936631362, 0.00225900299847126], "q_25": 0.0017160566058009863, "q_75": 0.0020841868051017323, "min": 0.0017103600936631362, "max": 0.00225900299847126, "mean": 0.0019288814471413694, "std": 0.00019750712286061912, "repeat": 10, "number": 6}]}, "core.runner.time_echo_gitrunner": {"result": [0.0021203289739787578], "stats": [{"ci_99": [0.0020930562168359756, 0.0021572729572653772], "q_25": 0.0021103269886225463, "q_75": 0.002124232659116387, "min": 0.0020930562168359756, "max": 0.0021572729572653772, "mean": 0.0021199403889477254, "std": 1.585249879590622e-05, "repeat": 10, "number": 5}]}, "core.startup.time_help_np": {"result": [0.5859651225619018], "stats": [{"ci_99": [0.5337585750967264, 0.6487764827907085], "q_25": 0.5595460189506412, "q_75": 0.6175560941919684, "min": 0.5337585750967264, "max": 0.6487764827907085, "mean": 0.5896098583005369, "std": 0.03671428994175042, "repeat": 10, "number": 1}]}, "core.startup.time_import": {"result": [0.17749604396522045], "stats": [{"ci_99": [0.1148085156455636, 0.19948549196124077], "q_25": 0.12531707086600363, "q_75": 0.19017997197806835, "min": 0.1148085156455636, "max": 0.19948549196124077, "mean": 0.16172144953161477, "std": 0.03361727239522068, "repeat": 10, "number": 1}]}, "core.startup.time_import_api": {"result": [0.5285961786285043], "stats": [{"ci_99": [0.47085867542773485, 0.5793252624571323], "q_25": 0.5014655156992376, "q_75": 0.5457560592330992, "min": 0.47085867542773485, "max": 0.5793252624571323, "mean": 0.524293913692236, "std": 0.03022134220093944, "repeat": 10, "number": 1}]}, "support.path.get_parent_paths.time_allsubmods_toplevel": {"result": [0.007112537510693073], "stats": [{"ci_99": [0.006989405956119299, 0.008813951164484024], "q_25": 0.00707944284658879, "q_75": 0.007549909641966224, "min": 0.006989405956119299, "max": 0.008813951164484024, "mean": 0.007413033302873373, "std": 0.000550998615145681, "repeat": 10, "number": 2}]}, "support.path.get_parent_paths.time_allsubmods_toplevel_only": {"result": [0.006532320054247975], "stats": [{"ci_99": [0.006295607425272465, 0.008434427436441183], "q_25": 0.006337911589071155, "q_75": 0.007390957558527589, "min": 0.006295607425272465, "max": 0.008434427436441183, "mean": 0.006922133639454842, "std": 0.0007297862612464985, "repeat": 10, "number": 2}]}, "support.path.get_parent_paths.time_no_submods": {"result": [2.8163094720519194e-07], "stats": [{"ci_99": [2.751887006404709e-07, 3.3820857712440795e-07], "q_25": 2.766061163524089e-07, "q_75": 3.0330179115807007e-07, "min": 2.751887006404709e-07, "max": 3.3820857712440795e-07, "mean": 2.9318997496901687e-07, "std": 2.1684178215612248e-08, "repeat": 10, "number": 39793}]}, "support.path.get_parent_paths.time_one_submod_subdir": {"result": [0.0054439096711575985], "stats": [{"ci_99": [0.005354816559702158, 0.0054735904559493065], "q_25": 0.005426622228696942,