{"results": {"api.supers.time_createadd": {"result": [1.355103577952832], "stats": [{"ci_99": [1.3359264954924583, 1.377075188793242], "q_25": 1.3438164296094328, "q_75": 1.3603905497584492, "min": 1.3359264954924583, "max": 1.377075188793242, "mean": 1.3539059032686054, "std": 0.013089617379145574, "repeat": 10, "number": 1}]}, "api.supers.time_createadd_to_dataset": {"result": [1.108724245801568], "stats": [{"ci_99": [1.096327941864729, 1.1418330278247595], "q_25": 1.1012483481317759, "q_75": 1.118214687332511, "min": 1.096327941864729, "max": 1.1418330278247595, "mean": 1.1118066830560565, "std": 0.013025226286257956, "repeat": 10, "number": 1}]}, "api.supers.time_diff": {"result": [0.09889662032946944], "stats": [{"ci_99": [0.09116009064018726, 0.11919413786381483], "q_25": 0.09475489100441337, "q_75": 0.10851907753385603, "min": 0.09116009064018726, "max": 0.11919413786381483, "mean": 0.10225086687132716, "std": 0.009882676824241316, "repeat": 10, "number": 1}]}, "api.supers.time_diff_recursive": {"result": [0.3035813490860164], "stats": [{"ci_99": [0.29850230924785137, 0.31324565783143044], "q_25": 0.29993745824322104, "q_75": 0.30615362618118525, "min": 0.29850230924785137, "max": 0.31324565783143044, "mean": 0.3037806271575391, "std": 0.0043138323708166145, "repeat": 10, "number": 1}]}, "api.supers.time_installr": {"result": [3.827862868551165], "stats": [{"ci_99": [3.7828352826476794, 3.8735954046420056], "q_25": 3.8179749897681177, "q_75": 3.8381032224278897, "min": 3.806310625746846, "max": 3.850825011730194, "mean": 3.8282153436448425, "std": 0.016303806405595297, "repeat": 4, "number": 1}]}, "api.supers.time_ls": {"result": [0.7090772148221731], "stats": [{"ci_99": [0.6902812793850899, 0.7388327727094293], "q_25": 0.6911476200912148, "q_75": 0.7295117555186152, "min": 0.6902812793850899, "max": 0.7388327727094293, "mean": 0.711140651255846, "std": 0.019979282775559756, "repeat": 10, "number": 1}]}, "api.supers.time_ls_recursive": {"result": [2.698921889066696], "stats": [{"ci_99": [2.556833284829222, 2.86085447925164], "q_25": 2.6240307034458965, "q_75": 2.780109206913039, "min": 2.6211207872256637, "max": 2.8278601057827473, "mean": 2.7088438820404313, "std": 0.08736349077910908, "repeat": 6, "number": 1}]}, "api.supers.time_ls_recursive_long_all": {"result": [2.8629244468174875], "stats": [{"ci_99": [2.7171450811904685, 3.0265816308402007], "q_25": 2.7839677021838725, "q_75": 2.949143060017377, "min": 2.7770960135385394, "max": 2.9927038438618183, "mean": 2.8718633560153344, "std": 0.08903801645389356, "repeat": 6, "number": 1}]}, "api.supers.time_remove": {"result": [2.1440992220304906], "stats": [{"ci_99": [2.062707357108593, 2.1974688060581684], "q_25": 2.082581805763766, "q_75": 2.182779642753303, "min": 2.062707357108593, "max": 2.1974688060581684, "mean": 2.1342916027642787, "std": 0.05332787956784043, "repeat": 8, "number": 1}]}, "api.supers.time_status": {"result": [0.6831135675311089], "stats": [{"ci_99": [0.6750193787738681, 0.6987774102017283], "q_25": 0.681161439511925, "q_75": 0.6881824873853475, "min": 0.6750193787738681, "max": 0.6987774102017283, "mean": 0.685066847410053, "std": 0.006477395056063946, "repeat": 10, "number": 1}]}, "api.supers.time_status_recursive": {"result": [1.1368085411377251], "stats": [{"ci_99": [1.1283535128459334, 1.1498295273631811], "q_25": 1.1334020448848605, "q_75": 1.1413070084527135, "min": 1.1283535128459334, "max": 1.1498295273631811, "mean": 1.138177813310176, "std": 0.006692323788230634, "repeat": 10, "number": 1}]}, "api.supers.time_subdatasets": {"result": [0.05454481719061732], "stats": [{"ci_99": [0.049199980683624744, 0.05977252870798111], "q_25": 0.052670062985271215, "q_75": 0.05565707036294043, "min": 0.049199980683624744, "max": 0.05977252870798111, "mean": 0.05463731437921524, "std": 0.0029967341788502766, "repeat": 10, "number": 1}]}, "api.supers.time_subdatasets_recursive": {"result": [0.12334108212962747], "stats": [{"ci_99": [0.11364163924008608, 0.1340866144746542], "q_25": 0.11950360797345638, "q_75": 0.12502686609514058, "min": 0.11364163924008608, "max": 0.1340866144746542, "mean": 0.12263824306428432, "std": 0.005313739372655656, "repeat": 10, "number": 1}]}, "api.supers.time_subdatasets_recursive_first": {"result": [0.051953171379864216], "stats": [{"ci_99": [0.04541202541440725, 0.05628849286586046], "q_25": 0.048371906857937574, "q_75": 0.05254036234691739, "min": 0.04541202541440725, "max": 0.05628849286586046, "mean": 0.051083377376198766, "std": 0.003164816710979135, "repeat": 10, "number": 1}]}, "api.supers.time_uninstall": {"result": [2.155171017628163], "stats": [{"ci_99": [2.1419594222679734, 2.175129620358348], "q_25": 2.1513638936448842, "q_75": 2.1682684840634465, "min": 2.1419594222679734, "max": 2.175129620358348, "mean": 2.1583992511732504, "std": 0.010532489304307611, "repeat": 8, "number": 1}]}, "repo.gitrepo.time_get_content_info": {"result": [0.02022637939080596], "stats": [{"ci_99": [0.01827201619744301, 0.02238324098289013], "q_25": 0.019222856033593416, "q_75": 0.021125379716977477, "min": 0.01827201619744301, "max": 0.02238324098289013, "mean": 0.020187133084982635, "std": 0.001360962165798796, "repeat": 10, "number": 1}]}, "api.testds.time_create_test_dataset1": {"result": [0.43737868731841445], "stats": [{"ci_99": [0.4323286069557071, 0.460627849213779], "q_25": 0.4348821451421827, "q_75": 0.43950979807414114, "min": 0.4323286069557071, "max": 0.460627849213779, "mean": 0.4410929589532316, "std": 0.009739548510209027, "repeat": 10, "number": 1}]}, "api.testds.time_create_test_dataset2x2": {"result": [2.769491521641612], "stats": [{"ci_99": [2.7557183327153325, 2.784615441495261], "q_25": 2.765684180893004, "q_75": 2.7764492502901703, "min": 2.7557183327153325, "max": 2.7833940349519253, "mean": 2.7702131619056067, "std": 0.008973721883216712, "repeat": 6, "number": 1}]}, "core.runner.time_echo": {"result": [0.001900419903298219], "stats": [{"ci_99": [0.001711933563152949, 0.002332810778170824], "q_25": 0.001733060887393852, "q_75": 0.0020923238868514695, "min": 0.001711933563152949, "max": 0.002332810778170824, "mean": 0.0019414485432207584, "std": 0.00022543372806310469, "repeat": 10, "number": 6}]}, "core.runner.time_echo_gitrunner": {"result": [0.0026107106047372026], "stats": [{"ci_99": [0.002113985208173593, 0.003203637587527434], "q_25": 0.0021397197463860116, "q_75": 0.002717590502773722, "min": 0.002113985208173593, "max": 0.003203637587527434, "mean": 0.002535969174156586, "std": 0.00037008559716146983, "repeat": 10, "number": 3}]}, "core.startup.time_help_np": {"result": [0.5835329871624708], "stats": [{"ci_99": [0.5192393455654383, 0.6322404593229294], "q_25": 0.5760211779270321, "q_75": 0.6124347157310694, "min": 0.5192393455654383, "max": 0.6322404593229294, "mean": 0.5831334170885384, "std": 0.03716835229353894, "repeat": 10, "number": 1}]}, "core.startup.time_import": {"result": [0.1654325877316296], "stats": [{"ci_99": [0.11587164457887411, 0.1911665964871645], "q_25": 0.16007078276015818, "q_75": 0.16980704525485635, "min": 0.11587164457887411, "max": 0.1911665964871645, "mean": 0.16077464828267693, "std": 0.0199524413798165, "repeat": 10, "number": 1}]}, "core.startup.time_import_api": {"result": [0.5130300964228809], "stats": [{"ci_99": [0.4564623720943928, 0.5599547969177365], "q_25": 0.49517695792019367, "q_75": 0.5413073489908129, "min": 0.4564623720943928, "max": 0.5599547969177365, "mean": 0.5130247044377029, "std": 0.03380133221595357, "repeat": 10, "number": 1}]}, "support.path.get_parent_paths.time_allsubmods_toplevel": null, "support.path.get_parent_paths.time_allsubmods_toplevel_only": null, "support.path.get_parent_paths.time_no_submods": null, "support.path.get_parent_paths.time_one_submod_subdir": null, "support.path.get_parent_paths.time_one_submod_toplevel": null, "usecases.study_forrest.time_make_studyforrest_mockup": {"result": [36.01916347583756],