{"results": {"api.supers.time_createadd": {"result": [1.475336505100131], "stats": [{"ci_99": [1.4608737137168646, 1.4947423292323947], "q_25": 1.4666921920143068, "q_75": 1.4820695973467082, "min": 1.4608737137168646, "max": 1.4947423292323947, "mean": 1.4750712629407645, "std": 0.009994008860916356, "repeat": 10, "number": 1}]}, "api.supers.time_createadd_to_dataset": {"result": [1.3658573906868696], "stats": [{"ci_99": [1.361675993539393, 1.3819395191967487], "q_25": 1.3653130226302892, "q_75": 1.3663644921034575, "min": 1.361675993539393, "max": 1.3819395191967487, "mean": 1.3677035366185009, "std": 0.0055944381232366945, "repeat": 10, "number": 1}]}, "api.supers.time_diff": null, "api.supers.time_diff_recursive": null, "api.supers.time_installr": {"result": [8.669150428846478], "stats": [{"ci_99": [8.659264113754034, 8.679036743938923], "q_25": 8.669051565695554, "q_75": 8.669249291997403, "min": 8.66895270254463, "max": 8.669348155148327, "mean": 8.669150428846478, "std": 0.0001977263018488884, "repeat": 2, "number": 1}]}, "api.supers.time_ls": {"result": [0.25915198167786], "stats": [{"ci_99": [0.2540811160579324, 0.26994367875158787], "q_25": 0.25563143845647573, "q_75": 0.26445437502115965, "min": 0.2540811160579324, "max": 0.26994367875158787, "mean": 0.2606223164126277, "std": 0.005683715326693, "repeat": 10, "number": 1}]}, "api.supers.time_ls_recursive": {"result": [2.603070075623691], "stats": [{"ci_99": [2.5767838284373283, 2.6262630186975002], "q_25": 2.594009873457253, "q_75": 2.6056046658195555, "min": 2.5767838284373283, "max": 2.6262630186975002, "mean": 2.6011043889448047, "std": 0.015006426657340694, "repeat": 6, "number": 1}]}, "api.supers.time_ls_recursive_long_all": {"result": [2.800735777243972], "stats": [{"ci_99": [2.7437837512514154, 2.873276795260608], "q_25": 2.773563160561025, "q_75": 2.816744895419106, "min": 2.758115324191749, "max": 2.873276795260608, "mean": 2.8032417606251934, "std": 0.03795568770760367, "repeat": 6, "number": 1}]}, "api.supers.time_remove": null, "api.supers.time_status": {"result": [0.8145939777605236], "stats": [{"ci_99": [0.8071272084489465, 0.8461630837991834], "q_25": 0.8090121611021459, "q_75": 0.8386161101516336, "min": 0.8071272084489465, "max": 0.8461630837991834, "mean": 0.8222216301597655, "std": 0.015527362591224827, "repeat": 10, "number": 1}]}, "api.supers.time_status_recursive": {"result": [1.6711245100013912], "stats": [{"ci_99": [1.6579154944047332, 1.6803102949634194], "q_25": 1.6640326590277255, "q_75": 1.6735899888444692, "min": 1.6579154944047332, "max": 1.6803102949634194, "mean": 1.6694458226673305, "std": 0.006988066344456077, "repeat": 10, "number": 1}]}, "api.supers.time_subdatasets": {"result": [0.21127501968294382], "stats": [{"ci_99": [0.20840557757765055, 0.21746073942631483], "q_25": 0.21017687278799713, "q_75": 0.21326345624402165, "min": 0.20840557757765055, "max": 0.21746073942631483, "mean": 0.21194444317370653, "std": 0.0026296687482116866, "repeat": 10, "number": 1}]}, "api.supers.time_subdatasets_recursive": {"result": [0.6732167061418295], "stats": [{"ci_99": [0.6668978789821267, 0.6778448801487684], "q_25": 0.670150502352044, "q_75": 0.6754610226489604, "min": 0.6668978789821267, "max": 0.6778448801487684, "mean": 0.6726964468136429, "std": 0.003509443263356796, "repeat": 10, "number": 1}]}, "api.supers.time_subdatasets_recursive_first": {"result": [0.1852843826636672], "stats": [{"ci_99": [0.18310622312128544, 0.1976373065263033], "q_25": 0.18517693504691124, "q_75": 0.1896668914705515, "min": 0.18310622312128544, "max": 0.1976373065263033, "mean": 0.1876197480596602, "std": 0.0043438253684275115, "repeat": 10, "number": 1}]}, "api.supers.time_uninstall": {"result": [6.41709323739633], "stats": [{"ci_99": [5.652304620016366, 7.181881854776292], "q_25": 6.40944535122253, "q_75": 6.424741123570129, "min": 6.40179746504873, "max": 6.432389009743929, "mean": 6.41709323739633, "std": 0.015295772347599268, "repeat": 2, "number": 1}]}, "repo.gitrepo.time_get_content_info": {"result": [0.015153954736888409], "stats": [{"ci_99": [0.01444291789084673, 0.016085956245660782], "q_25": 0.014841812662780285, "q_75": 0.01530311955139041, "min": 0.01444291789084673, "max": 0.016085956245660782, "mean": 0.015114255156368018, "std": 0.00046656463624874297, "repeat": 10, "number": 1}]}, "api.testds.time_create_test_dataset1": {"result": [0.7522094445303082], "stats": [{"ci_99": [0.7478054249659181, 0.7590700685977936], "q_25": 0.7501965819392353, "q_75": 0.7549933085683733, "min": 0.7478054249659181, "max": 0.7590700685977936, "mean": 0.7526775073260069, "std": 0.003604138373351099, "repeat": 10, "number": 1}]}, "api.testds.time_create_test_dataset2x2": {"result": [4.178431447129697], "stats": [{"ci_99": [4.170122378040796, 4.185016841626966], "q_25": 4.176172110717744, "q_75": 4.179828946245834, "min": 4.173289648257196, "max": 4.180125896818936, "mean": 4.177569609833881, "std": 0.0027253663414723048, "repeat": 4, "number": 1}]}, "core.runner.time_echo": {"result": [0.0018706398084759712], "stats": [{"ci_99": [0.0017008990049362182, 0.002276073209941387], "q_25": 0.0017118315678089856, "q_75": 0.0020888941828161476, "min": 0.0017008990049362182, "max": 0.002276073209941387, "mean": 0.001919885501265526, "std": 0.00021068265427028429, "repeat": 10, "number": 5}]}, "core.runner.time_echo_gitrunner": {"result": [0.0027011861093342304], "stats": [{"ci_99": [0.002421123906970024, 0.0029249507933855057], "q_25": 0.002587833150755614, "q_75": 0.002833874081261456, "min": 0.002421123906970024, "max": 0.0029249507933855057, "mean": 0.0027038117870688437, "std": 0.0001572331819401189, "repeat": 10, "number": 4}]}, "core.startup.time_help_np": {"result": [0.6080015790648758], "stats": [{"ci_99": [0.565355995669961, 0.63747079949826], "q_25": 0.5843115204479545, "q_75": 0.6269237939268351, "min": 0.565355995669961, "max": 0.63747079949826, "mean": 0.6059635576792062, "std": 0.024044651721719136, "repeat": 10, "number": 1}]}, "core.startup.time_import": {"result": [0.16740641510114074], "stats": [{"ci_99": [0.12513038143515587, 0.20457320380955935], "q_25": 0.151234911987558, "q_75": 0.18417889182455838, "min": 0.12513038143515587, "max": 0.20457320380955935, "mean": 0.16740357056260108, "std": 0.022987304986843784, "repeat": 10, "number": 1}]}, "core.startup.time_import_api": {"result": [0.514432487078011], "stats": [{"ci_99": [0.4472801676020026, 0.5610412573441863], "q_25": 0.49263761122711003, "q_75": 0.5274619197007269, "min": 0.4472801676020026, "max": 0.5610412573441863, "mean": 0.5085352191701531, "std": 0.031745411677170744, "repeat": 10, "number": 1}]}, "support.path.get_parent_paths.time_allsubmods_toplevel": {"result": [0.007677773712202907], "stats": [{"ci_99": [0.006809546612203121, 0.008874560240656137], "q_25": 0.007258494035340846, "q_75": 0.00811491475906223, "min": 0.006809546612203121, "max": 0.008874560240656137, "mean": 0.007723179366439581, "std": 0.00062012682250167, "repeat": 10, "number": 2}]}, "support.path.get_parent_paths.time_allsubmods_toplevel_only": {"result": [0.006683000596240163], "stats": [{"ci_99": [0.005931068677455187, 0.007744123227894306], "q_25": 0.006349584087729454, "q_75": 0.007043626043014228, "min": 0.005931068677455187, "max": 0.007744123227894306, "mean": 0.0067277308087795975, "std": 0.0005133750920532042, "repeat": 10, "number": 2}]}, "support.path.get_parent_paths.time_no_submods": {"result": [3.381708785859087e-07], "stats": [{"ci_99": [3.179075827181019e-07, 3.80000091698748e-07], "q_25": 3.2572971559852244e-07, "q_75": 3.587564078060536e-07, "min": 3.179075827181019e-07, "max": 3.80000091698748e-07, "mean": 3.4308810698755047e-07, "std": 1.991568642972793e-08, "repeat": 10, "number": 27556}]}, "support.path.get_parent_paths.time_one_submod_subdir": {"result": [0.005391807993873954], "stats": [{"ci_99": [0.0050496188923716545, 0.006895978003740311], "q_25": 0.005160500528290868, "q_75": 0.006164004560559988,