{"results": {"api.supers.time_createadd": {"result": [1.304543200880289], "stats": [{"ci_99": [1.2868500910699368, 1.3101433916017413], "q_25": 1.2913800461683422, "q_75": 1.3060816093347967, "min": 1.2868500910699368, "max": 1.3101433916017413, "mean": 1.2999230092391372, "std": 0.008275320850875751, "repeat": 10, "number": 1}]}, "api.supers.time_createadd_to_dataset": {"result": [1.2402423759922385], "stats": [{"ci_99": [1.23165600374341, 1.296709761954844], "q_25": 1.2373065305873752, "q_75": 1.2568651414476335, "min": 1.23165600374341, "max": 1.296709761954844, "mean": 1.249381095264107, "std": 0.01988675554419388, "repeat": 10, "number": 1}]}, "api.supers.time_diff": null, "api.supers.time_diff_recursive": null, "api.supers.time_installr": {"result": [5.264271839987487], "stats": [{"ci_99": [5.074045036453754, 5.4544986435212195], "q_25": 5.262369571952149, "q_75": 5.266174108022824, "min": 5.260467303916812, "max": 5.268076376058161, "mean": 5.264271839987487, "std": 0.003804536070674658, "repeat": 2, "number": 1}]}, "api.supers.time_ls": {"result": [0.18263193406164646], "stats": [{"ci_99": [0.17676954437047243, 0.1975481305271387], "q_25": 0.18006374803371727, "q_75": 0.18913312442600727, "min": 0.17676954437047243, "max": 0.1975481305271387, "mean": 0.18525779377669097, "std": 0.006822393485448481, "repeat": 10, "number": 1}]}, "api.supers.time_ls_recursive": {"result": [1.7852003732696176], "stats": [{"ci_99": [1.7733979225158691, 1.8048449363559484], "q_25": 1.7823298894800246, "q_75": 1.79397785034962, "min": 1.7733979225158691, "max": 1.8048449363559484, "mean": 1.787636255286634, "std": 0.009687908542216524, "repeat": 10, "number": 1}]}, "api.supers.time_ls_recursive_long_all": {"result": [1.9458647123537958], "stats": [{"ci_99": [1.9368014810606837, 1.957086176611483], "q_25": 1.9429659999441355, "q_75": 1.9492202738765627, "min": 1.9368014810606837, "max": 1.957086176611483, "mean": 1.9462004363304004, "std": 0.0061916106651905235, "repeat": 8, "number": 1}]}, "api.supers.time_remove": null, "api.supers.time_status": {"result": [0.7237895638681948], "stats": [{"ci_99": [0.7188274236395955, 0.7290037013590336], "q_25": 0.7202200214378536, "q_75": 0.7257135075051337, "min": 0.7188274236395955, "max": 0.7290037013590336, "mean": 0.7232840240933001, "std": 0.0033467452549927907, "repeat": 10, "number": 1}]}, "api.supers.time_status_recursive": {"result": [1.362910257652402], "stats": [{"ci_99": [1.358747947961092, 1.3987137861549854], "q_25": 1.362041584448889, "q_75": 1.3651236933656037, "min": 1.358747947961092, "max": 1.3987137861549854, "mean": 1.3665475155226887, "std": 0.01093464691971105, "repeat": 10, "number": 1}]}, "api.supers.time_subdatasets": {"result": [0.09576179552823305], "stats": [{"ci_99": [0.0938074653968215, 0.10058753751218319], "q_25": 0.0951202386058867, "q_75": 0.09673661855049431, "min": 0.0938074653968215, "max": 0.10058753751218319, "mean": 0.0963571977801621, "std": 0.0022403270665381815, "repeat": 10, "number": 1}]}, "api.supers.time_subdatasets_recursive": {"result": [0.42655537324026227], "stats": [{"ci_99": [0.42227931413799524, 0.43130497448146343], "q_25": 0.4244279423728585, "q_75": 0.43003734294325113, "min": 0.42227931413799524, "max": 0.43130497448146343, "mean": 0.42696130378171804, "std": 0.003035607342928294, "repeat": 10, "number": 1}]}, "api.supers.time_subdatasets_recursive_first": {"result": [0.09510619146749377], "stats": [{"ci_99": [0.0934882266446948, 0.0969439810141921], "q_25": 0.09408289822749794, "q_75": 0.09574996260926127, "min": 0.0934882266446948, "max": 0.0969439810141921, "mean": 0.09506111536175013, "std": 0.0011006463331564144, "repeat": 10, "number": 1}]}, "api.supers.time_uninstall": {"result": [4.256482971366495], "stats": [{"ci_99": [4.153353501953997, 4.398122448562763], "q_25": 4.244119567563757, "q_75": 4.288101379061118, "min": 4.232922839000821, "max": 4.35706311929971, "mean": 4.27573797525838, "std": 0.04831516111554593, "repeat": 4, "number": 1}]}, "repo.gitrepo.time_get_content_info": {"result": [0.015930285677313805], "stats": [{"ci_99": [0.013905121013522148, 0.021752369590103626], "q_25": 0.01484045060351491, "q_75": 0.017754701897501945, "min": 0.013905121013522148, "max": 0.021752369590103626, "mean": 0.01666742404922843, "std": 0.0023849702736635846, "repeat": 10, "number": 1}]}, "api.testds.time_create_test_dataset1": {"result": [0.6149818012490869], "stats": [{"ci_99": [0.6061886548995972, 0.624027325771749], "q_25": 0.6080655090045184, "q_75": 0.6173006833996624, "min": 0.6061886548995972, "max": 0.624027325771749, "mean": 0.6139548324048519, "std": 0.005747083453305464, "repeat": 10, "number": 1}]}, "api.testds.time_create_test_dataset2x2": {"result": [3.8015305404551327], "stats": [{"ci_99": [3.7407571761246756, 3.866478100946919], "q_25": 3.791092958766967, "q_75": 3.8140552202239633, "min": 3.7732372069731355, "max": 3.8381722662597895, "mean": 3.8036176385357976, "std": 0.02326986917945281, "repeat": 4, "number": 1}]}, "core.runner.time_echo": {"result": [0.0017079932149499655], "stats": [{"ci_99": [0.0016981658215324085, 0.0017686868086457253], "q_25": 0.0017035430064424872, "q_75": 0.0017103361897170544, "min": 0.0016981658215324085, "max": 0.0017686868086457253, "mean": 0.0017138652969151736, "std": 1.9855744117959744e-05, "repeat": 10, "number": 6}]}, "core.runner.time_echo_gitrunner": {"result": [0.0023034316254779696], "stats": [{"ci_99": [0.0020728360395878553, 0.0029616118408739567], "q_25": 0.0021046907058916986, "q_75": 0.0026175734819844365, "min": 0.0020728360395878553, "max": 0.0029616118408739567, "mean": 0.0023909178795292973, "std": 0.0003149245207957541, "repeat": 10, "number": 4}]}, "core.startup.time_help_np": {"result": [0.5742432940751314], "stats": [{"ci_99": [0.5203285366296768, 0.6323533039540052], "q_25": 0.5582074008416384, "q_75": 0.61147974524647, "min": 0.5203285366296768, "max": 0.6323533039540052, "mean": 0.5781007899902761, "std": 0.037765406905619484, "repeat": 10, "number": 1}]}, "core.startup.time_import": {"result": [0.11519950581714511], "stats": [{"ci_99": [0.11302013322710991, 0.19665600452572107], "q_25": 0.113941406365484, "q_75": 0.14862878643907607, "min": 0.11302013322710991, "max": 0.19665600452572107, "mean": 0.13211676832288505, "std": 0.028384079595964083, "repeat": 10, "number": 1}]}, "core.startup.time_import_api": {"result": [0.5142346173524857], "stats": [{"ci_99": [0.4560513021424413, 0.5610479265451431], "q_25": 0.47058301395736635, "q_75": 0.5310409844387323, "min": 0.4560513021424413, "max": 0.5610479265451431, "mean": 0.5051830012351275, "std": 0.034726649497471236, "repeat": 10, "number": 1}]}, "support.path.get_parent_paths.time_allsubmods_toplevel": {"result": [0.006839561276137829], "stats": [{"ci_99": [0.006714269984513521, 0.008582951035350561], "q_25": 0.006730948342010379, "q_75": 0.007514449767768383, "min": 0.006714269984513521, "max": 0.008582951035350561, "mean": 0.007203856483101845, "std": 0.0006261721497520139, "repeat": 10, "number": 2}]}, "support.path.get_parent_paths.time_allsubmods_toplevel_only": {"result": [0.006036161910742521], "stats": [{"ci_99": [0.006001216359436512, 0.007059560623019934], "q_25": 0.006018219166435301, "q_75": 0.006393039831891656, "min": 0.006001216359436512, "max": 0.007059560623019934, "mean": 0.006255849869921804, "std": 0.00035366774475888304, "repeat": 10, "number": 2}]}, "support.path.get_parent_paths.time_no_submods": {"result": [2.831911456209114e-07], "stats": [{"ci_99": [2.8033319333105283e-07, 3.1938138297638015e-07], "q_25": 2.8175051819691215e-07, "q_75": 2.9362922213688984e-07, "min": 2.8033319333105283e-07, "max": 3.1938138297638015e-07, "mean": 2.905098283404875e-07, "std": 1.3031801528111047e-08, "repeat": 10, "number": 31054}]}, "support.path.get_parent_paths.time_one_submod_subdir": {"result": [0.005211428739130497], "stats": [{"ci_99": [0.005171355791389942, 0.005435768514871597], "q_25": 0.005207163048908114,