{"results": {"api.supers.time_createadd": {"result": [0.9744891468435526], "stats": [{"ci_99": [0.9599734339863062, 1.0009290939196944], "q_25": 0.9684172905981541, "q_75": 0.9855001785326749, "min": 0.9599734339863062, "max": 1.0009290939196944, "mean": 0.977817112673074, "std": 0.01269080477127501, "repeat": 10, "number": 1}]}, "api.supers.time_createadd_to_dataset": {"result": [0.976395501755178], "stats": [{"ci_99": [0.9612210774794221, 1.0166543293744326], "q_25": 0.9680657244753093, "q_75": 1.0064953083638102, "min": 0.9612210774794221, "max": 1.0166543293744326, "mean": 0.9845746906474233, "std": 0.020612347873995032, "repeat": 10, "number": 1}]}, "api.supers.time_diff": null, "api.supers.time_diff_recursive": null, "api.supers.time_installr": {"result": [4.156581156887114], "stats": [{"ci_99": [3.947570350071613, 4.363085430530634], "q_25": 4.086639353074133, "q_75": 4.225269694114104, "min": 4.079790771007538, "max": 4.228358476422727, "mean": 4.155327890301123, "std": 0.07105970979404233, "repeat": 4, "number": 1}]}, "api.supers.time_ls": {"result": [0.12069572973996401], "stats": [{"ci_99": [0.11058910377323627, 0.13704069703817368], "q_25": 0.11796924821101129, "q_75": 0.12177166808396578, "min": 0.11058910377323627, "max": 0.13704069703817368, "mean": 0.12079879529774189, "std": 0.006413009313672012, "repeat": 10, "number": 1}]}, "api.supers.time_ls_recursive": {"result": [1.0935150235891342], "stats": [{"ci_99": [1.0678537413477898, 1.1380908507853746], "q_25": 1.0734073009807616, "q_75": 1.117213983554393, "min": 1.0678537413477898, "max": 1.1380908507853746, "mean": 1.0967544250190258, "std": 0.02541933995032497, "repeat": 10, "number": 1}]}, "api.supers.time_ls_recursive_long_all": {"result": [1.2554570944048464], "stats": [{"ci_99": [1.2264571357518435, 1.2986045451834798], "q_25": 1.2319155384320766, "q_75": 1.278122343821451, "min": 1.2264571357518435, "max": 1.2986045451834798, "mean": 1.2567340867593884, "std": 0.024932303875606552, "repeat": 10, "number": 1}]}, "api.supers.time_remove": {"result": [2.032066571060568], "stats": [{"ci_99": [2.0173398619517684, 2.0458498364314437], "q_25": 2.025338265579194, "q_75": 2.0390302217565477, "min": 2.0173398619517684, "max": 2.0458498364314437, "mean": 2.031913444516249, "std": 0.009130522338564224, "repeat": 8, "number": 1}]}, "api.supers.time_status": {"result": [0.684091183822602], "stats": [{"ci_99": [0.6772088725119829, 0.6953196907415986], "q_25": 0.6824185571167618, "q_75": 0.6900083057116717, "min": 0.6772088725119829, "max": 0.6953196907415986, "mean": 0.6858851550146937, "std": 0.005699556203371002, "repeat": 10, "number": 1}]}, "api.supers.time_status_recursive": {"result": [1.1451148451305926], "stats": [{"ci_99": [1.140031517483294, 1.1579557824879885], "q_25": 1.1425778286065906, "q_75": 1.14752773870714, "min": 1.140031517483294, "max": 1.1579557824879885, "mean": 1.1459957825019955, "std": 0.005024945198408047, "repeat": 10, "number": 1}]}, "api.supers.time_subdatasets": {"result": [0.06611842243000865], "stats": [{"ci_99": [0.06292517110705376, 0.0704612284898758], "q_25": 0.06461568712256849, "q_75": 0.06770334439352155, "min": 0.06292517110705376, "max": 0.0704612284898758, "mean": 0.06634177397936583, "std": 0.002210281171263744, "repeat": 10, "number": 1}]}, "api.supers.time_subdatasets_recursive": {"result": [0.24483253015205264], "stats": [{"ci_99": [0.2408497640863061, 0.24581893254071474], "q_25": 0.24318197392858565, "q_75": 0.2451285356655717, "min": 0.2408497640863061, "max": 0.24581893254071474, "mean": 0.24418232729658484, "std": 0.0014770131910253966, "repeat": 10, "number": 1}]}, "api.supers.time_subdatasets_recursive_first": {"result": [0.06518143881112337], "stats": [{"ci_99": [0.06403390411287546, 0.07577190082520247], "q_25": 0.06476755230687559, "q_75": 0.06874317256733775, "min": 0.06403390411287546, "max": 0.07577190082520247, "mean": 0.0670237548649311, "std": 0.003619084475026046, "repeat": 10, "number": 1}]}, "api.supers.time_uninstall": {"result": [1.988228370435536], "stats": [{"ci_99": [1.969177482649684, 2.0304424203932285], "q_25": 1.9764886654447764, "q_75": 1.9925817290786654, "min": 1.969177482649684, "max": 2.0304424203932285, "mean": 1.9895590622909367, "std": 0.0177042608299587, "repeat": 8, "number": 1}]}, "repo.gitrepo.time_get_content_info": {"result": [0.021195806562900543], "stats": [{"ci_99": [0.01770899072289467, 0.022386224009096622], "q_25": 0.019899081205949187, "q_75": 0.02164537087082863, "min": 0.01770899072289467, "max": 0.022386224009096622, "mean": 0.020784953143447638, "std": 0.0014000312993417059, "repeat": 10, "number": 1}]}, "api.testds.time_create_test_dataset1": {"result": [0.4380316939204931], "stats": [{"ci_99": [0.4333309419453144, 0.46156155690550804], "q_25": 0.43650324852205813, "q_75": 0.44231891236267984, "min": 0.4333309419453144, "max": 0.46156155690550804, "mean": 0.44108231300488115, "std": 0.008233359415400906, "repeat": 10, "number": 1}]}, "api.testds.time_create_test_dataset2x2": {"result": [2.7635596161708236], "stats": [{"ci_99": [2.7298670772467646, 2.8138623479753733], "q_25": 2.748668650863692, "q_75": 2.7746266496833414, "min": 2.739894323050976, "max": 2.8138623479753733, "mean": 2.767149426663915, "std": 0.024411897116525746, "repeat": 6, "number": 1}]}, "core.runner.time_echo": {"result": [0.0017553934982667365], "stats": [{"ci_99": [0.0017060729054113228, 0.0020199610541264215], "q_25": 0.001719955160903434, "q_75": 0.0018529058434069157, "min": 0.0017060729054113228, "max": 0.0020199610541264215, "mean": 0.0018008528587718804, "std": 0.00010426147607495483, "repeat": 10, "number": 6}]}, "core.runner.time_echo_gitrunner": {"result": [0.002457182388752699], "stats": [{"ci_99": [0.0021853679791092873, 0.0028499059844762087], "q_25": 0.0023136144736781716, "q_75": 0.0026263241306878626, "min": 0.0021853679791092873, "max": 0.0028499059844762087, "mean": 0.002471056254580617, "std": 0.00019923512020011944, "repeat": 10, "number": 4}]}, "core.startup.time_help_np": {"result": [0.5805516908876598], "stats": [{"ci_99": [0.518546873703599, 0.6315102260559797], "q_25": 0.5672156524378806, "q_75": 0.5955011856276542, "min": 0.518546873703599, "max": 0.6315102260559797, "mean": 0.5793415173888207, "std": 0.03060410835521925, "repeat": 10, "number": 1}]}, "core.startup.time_import": {"result": [0.161059754434973], "stats": [{"ci_99": [0.11556833144277334, 0.20933313947170973], "q_25": 0.15319698303937912, "q_75": 0.1800363971851766, "min": 0.11556833144277334, "max": 0.20933313947170973, "mean": 0.16421211808919906, "std": 0.026180723860493523, "repeat": 10, "number": 1}]}, "core.startup.time_import_api": {"result": [0.5073259212076664], "stats": [{"ci_99": [0.4780828142538667, 0.5655567543581128], "q_25": 0.5014639555010945, "q_75": 0.5432771379128098, "min": 0.4780828142538667, "max": 0.5655567543581128, "mean": 0.5180554932914674, "std": 0.028191286449323824, "repeat": 10, "number": 1}]}, "support.path.get_parent_paths.time_allsubmods_toplevel": null, "support.path.get_parent_paths.time_allsubmods_toplevel_only": null, "support.path.get_parent_paths.time_no_submods": null, "support.path.get_parent_paths.time_one_submod_subdir": null, "support.path.get_parent_paths.time_one_submod_toplevel": null, "usecases.study_forrest.time_make_studyforrest_mockup": {"result": [26.67765904031694], "stats": [{"ci_99": [21.402758479118347, 31.952559601515528], "q_25": 26.624910034704953, "q_75": 26.730408045928925, "min": 26.572161029092968, "max": 26.78315705154091, "mean": 26.67765904031694, "std": 0.10549801122397184, "repeat": 2, "number": 1}]}, "core.runner.track_overhead_100ms": 1.54, "core.runner.track_overhead_echo": 28.28, "core.runner.track_overhead_heavyout": 25.18, "core.runner.track_overhead_heavyout_online_process": 18.26, "core.runner.track_overhead_heavyout_online_through": 29.82}, "params": {"arch": "x86_64", "cpu": "Intel(R) Xeon(R) CPU E5-1607 v2 @ 3.00GHz",