{"results": {"api.supers.time_createadd": {"result": [1.266772954724729], "stats": [{"ci_99": [1.2559684664011002, 1.279495881870389], "q_25": 1.2600885573774576, "q_75": 1.2711495587136596, "min": 1.2559684664011002, "max": 1.279495881870389, "mean": 1.2667565668933094, "std": 0.007968760067586685, "repeat": 10, "number": 1}]}, "api.supers.time_createadd_to_dataset": {"result": [1.2101623257622123], "stats": [{"ci_99": [1.1998158376663923, 1.2374208439141512], "q_25": 1.208737930515781, "q_75": 1.2208783547393978, "min": 1.1998158376663923, "max": 1.2374208439141512, "mean": 1.2138261716812848, "std": 0.011105160417673775, "repeat": 10, "number": 1}]}, "api.supers.time_diff": null, "api.supers.time_diff_recursive": null, "api.supers.time_installr": {"result": [6.259899612516165], "stats": [{"ci_99": [6.014555811882019, 6.5052434131503105], "q_25": 6.257446174509823, "q_75": 6.262353050522506, "min": 6.254992736503482, "max": 6.264806488528848, "mean": 6.259899612516165, "std": 0.004906876012682915, "repeat": 2, "number": 1}]}, "api.supers.time_ls": {"result": [0.19576500775292516], "stats": [{"ci_99": [0.18737800978124142, 0.20190225820988417], "q_25": 0.19032203778624535, "q_75": 0.1977585032582283, "min": 0.18737800978124142, "max": 0.20190225820988417, "mean": 0.19436427466571332, "std": 0.004752751986380589, "repeat": 10, "number": 1}]}, "api.supers.time_ls_recursive": {"result": [1.8999497941695154], "stats": [{"ci_99": [1.8855226896703243, 1.9121475173160434], "q_25": 1.8908592520747334, "q_75": 1.902613113867119, "min": 1.8855226896703243, "max": 1.9121475173160434, "mean": 1.8973585780709983, "std": 0.008183528663714282, "repeat": 10, "number": 1}]}, "api.supers.time_ls_recursive_long_all": {"result": [2.0579780032858253], "stats": [{"ci_99": [2.04985158611089, 2.077527256682515], "q_25": 2.052014002110809, "q_75": 2.0610726980958134, "min": 2.04985158611089, "max": 2.077527256682515, "mean": 2.0588662072550505, "std": 0.008314534309653973, "repeat": 8, "number": 1}]}, "api.supers.time_remove": null, "api.supers.time_status": {"result": [0.74877486564219], "stats": [{"ci_99": [0.7421934669837356, 0.7732326639816165], "q_25": 0.7448522902559489, "q_75": 0.7499455213546753, "min": 0.7421934669837356, "max": 0.7732326639816165, "mean": 0.7502529067918658, "std": 0.00843512636178149, "repeat": 10, "number": 1}]}, "api.supers.time_status_recursive": {"result": [1.3939391495659947], "stats": [{"ci_99": [1.3843926610425115, 1.404240408912301], "q_25": 1.390308716101572, "q_75": 1.4003447995055467, "min": 1.3843926610425115, "max": 1.404240408912301, "mean": 1.3949453057721257, "std": 0.006044082052447968, "repeat": 10, "number": 1}]}, "api.supers.time_subdatasets": {"result": [0.11122365156188607], "stats": [{"ci_99": [0.10648932959884405, 0.11732703633606434], "q_25": 0.10816096211783588, "q_75": 0.11271147592924535, "min": 0.10648932959884405, "max": 0.11732703633606434, "mean": 0.1109083542600274, "std": 0.003328568671618201, "repeat": 10, "number": 1}]}, "api.supers.time_subdatasets_recursive": {"result": [0.44182619685307145], "stats": [{"ci_99": [0.4364672265946865, 0.44751773308962584], "q_25": 0.4377711818087846, "q_75": 0.4446791091468185, "min": 0.4364672265946865, "max": 0.44751773308962584, "mean": 0.44155331077054144, "std": 0.0038820627238295947, "repeat": 10, "number": 1}]}, "api.supers.time_subdatasets_recursive_first": {"result": [0.11001342488452792], "stats": [{"ci_99": [0.10633304715156555, 0.11386535875499249], "q_25": 0.10748348734341562, "q_75": 0.11181334452703595, "min": 0.10633304715156555, "max": 0.11386535875499249, "mean": 0.10988115463405848, "std": 0.0025364035848070617, "repeat": 10, "number": 1}]}, "api.supers.time_uninstall": {"result": [4.060064154677093], "stats": [{"ci_99": [4.03449544472597, 4.090250880234172], "q_25": 4.0535837861243635, "q_75": 4.068853531032801, "min": 4.052614162676036, "max": 4.076750177890062, "mean": 4.062373162480071, "std": 0.0098541988514524, "repeat": 4, "number": 1}]}, "repo.gitrepo.time_get_content_info": {"result": [0.015941168181598186], "stats": [{"ci_99": [0.014863266609609127, 0.018012166023254395], "q_25": 0.015214820625260472, "q_75": 0.016510643297806382, "min": 0.014863266609609127, "max": 0.018012166023254395, "mean": 0.01599902706220746, "std": 0.0009324254887377747, "repeat": 10, "number": 1}]}, "api.testds.time_create_test_dataset1": {"result": [0.5968224741518497], "stats": [{"ci_99": [0.5900642639026046, 0.6046898979693651], "q_25": 0.5927329317200929, "q_75": 0.5986674425657839, "min": 0.5900642639026046, "max": 0.6046898979693651, "mean": 0.5963691791519523, "std": 0.004257799914522905, "repeat": 10, "number": 1}]}, "api.testds.time_create_test_dataset2x2": {"result": [3.572710051201284], "stats": [{"ci_99": [3.495391577272127, 3.6470134674809778], "q_25": 3.559555585961789, "q_75": 3.5843569876160473, "min": 3.5298709627240896, "max": 3.6095190243795514, "mean": 3.5712025223765522, "std": 0.028294201261405593, "repeat": 4, "number": 1}]}, "core.runner.time_echo": {"result": [0.0016971706257512174], "stats": [{"ci_99": [0.0016739933441082637, 0.0017139801445106666], "q_25": 0.001682807885420819, "q_75": 0.0017037133996685345, "min": 0.0016739933441082637, "max": 0.0017139801445106666, "mean": 0.0016943604374925296, "std": 1.2703977899094305e-05, "repeat": 10, "number": 6}]}, "core.runner.time_echo_gitrunner": {"result": [0.0027338109211996198], "stats": [{"ci_99": [0.002424417296424508, 0.0032114777714014053], "q_25": 0.002639249723870307, "q_75": 0.0028507495881058276, "min": 0.002424417296424508, "max": 0.0032114777714014053, "mean": 0.0027753679314628243, "std": 0.00023337444984197138, "repeat": 10, "number": 4}]}, "core.startup.time_help_np": {"result": [0.5598718952387571], "stats": [{"ci_99": [0.5113860666751862, 0.6429428700357676], "q_25": 0.5398561947513372, "q_75": 0.5881249567028135, "min": 0.5113860666751862, "max": 0.6429428700357676, "mean": 0.5661776714026928, "std": 0.04078467624592679, "repeat": 10, "number": 1}]}, "core.startup.time_import": {"result": [0.139423917979002], "stats": [{"ci_99": [0.11315008997917175, 0.19092354457825422], "q_25": 0.1185868747998029, "q_75": 0.16225131275132298, "min": 0.11315008997917175, "max": 0.19092354457825422, "mean": 0.14277131585404276, "std": 0.02619034767060961, "repeat": 10, "number": 1}]}, "core.startup.time_import_api": {"result": [0.4896067874506116], "stats": [{"ci_99": [0.44752158131450415, 0.5071541722863913], "q_25": 0.4732072406914085, "q_75": 0.49918268620967865, "min": 0.44752158131450415, "max": 0.5071541722863913, "mean": 0.48454178785905244, "std": 0.018170703019937742, "repeat": 10, "number": 1}]}, "support.path.get_parent_paths.time_allsubmods_toplevel": {"result": [0.006832621758803725], "stats": [{"ci_99": [0.006726231426000595, 0.007931196596473455], "q_25": 0.0067740133963525295, "q_75": 0.007080224808305502, "min": 0.006726231426000595, "max": 0.007931196596473455, "mean": 0.00701353712938726, "std": 0.000378821509124337, "repeat": 10, "number": 2}]}, "support.path.get_parent_paths.time_allsubmods_toplevel_only": {"result": [0.006114983465522528], "stats": [{"ci_99": [0.0060296873562037945, 0.006443696096539497], "q_25": 0.0060762090142816305, "q_75": 0.006124326842837036, "min": 0.0060296873562037945, "max": 0.006443696096539497, "mean": 0.0061428934335708615, "std": 0.0001158411790268392, "repeat": 10, "number": 2}]}, "support.path.get_parent_paths.time_no_submods": {"result": [2.797229333592253e-07], "stats": [{"ci_99": [2.780644453613773e-07, 2.820834267340451e-07], "q_25": 2.787477811351373e-07, "q_75": 2.818655459210654e-07, "min": 2.780644453613773e-07, "max": 2.820834267340451e-07, "mean": 2.8008439621314823e-07, "std": 1.6458712800091585e-09, "repeat": 10, "number": 39496}]}, "support.path.get_parent_paths.time_one_submod_subdir": {"result": [0.005680902395397425], "stats": [{"ci_99": [0.005285696592181921, 0.00629000086337328], "q_25": 0.005435942090116441,