{"results": {"api.supers.time_createadd": {"result": [1.3471736493520439], "stats": [{"ci_99": [1.3328576786443591, 1.3723100060597062], "q_25": 1.3448955095373094, "q_75": 1.3645381545647979, "min": 1.3328576786443591, "max": 1.3723100060597062, "mean": 1.3521774391643704, "std": 0.012938260232747282, "repeat": 10, "number": 1}]}, "api.supers.time_createadd_to_dataset": {"result": [1.112624688539654], "stats": [{"ci_99": [1.096223570406437, 1.1300104893743992], "q_25": 1.1018888335675001, "q_75": 1.1196528116706759, "min": 1.096223570406437, "max": 1.1300104893743992, "mean": 1.1120258182287217, "std": 0.010845343647865232, "repeat": 10, "number": 1}]}, "api.supers.time_diff": {"result": [0.09767566854134202], "stats": [{"ci_99": [0.08696358557790518, 0.1278671659529209], "q_25": 0.09399332385510206, "q_75": 0.10644266940653324, "min": 0.08696358557790518, "max": 0.1278671659529209, "mean": 0.10130420178174973, "std": 0.01109670632344493, "repeat": 10, "number": 1}]}, "api.supers.time_diff_recursive": {"result": [0.31457082834094763], "stats": [{"ci_99": [0.30078611988574266, 0.32859230134636164], "q_25": 0.3091090794187039, "q_75": 0.32350248261354864, "min": 0.30078611988574266, "max": 0.32859230134636164, "mean": 0.3153786066919565, "std": 0.009053874748726957, "repeat": 10, "number": 1}]}, "api.supers.time_installr": {"result": [3.923993499018252], "stats": [{"ci_99": [3.7676557443944563, 4.099839650848712], "q_25": 3.8837400239426643, "q_75": 3.9740011726971716, "min": 3.870531897060573, "max": 4.016471895389259, "mean": 3.933747697621584, "std": 0.058310320655332, "repeat": 4, "number": 1}]}, "api.supers.time_ls": {"result": [0.7279632319696248], "stats": [{"ci_99": [0.7047309586778283, 0.778318366035819], "q_25": 0.7090977490879595, "q_75": 0.7630173559300601, "min": 0.7047309586778283, "max": 0.778318366035819, "mean": 0.7354835067875684, "std": 0.028674569385266822, "repeat": 10, "number": 1}]}, "api.supers.time_ls_recursive": {"result": [2.7651138571090996], "stats": [{"ci_99": [2.5814176998898946, 2.9550929039229388], "q_25": 2.663951226742938, "q_75": 2.8749198934528977, "min": 2.657324718311429, "max": 2.880227123387158, "mean": 2.7682553019064167, "std": 0.1064489399110037, "repeat": 6, "number": 1}]}, "api.supers.time_ls_recursive_long_all": {"result": [2.8473329562693834], "stats": [{"ci_99": [2.7808561041693856, 2.9762678317982982], "q_25": 2.8312442454043776, "q_75": 2.931876143673435, "min": 2.8217707220464945, "max": 2.968996625393629, "mean": 2.878561967983842, "std": 0.06128026076295872, "repeat": 6, "number": 1}]}, "api.supers.time_remove": {"result": [2.111931304913014], "stats": [{"ci_99": [2.0736380126327276, 2.1417424511164427], "q_25": 2.101381928892806, "q_75": 2.1240466167218983, "min": 2.0736380126327276, "max": 2.1417424511164427, "mean": 2.1104186209850013, "std": 0.021594403815353914, "repeat": 8, "number": 1}]}, "api.supers.time_status": {"result": [0.6904394538141787], "stats": [{"ci_99": [0.6837893463671207, 0.7026131143793464], "q_25": 0.6870357529260218, "q_75": 0.6933510648086667, "min": 0.6837893463671207, "max": 0.7026131143793464, "mean": 0.691394810564816, "std": 0.005782335326473668, "repeat": 10, "number": 1}]}, "api.supers.time_status_recursive": {"result": [1.1574584934860468], "stats": [{"ci_99": [1.1433667559176683, 1.1668079607188702], "q_25": 1.1516607103403658, "q_75": 1.1596550270915031, "min": 1.1433667559176683, "max": 1.1668079607188702, "mean": 1.1560786665417253, "std": 0.0064658329909651185, "repeat": 10, "number": 1}]}, "api.supers.time_subdatasets": {"result": [0.051616191398352385], "stats": [{"ci_99": [0.048070117831230164, 0.06123630981892347], "q_25": 0.04979605204425752, "q_75": 0.05376271461136639, "min": 0.048070117831230164, "max": 0.06123630981892347, "mean": 0.05258916914463043, "std": 0.0036897991349678578, "repeat": 10, "number": 1}]}, "api.supers.time_subdatasets_recursive": {"result": [0.1231930865906179], "stats": [{"ci_99": [0.1176182646304369, 0.13922540377825499], "q_25": 0.12122394843026996, "q_75": 0.12744982820004225, "min": 0.1176182646304369, "max": 0.13922540377825499, "mean": 0.12471937499940396, "std": 0.005898258205881741, "repeat": 10, "number": 1}]}, "api.supers.time_subdatasets_recursive_first": {"result": [0.052817621268332005], "stats": [{"ci_99": [0.047462424263358116, 0.05809489730745554], "q_25": 0.051778174471110106, "q_75": 0.055409417022019625, "min": 0.047462424263358116, "max": 0.05809489730745554, "mean": 0.05287066977471113, "std": 0.00330930328952493, "repeat": 10, "number": 1}]}, "api.supers.time_uninstall": {"result": [2.187563259154558], "stats": [{"ci_99": [2.1712097600102425, 2.2054027104750276], "q_25": 2.1737255707848817, "q_75": 2.190895615145564, "min": 2.1712097600102425, "max": 2.2054027104750276, "mean": 2.18533105798997, "std": 0.011128489216388966, "repeat": 8, "number": 1}]}, "repo.gitrepo.time_get_content_info": {"result": [0.020913024432957172], "stats": [{"ci_99": [0.017800113186240196, 0.02377514634281397], "q_25": 0.02028534305281937, "q_75": 0.02170633221976459, "min": 0.017800113186240196, "max": 0.02377514634281397, "mean": 0.02086298679932952, "std": 0.001577466971848293, "repeat": 10, "number": 1}]}, "api.testds.time_create_test_dataset1": {"result": [0.4525888259522617], "stats": [{"ci_99": [0.4448414482176304, 0.4689000630751252], "q_25": 0.44814479420892894, "q_75": 0.45609028777107596, "min": 0.4448414482176304, "max": 0.4689000630751252, "mean": 0.4534432225860655, "std": 0.00724468836382176, "repeat": 10, "number": 1}]}, "api.testds.time_create_test_dataset2x2": {"result": [3.302091264165938], "stats": [{"ci_99": [3.2594052478671074, 3.320107841162456], "q_25": 3.2912205813918263, "q_75": 3.3069095639511943, "min": 3.2594052478671074, "max": 3.3102722642943263, "mean": 3.2949954541400075, "std": 0.01741208624995462, "repeat": 6, "number": 1}]}, "core.runner.time_echo": {"result": [0.0018068037927150725], "stats": [{"ci_99": [0.0017296968027949334, 0.002083427831530571], "q_25": 0.0017387873027473687, "q_75": 0.001957964804023504, "min": 0.0017296968027949334, "max": 0.002083427831530571, "mean": 0.0018547416664659977, "std": 0.00012859578675650013, "repeat": 10, "number": 5}]}, "core.runner.time_echo_gitrunner": {"result": [0.0026749256066977978], "stats": [{"ci_99": [0.0023737389128655195, 0.0029031287413090467], "q_25": 0.0025332235964015126, "q_75": 0.0027317735948599875, "min": 0.0023737389128655195, "max": 0.0029031287413090467, "mean": 0.002647083136253059, "std": 0.0001639573717065304, "repeat": 10, "number": 4}]}, "core.startup.time_help_np": {"result": [0.5436195507645607], "stats": [{"ci_99": [0.5184163926169276, 0.6258862633258104], "q_25": 0.5281205924693495, "q_75": 0.5782419454772025, "min": 0.5184163926169276, "max": 0.6258862633258104, "mean": 0.5550067865289747, "std": 0.03324709310420206, "repeat": 10, "number": 1}]}, "core.startup.time_import": {"result": [0.15772826224565506], "stats": [{"ci_99": [0.11726808082312346, 0.19687104225158691], "q_25": 0.12524179252795875, "q_75": 0.17660037707537413, "min": 0.11726808082312346, "max": 0.19687104225158691, "mean": 0.15421477500349284, "std": 0.02748764035369743, "repeat": 10, "number": 1}]}, "core.startup.time_import_api": {"result": [0.5018258481286466], "stats": [{"ci_99": [0.45035874377936125, 0.5574579872190952], "q_25": 0.4997512926347554, "q_75": 0.5238522654399276, "min": 0.45035874377936125, "max": 0.5574579872190952, "mean": 0.5052865609526634, "std": 0.031092303750417227, "repeat": 10, "number": 1}]}, "support.path.get_parent_paths.time_allsubmods_toplevel": null, "support.path.get_parent_paths.time_allsubmods_toplevel_only": null, "support.path.get_parent_paths.time_no_submods": null, "support.path.get_parent_paths.time_one_submod_subdir": null, "support.path.get_parent_paths.time_one_submod_toplevel": null, "usecases.study_forrest.time_make_studyforrest_mockup": {"result": [35.71806732611731],