{"results": {"api.supers.time_createadd": {"result": [1.3769465694203973], "stats": [{"ci_99": [1.3404823429882526, 1.4382764045149088], "q_25": 1.3483337759971619, "q_75": 1.3921833138447255, "min": 1.3404823429882526, "max": 1.4382764045149088, "mean": 1.3779890758916735, "std": 0.031681864223360015, "repeat": 10, "number": 1}]}, "api.supers.time_createadd_to_dataset": {"result": [1.131685211788863], "stats": [{"ci_99": [1.1072200955823064, 1.1469599213451147], "q_25": 1.1192759918048978, "q_75": 1.1389423869550228, "min": 1.1072200955823064, "max": 1.1469599213451147, "mean": 1.1290811011567712, "std": 0.01193712066277986, "repeat": 10, "number": 1}]}, "api.supers.time_diff": {"result": [0.0938218985684216], "stats": [{"ci_99": [0.0902017904445529, 0.12177040614187717], "q_25": 0.09293868602253497, "q_75": 0.09907633741386235, "min": 0.0902017904445529, "max": 0.12177040614187717, "mean": 0.097720265109092, "std": 0.008700326353646988, "repeat": 10, "number": 1}]}, "api.supers.time_diff_recursive": {"result": [0.3143486250191927], "stats": [{"ci_99": [0.3017441788688302, 0.3645819667726755], "q_25": 0.30810967995785177, "q_75": 0.3294854045379907, "min": 0.3017441788688302, "max": 0.3645819667726755, "mean": 0.3205481723882258, "std": 0.01770759903140882, "repeat": 10, "number": 1}]}, "api.supers.time_installr": {"result": [3.913562477566302], "stats": [{"ci_99": [3.701631755346659, 4.121980977466104], "q_25": 3.8435090703424066, "q_75": 3.9818597736302763, "min": 3.833291281014681, "max": 3.98680922947824, "mean": 3.911806366406381, "std": 0.07190269198057496, "repeat": 4, "number": 1}]}, "api.supers.time_ls": {"result": [0.7173162023536861], "stats": [{"ci_99": [0.6951199136674404, 0.7451658882200718], "q_25": 0.7008987835142761, "q_75": 0.7376387177500874, "min": 0.6951199136674404, "max": 0.7451658882200718, "mean": 0.7193193200975656, "std": 0.019363392636444977, "repeat": 10, "number": 1}]}, "api.supers.time_ls_recursive": {"result": [2.6403305144049227], "stats": [{"ci_99": [2.623114281186552, 2.662422484718263], "q_25": 2.6331418505869806, "q_75": 2.650465293554589, "min": 2.6282051308080554, "max": 2.662422484718263, "mean": 2.64264630448694, "std": 0.011976932197691265, "repeat": 6, "number": 1}]}, "api.supers.time_ls_recursive_long_all": {"result": [2.8123435489833355], "stats": [{"ci_99": [2.8003064474998527, 2.821919606659451], "q_25": 2.805566867114976, "q_75": 2.817010856466368, "min": 2.802282174117863, "max": 2.8178342916071415, "mean": 2.8111130270796516, "std": 0.006271465702534737, "repeat": 6, "number": 1}]}, "api.supers.time_remove": {"result": [2.0925310379825532], "stats": [{"ci_99": [2.076445274055004, 2.1206435449421406], "q_25": 2.083050821442157, "q_75": 2.10385023499839, "min": 2.076445274055004, "max": 2.1206435449421406, "mean": 2.0946928907651454, "std": 0.014407326729754302, "repeat": 8, "number": 1}]}, "api.supers.time_status": {"result": [0.6880597635172307], "stats": [{"ci_99": [0.6836839001625776, 0.6933958455920219], "q_25": 0.684240581234917, "q_75": 0.6907164654694498, "min": 0.6836839001625776, "max": 0.6933958455920219, "mean": 0.6879772270098329, "std": 0.0036568832332581694, "repeat": 10, "number": 1}]}, "api.supers.time_status_recursive": {"result": [1.1485968134365976], "stats": [{"ci_99": [1.139143917709589, 1.1665082853287458], "q_25": 1.1451719966717064, "q_75": 1.1507938241120428, "min": 1.139143917709589, "max": 1.1665082853287458, "mean": 1.1489857982844114, "std": 0.006855454053154584, "repeat": 10, "number": 1}]}, "api.supers.time_subdatasets": {"result": [0.05486907111480832], "stats": [{"ci_99": [0.0469781206920743, 0.062330055981874466], "q_25": 0.052725984482094646, "q_75": 0.05632783588953316, "min": 0.0469781206920743, "max": 0.062330055981874466, "mean": 0.05425368342548609, "std": 0.00432855410807588, "repeat": 10, "number": 1}]}, "api.supers.time_subdatasets_recursive": {"result": [0.12221409706398845], "stats": [{"ci_99": [0.11765638925135136, 0.1360521111637354], "q_25": 0.1197627866640687, "q_75": 0.12578615196980536, "min": 0.11765638925135136, "max": 0.1360521111637354, "mean": 0.12364619318395853, "std": 0.005461479429376912, "repeat": 10, "number": 1}]}, "api.supers.time_subdatasets_recursive_first": {"result": [0.05275875423103571], "stats": [{"ci_99": [0.047513144090771675, 0.061582183465361595], "q_25": 0.050676800310611725, "q_75": 0.0545482540037483, "min": 0.047513144090771675, "max": 0.061582183465361595, "mean": 0.05348406201228499, "std": 0.004383954906320241, "repeat": 10, "number": 1}]}, "api.supers.time_uninstall": {"result": [2.165619022678584], "stats": [{"ci_99": [2.1525292731821537, 2.1970249908044934], "q_25": 2.1592863735277206, "q_75": 2.172887799097225, "min": 2.1525292731821537, "max": 2.1970249908044934, "mean": 2.1685463306494057, "std": 0.013841492610375187, "repeat": 8, "number": 1}]}, "repo.gitrepo.time_get_content_info": {"result": [0.020512277260422707], "stats": [{"ci_99": [0.018325338140130043, 0.02176544163376093], "q_25": 0.019250810611993074, "q_75": 0.02134563820436597, "min": 0.018325338140130043, "max": 0.02176544163376093, "mean": 0.020341158658266068, "std": 0.0011679789120117253, "repeat": 10, "number": 1}]}, "api.testds.time_create_test_dataset1": {"result": [0.44229030422866344], "stats": [{"ci_99": [0.43634954281151295, 0.44895391445606947], "q_25": 0.4403885470237583, "q_75": 0.4429151937365532, "min": 0.43634954281151295, "max": 0.44895391445606947, "mean": 0.44189856071025135, "std": 0.003395620094806909, "repeat": 10, "number": 1}]}, "api.testds.time_create_test_dataset2x2": {"result": [2.851074520498514], "stats": [{"ci_99": [2.7361155934820447, 2.9662629486804333], "q_25": 2.7898984423372895, "q_75": 2.917555829277262, "min": 2.772616292349994, "max": 2.9231476113200188, "mean": 2.851189271081239, "std": 0.06573779390919468, "repeat": 6, "number": 1}]}, "core.runner.time_echo": {"result": [0.0017920729704201223], "stats": [{"ci_99": [0.0017486276105046273, 0.0020319242030382156], "q_25": 0.0017625642474740745, "q_75": 0.0019066319800913334, "min": 0.0017486276105046273, "max": 0.0020319242030382156, "mean": 0.0018381619825959205, "std": 9.428838857178995e-05, "repeat": 10, "number": 5}]}, "core.runner.time_echo_gitrunner": {"result": [0.0023343011271208525], "stats": [{"ci_99": [0.0021294907201081514, 0.0030844523571431637], "q_25": 0.0021449444466270506, "q_75": 0.002702271449379623, "min": 0.0021294907201081514, "max": 0.0030844523571431637, "mean": 0.0024548623012378814, "std": 0.0003440662861354324, "repeat": 10, "number": 4}]}, "core.startup.time_help_np": {"result": [0.5529386349953711], "stats": [{"ci_99": [0.5184298325330019, 0.625357011333108], "q_25": 0.5241078527178615, "q_75": 0.5896425095852464, "min": 0.5184298325330019, "max": 0.625357011333108, "mean": 0.5602793487720191, "std": 0.03831814339022779, "repeat": 10, "number": 1}]}, "core.startup.time_import": {"result": [0.12974835792556405], "stats": [{"ci_99": [0.11380939278751612, 0.20426176954060793], "q_25": 0.11882413923740387, "q_75": 0.14960921625606716, "min": 0.11380939278751612, "max": 0.20426176954060793, "mean": 0.1387895074672997, "std": 0.026842416238231692, "repeat": 10, "number": 1}]}, "core.startup.time_import_api": {"result": [0.5053948992863297], "stats": [{"ci_99": [0.45336618926376104, 0.5691911038011312], "q_25": 0.4987947209738195, "q_75": 0.5361321482341737, "min": 0.45336618926376104, "max": 0.5691911038011312, "mean": 0.5152161076664925, "std": 0.032731638570993614, "repeat": 10, "number": 1}]}, "support.path.get_parent_paths.time_allsubmods_toplevel": null, "support.path.get_parent_paths.time_allsubmods_toplevel_only": null, "support.path.get_parent_paths.time_no_submods": null, "support.path.get_parent_paths.time_one_submod_subdir": null, "support.path.get_parent_paths.time_one_submod_toplevel": null, "usecases.study_forrest.time_make_studyforrest_mockup": {"result": [35.303382568992674],