{"results": {"api.supers.time_createadd": {"result": [1.2787208850495517], "stats": [{"ci_99": [1.2554106255993247, 1.3094188589602709], "q_25": 1.2682222160510719, "q_75": 1.2845239758025855, "min": 1.2554106255993247, "max": 1.3094188589602709, "mean": 1.2775366086512805, "std": 0.014892565494910628, "repeat": 10, "number": 1}]}, "api.supers.time_createadd_to_dataset": {"result": [1.2459547533653677], "stats": [{"ci_99": [1.2278594700619578, 1.2619939586147666], "q_25": 1.2358376060146838, "q_75": 1.2510796545539051, "min": 1.2278594700619578, "max": 1.2619939586147666, "mean": 1.244993663020432, "std": 0.011090128398988866, "repeat": 10, "number": 1}]}, "api.supers.time_diff": null, "api.supers.time_diff_recursive": null, "api.supers.time_installr": {"result": [8.188748827204108], "stats": [{"ci_99": [-0.6985224764794111, 17.07602013088762], "q_25": 8.099876114167273, "q_75": 8.277621540240943, "min": 8.011003401130438, "max": 8.366494253277779, "mean": 8.188748827204108, "std": 0.1777454260736704, "repeat": 2, "number": 1}]}, "api.supers.time_ls": {"result": [0.18606793647632003], "stats": [{"ci_99": [0.17607541382312775, 0.20078538078814745], "q_25": 0.18280205829069018, "q_75": 0.18954019015654922, "min": 0.17607541382312775, "max": 0.20078538078814745, "mean": 0.18661980628967284, "std": 0.006576722793104179, "repeat": 10, "number": 1}]}, "api.supers.time_ls_recursive": {"result": [1.7415247885510325], "stats": [{"ci_99": [1.7362547498196363, 1.7698091082274914], "q_25": 1.7405598568730056, "q_75": 1.743481550598517, "min": 1.7362547498196363, "max": 1.7698091082274914, "mean": 1.744144329149276, "std": 0.009036084896277214, "repeat": 10, "number": 1}]}, "api.supers.time_ls_recursive_long_all": {"result": [1.900172948371619], "stats": [{"ci_99": [1.8866139259189367, 1.9106840379536152], "q_25": 1.8922637689393014, "q_75": 1.904686535242945, "min": 1.8866139259189367, "max": 1.9106840379536152, "mean": 1.8986737242899836, "std": 0.007615830746170458, "repeat": 10, "number": 1}]}, "api.supers.time_remove": null, "api.supers.time_rev_createadd": null, "api.supers.time_rev_createadd_to_dataset": null, "api.supers.time_status": {"result": [0.7032874510623515], "stats": [{"ci_99": [0.6998998187482357, 0.7203976344317198], "q_25": 0.7003584410995245, "q_75": 0.7080767389852554, "min": 0.6998998187482357, "max": 0.7203976344317198, "mean": 0.7052532008849084, "std": 0.006055817137753906, "repeat": 10, "number": 1}]}, "api.supers.time_status_recursive": {"result": [1.32764383405447], "stats": [{"ci_99": [1.3233076147735119, 1.3375402316451073], "q_25": 1.3262007103767246, "q_75": 1.3299131197854877, "min": 1.3233076147735119, "max": 1.3375402316451073, "mean": 1.3290073743090034, "std": 0.004366952464936202, "repeat": 10, "number": 1}]}, "api.supers.time_subdatasets": {"result": [0.09298821492120624], "stats": [{"ci_99": [0.09064032416790724, 0.09994459990411997], "q_25": 0.09206945612095296, "q_75": 0.09761845041066408, "min": 0.09064032416790724, "max": 0.09994459990411997, "mean": 0.0944932447746396, "std": 0.003371256808120491, "repeat": 10, "number": 1}]}, "api.supers.time_subdatasets_recursive": {"result": [0.4195688087493181], "stats": [{"ci_99": [0.4110685158520937, 0.42935552541166544], "q_25": 0.41622137231752276, "q_75": 0.4208609948400408, "min": 0.4110685158520937, "max": 0.42935552541166544, "mean": 0.41877925042062997, "std": 0.004857759820245094, "repeat": 10, "number": 1}]}, "api.supers.time_subdatasets_recursive_first": {"result": [0.09257195377722383], "stats": [{"ci_99": [0.0902236932888627, 0.0968784848228097], "q_25": 0.09215779625810683, "q_75": 0.09527519764378667, "min": 0.0902236932888627, "max": 0.0968784848228097, "mean": 0.09347670888528228, "std": 0.0020570429091632146, "repeat": 10, "number": 1}]}, "api.supers.time_uninstall": {"result": [4.13932207133621], "stats": [{"ci_99": [4.128569859356402, 4.1509237328574375], "q_25": 4.138006242224947, "q_75": 4.141062625218183, "min": 4.13423824775964, "max": 4.146104793995619, "mean": 4.13974679610692, "std": 0.0042171134616985784, "repeat": 4, "number": 1}]}, "repo.gitrepo.time_get_content_info": {"result": [0.015297886915504932], "stats": [{"ci_99": [0.013858779333531857, 0.016099928878247738], "q_25": 0.014790270011872053, "q_75": 0.015832002740353346, "min": 0.013858779333531857, "max": 0.016099928878247738, "mean": 0.015234814397990704, "std": 0.0006884976948211775, "repeat": 10, "number": 1}]}, "api.testds.time_create_test_dataset1": {"result": [0.6025239671580493], "stats": [{"ci_99": [0.5950314644724131, 0.6368260141462088], "q_25": 0.599650118034333, "q_75": 0.6085339679848403, "min": 0.5950314644724131, "max": 0.6368260141462088, "mean": 0.6067304195836186, "std": 0.01166479047179231, "repeat": 10, "number": 1}]}, "api.testds.time_create_test_dataset2x2": {"result": [3.7060344722121954], "stats": [{"ci_99": [3.683839601777288, 3.733863825131414], "q_25": 3.703300193650648, "q_75": 3.7115859920158982, "min": 3.6986550763249397, "max": 3.724682833068073, "mean": 3.708851713454351, "std": 0.009660256208495218, "repeat": 4, "number": 1}]}, "core.runner.time_echo": {"result": [0.0018833163970460496], "stats": [{"ci_99": [0.001700091330955426, 0.0025040519734223685], "q_25": 0.0017188375350087881, "q_75": 0.0021618499498193464, "min": 0.001700091330955426, "max": 0.0025040519734223685, "mean": 0.0019761881635834773, "std": 0.000286020783506292, "repeat": 10, "number": 6}]}, "core.runner.time_echo_gitrunner": {"result": [0.0022586410632357], "stats": [{"ci_99": [0.002094871364533901, 0.002863605972379446], "q_25": 0.0021092445822432637, "q_75": 0.002494112297426909, "min": 0.002094871364533901, "max": 0.002863605972379446, "mean": 0.0023312467616051435, "std": 0.0002502038046915186, "repeat": 10, "number": 4}]}, "core.startup.time_help_np": {"result": [0.5596534535288811], "stats": [{"ci_99": [0.5390852997079492, 0.6683231666684151], "q_25": 0.5446698842570186, "q_75": 0.5914084916003048, "min": 0.5390852997079492, "max": 0.6683231666684151, "mean": 0.5729089953005314, "std": 0.03816578126714986, "repeat": 10, "number": 1}]}, "core.startup.time_import": {"result": [0.13440878735855222], "stats": [{"ci_99": [0.11290591675788164, 0.20346231944859028], "q_25": 0.11787561397068202, "q_75": 0.14556196355260909, "min": 0.11290591675788164, "max": 0.20346231944859028, "mean": 0.13968270691111684, "std": 0.026737790388403345, "repeat": 10, "number": 1}]}, "core.startup.time_import_api": {"result": [0.5286881062202156], "stats": [{"ci_99": [0.4707576325163245, 0.5812357738614082], "q_25": 0.5198110500350595, "q_75": 0.5441609676927328, "min": 0.4707576325163245, "max": 0.5812357738614082, "mean": 0.5304014651104808, "std": 0.02711699101736554, "repeat": 10, "number": 1}]}, "support.path.get_parent_paths.time_allsubmods_toplevel": {"result": [0.007749646436423063], "stats": [{"ci_99": [0.007029230706393719, 0.008753228466957808], "q_25": 0.007420145790092647, "q_75": 0.0082192940171808, "min": 0.007029230706393719, "max": 0.008753228466957808, "mean": 0.00783415576443076, "std": 0.0005969803836155518, "repeat": 10, "number": 2}]}, "support.path.get_parent_paths.time_allsubmods_toplevel_only": {"result": [0.006201728945598006], "stats": [{"ci_99": [0.006144171115010977, 0.007504851557314396], "q_25": 0.0061482577584683895, "q_75": 0.006702090962789953, "min": 0.006144171115010977, "max": 0.007504851557314396, "mean": 0.006487692007794976, "std": 0.00046197172070530857, "repeat": 10, "number": 2}]}, "support.path.get_parent_paths.time_no_submods": {"result": [3.06160917982963e-07], "stats": [{"ci_99": [2.6983693881073176e-07, 3.594003153182303e-07], "q_25": 2.720645663080153e-07, "q_75": 3.370232106985652e-07, "min": 2.6983693881073176e-07, "max": 3.594003153182303e-07, "mean": 3.077206710489432e-07, "std": 3.389802457017749e-08, "repeat": 10, "number": 37078}]}, "support.path.get_parent_paths.time_one_submod_subdir": {"result": [0.005594170186668634],