{"results": {"api.supers.time_createadd": {"result": [1.3019847068935633], "stats": [{"ci_99": [1.296838422305882, 1.3198640206828713], "q_25": 1.2993043065071106, "q_75": 1.3109913105145097, "min": 1.296838422305882, "max": 1.3198640206828713, "mean": 1.3052671643905343, "std": 0.007873164911176275, "repeat": 10, "number": 1}]}, "api.supers.time_createadd_to_dataset": {"result": [1.2420450993813574], "stats": [{"ci_99": [1.2356925755739212, 1.268752971664071], "q_25": 1.238471643300727, "q_75": 1.2495950674638152, "min": 1.2356925755739212, "max": 1.268752971664071, "mean": 1.2461503232829272, "std": 0.010258551594488033, "repeat": 10, "number": 1}]}, "api.supers.time_diff": null, "api.supers.time_diff_recursive": null, "api.supers.time_installr": {"result": [5.557277110405266], "stats": [{"ci_99": [4.458444436080754, 6.656109784729778], "q_25": 5.546288783662021, "q_75": 5.568265437148511, "min": 5.535300456918776, "max": 5.5792537638917565, "mean": 5.557277110405266, "std": 0.02197665348649025, "repeat": 2, "number": 1}]}, "api.supers.time_ls": {"result": [0.1851857639849186], "stats": [{"ci_99": [0.1789505360648036, 0.1942408625036478], "q_25": 0.18073860392905772, "q_75": 0.19054382317699492, "min": 0.1789505360648036, "max": 0.1942408625036478, "mean": 0.18586304550990462, "std": 0.00548242668528203, "repeat": 10, "number": 1}]}, "api.supers.time_ls_recursive": {"result": [1.787652707658708], "stats": [{"ci_99": [1.7799382228404284, 1.7993279388174415], "q_25": 1.7835479590576142, "q_75": 1.7897464579436928, "min": 1.7799382228404284, "max": 1.7993279388174415, "mean": 1.7876618069596588, "std": 0.005319267131449544, "repeat": 10, "number": 1}]}, "api.supers.time_ls_recursive_long_all": {"result": [1.951964289881289], "stats": [{"ci_99": [1.9436911242082715, 1.9789322074502707], "q_25": 1.949518937850371, "q_75": 1.966672805370763, "min": 1.9436911242082715, "max": 1.9789322074502707, "mean": 1.9578247187891975, "std": 0.013100850205698325, "repeat": 8, "number": 1}]}, "api.supers.time_remove": null, "api.supers.time_status": {"result": [0.7201962918043137], "stats": [{"ci_99": [0.7107296250760555, 0.7286052480340004], "q_25": 0.7139168516732752, "q_75": 0.724166834494099, "min": 0.7107296250760555, "max": 0.7286052480340004, "mean": 0.7195062577724457, "std": 0.006238660223972139, "repeat": 10, "number": 1}]}, "api.supers.time_status_recursive": {"result": [1.3687553172931075], "stats": [{"ci_99": [1.352562652900815, 1.3878926066681743], "q_25": 1.3608659133315086, "q_75": 1.372352645965293, "min": 1.352562652900815, "max": 1.3878926066681743, "mean": 1.368426416721195, "std": 0.011434121397119315, "repeat": 10, "number": 1}]}, "api.supers.time_subdatasets": {"result": [0.095642423722893], "stats": [{"ci_99": [0.09189242217689753, 0.09899367392063141], "q_25": 0.09377860021777451, "q_75": 0.09774089767597616, "min": 0.09189242217689753, "max": 0.09899367392063141, "mean": 0.09567454010248184, "std": 0.0023278378247694425, "repeat": 10, "number": 1}]}, "api.supers.time_subdatasets_recursive": {"result": [0.4288323102518916], "stats": [{"ci_99": [0.42493482399731874, 0.4361562915146351], "q_25": 0.4275490897707641, "q_75": 0.4306283562909812, "min": 0.42493482399731874, "max": 0.4361562915146351, "mean": 0.42926487866789104, "std": 0.003018468665267194, "repeat": 10, "number": 1}]}, "api.supers.time_subdatasets_recursive_first": {"result": [0.09470652602612972], "stats": [{"ci_99": [0.09281641151756048, 0.09761449601501226], "q_25": 0.09408195223659277, "q_75": 0.09595983219332993, "min": 0.09281641151756048, "max": 0.09761449601501226, "mean": 0.09505997691303492, "std": 0.0013744877590104276, "repeat": 10, "number": 1}]}, "api.supers.time_uninstall": {"result": [4.2965431357733905], "stats": [{"ci_99": [4.15588812449703, 4.441638846288082], "q_25": 4.252133780857548, "q_75": 4.343172840308398, "min": 4.246455733664334, "max": 4.3555119363591075, "mean": 4.298763485392556, "std": 0.04894303414902507, "repeat": 4, "number": 1}]}, "repo.gitrepo.time_get_content_info": {"result": [0.016195853240787983], "stats": [{"ci_99": [0.014690181240439415, 0.019105082377791405], "q_25": 0.015585911693051457, "q_75": 0.017212518258020282, "min": 0.014690181240439415, "max": 0.019105082377791405, "mean": 0.016433381754904986, "std": 0.0012900681229482517, "repeat": 10, "number": 1}]}, "api.testds.time_create_test_dataset1": {"result": [0.6179692763835192], "stats": [{"ci_99": [0.6106208860874176, 0.6269176285713911], "q_25": 0.6158440134022385, "q_75": 0.620545886689797, "min": 0.6106208860874176, "max": 0.6269176285713911, "mean": 0.6185023382306098, "std": 0.0048619900644772665, "repeat": 10, "number": 1}]}, "api.testds.time_create_test_dataset2x2": {"result": [3.8042508042417467], "stats": [{"ci_99": [3.7832588217945387, 3.8323686658611904], "q_25": 3.8024071392137557, "q_75": 3.8096574088558555, "min": 3.798542842268944, "max": 3.824210524559021, "mean": 3.8078137438278645, "std": 0.009757182204833405, "repeat": 4, "number": 1}]}, "core.runner.time_echo": {"result": [0.0018070613965392112], "stats": [{"ci_99": [0.001689041592180729, 0.0021931087598204614], "q_25": 0.001695116702467203, "q_75": 0.0020046359393745663, "min": 0.001689041592180729, "max": 0.0021931087598204614, "mean": 0.001865370776504278, "std": 0.00018504294420527452, "repeat": 10, "number": 5}]}, "core.runner.time_echo_gitrunner": {"result": [0.0025487272068858147], "stats": [{"ci_99": [0.0023204239550977945, 0.0029083469416946173], "q_25": 0.0024922590237110853, "q_75": 0.002652799477800727, "min": 0.0023204239550977945, "max": 0.0029083469416946173, "mean": 0.0025745598832145333, "std": 0.00016674013428704383, "repeat": 10, "number": 4}]}, "core.startup.time_help_np": {"result": [0.5782606708817184], "stats": [{"ci_99": [0.533190418034792, 0.6388398604467511], "q_25": 0.5744912477675825, "q_75": 0.5813469199929386, "min": 0.533190418034792, "max": 0.6388398604467511, "mean": 0.579824201669544, "std": 0.024419350354657948, "repeat": 10, "number": 1}]}, "core.startup.time_import": {"result": [0.16270826617255807], "stats": [{"ci_99": [0.15510279592126608, 0.19682938791811466], "q_25": 0.1580617988947779, "q_75": 0.1753561634104699, "min": 0.15510279592126608, "max": 0.19682938791811466, "mean": 0.16885296124964952, "std": 0.014320283727806053, "repeat": 10, "number": 1}]}, "core.startup.time_import_api": {"result": [0.5205160384066403], "stats": [{"ci_99": [0.45944958087056875, 0.5815826896578074], "q_25": 0.5093910896684974, "q_75": 0.5579306629952043, "min": 0.45944958087056875, "max": 0.5815826896578074, "mean": 0.5272867638617754, "std": 0.035257122725581666, "repeat": 10, "number": 1}]}, "support.path.get_parent_paths.time_allsubmods_toplevel": {"result": [0.007201565196737647], "stats": [{"ci_99": [0.006664189510047436, 0.008879600092768669], "q_25": 0.006795238004997373, "q_75": 0.007712673861533403, "min": 0.006664189510047436, "max": 0.008879600092768669, "mean": 0.007385625224560499, "std": 0.0006950229319989901, "repeat": 10, "number": 2}]}, "support.path.get_parent_paths.time_allsubmods_toplevel_only": {"result": [0.007084966637194157], "stats": [{"ci_99": [0.006381023209542036, 0.008074988145381212], "q_25": 0.006772776250727475, "q_75": 0.007521456805989146, "min": 0.006381023209542036, "max": 0.008074988145381212, "mean": 0.007148783141747117, "std": 0.0005509195290701558, "repeat": 10, "number": 2}]}, "support.path.get_parent_paths.time_no_submods": {"result": [3.3666957684855015e-07], "stats": [{"ci_99": [3.065699607666739e-07, 3.715379934042071e-07], "q_25": 3.218029011026446e-07, "q_75": 3.525697041549911e-07, "min": 3.065699607666739e-07, "max": 3.715379934042071e-07, "mean": 3.376358451367714e-07, "std": 1.924634229653365e-08, "repeat": 10, "number": 27013}]}, "support.path.get_parent_paths.time_one_submod_subdir": {"result": [0.00586822465993464], "stats": [{"ci_99": [0.005133553873747587, 0.006669667083770037], "q_25": 0.005602566991001368,