{"results": {"api.supers.time_createadd": {"result": [1.3584874123334885], "stats": [{"ci_99": [1.3409068174660206, 1.415946427732706], "q_25": 1.356193516170606, "q_75": 1.368031689664349, "min": 1.3409068174660206, "max": 1.415946427732706, "mean": 1.366002317611128, "std": 0.02175630691886702, "repeat": 10, "number": 1}]}, "api.supers.time_createadd_to_dataset": {"result": [1.1283302479423583], "stats": [{"ci_99": [1.0936111817136407, 1.1639802297577262], "q_25": 1.112326113972813, "q_75": 1.1448578289709985, "min": 1.0936111817136407, "max": 1.1639802297577262, "mean": 1.1297512845136226, "std": 0.022648817692819474, "repeat": 10, "number": 1}]}, "api.supers.time_diff": {"result": [0.09248814824968576], "stats": [{"ci_99": [0.08754446171224117, 0.11516820918768644], "q_25": 0.08860334125347435, "q_75": 0.1023841721471399, "min": 0.08754446171224117, "max": 0.11516820918768644, "mean": 0.09624261213466526, "std": 0.008814096415981328, "repeat": 10, "number": 1}]}, "api.supers.time_diff_recursive": {"result": [0.31457674177363515], "stats": [{"ci_99": [0.30399812664836645, 0.33049226831644773], "q_25": 0.30862868018448353, "q_75": 0.3201940774451941, "min": 0.30399812664836645, "max": 0.33049226831644773, "mean": 0.31497936686500905, "std": 0.008123166542002248, "repeat": 10, "number": 1}]}, "api.supers.time_installr": {"result": [3.886851195245981], "stats": [{"ci_99": [3.631406807554848, 4.1599245520960935], "q_25": 3.810360753443092, "q_75": 3.972156121628359, "min": 3.7992325434461236, "max": 4.009727785363793, "mean": 3.89566567982547, "std": 0.09091075721594424, "repeat": 4, "number": 1}]}, "api.supers.time_ls": {"result": [0.7163040209561586], "stats": [{"ci_99": [0.6844627093523741, 0.7441468983888626], "q_25": 0.6870803174097091, "q_75": 0.739970667520538, "min": 0.6844627093523741, "max": 0.7441468983888626, "mean": 0.7144737827591598, "std": 0.02556251935502024, "repeat": 10, "number": 1}]}, "api.supers.time_ls_recursive": {"result": [2.6837315279990435], "stats": [{"ci_99": [2.5755114405001605, 2.8035028143579366], "q_25": 2.6253818396944553, "q_75": 2.7530870826449245, "min": 2.619256353005767, "max": 2.7681858111172915, "mean": 2.689507127429048, "std": 0.0651948149078565, "repeat": 6, "number": 1}]}, "api.supers.time_ls_recursive_long_all": {"result": [2.769821305759251], "stats": [{"ci_99": [2.7620225633286872, 2.7905363645404577], "q_25": 2.7687408910132945, "q_75": 2.7787631654646248, "min": 2.7679836563766003, "max": 2.7905363645404577, "mean": 2.77471452842777, "std": 0.00847157145844854, "repeat": 6, "number": 1}]}, "api.supers.time_remove": {"result": [2.0789299574680626], "stats": [{"ci_99": [2.053335327655077, 2.1001863591372967], "q_25": 2.070052640978247, "q_75": 2.0907514973077923, "min": 2.053335327655077, "max": 2.1001863591372967, "mean": 2.079471029806882, "std": 0.015230524872024191, "repeat": 8, "number": 1}]}, "api.supers.time_status": {"result": [0.6847245679236948], "stats": [{"ci_99": [0.6781305894255638, 0.6889425748959184], "q_25": 0.6801022368017584, "q_75": 0.6872067074291408, "min": 0.6781305894255638, "max": 0.6889425748959184, "mean": 0.6838506015948951, "std": 0.003729631963024341, "repeat": 10, "number": 1}]}, "api.supers.time_status_recursive": {"result": [1.1453316188417375], "stats": [{"ci_99": [1.1309789419174194, 1.1517613818868995], "q_25": 1.1407001602929085, "q_75": 1.148811197374016, "min": 1.1309789419174194, "max": 1.1517613818868995, "mean": 1.143596831150353, "std": 0.006633279113016259, "repeat": 10, "number": 1}]}, "api.supers.time_subdatasets": {"result": [0.050753389950841665], "stats": [{"ci_99": [0.0454470356926322, 0.058990100398659706], "q_25": 0.04792060726322234, "q_75": 0.05443138396367431, "min": 0.0454470356926322, "max": 0.058990100398659706, "mean": 0.051373982522636655, "std": 0.004358951840108997, "repeat": 10, "number": 1}]}, "api.supers.time_subdatasets_recursive": {"result": [0.12023399723693728], "stats": [{"ci_99": [0.11669584177434444, 0.12770383805036545], "q_25": 0.11794492276385427, "q_75": 0.12279542395845056, "min": 0.11669584177434444, "max": 0.12770383805036545, "mean": 0.120906637981534, "std": 0.003624481916587587, "repeat": 10, "number": 1}]}, "api.supers.time_subdatasets_recursive_first": {"result": [0.05410967906937003], "stats": [{"ci_99": [0.050238270312547684, 0.058287691324949265], "q_25": 0.05246681021526456, "q_75": 0.05732306162826717, "min": 0.050238270312547684, "max": 0.058287691324949265, "mean": 0.05458769416436553, "std": 0.002719997666188597, "repeat": 10, "number": 1}]}, "api.supers.time_uninstall": {"result": [2.1588764525949955], "stats": [{"ci_99": [2.139390891417861, 2.170145694166422], "q_25": 2.1474283046554774, "q_75": 2.1630268052686006, "min": 2.139390891417861, "max": 2.170145694166422, "mean": 2.1561408152338117, "std": 0.009852176019662024, "repeat": 8, "number": 1}]}, "repo.gitrepo.time_get_content_info": {"result": [0.021525908261537552], "stats": [{"ci_99": [0.015560025349259377, 0.025300712324678898], "q_25": 0.01716375513933599, "q_75": 0.022911625914275646, "min": 0.015560025349259377, "max": 0.025300712324678898, "mean": 0.020478676166385414, "std": 0.003189994802835464, "repeat": 10, "number": 1}]}, "api.testds.time_create_test_dataset1": {"result": [0.43606133479624987], "stats": [{"ci_99": [0.4331832015886903, 0.45232174079865217], "q_25": 0.4345996587071568, "q_75": 0.4415508082602173, "min": 0.4331832015886903, "max": 0.45232174079865217, "mean": 0.43857803838327525, "std": 0.005861309421121583, "repeat": 10, "number": 1}]}, "api.testds.time_create_test_dataset2x2": {"result": [2.7929131696000695], "stats": [{"ci_99": [2.7531475042924285, 2.8254239520915285], "q_25": 2.777314680395648, "q_75": 2.8064882778562605, "min": 2.7531475042924285, "max": 2.8164983429014683, "mean": 2.7897667807216444, "std": 0.02161828245736421, "repeat": 6, "number": 1}]}, "core.runner.time_echo": {"result": [0.0017311580789585908], "stats": [{"ci_99": [0.0017221206799149513, 0.0017737393888334434], "q_25": 0.0017255893520389993, "q_75": 0.001747987310712536, "min": 0.0017221206799149513, "max": 0.0017737393888334434, "mean": 0.0017389805056154729, "std": 1.6795146859458772e-05, "repeat": 10, "number": 6}]}, "core.runner.time_echo_gitrunner": {"result": [0.002656589960679412], "stats": [{"ci_99": [0.0025245044380426407, 0.0031160684302449226], "q_25": 0.0025943914079107344, "q_75": 0.0028530227136798203, "min": 0.0025245044380426407, "max": 0.0031160684302449226, "mean": 0.0027202361496165397, "std": 0.0001830731258571559, "repeat": 10, "number": 4}]}, "core.startup.time_help_np": {"result": [0.6078370260074735], "stats": [{"ci_99": [0.5760072004050016, 0.6432085623964667], "q_25": 0.5808030583430082, "q_75": 0.6315641957335174, "min": 0.5760072004050016, "max": 0.6432085623964667, "mean": 0.6069061316549778, "std": 0.02527012392242622, "repeat": 10, "number": 1}]}, "core.startup.time_import": {"result": [0.1714650671929121], "stats": [{"ci_99": [0.11875523813068867, 0.19824498891830444], "q_25": 0.163259110879153, "q_75": 0.18412035703659058, "min": 0.11875523813068867, "max": 0.19824498891830444, "mean": 0.16786646228283644, "std": 0.02496928721550051, "repeat": 10, "number": 1}]}, "core.startup.time_import_api": {"result": [0.5152615141123533], "stats": [{"ci_99": [0.45188979897648096, 0.5854621613398194], "q_25": 0.5045614850241691, "q_75": 0.5448037055321038, "min": 0.45188979897648096, "max": 0.5854621613398194, "mean": 0.5201846988871693, "std": 0.04223291765587616, "repeat": 10, "number": 1}]}, "support.path.get_parent_paths.time_allsubmods_toplevel": null, "support.path.get_parent_paths.time_allsubmods_toplevel_only": null, "support.path.get_parent_paths.time_no_submods": null, "support.path.get_parent_paths.time_one_submod_subdir": null, "support.path.get_parent_paths.time_one_submod_toplevel": null, "usecases.study_forrest.time_make_studyforrest_mockup": {"result": [35.734265801496804],