{"results": {"api.supers.time_createadd": {"result": [1.271388404071331], "stats": [{"ci_99": [1.2545086611062288, 1.3023889642208815], "q_25": 1.2670833666343242, "q_75": 1.2749630364123732, "min": 1.2545086611062288, "max": 1.3023889642208815, "mean": 1.2725863907486201, "std": 0.012417109433846961, "repeat": 10, "number": 1}]}, "api.supers.time_createadd_to_dataset": {"result": [1.2102468092925847], "stats": [{"ci_99": [1.2023427616804838, 1.2328943591564894], "q_25": 1.2085236872080714, "q_75": 1.213769686408341, "min": 1.2023427616804838, "max": 1.2328943591564894, "mean": 1.211787972599268, "std": 0.008082910216858948, "repeat": 10, "number": 1}]}, "api.supers.time_diff": null, "api.supers.time_diff_recursive": null, "api.supers.time_installr": {"result": [5.060847034677863], "stats": [{"ci_99": [4.452191736549139, 5.669502332806586], "q_25": 5.054760481696576, "q_75": 5.06693358765915, "min": 5.048673928715289, "max": 5.073020140640438, "mean": 5.060847034677863, "std": 0.012173105962574482, "repeat": 2, "number": 1}]}, "api.supers.time_ls": {"result": [0.18255584174767137], "stats": [{"ci_99": [0.17825362086296082, 0.1949293902143836], "q_25": 0.18024217314086854, "q_75": 0.18426976399496198, "min": 0.17825362086296082, "max": 0.1949293902143836, "mean": 0.18327526561915874, "std": 0.004430785171506028, "repeat": 10, "number": 1}]}, "api.supers.time_ls_recursive": {"result": [1.8017643336206675], "stats": [{"ci_99": [1.7893354557454586, 1.80787671264261], "q_25": 1.7986327791586518, "q_75": 1.8031572059262544, "min": 1.7893354557454586, "max": 1.80787671264261, "mean": 1.800851522013545, "std": 0.005281113793219176, "repeat": 10, "number": 1}]}, "api.supers.time_ls_recursive_long_all": {"result": [1.9641233710572124], "stats": [{"ci_99": [1.9481201758608222, 1.9997094497084618], "q_25": 1.9599814389366657, "q_75": 1.968388319015503, "min": 1.9481201758608222, "max": 1.9997094497084618, "mean": 1.9660457947757095, "std": 0.01439426683536313, "repeat": 8, "number": 1}]}, "api.supers.time_remove": null, "api.supers.time_status": {"result": [0.749554748646915], "stats": [{"ci_99": [0.7370110508054495, 0.7640634998679161], "q_25": 0.7405607083346695, "q_75": 0.7510370290838182, "min": 0.7370110508054495, "max": 0.7640634998679161, "mean": 0.748839215748012, "std": 0.008925067159655168, "repeat": 10, "number": 1}]}, "api.supers.time_status_recursive": {"result": [1.3992491317912936], "stats": [{"ci_99": [1.391522441059351, 1.4232273437082767], "q_25": 1.3960331729613245, "q_75": 1.4101401383522898, "min": 1.391522441059351, "max": 1.4232273437082767, "mean": 1.4029757723212242, "std": 0.009635838903345904, "repeat": 10, "number": 1}]}, "api.supers.time_subdatasets": {"result": [0.10876811807975173], "stats": [{"ci_99": [0.10486836172640324, 0.11662338115274906], "q_25": 0.10739368293434381, "q_75": 0.1124388687312603, "min": 0.10486836172640324, "max": 0.11662338115274906, "mean": 0.10996116269379855, "std": 0.003846929756208373, "repeat": 10, "number": 1}]}, "api.supers.time_subdatasets_recursive": {"result": [0.43921898351982236], "stats": [{"ci_99": [0.43507899437099695, 0.44772512651979923], "q_25": 0.4375388331245631, "q_75": 0.44297382049262524, "min": 0.43507899437099695, "max": 0.44772512651979923, "mean": 0.4403175678104162, "std": 0.00406055497396441, "repeat": 10, "number": 1}]}, "api.supers.time_subdatasets_recursive_first": {"result": [0.1079383403994143], "stats": [{"ci_99": [0.1049299668520689, 0.12556331790983677], "q_25": 0.10653376067057252, "q_75": 0.1103527881205082, "min": 0.1049299668520689, "max": 0.12556331790983677, "mean": 0.10980454254895448, "std": 0.005708510828289635, "repeat": 10, "number": 1}]}, "api.supers.time_uninstall": {"result": [4.164842040743679], "stats": [{"ci_99": [4.030996399279861, 4.3292623192070145], "q_25": 4.134434079285711, "q_75": 4.210537320701405, "min": 4.128137703984976, "max": 4.262695651501417, "mean": 4.180129359243438, "std": 0.05382970189580511, "repeat": 4, "number": 1}]}, "repo.gitrepo.time_get_content_info": {"result": [0.014959787484258413], "stats": [{"ci_99": [0.01459578424692154, 0.01634933426976204], "q_25": 0.014723427128046751, "q_75": 0.0153360057156533, "min": 0.01459578424692154, "max": 0.01634933426976204, "mean": 0.015104797389358281, "std": 0.0005127931075531187, "repeat": 10, "number": 1}]}, "api.testds.time_create_test_dataset1": {"result": [0.5983274392783642], "stats": [{"ci_99": [0.5951306857168674, 0.6118448749184608], "q_25": 0.596416941145435, "q_75": 0.603128305869177, "min": 0.5951306857168674, "max": 0.6118448749184608, "mean": 0.6007305523380637, "std": 0.005534554410952212, "repeat": 10, "number": 1}]}, "api.testds.time_create_test_dataset2x2": {"result": [3.5598341850563884], "stats": [{"ci_99": [3.5383069535455, 3.583548505630504], "q_25": 3.555206468096003, "q_75": 3.5655554465483874, "min": 3.551084498874843, "max": 3.572958049364388, "mean": 3.560927729588002, "std": 0.008142219379937895, "repeat": 4, "number": 1}]}, "core.runner.time_echo": {"result": [0.0017562123946845533], "stats": [{"ci_99": [0.0017012963071465492, 0.002007742039859295], "q_25": 0.0017081023193895816, "q_75": 0.0019018668215721843, "min": 0.0017012963071465492, "max": 0.002007742039859295, "mean": 0.0018040695786476137, "std": 0.00010980920943424292, "repeat": 10, "number": 5}]}, "core.runner.time_echo_gitrunner": {"result": [0.0028390375276406607], "stats": [{"ci_99": [0.0026252325624227524, 0.0033353163550297418], "q_25": 0.0027631732324759164, "q_75": 0.00304296527368327, "min": 0.0026252325624227524, "max": 0.0033353163550297418, "mean": 0.0029110985497633616, "std": 0.00021762991021470135, "repeat": 10, "number": 3}]}, "core.startup.time_help_np": {"result": [0.5903724259696901], "stats": [{"ci_99": [0.5690002469345927, 0.6186204412952065], "q_25": 0.5800240316893905, "q_75": 0.6103722229599953, "min": 0.5690002469345927, "max": 0.6186204412952065, "mean": 0.5939546316862107, "std": 0.01657817750685748, "repeat": 10, "number": 1}]}, "core.startup.time_import": {"result": [0.1604386242106557], "stats": [{"ci_99": [0.11495994217693806, 0.20545680075883865], "q_25": 0.15373686142265797, "q_75": 0.1728539397008717, "min": 0.11495994217693806, "max": 0.20545680075883865, "mean": 0.15990251190960408, "std": 0.026933006748575225, "repeat": 10, "number": 1}]}, "core.startup.time_import_api": {"result": [0.5070788082666695], "stats": [{"ci_99": [0.4906146600842476, 0.5664247311651707], "q_25": 0.4999195411801338, "q_75": 0.5314183405134827, "min": 0.4906146600842476, "max": 0.5664247311651707, "mean": 0.5169866997748613, "std": 0.023648816583701007, "repeat": 10, "number": 1}]}, "support.path.get_parent_paths.time_allsubmods_toplevel": {"result": [0.008827987127006054], "stats": [{"ci_99": [0.008138674311339855, 0.009921697899699211], "q_25": 0.008505012141540647, "q_75": 0.009223880711942911, "min": 0.008138674311339855, "max": 0.009921697899699211, "mean": 0.008907441794872285, "std": 0.0005248599069890654, "repeat": 10, "number": 1}]}, "support.path.get_parent_paths.time_allsubmods_toplevel_only": {"result": [0.007411019876599312], "stats": [{"ci_99": [0.006536185275763273, 0.00859230337664485], "q_25": 0.006944311549887061, "q_75": 0.00792771833948791, "min": 0.006536185275763273, "max": 0.00859230337664485, "mean": 0.007454840606078506, "std": 0.0006111860746860094, "repeat": 10, "number": 2}]}, "support.path.get_parent_paths.time_no_submods": {"result": [3.397312289491523e-07], "stats": [{"ci_99": [3.107051831751824e-07, 3.786079863800875e-07], "q_25": 3.2465847545425643e-07, "q_75": 3.574091023978243e-07, "min": 3.107051831751824e-07, "max": 3.786079863800875e-07, "mean": 3.419101962237535e-07, "std": 2.1869486553360763e-08, "repeat": 10, "number": 27580}]}, "support.path.get_parent_paths.time_one_submod_subdir": {"result": [0.005572924157604575], "stats": [{"ci_99": [0.0053263152949512005, 0.006702187471091747], "q_25": 0.00546341179870069, "q_75": 0.006055546342395246,