{"results": {"api.supers.time_createadd": {"result": [1.378981756977737], "stats": [{"ci_99": [1.3449371121823788, 1.399963236413896], "q_25": 1.3564822657499462, "q_75": 1.3930653454735875, "min": 1.3449371121823788, "max": 1.399963236413896, "mean": 1.375807366706431, "std": 0.019677057540486643, "repeat": 10, "number": 1}]}, "api.supers.time_createadd_to_dataset": {"result": [1.1209339909255505], "stats": [{"ci_99": [1.1035124948248267, 1.1325482837855816], "q_25": 1.1164117567241192, "q_75": 1.1262177664320916, "min": 1.1035124948248267, "max": 1.1325482837855816, "mean": 1.120076850708574, "std": 0.009257022328966224, "repeat": 10, "number": 1}]}, "api.supers.time_diff": {"result": [0.09382706135511398], "stats": [{"ci_99": [0.08732398971915245, 0.1087238509207964], "q_25": 0.08830400300212204, "q_75": 0.09859624388627708, "min": 0.08732398971915245, "max": 0.1087238509207964, "mean": 0.09458116022869945, "std": 0.006612830789785655, "repeat": 10, "number": 1}]}, "api.supers.time_diff_recursive": {"result": [0.30992937041446567], "stats": [{"ci_99": [0.29972951393574476, 0.32619250100106], "q_25": 0.3018676189240068, "q_75": 0.3142177208792418, "min": 0.29972951393574476, "max": 0.32619250100106, "mean": 0.3095627757720649, "std": 0.007971625653461505, "repeat": 10, "number": 1}]}, "api.supers.time_installr": {"result": [3.8436486097052693], "stats": [{"ci_99": [3.7786424415907796, 3.8844760256097675], "q_25": 3.8299544483888894, "q_75": 3.8452533949166536, "min": 3.793015267699957, "max": 3.8459244472905993, "mean": 3.8315592336002737, "std": 0.022294156080311427, "repeat": 4, "number": 1}]}, "api.supers.time_ls": {"result": [0.6933966120705009], "stats": [{"ci_99": [0.6853385688737035, 0.6963356882333755], "q_25": 0.6910153683274984, "q_75": 0.6945746997371316, "min": 0.6853385688737035, "max": 0.6963356882333755, "mean": 0.6924350284039974, "std": 0.0031835344725934414, "repeat": 10, "number": 1}]}, "api.supers.time_ls_recursive": {"result": [2.6305410959757864], "stats": [{"ci_99": [2.6132418671622872, 2.6393002761840605], "q_25": 2.6202332731336355, "q_75": 2.6318663482088596, "min": 2.6132418671622872, "max": 2.634779722429812, "mean": 2.626368202113857, "std": 0.0081138758450493, "repeat": 6, "number": 1}]}, "api.supers.time_ls_recursive_long_all": {"result": [2.78135025780648], "stats": [{"ci_99": [2.768513809314159, 2.803214124403894], "q_25": 2.775262849871069, "q_75": 2.7816794749815017, "min": 2.7731582364067435, "max": 2.803214124403894, "mean": 2.7823493007260063, "std": 0.010035451929597698, "repeat": 6, "number": 1}]}, "api.supers.time_remove": {"result": [2.0970806451514363], "stats": [{"ci_99": [2.0706968531012535, 2.1126952413469553], "q_25": 2.075259146746248, "q_75": 2.1058131246827543, "min": 2.0706968531012535, "max": 2.1126952413469553, "mean": 2.092380707617849, "std": 0.015409053496117238, "repeat": 8, "number": 1}]}, "api.supers.time_status": {"result": [0.6882579158991575], "stats": [{"ci_99": [0.6822635307908058, 0.6967294691130519], "q_25": 0.6851275542285293, "q_75": 0.6902902657166123, "min": 0.6822635307908058, "max": 0.6967294691130519, "mean": 0.688024933822453, "std": 0.004063005105827702, "repeat": 10, "number": 1}]}, "api.supers.time_status_recursive": {"result": [1.1426979270763695], "stats": [{"ci_99": [1.1314242957159877, 1.1552192028611898], "q_25": 1.1360876709222794, "q_75": 1.1457272784318775, "min": 1.1314242957159877, "max": 1.1552192028611898, "mean": 1.1421831480227411, "std": 0.007613400866867777, "repeat": 10, "number": 1}]}, "api.supers.time_subdatasets": {"result": [0.05222188355401158], "stats": [{"ci_99": [0.04676807206124067, 0.06089943926781416], "q_25": 0.04785315506160259, "q_75": 0.05610459321178496, "min": 0.04676807206124067, "max": 0.06089943926781416, "mean": 0.05268004136160016, "std": 0.00485993728609372, "repeat": 10, "number": 1}]}, "api.supers.time_subdatasets_recursive": {"result": [0.11926428275182843], "stats": [{"ci_99": [0.11363393440842628, 0.13078899681568146], "q_25": 0.11723159812390804, "q_75": 0.12325427401810884, "min": 0.11363393440842628, "max": 0.13078899681568146, "mean": 0.12026854520663618, "std": 0.004921405408652004, "repeat": 10, "number": 1}]}, "api.supers.time_subdatasets_recursive_first": {"result": [0.05062431422993541], "stats": [{"ci_99": [0.04686109162867069, 0.059024508111178875], "q_25": 0.049111355328932405, "q_75": 0.0522227727342397, "min": 0.04686109162867069, "max": 0.059024508111178875, "mean": 0.05117405252531171, "std": 0.00321473166533118, "repeat": 10, "number": 1}]}, "api.supers.time_uninstall": {"result": [2.175457253586501], "stats": [{"ci_99": [2.1415753550827503, 2.270926986820996], "q_25": 2.1455557835288346, "q_75": 2.2028297265060246, "min": 2.1415753550827503, "max": 2.270926986820996, "mean": 2.1863244075793773, "std": 0.046115850443811175, "repeat": 8, "number": 1}]}, "repo.gitrepo.time_get_content_info": {"result": [0.02128218673169613], "stats": [{"ci_99": [0.019268487580120564, 0.026196027174592018], "q_25": 0.020128583535552025, "q_75": 0.02221614494919777, "min": 0.019268487580120564, "max": 0.026196027174592018, "mean": 0.021720559615641833, "std": 0.0021974892535651692, "repeat": 10, "number": 1}]}, "api.testds.time_create_test_dataset1": {"result": [0.4512078487314284], "stats": [{"ci_99": [0.4368029274046421, 0.46076415851712227], "q_25": 0.44981436850503087, "q_75": 0.4534093344118446, "min": 0.4368029274046421, "max": 0.46076415851712227, "mean": 0.45010818662121893, "std": 0.006528567354484004, "repeat": 10, "number": 1}]}, "api.testds.time_create_test_dataset2x2": {"result": [2.8456448926590383], "stats": [{"ci_99": [2.7569000110057837, 2.923715297067876], "q_25": 2.795727994060144, "q_75": 2.8825448541902006, "min": 2.777201787568629, "max": 2.899420482106507, "mean": 2.8403076540368297, "std": 0.048158742759393504, "repeat": 6, "number": 1}]}, "core.runner.time_echo": {"result": [0.0020192938856780527], "stats": [{"ci_99": [0.0018208054825663567, 0.0022280007600784303], "q_25": 0.001930253114551306, "q_75": 0.0021228848956525324, "min": 0.0018208054825663567, "max": 0.0022280007600784303, "mean": 0.002027290537953377, "std": 0.00012017758017047039, "repeat": 10, "number": 5}]}, "core.runner.time_echo_gitrunner": {"result": [0.002674365066923201], "stats": [{"ci_99": [0.0021256397012621164, 0.0028464850038290024], "q_25": 0.002250933030154556, "q_75": 0.0027146684587933123, "min": 0.0021256397012621164, "max": 0.0028464850038290024, "mean": 0.002539795660413802, "std": 0.00027395912689081854, "repeat": 10, "number": 4}]}, "core.startup.time_help_np": {"result": [0.5730522777885199], "stats": [{"ci_99": [0.5266377152875066, 0.6209777230396867], "q_25": 0.5322712296620011, "q_75": 0.5908551844768226, "min": 0.5266377152875066, "max": 0.6209777230396867, "mean": 0.5690215225331485, "std": 0.0347827495956604, "repeat": 10, "number": 1}]}, "core.startup.time_import": {"result": [0.13871343107894063], "stats": [{"ci_99": [0.11567006353288889, 0.16755729913711548], "q_25": 0.12862202245742083, "q_75": 0.15881888871081173, "min": 0.11567006353288889, "max": 0.16755729913711548, "mean": 0.1416098590940237, "std": 0.018724949741629547, "repeat": 10, "number": 1}]}, "core.startup.time_import_api": {"result": [0.4911583960056305], "stats": [{"ci_99": [0.4514998411759734, 0.5520815644413233], "q_25": 0.4602541394997388, "q_75": 0.5297201385255903, "min": 0.4514998411759734, "max": 0.5520815644413233, "mean": 0.4952343604527414, "std": 0.036553539141096617, "repeat": 10, "number": 1}]}, "support.path.get_parent_paths.time_allsubmods_toplevel": null, "support.path.get_parent_paths.time_allsubmods_toplevel_only": null, "support.path.get_parent_paths.time_no_submods": null, "support.path.get_parent_paths.time_one_submod_subdir": null, "support.path.get_parent_paths.time_one_submod_toplevel": null, "usecases.study_forrest.time_make_studyforrest_mockup": {"result": [35.8055122140795],