{"results": {"api.supers.time_createadd": {"result": [1.2974043008871377], "stats": [{"ci_99": [1.2831391943618655, 1.3173411693423986], "q_25": 1.292431901441887, "q_75": 1.3075375333428383, "min": 1.2831391943618655, "max": 1.3173411693423986, "mean": 1.2996126733720303, "std": 0.01045316020111834, "repeat": 10, "number": 1}]}, "api.supers.time_createadd_to_dataset": {"result": [1.246146606747061], "stats": [{"ci_99": [1.236820699647069, 1.266331635415554], "q_25": 1.2423589180689305, "q_75": 1.25314329424873, "min": 1.236820699647069, "max": 1.266331635415554, "mean": 1.2476580367423593, "std": 0.00856157064360324, "repeat": 10, "number": 1}]}, "api.supers.time_diff": null, "api.supers.time_diff_recursive": null, "api.supers.time_installr": {"result": [5.527901300229132], "stats": [{"ci_99": [5.016019963659346, 6.039782636798918], "q_25": 5.522782486863434, "q_75": 5.53302011359483, "min": 5.5176636734977365, "max": 5.538138926960528, "mean": 5.527901300229132, "std": 0.010237626731395721, "repeat": 2, "number": 1}]}, "api.supers.time_ls": {"result": [0.18602819927036762], "stats": [{"ci_99": [0.17944130208343267, 0.20871965400874615], "q_25": 0.18301942641846836, "q_75": 0.19280971959233284, "min": 0.17944130208343267, "max": 0.20871965400874615, "mean": 0.1888352961279452, "std": 0.008456638681071538, "repeat": 10, "number": 1}]}, "api.supers.time_ls_recursive": {"result": [1.7930181319825351], "stats": [{"ci_99": [1.785053144209087, 1.7995583359152079], "q_25": 1.7883968227542937, "q_75": 1.7971548719797283, "min": 1.785053144209087, "max": 1.7995583359152079, "mean": 1.7927675822749733, "std": 0.0049237294400531675, "repeat": 10, "number": 1}]}, "api.supers.time_ls_recursive_long_all": {"result": [1.9491112530231476], "stats": [{"ci_99": [1.9430837836116552, 1.954513916745782], "q_25": 1.9470437564887106, "q_75": 1.952232303796336, "min": 1.9430837836116552, "max": 1.954513916745782, "mean": 1.9491526914061978, "std": 0.0039107873808545595, "repeat": 8, "number": 1}]}, "api.supers.time_remove": null, "api.supers.time_status": {"result": [0.7233701832592487], "stats": [{"ci_99": [0.7208873722702265, 0.7429220769554377], "q_25": 0.7221509648952633, "q_75": 0.7339783334173262, "min": 0.7208873722702265, "max": 0.7429220769554377, "mean": 0.7276273840107024, "std": 0.007889691356899264, "repeat": 10, "number": 1}]}, "api.supers.time_status_recursive": {"result": [1.36976063484326], "stats": [{"ci_99": [1.3648187275975943, 1.3779325541108847], "q_25": 1.366232191445306, "q_75": 1.373656740412116, "min": 1.3648187275975943, "max": 1.3779325541108847, "mean": 1.37016989197582, "std": 0.004311401242675003, "repeat": 10, "number": 1}]}, "api.supers.time_subdatasets": {"result": [0.09614923875778913], "stats": [{"ci_99": [0.09387541841715574, 0.12200899235904217], "q_25": 0.09522619657218456, "q_75": 0.10010554199106991, "min": 0.09387541841715574, "max": 0.12200899235904217, "mean": 0.09948055669665337, "std": 0.007952748699174585, "repeat": 10, "number": 1}]}, "api.supers.time_subdatasets_recursive": {"result": [0.4301979443989694], "stats": [{"ci_99": [0.4246727153658867, 0.44369223341345787], "q_25": 0.4283616424072534, "q_75": 0.4332492547109723, "min": 0.4246727153658867, "max": 0.44369223341345787, "mean": 0.4312484532594681, "std": 0.0051564772543293644, "repeat": 10, "number": 1}]}, "api.supers.time_subdatasets_recursive_first": {"result": [0.0948568512685597], "stats": [{"ci_99": [0.09326090943068266, 0.09664056543260813], "q_25": 0.09423837973736227, "q_75": 0.09550957358442247, "min": 0.09326090943068266, "max": 0.09664056543260813, "mean": 0.09489034889265895, "std": 0.0011153656190023527, "repeat": 10, "number": 1}]}, "api.supers.time_uninstall": {"result": [4.255550226196647], "stats": [{"ci_99": [4.239651159566548, 4.276352351348195], "q_25": 4.2530656876042485, "q_75": 4.26048629404977, "min": 4.251350588165224, "max": 4.269555981270969, "mean": 4.2580017554573715, "std": 0.0070191889902608065, "repeat": 4, "number": 1}]}, "repo.gitrepo.time_get_content_info": {"result": [0.015250655822455883], "stats": [{"ci_99": [0.014525007456541061, 0.020279157906770706], "q_25": 0.01488157152198255, "q_75": 0.015957073075696826, "min": 0.014525007456541061, "max": 0.020279157906770706, "mean": 0.01577921975404024, "std": 0.0015873077460298744, "repeat": 10, "number": 1}]}, "api.testds.time_create_test_dataset1": {"result": [0.6203503669239581], "stats": [{"ci_99": [0.6133551355451345, 0.6334309428930283], "q_25": 0.6148452500347048, "q_75": 0.6236531212925911, "min": 0.6133551355451345, "max": 0.6334309428930283, "mean": 0.6211303435266018, "std": 0.006960452450007725, "repeat": 10, "number": 1}]}, "api.testds.time_create_test_dataset2x2": {"result": [3.8038164731115103], "stats": [{"ci_99": [3.7623960445821565, 3.841588912513079], "q_25": 3.795244249282405, "q_75": 3.8105647023767233, "min": 3.7799786487594247, "max": 3.820358319208026, "mean": 3.801992478547618, "std": 0.014601702931137205, "repeat": 4, "number": 1}]}, "core.runner.time_echo": {"result": [0.0017738048918545246], "stats": [{"ci_99": [0.0016964245587587357, 0.002034845451513926], "q_25": 0.0017140681544939678, "q_75": 0.0018361337715759873, "min": 0.0016964245587587357, "max": 0.002034845451513926, "mean": 0.0017988567085315782, "std": 0.00010088469510459944, "repeat": 10, "number": 6}]}, "core.runner.time_echo_gitrunner": {"result": [0.0025738340336829424], "stats": [{"ci_99": [0.0023767699021846056, 0.00284624844789505], "q_25": 0.0024712933809496462, "q_75": 0.0026950291940011084, "min": 0.0023767699021846056, "max": 0.00284624844789505, "mean": 0.0025954739889129997, "std": 0.00014884523691399343, "repeat": 10, "number": 4}]}, "core.startup.time_help_np": {"result": [0.5834460887126625], "stats": [{"ci_99": [0.5517459772527218, 0.6545371534302831], "q_25": 0.577909194631502, "q_75": 0.624185997992754, "min": 0.5517459772527218, "max": 0.6545371534302831, "mean": 0.5979558140970767, "std": 0.0331150052111053, "repeat": 10, "number": 1}]}, "core.startup.time_import": {"result": [0.1550538009032607], "stats": [{"ci_99": [0.11463842447847128, 0.20058472268283367], "q_25": 0.13306359271518886, "q_75": 0.15784825664013624, "min": 0.11463842447847128, "max": 0.20058472268283367, "mean": 0.15251216478645802, "std": 0.0281300316478901, "repeat": 10, "number": 1}]}, "core.startup.time_import_api": {"result": [0.5118959830142558], "stats": [{"ci_99": [0.4636968541890383, 0.5816014911979437], "q_25": 0.4799173600040376, "q_75": 0.5488245557062328, "min": 0.4636968541890383, "max": 0.5816014911979437, "mean": 0.5161936680786312, "std": 0.040978187315079295, "repeat": 10, "number": 1}]}, "support.path.get_parent_paths.time_allsubmods_toplevel": {"result": [0.0071106895338743925], "stats": [{"ci_99": [0.006953828036785126, 0.008940278552472591], "q_25": 0.007014732109382749, "q_75": 0.007820529281161726, "min": 0.006953828036785126, "max": 0.008940278552472591, "mean": 0.0074925943277776245, "std": 0.000656932423376953, "repeat": 10, "number": 2}]}, "support.path.get_parent_paths.time_allsubmods_toplevel_only": {"result": [0.007111457176506519], "stats": [{"ci_99": [0.006316711660474539, 0.008603551425039768], "q_25": 0.006741850636899471, "q_75": 0.007489195908419788, "min": 0.006316711660474539, "max": 0.008603551425039768, "mean": 0.007214827183634043, "std": 0.0006721597366140452, "repeat": 10, "number": 2}]}, "support.path.get_parent_paths.time_no_submods": {"result": [2.93316020970518e-07], "stats": [{"ci_99": [2.6930146466227857e-07, 3.584915270573433e-07], "q_25": 2.7187359342570555e-07, "q_75": 3.240833066408658e-07, "min": 2.6930146466227857e-07, "max": 3.584915270573433e-07, "mean": 3.0203161866471806e-07, "std": 3.234921205068957e-08, "repeat": 10, "number": 27982}]}, "support.path.get_parent_paths.time_one_submod_subdir": {"result": [0.005740438355132937], "stats": [{"ci_99": [0.005376007407903671, 0.007242533843964338], "q_25": 0.00549414858687669,