{"results": {"api.supers.time_createadd": {"result": [1.3495587594807148], "stats": [{"ci_99": [1.3331126840785146, 1.3727885317057371], "q_25": 1.3416942283511162, "q_75": 1.3588730338960886, "min": 1.3331126840785146, "max": 1.3727885317057371, "mean": 1.3513004780746996, "std": 0.012600142201771861, "repeat": 10, "number": 1}]}, "api.supers.time_createadd_to_dataset": {"result": [1.1010323939844966], "stats": [{"ci_99": [1.0838268790394068, 1.1140089193359017], "q_25": 1.0979212909005582, "q_75": 1.106157211586833, "min": 1.0838268790394068, "max": 1.1140089193359017, "mean": 1.1013238631188869, "std": 0.008231580011738151, "repeat": 10, "number": 1}]}, "api.supers.time_diff": {"result": [0.10760700656101108], "stats": [{"ci_99": [0.09510298166424036, 0.1406184183433652], "q_25": 0.10342513746581972, "q_75": 0.11802210239693522, "min": 0.09510298166424036, "max": 0.1406184183433652, "mean": 0.11137969447299838, "std": 0.012975524974586714, "repeat": 10, "number": 1}]}, "api.supers.time_diff_recursive": {"result": [0.3062260588631034], "stats": [{"ci_99": [0.2993462597951293, 0.315554590895772], "q_25": 0.3014839026145637, "q_75": 0.3088071250822395, "min": 0.2993462597951293, "max": 0.315554590895772, "mean": 0.3058901887387037, "std": 0.004900284284957521, "repeat": 10, "number": 1}]}, "api.supers.time_installr": {"result": [3.7860800228081644], "stats": [{"ci_99": [3.7546926864641144, 3.8244978466784225], "q_25": 3.779384144814685, "q_75": 3.796291144564748, "min": 3.7768617123365402, "max": 3.809359308332205, "mean": 3.7895952665712684, "std": 0.012708641259740812, "repeat": 4, "number": 1}]}, "api.supers.time_ls": {"result": [0.6888140817172825], "stats": [{"ci_99": [0.6856309464201331, 0.6969832414761186], "q_25": 0.687215733807534, "q_75": 0.6954565839841962, "min": 0.6856309464201331, "max": 0.6969832414761186, "mean": 0.6907871085219085, "std": 0.004303974720559803, "repeat": 10, "number": 1}]}, "api.supers.time_ls_recursive": {"result": [2.6095615229569376], "stats": [{"ci_99": [2.5815834200734633, 2.6408652160316706], "q_25": 2.597533425781876, "q_75": 2.616297510685399, "min": 2.5850719306617975, "max": 2.6408652160316706, "mean": 2.6095211820987365, "std": 0.017736895827751595, "repeat": 6, "number": 1}]}, "api.supers.time_ls_recursive_long_all": {"result": [2.7638193336315453], "stats": [{"ci_99": [2.741963293788893, 2.7987489318475127], "q_25": 2.7559474383015186, "q_75": 2.77066015987657, "min": 2.747887902893126, "max": 2.7987489318475127, "mean": 2.7667565684144697, "std": 0.01640392764418002, "repeat": 6, "number": 1}]}, "api.supers.time_remove": {"result": [2.072421880438924], "stats": [{"ci_99": [2.040710737928748, 2.0867663891986012], "q_25": 2.0517054775264114, "q_75": 2.081351113738492, "min": 2.040710737928748, "max": 2.0867663891986012, "mean": 2.067691770964302, "std": 0.01664017362229447, "repeat": 8, "number": 1}]}, "api.supers.time_status": {"result": [0.6861584782600403], "stats": [{"ci_99": [0.6818228727206588, 0.6912393281236291], "q_25": 0.6823562122881413, "q_75": 0.6872874773107469, "min": 0.6818228727206588, "max": 0.6912393281236291, "mean": 0.6856223330833018, "std": 0.003097500855194537, "repeat": 10, "number": 1}]}, "api.supers.time_status_recursive": {"result": [1.1444752858951688], "stats": [{"ci_99": [1.1382138403132558, 1.2058223700150847], "q_25": 1.1389445618260652, "q_75": 1.1887158083263785, "min": 1.1382138403132558, "max": 1.2058223700150847, "mean": 1.1625942206941544, "std": 0.02734549229732533, "repeat": 10, "number": 1}]}, "api.supers.time_subdatasets": {"result": [0.05269390856847167], "stats": [{"ci_99": [0.049950793385505676, 0.06319313682615757], "q_25": 0.05081764259375632, "q_75": 0.057062618900090456, "min": 0.049950793385505676, "max": 0.06319313682615757, "mean": 0.05437675965949893, "std": 0.004288547234807897, "repeat": 10, "number": 1}]}, "api.supers.time_subdatasets_recursive": {"result": [0.12322427472099662], "stats": [{"ci_99": [0.11575241107493639, 0.12830698490142822], "q_25": 0.11751958169043064, "q_75": 0.12468473054468632, "min": 0.11575241107493639, "max": 0.12830698490142822, "mean": 0.12196129020303488, "std": 0.004340698798262673, "repeat": 10, "number": 1}]}, "api.supers.time_subdatasets_recursive_first": {"result": [0.0525759975425899], "stats": [{"ci_99": [0.048280803486704826, 0.0593623137101531], "q_25": 0.05136576667428017, "q_75": 0.054532221518456936, "min": 0.048280803486704826, "max": 0.0593623137101531, "mean": 0.053113252948969604, "std": 0.0031099739340352986, "repeat": 10, "number": 1}]}, "api.supers.time_uninstall": {"result": [2.1911157723516226], "stats": [{"ci_99": [2.1246923645958304, 2.2619084790349007], "q_25": 2.1288785866927356, "q_75": 2.243093123892322, "min": 2.1246923645958304, "max": 2.2619084790349007, "mean": 2.1891644414281473, "std": 0.05610584083722972, "repeat": 8, "number": 1}]}, "repo.gitrepo.time_get_content_info": {"result": [0.020080047193914652], "stats": [{"ci_99": [0.017023486085236073, 0.027115657925605774], "q_25": 0.01897862460464239, "q_75": 0.021982223261147738, "min": 0.017023486085236073, "max": 0.027115657925605774, "mean": 0.020796072948724032, "std": 0.0027323966391987055, "repeat": 10, "number": 1}]}, "api.testds.time_create_test_dataset1": {"result": [0.4447474619373679], "stats": [{"ci_99": [0.4316754164174199, 0.4723069863393903], "q_25": 0.43646502308547497, "q_75": 0.45170681294985116, "min": 0.4316754164174199, "max": 0.4723069863393903, "mean": 0.44615023052319885, "std": 0.011636324485916507, "repeat": 10, "number": 1}]}, "api.testds.time_create_test_dataset2x2": {"result": [2.814710019156337], "stats": [{"ci_99": [2.7373316486953128, 2.8985274458648336], "q_25": 2.7753836195915937, "q_75": 2.8649558355100453, "min": 2.7634698851034045, "max": 2.8707080995664, "mean": 2.817929547280073, "std": 0.04613683161431944, "repeat": 6, "number": 1}]}, "core.runner.time_echo": {"result": [0.0017366985945651927], "stats": [{"ci_99": [0.0017290924054880936, 0.001756399714698394], "q_25": 0.0017329736147075891, "q_75": 0.0017470336363961299, "min": 0.0017290924054880936, "max": 0.001756399714698394, "mean": 0.0017398464183012643, "std": 9.262223450002542e-06, "repeat": 10, "number": 6}]}, "core.runner.time_echo_gitrunner": {"result": [0.002280049119144678], "stats": [{"ci_99": [0.002113078907132149, 0.002843291126191616], "q_25": 0.002134059835225344, "q_75": 0.0025691393297165633, "min": 0.002113078907132149, "max": 0.002843291126191616, "mean": 0.0023715034313499927, "std": 0.00025761776275675573, "repeat": 10, "number": 5}]}, "core.startup.time_help_np": {"result": [0.5509419832378626], "stats": [{"ci_99": [0.5208015907555819, 0.6322996346279979], "q_25": 0.522802673978731, "q_75": 0.5831264874432236, "min": 0.5208015907555819, "max": 0.6322996346279979, "mean": 0.5588743672706187, "std": 0.03910111910307252, "repeat": 10, "number": 1}]}, "core.startup.time_import": {"result": [0.124448973685503], "stats": [{"ci_99": [0.11415600683540106, 0.1583137046545744], "q_25": 0.11423665913753211, "q_75": 0.15353429690003395, "min": 0.11415600683540106, "max": 0.1583137046545744, "mean": 0.132132479082793, "std": 0.019138335648925926, "repeat": 10, "number": 1}]}, "core.startup.time_import_api": {"result": [0.4780074777081609], "stats": [{"ci_99": [0.4525244329124689, 0.5691550374031067], "q_25": 0.4552019184920937, "q_75": 0.5057077326346189, "min": 0.4525244329124689, "max": 0.5691550374031067, "mean": 0.4869311132468283, "std": 0.03712557508026594, "repeat": 10, "number": 1}]}, "support.path.get_parent_paths.time_allsubmods_toplevel": null, "support.path.get_parent_paths.time_allsubmods_toplevel_only": null, "support.path.get_parent_paths.time_no_submods": null, "support.path.get_parent_paths.time_one_submod_subdir": null, "support.path.get_parent_paths.time_one_submod_toplevel": null, "usecases.study_forrest.time_make_studyforrest_mockup": {"result": [35.82133867871016],