{"results": {"api.supers.time_createadd": {"result": [1.2754913913086057], "stats": [{"ci_99": [1.2646167930215597, 1.2920334301888943], "q_25": 1.2704066724982113, "q_75": 1.2878396161831915, "min": 1.2646167930215597, "max": 1.2920334301888943, "mean": 1.2781537474133073, "std": 0.009777015250151592, "repeat": 10, "number": 1}]}, "api.supers.time_createadd_to_dataset": {"result": [1.2194978869520128], "stats": [{"ci_99": [1.2015499453991652, 1.2506484473124146], "q_25": 1.2089964200276881, "q_75": 1.224494932917878, "min": 1.2015499453991652, "max": 1.2506484473124146, "mean": 1.2191698572598397, "std": 0.01317130560616765, "repeat": 10, "number": 1}]}, "api.supers.time_diff": null, "api.supers.time_diff_recursive": null, "api.supers.time_installr": {"result": [6.31557302409783], "stats": [{"ci_99": [5.2605322315357625, 7.370613816659897], "q_25": 6.305022616172209, "q_75": 6.326123432023451, "min": 6.294472208246589, "max": 6.336673839949071, "mean": 6.31557302409783, "std": 0.02110081585124135, "repeat": 2, "number": 1}]}, "api.supers.time_ls": {"result": [0.19586287438869476], "stats": [{"ci_99": [0.18902903515845537, 0.20227107778191566], "q_25": 0.19512753072194755, "q_75": 0.19875424611382186, "min": 0.18902903515845537, "max": 0.20227107778191566, "mean": 0.19613526593893765, "std": 0.0036999409820627454, "repeat": 10, "number": 1}]}, "api.supers.time_ls_recursive": {"result": [1.9030758244916797], "stats": [{"ci_99": [1.8950082520022988, 1.917608954012394], "q_25": 1.8981341163162142, "q_75": 1.9100976667832583, "min": 1.8950082520022988, "max": 1.917608954012394, "mean": 1.9042835423722864, "std": 0.007094418318218868, "repeat": 10, "number": 1}]}, "api.supers.time_ls_recursive_long_all": {"result": [2.063365527894348], "stats": [{"ci_99": [2.049481506459415, 2.0831009140238166], "q_25": 2.059091620380059, "q_75": 2.0640032696537673, "min": 2.049481506459415, "max": 2.0831009140238166, "mean": 2.0632568828295916, "std": 0.008812035111869673, "repeat": 8, "number": 1}]}, "api.supers.time_remove": null, "api.supers.time_status": {"result": [0.7534846281632781], "stats": [{"ci_99": [0.7478765705600381, 0.7581890784204006], "q_25": 0.7505817080382258, "q_75": 0.755986814154312, "min": 0.7478765705600381, "max": 0.7581890784204006, "mean": 0.7532146487385034, "std": 0.003239162851957593, "repeat": 10, "number": 1}]}, "api.supers.time_status_recursive": {"result": [1.3983326852321625], "stats": [{"ci_99": [1.3916737493127584, 1.4106446085497737], "q_25": 1.3948694274295121, "q_75": 1.4043245420325547, "min": 1.3916737493127584, "max": 1.4106446085497737, "mean": 1.3997717588208616, "std": 0.006122114850712506, "repeat": 10, "number": 1}]}, "api.supers.time_subdatasets": {"result": [0.11041733901947737], "stats": [{"ci_99": [0.10874529462307692, 0.12791133765131235], "q_25": 0.10928315529599786, "q_75": 0.11264951666817069, "min": 0.10874529462307692, "max": 0.12791133765131235, "mean": 0.11228928938508034, "std": 0.005419253604219544, "repeat": 10, "number": 1}]}, "api.supers.time_subdatasets_recursive": {"result": [0.4450061796233058], "stats": [{"ci_99": [0.4415638577193022, 0.46161446534097195], "q_25": 0.4428042150102556, "q_75": 0.44678325671702623, "min": 0.4415638577193022, "max": 0.46161446534097195, "mean": 0.4463124042376876, "std": 0.005570989504969959, "repeat": 10, "number": 1}]}, "api.supers.time_subdatasets_recursive_first": {"result": [0.10990378959104419], "stats": [{"ci_99": [0.1069421786814928, 0.11575337778776884], "q_25": 0.10810566949658096, "q_75": 0.11081201420165598, "min": 0.1069421786814928, "max": 0.11575337778776884, "mean": 0.10995004000142217, "std": 0.0024562736339471484, "repeat": 10, "number": 1}]}, "api.supers.time_uninstall": {"result": [4.07798465853557], "stats": [{"ci_99": [4.065052038509832, 4.09020439117731], "q_25": 4.076060133287683, "q_75": 4.079552740091458, "min": 4.070595465600491, "max": 4.083948076702654, "mean": 4.077628214843571, "std": 0.004734858113503598, "repeat": 4, "number": 1}]}, "repo.gitrepo.time_get_content_info": {"result": [0.015856513753533363], "stats": [{"ci_99": [0.014615614898502827, 0.017353818751871586], "q_25": 0.014926986768841743, "q_75": 0.016729497350752354, "min": 0.014615614898502827, "max": 0.017353818751871586, "mean": 0.01588329253718257, "std": 0.0009341934183947515, "repeat": 10, "number": 1}]}, "api.testds.time_create_test_dataset1": {"result": [0.5978744858875871], "stats": [{"ci_99": [0.5909808101132512, 0.6048103580251336], "q_25": 0.5963157438673079, "q_75": 0.6029650985728949, "min": 0.5909808101132512, "max": 0.6048103580251336, "mean": 0.5985566104762257, "std": 0.004444226409802262, "repeat": 10, "number": 1}]}, "api.testds.time_create_test_dataset2x2": {"result": [3.584174721967429], "stats": [{"ci_99": [3.5611497309102185, 3.6029349313074284], "q_25": 3.578628280898556, "q_75": 3.5875887721776962, "min": 3.5696531645953655, "max": 3.5901667159050703, "mean": 3.5820423311088234, "std": 0.007772461082043529, "repeat": 4, "number": 1}]}, "core.runner.time_echo": {"result": [0.001798757972816626], "stats": [{"ci_99": [0.001715545232097308, 0.002180682805677255], "q_25": 0.0017259184969589114, "q_75": 0.0019912897453953824, "min": 0.001715545232097308, "max": 0.002180682805677255, "mean": 0.0018692694293955963, "std": 0.00016406141345379178, "repeat": 10, "number": 6}]}, "core.runner.time_echo_gitrunner": {"result": [0.0027197321178391576], "stats": [{"ci_99": [0.0024376078508794308, 0.0032213341910392046], "q_25": 0.002601556188892573, "q_75": 0.002858967171050608, "min": 0.0024376078508794308, "max": 0.0032213341910392046, "mean": 0.00274807910900563, "std": 0.00021585227265879161, "repeat": 10, "number": 4}]}, "core.startup.time_help_np": {"result": [0.5667712190188468], "stats": [{"ci_99": [0.5135142700746655, 0.5984634486958385], "q_25": 0.5569600176531821, "q_75": 0.5760591323487461, "min": 0.5135142700746655, "max": 0.5984634486958385, "mean": 0.5623240942135453, "std": 0.02706566172918771, "repeat": 10, "number": 1}]}, "core.startup.time_import": {"result": [0.16023734584450722], "stats": [{"ci_99": [0.11503665335476398, 0.20031928271055222], "q_25": 0.14071737718768418, "q_75": 0.16964167240075767, "min": 0.11503665335476398, "max": 0.20031928271055222, "mean": 0.1564358601346612, "std": 0.02362801886847272, "repeat": 10, "number": 1}]}, "core.startup.time_import_api": {"result": [0.5305256335996091], "stats": [{"ci_99": [0.4470009244978428, 0.5671280426904559], "q_25": 0.5021569449454546, "q_75": 0.5545624129008502, "min": 0.4470009244978428, "max": 0.5671280426904559, "mean": 0.5243120925500989, "std": 0.03647505335872382, "repeat": 10, "number": 1}]}, "support.path.get_parent_paths.time_allsubmods_toplevel": {"result": [0.007125037489458919], "stats": [{"ci_99": [0.006960116792470217, 0.007806232664734125], "q_25": 0.007068801787681878, "q_75": 0.0072165451711043715, "min": 0.006960116792470217, "max": 0.007806232664734125, "mean": 0.007197396131232381, "std": 0.00022698550776355405, "repeat": 10, "number": 2}]}, "support.path.get_parent_paths.time_allsubmods_toplevel_only": {"result": [0.006467259023338556], "stats": [{"ci_99": [0.0062502846121788025, 0.007481640204787254], "q_25": 0.006336987833492458, "q_75": 0.0067635343875736, "min": 0.0062502846121788025, "max": 0.007481640204787254, "mean": 0.006620324030518532, "std": 0.0003830299525012038, "repeat": 10, "number": 2}]}, "support.path.get_parent_paths.time_no_submods": {"result": [2.889610533176838e-07], "stats": [{"ci_99": [2.725220371451919e-07, 3.651446051182369e-07], "q_25": 2.7552278081149626e-07, "q_75": 3.236025986211816e-07, "min": 2.725220371451919e-07, "max": 3.651446051182369e-07, "mean": 3.024286548460849e-07, "std": 3.156370058214504e-08, "repeat": 10, "number": 38953}]}, "support.path.get_parent_paths.time_one_submod_subdir": {"result": [0.0064876654651016], "stats": [{"ci_99": [0.005943919997662306, 0.00733901048079133], "q_25": 0.0062169922748580575,