{"results": {"api.supers.time_createadd": {"result": [0.9679169002920389], "stats": [{"ci_99": [0.956197950989008, 1.0007757646963], "q_25": 0.9642570065334439, "q_75": 0.9759084596298635, "min": 0.956197950989008, "max": 1.0007757646963, "mean": 0.9721373833715916, "std": 0.012838774851468792, "repeat": 10, "number": 1}]}, "api.supers.time_createadd_to_dataset": {"result": [0.969219259917736], "stats": [{"ci_99": [0.9510537916794419, 1.002987484447658], "q_25": 0.9654002147726715, "q_75": 0.9791454495862126, "min": 0.9510537916794419, "max": 1.002987484447658, "mean": 0.9731059985235333, "std": 0.013928268703357507, "repeat": 10, "number": 1}]}, "api.supers.time_diff": null, "api.supers.time_diff_recursive": null, "api.supers.time_installr": {"result": [4.046892735175788], "stats": [{"ci_99": [4.0079548369409075, 4.089524340697981], "q_25": 4.036659364355728, "q_75": 4.0589729596395046, "min": 4.032697710208595, "max": 4.068475174717605, "mean": 4.048739588819444, "std": 0.01425248800673545, "repeat": 4, "number": 1}]}, "api.supers.time_ls": {"result": [0.1144514624029398], "stats": [{"ci_99": [0.11119863484054804, 0.12409701105207205], "q_25": 0.1127077538985759, "q_75": 0.11570762074552476, "min": 0.11119863484054804, "max": 0.12409701105207205, "mean": 0.11526171062141657, "std": 0.003730920082270392, "repeat": 10, "number": 1}]}, "api.supers.time_ls_recursive": {"result": [1.0699498406611383], "stats": [{"ci_99": [1.0611471431329846, 1.0852889064699411], "q_25": 1.0685551902279258, "q_75": 1.0725469684693962, "min": 1.0611471431329846, "max": 1.0852889064699411, "mean": 1.0710107207298278, "std": 0.00606480352745062, "repeat": 10, "number": 1}]}, "api.supers.time_ls_recursive_long_all": {"result": [1.228542722761631], "stats": [{"ci_99": [1.2199035845696926, 1.2435517832636833], "q_25": 1.224575086729601, "q_75": 1.2384570224676281, "min": 1.2199035845696926, "max": 1.2435517832636833, "mean": 1.230845782905817, "std": 0.008250866323216033, "repeat": 10, "number": 1}]}, "api.supers.time_remove": {"result": [2.025955747347325], "stats": [{"ci_99": [2.0117703024297953, 2.0504309479147196], "q_25": 2.018076197709888, "q_75": 2.0304070292040706, "min": 2.0117703024297953, "max": 2.0504309479147196, "mean": 2.0262406138936058, "std": 0.011156968405011063, "repeat": 8, "number": 1}]}, "api.supers.time_status": {"result": [0.6873139110393822], "stats": [{"ci_99": [0.6817263038828969, 0.6952052526175976], "q_25": 0.6847416097298265, "q_75": 0.6885494997259229, "min": 0.6817263038828969, "max": 0.6952052526175976, "mean": 0.6874504311010241, "std": 0.003773408660315252, "repeat": 10, "number": 1}]}, "api.supers.time_status_recursive": {"result": [1.1439435733482242], "stats": [{"ci_99": [1.1370874559506774, 1.1561436392366886], "q_25": 1.1429313824046403, "q_75": 1.1491970631759614, "min": 1.1370874559506774, "max": 1.1561436392366886, "mean": 1.1454571259208024, "std": 0.0053001251219169645, "repeat": 10, "number": 1}]}, "api.supers.time_subdatasets": {"result": [0.0665871798992157], "stats": [{"ci_99": [0.06275139842182398, 0.07706046011298895], "q_25": 0.06457229610532522, "q_75": 0.06899281172081828, "min": 0.06275139842182398, "max": 0.07706046011298895, "mean": 0.06781974956393241, "std": 0.004459757552900653, "repeat": 10, "number": 1}]}, "api.supers.time_subdatasets_recursive": {"result": [0.2483788887038827], "stats": [{"ci_99": [0.2406426565721631, 0.25912254117429256], "q_25": 0.24770430591888726, "q_75": 0.25032087322324514, "min": 0.2406426565721631, "max": 0.25912254117429256, "mean": 0.24862549640238285, "std": 0.004579465157727611, "repeat": 10, "number": 1}]}, "api.supers.time_subdatasets_recursive_first": {"result": [0.06789293605834246], "stats": [{"ci_99": [0.06605192087590694, 0.07203526236116886], "q_25": 0.06766804354265332, "q_75": 0.06958265020512044, "min": 0.06605192087590694, "max": 0.07203526236116886, "mean": 0.06866576224565506, "std": 0.001729635545871304, "repeat": 10, "number": 1}]}, "api.supers.time_uninstall": {"result": [1.999327893834561], "stats": [{"ci_99": [1.9742731098085642, 2.093670048750937], "q_25": 1.9923763172701001, "q_75": 2.054495897842571, "min": 1.9742731098085642, "max": 2.093670048750937, "mean": 2.0227984722005203, "std": 0.044302976953742405, "repeat": 8, "number": 1}]}, "repo.gitrepo.time_get_content_info": {"result": [0.02118267212063074], "stats": [{"ci_99": [0.017504938878118992, 0.024935796856880188], "q_25": 0.01964406738989055, "q_75": 0.022780070547014475, "min": 0.017504938878118992, "max": 0.024935796856880188, "mean": 0.021039659902453423, "std": 0.002300701776713429, "repeat": 10, "number": 1}]}, "api.testds.time_create_test_dataset1": {"result": [0.44000051310285926], "stats": [{"ci_99": [0.4289639024063945, 0.4712050799280405], "q_25": 0.4343357228208333, "q_75": 0.4463052893988788, "min": 0.4289639024063945, "max": 0.4712050799280405, "mean": 0.443189771194011, "std": 0.012747964819646452, "repeat": 10, "number": 1}]}, "api.testds.time_create_test_dataset2x2": {"result": [2.729739333037287], "stats": [{"ci_99": [2.677207823399341, 2.7976851061074575], "q_25": 2.706420552218333, "q_75": 2.7712859543971717, "min": 2.6989653818309307, "max": 2.7824522871524096, "mean": 2.737446464753399, "std": 0.03477361248857732, "repeat": 6, "number": 1}]}, "core.runner.time_echo": {"result": [0.001841640844941139], "stats": [{"ci_99": [0.001738223060965538, 0.002252732589840889], "q_25": 0.0017562418710440398, "q_75": 0.0020704114809632305, "min": 0.001738223060965538, "max": 0.002252732589840889, "mean": 0.0019222842529416084, "std": 0.00018983704818161407, "repeat": 10, "number": 5}]}, "core.runner.time_echo_gitrunner": {"result": [0.0028513676952570677], "stats": [{"ci_99": [0.0025895375292748213, 0.003179211402311921], "q_25": 0.002743630495388061, "q_75": 0.0030506117618642747, "min": 0.0025895375292748213, "max": 0.003179211402311921, "mean": 0.0028863986488431694, "std": 0.00018173653411316317, "repeat": 10, "number": 4}]}, "core.startup.time_help_np": {"result": [0.5672865528613329], "stats": [{"ci_99": [0.5131729673594236, 0.611685361713171], "q_25": 0.5262798562180251, "q_75": 0.572683232370764, "min": 0.5131729673594236, "max": 0.611685361713171, "mean": 0.5566525337286293, "std": 0.03125220598722178, "repeat": 10, "number": 1}]}, "core.startup.time_import": {"result": [0.12378220818936825], "stats": [{"ci_99": [0.11577513068914413, 0.16449805349111557], "q_25": 0.11624725605361164, "q_75": 0.1547146406956017, "min": 0.11577513068914413, "max": 0.16449805349111557, "mean": 0.13430399214848876, "std": 0.019792210065388307, "repeat": 10, "number": 1}]}, "core.startup.time_import_api": {"result": [0.49906474351882935], "stats": [{"ci_99": [0.45593514759093523, 0.5578782111406326], "q_25": 0.47149597643874586, "q_75": 0.5307511854916811, "min": 0.45593514759093523, "max": 0.5578782111406326, "mean": 0.5015314565040171, "std": 0.03323022694583888, "repeat": 10, "number": 1}]}, "support.path.get_parent_paths.time_allsubmods_toplevel": null, "support.path.get_parent_paths.time_allsubmods_toplevel_only": null, "support.path.get_parent_paths.time_no_submods": null, "support.path.get_parent_paths.time_one_submod_subdir": null, "support.path.get_parent_paths.time_one_submod_toplevel": null, "usecases.study_forrest.time_make_studyforrest_mockup": {"result": [25.94268263038248], "stats": [{"ci_99": [23.668311924673617, 28.21705333609134], "q_25": 25.91993892332539, "q_75": 25.965426337439567, "min": 25.8971952162683, "max": 25.988170044496655, "mean": 25.94268263038248, "std": 0.04548741411417723, "repeat": 2, "number": 1}]}, "core.runner.track_overhead_100ms": 1.59, "core.runner.track_overhead_echo": 32.18, "core.runner.track_overhead_heavyout": 2.66, "core.runner.track_overhead_heavyout_online_process": 1.58, "core.runner.track_overhead_heavyout_online_through": 28.66}, "params": {"arch": "x86_64", "cpu": "Intel(R) Xeon(R) CPU E5-1607 v2 @ 3.00GHz", "machine": "drogon-neurodebian0.20200209.1",