{"results": {"api.supers.time_createadd": {"result": [1.2655298467725515], "stats": [{"ci_99": [1.2559729255735874, 1.2950243838131428], "q_25": 1.2650085473433137, "q_75": 1.272797107230872, "min": 1.2559729255735874, "max": 1.2950243838131428, "mean": 1.2694007537327707, "std": 0.011339161856099875, "repeat": 10, "number": 1}]}, "api.supers.time_createadd_to_dataset": {"result": [1.2101415172219276], "stats": [{"ci_99": [1.2021988797932863, 1.247073084115982], "q_25": 1.2067370330914855, "q_75": 1.2163717625662684, "min": 1.2021988797932863, "max": 1.247073084115982, "mean": 1.2140906969085337, "std": 0.012102708208254891, "repeat": 10, "number": 1}]}, "api.supers.time_diff": null, "api.supers.time_diff_recursive": null, "api.supers.time_installr": {"result": [5.032521679997444], "stats": [{"ci_99": [4.964912364259362, 5.100130995735526], "q_25": 5.031845586840063, "q_75": 5.033197773154825, "min": 5.0311694936826825, "max": 5.033873866312206, "mean": 5.032521679997444, "std": 0.0013521863147616386, "repeat": 2, "number": 1}]}, "api.supers.time_ls": {"result": [0.18223016755655408], "stats": [{"ci_99": [0.17953021731227636, 0.1934668254107237], "q_25": 0.18143915897235274, "q_75": 0.184901766711846, "min": 0.17953021731227636, "max": 0.1934668254107237, "mean": 0.18377367481589318, "std": 0.0038953467444046885, "repeat": 10, "number": 1}]}, "api.supers.time_ls_recursive": {"result": [1.7759998813271523], "stats": [{"ci_99": [1.7651301641017199, 1.7824039394035935], "q_25": 1.7712657132651657, "q_75": 1.7767914743162692, "min": 1.7651301641017199, "max": 1.7824039394035935, "mean": 1.7740583651699127, "std": 0.005049690336246206, "repeat": 10, "number": 1}]}, "api.supers.time_ls_recursive_long_all": {"result": [1.9317545453086495], "stats": [{"ci_99": [1.920364790596068, 1.9418947761878371], "q_25": 1.9212998920120299, "q_75": 1.935680588008836, "min": 1.920364790596068, "max": 1.9418947761878371, "mean": 1.9299944083904848, "std": 0.007768678920724316, "repeat": 8, "number": 1}]}, "api.supers.time_remove": null, "api.supers.time_status": {"result": [0.7250727736391127], "stats": [{"ci_99": [0.7170030698180199, 0.7450928101316094], "q_25": 0.7184194924775511, "q_75": 0.7403684095479548, "min": 0.7170030698180199, "max": 0.7450928101316094, "mean": 0.7286012672819198, "std": 0.011188853627933043, "repeat": 10, "number": 1}]}, "api.supers.time_status_recursive": {"result": [1.3694771970622241], "stats": [{"ci_99": [1.3602630589157343, 1.3949199356138706], "q_25": 1.3659822035115212, "q_75": 1.3902563909068704, "min": 1.3602630589157343, "max": 1.3949199356138706, "mean": 1.3757143781520427, "std": 0.013090144748540386, "repeat": 10, "number": 1}]}, "api.supers.time_subdatasets": {"result": [0.08141963789239526], "stats": [{"ci_99": [0.07978394813835621, 0.08637614827603102], "q_25": 0.08115052944049239, "q_75": 0.08199917431920767, "min": 0.07978394813835621, "max": 0.08637614827603102, "mean": 0.0819981925189495, "std": 0.0017691851029267886, "repeat": 10, "number": 1}]}, "api.supers.time_subdatasets_recursive": {"result": [0.4141357350163162], "stats": [{"ci_99": [0.41149347461760044, 0.4193246914073825], "q_25": 0.4121512924320996, "q_75": 0.4149368281941861, "min": 0.41149347461760044, "max": 0.4193246914073825, "mean": 0.4144073854200542, "std": 0.002631431459931913, "repeat": 10, "number": 1}]}, "api.supers.time_subdatasets_recursive_first": {"result": [0.08227755036205053], "stats": [{"ci_99": [0.08003812748938799, 0.08706348203122616], "q_25": 0.0808050804771483, "q_75": 0.08360936190001667, "min": 0.08003812748938799, "max": 0.08706348203122616, "mean": 0.08245685826987029, "std": 0.00200821089270956, "repeat": 10, "number": 1}]}, "api.supers.time_uninstall": {"result": [4.167699015233666], "stats": [{"ci_99": [4.018653733880764, 4.339572734440171], "q_25": 4.12644830881618, "q_75": 4.220363940577954, "min": 4.124643790535629, "max": 4.256411115638912, "mean": 4.179113234160468, "std": 0.055917721992292745, "repeat": 4, "number": 1}]}, "repo.gitrepo.time_get_content_info": {"result": [0.014697623904794455], "stats": [{"ci_99": [0.014349992386996746, 0.019271792843937874], "q_25": 0.0145346790086478, "q_75": 0.0158327822573483, "min": 0.014349992386996746, "max": 0.019271792843937874, "mean": 0.0154071100987494, "std": 0.0014676640810226153, "repeat": 10, "number": 1}]}, "api.testds.time_create_test_dataset1": {"result": [0.6088652797043324], "stats": [{"ci_99": [0.5933146113529801, 0.6285354560241103], "q_25": 0.6019900403916836, "q_75": 0.6166457706131041, "min": 0.5933146113529801, "max": 0.6285354560241103, "mean": 0.6087800896726548, "std": 0.010671226211315006, "repeat": 10, "number": 1}]}, "api.testds.time_create_test_dataset2x2": {"result": [3.676852234173566], "stats": [{"ci_99": [3.6202774341480586, 3.743902171935722], "q_25": 3.6665561471600085, "q_75": 3.692385890055448, "min": 3.6566051356494427, "max": 3.718049608170986, "mean": 3.6820898030418903, "std": 0.02288479471342144, "repeat": 4, "number": 1}]}, "core.runner.time_echo": {"result": [0.001717128325253725], "stats": [{"ci_99": [0.0017026572798689206, 0.0017803643519679706], "q_25": 0.0017129919724538922, "q_75": 0.001723332757440706, "min": 0.0017026572798689206, "max": 0.0017803643519679706, "mean": 0.0017259172163903709, "std": 2.277267897830973e-05, "repeat": 10, "number": 6}]}, "core.runner.time_echo_gitrunner": {"result": [0.0022618245566263795], "stats": [{"ci_99": [0.002105410909280181, 0.0027477857656776905], "q_25": 0.002112717425916344, "q_75": 0.0026410319260321558, "min": 0.002105410909280181, "max": 0.0027477857656776905, "mean": 0.0023676048731431365, "std": 0.00026981309555481985, "repeat": 10, "number": 4}]}, "core.startup.time_help_np": {"result": [0.5958207938820124], "stats": [{"ci_99": [0.5308124851435423, 0.6403880687430501], "q_25": 0.5516187290195376, "q_75": 0.6259522761683911, "min": 0.5308124851435423, "max": 0.6403880687430501, "mean": 0.5897297441959382, "std": 0.039581525730992474, "repeat": 10, "number": 1}]}, "core.startup.time_import": {"result": [0.1612749886699021], "stats": [{"ci_99": [0.11882219091057777, 0.19457309693098068], "q_25": 0.15314684598706663, "q_75": 0.16731514618732035, "min": 0.11882219091057777, "max": 0.19457309693098068, "mean": 0.15921214409172535, "std": 0.01911592759087137, "repeat": 10, "number": 1}]}, "core.startup.time_import_api": {"result": [0.5562145868316293], "stats": [{"ci_99": [0.5083758607506752, 0.5842664679512382], "q_25": 0.5235223812051117, "q_75": 0.5769094775896519, "min": 0.5083758607506752, "max": 0.5842664679512382, "mean": 0.5507631471380592, "std": 0.02799173423146524, "repeat": 10, "number": 1}]}, "support.path.get_parent_paths.time_allsubmods_toplevel": {"result": [0.007556878263130784], "stats": [{"ci_99": [0.006748643238097429, 0.008811901323497295], "q_25": 0.007100549293681979, "q_75": 0.008056796039454639, "min": 0.006748643238097429, "max": 0.008811901323497295, "mean": 0.00761156240478158, "std": 0.0006041199405891646, "repeat": 10, "number": 2}]}, "support.path.get_parent_paths.time_allsubmods_toplevel_only": {"result": [0.0069112947676330805], "stats": [{"ci_99": [0.00608469033613801, 0.008179649244993925], "q_25": 0.006533221225254238, "q_75": 0.007267348119057715, "min": 0.00608469033613801, "max": 0.008179649244993925, "mean": 0.006956867920234799, "std": 0.0005836928681844712, "repeat": 10, "number": 2}]}, "support.path.get_parent_paths.time_no_submods": {"result": [3.397043497684138e-07], "stats": [{"ci_99": [3.1436450448783634e-07, 3.698891888449526e-07], "q_25": 3.2480834216538e-07, "q_75": 3.560378055105779e-07, "min": 3.1436450448783634e-07, "max": 3.698891888449526e-07, "mean": 3.4099262034998143e-07, "std": 1.8261909392878097e-08, "repeat": 10, "number": 27107}]}, "support.path.get_parent_paths.time_one_submod_subdir": {"result": [0.005421679932624102], "stats": [{"ci_99": [0.005353162065148354, 0.006372238043695688], "q_25": 0.005365889286622405,