{"results": {"api.supers.time_createadd": {"result": [1.2681068335659802], "stats": [{"ci_99": [1.2530708722770214, 1.295541686937213], "q_25": 1.2654274133965373, "q_75": 1.269728972343728, "min": 1.2530708722770214, "max": 1.295541686937213, "mean": 1.2689583357423544, "std": 0.010064968372175707, "repeat": 10, "number": 1}]}, "api.supers.time_createadd_to_dataset": {"result": [1.242685804143548], "stats": [{"ci_99": [1.227726229466498, 1.2718105278909206], "q_25": 1.2322789574973285, "q_75": 1.2467829985544086, "min": 1.227726229466498, "max": 1.2718105278909206, "mean": 1.2439052038826048, "std": 0.014360530379679083, "repeat": 10, "number": 1}]}, "api.supers.time_diff": null, "api.supers.time_diff_recursive": null, "api.supers.time_installr": {"result": [8.257659854833037], "stats": [{"ci_99": [3.325808913912624, 13.189510795753446], "q_25": 8.208341345423833, "q_75": 8.30697836424224, "min": 8.159022836014628, "max": 8.356296873651445, "mean": 8.257659854833037, "std": 0.09863701881840825, "repeat": 2, "number": 1}]}, "api.supers.time_ls": {"result": [0.18030435731634498], "stats": [{"ci_99": [0.17695615347474813, 0.1855236692354083], "q_25": 0.1785054609645158, "q_75": 0.18273159232921898, "min": 0.17695615347474813, "max": 0.1855236692354083, "mean": 0.1807666596956551, "std": 0.0028579149669793608, "repeat": 10, "number": 1}]}, "api.supers.time_ls_recursive": {"result": [1.7519524353556335], "stats": [{"ci_99": [1.7334854863584042, 1.7978099510073662], "q_25": 1.743131262017414, "q_75": 1.7683645540382713, "min": 1.7334854863584042, "max": 1.7978099510073662, "mean": 1.7578634005971252, "std": 0.019134331769933694, "repeat": 10, "number": 1}]}, "api.supers.time_ls_recursive_long_all": {"result": [1.9046874660998583], "stats": [{"ci_99": [1.8869854724034667, 1.9580267984420061], "q_25": 1.8938041497021914, "q_75": 1.9122141795232892, "min": 1.8869854724034667, "max": 1.9580267984420061, "mean": 1.9127817054589589, "std": 0.025141083273495946, "repeat": 9, "number": 1}]}, "api.supers.time_remove": null, "api.supers.time_rev_createadd": null, "api.supers.time_rev_createadd_to_dataset": null, "api.supers.time_status": {"result": [0.7073184694163501], "stats": [{"ci_99": [0.7010858524590731, 0.7137891314923763], "q_25": 0.7055639636237174, "q_75": 0.7107608653604984, "min": 0.7010858524590731, "max": 0.7137891314923763, "mean": 0.7078503002412617, "std": 0.0036885358702165023, "repeat": 10, "number": 1}]}, "api.supers.time_status_recursive": {"result": [1.3323094849474728], "stats": [{"ci_99": [1.3279081955552101, 1.3393957801163197], "q_25": 1.3299416969530284, "q_75": 1.3347496269270778, "min": 1.3279081955552101, "max": 1.3393957801163197, "mean": 1.3325854330323637, "std": 0.0034761834960152565, "repeat": 10, "number": 1}]}, "api.supers.time_subdatasets": {"result": [0.09327925276011229], "stats": [{"ci_99": [0.0909793758764863, 0.09931762609630823], "q_25": 0.09207198908552527, "q_75": 0.09537974768318236, "min": 0.0909793758764863, "max": 0.09931762609630823, "mean": 0.09398415675386787, "std": 0.0025076612199559276, "repeat": 10, "number": 1}]}, "api.supers.time_subdatasets_recursive": {"result": [0.4184063533321023], "stats": [{"ci_99": [0.4145929217338562, 0.42617868911474943], "q_25": 0.4167719027027488, "q_75": 0.41890705074183643, "min": 0.4145929217338562, "max": 0.42617868911474943, "mean": 0.41907578706741333, "std": 0.003547028017192823, "repeat": 10, "number": 1}]}, "api.supers.time_subdatasets_recursive_first": {"result": [0.0928744818083942], "stats": [{"ci_99": [0.09111897181719542, 0.09708775114268064], "q_25": 0.09257753798738122, "q_75": 0.09435178874991834, "min": 0.09111897181719542, "max": 0.09708775114268064, "mean": 0.09337850082665682, "std": 0.0016860729444356285, "repeat": 10, "number": 1}]}, "api.supers.time_uninstall": {"result": [4.142270240467042], "stats": [{"ci_99": [4.134650477386832, 4.147750535801232], "q_25": 4.14080402511172, "q_75": 4.142666721949354, "min": 4.1367172403261065, "max": 4.143544305115938, "mean": 4.141200506594032, "std": 0.002641180693696556, "repeat": 4, "number": 1}]}, "repo.gitrepo.time_get_content_info": {"result": [0.015128306578844786], "stats": [{"ci_99": [0.013997163623571396, 0.019132292829453945], "q_25": 0.014386259252205491, "q_75": 0.01748972595669329, "min": 0.013997163623571396, "max": 0.019132292829453945, "mean": 0.015976324677467346, "std": 0.0018621084775956925, "repeat": 10, "number": 1}]}, "api.testds.time_create_test_dataset1": {"result": [0.6053299685008824], "stats": [{"ci_99": [0.6004323214292526, 0.6178137958049774], "q_25": 0.6017431546933949, "q_75": 0.6083636090625077, "min": 0.6004323214292526, "max": 0.6178137958049774, "mean": 0.6063946310430766, "std": 0.005426281293620699, "repeat": 10, "number": 1}]}, "api.testds.time_create_test_dataset2x2": {"result": [3.7287229197099805], "stats": [{"ci_99": [3.701725036355031, 3.7469031466335827], "q_25": 3.722814026521519, "q_75": 3.7302229846827686, "min": 3.7084701070562005, "max": 3.731340419501066, "mean": 3.724314091494307, "std": 0.009244181469122901, "repeat": 4, "number": 1}]}, "core.runner.time_echo": {"result": [0.0017293042037636042], "stats": [{"ci_99": [0.0016930424608290195, 0.001997905628134807], "q_25": 0.0017198046358923118, "q_75": 0.001760123452792565, "min": 0.0016930424608290195, "max": 0.001997905628134807, "mean": 0.0017675131404151522, "std": 8.696876276873963e-05, "repeat": 10, "number": 6}]}, "core.runner.time_echo_gitrunner": {"result": [0.002813960309140384], "stats": [{"ci_99": [0.0024614150170236826, 0.003043322591111064], "q_25": 0.0026792751741595566, "q_75": 0.002890489820856601, "min": 0.0024614150170236826, "max": 0.003043322591111064, "mean": 0.0027790885884314775, "std": 0.00016452260184435615, "repeat": 10, "number": 4}]}, "core.startup.time_help_np": {"result": [0.6035831575281918], "stats": [{"ci_99": [0.546267656609416, 0.6589882737025619], "q_25": 0.5935735751409084, "q_75": 0.6244608918204904, "min": 0.546267656609416, "max": 0.6589882737025619, "mean": 0.6059518279507756, "std": 0.030543729909769862, "repeat": 10, "number": 1}]}, "core.startup.time_import": {"result": [0.1747386520728469], "stats": [{"ci_99": [0.12160747777670622, 0.20873758289963007], "q_25": 0.14961492200382054, "q_75": 0.20109057961963117, "min": 0.12160747777670622, "max": 0.20873758289963007, "mean": 0.17241350533440708, "std": 0.030938305756207603, "repeat": 10, "number": 1}]}, "core.startup.time_import_api": {"result": [0.5412615435197949], "stats": [{"ci_99": [0.4761478826403618, 0.5880705201998353], "q_25": 0.51119697955437, "q_75": 0.5626820346806198, "min": 0.4761478826403618, "max": 0.5880705201998353, "mean": 0.5357793114148081, "std": 0.03750551809929308, "repeat": 10, "number": 1}]}, "support.path.get_parent_paths.time_allsubmods_toplevel": {"result": [0.006753814173862338], "stats": [{"ci_99": [0.006660351995378733, 0.006783532444387674], "q_25": 0.006720591685734689, "q_75": 0.006769503583200276, "min": 0.006660351995378733, "max": 0.006783532444387674, "mean": 0.00674206567928195, "std": 3.627468806512508e-05, "repeat": 10, "number": 2}]}, "support.path.get_parent_paths.time_allsubmods_toplevel_only": {"result": [0.006082013715058565], "stats": [{"ci_99": [0.006027489434927702, 0.006129125133156776], "q_25": 0.0060590042266994715, "q_75": 0.006094174110330641, "min": 0.006027489434927702, "max": 0.006129125133156776, "mean": 0.0060772909317165615, "std": 3.117507767641422e-05, "repeat": 10, "number": 2}]}, "support.path.get_parent_paths.time_no_submods": {"result": [3.0818923178662486e-07], "stats": [{"ci_99": [2.8243667917980265e-07, 3.795405699122574e-07], "q_25": 2.8502786099649887e-07, "q_75": 3.509597638831955e-07, "min": 2.8243667917980265e-07, "max": 3.795405699122574e-07, "mean": 3.1916442991214827e-07, "std": 3.637083306616488e-08, "repeat": 10, "number": 25364}]}, "support.path.get_parent_paths.time_one_submod_subdir": {"result": [0.00554375140927732],