{"results": {"api.supers.time_createadd": {"result": [1.2752913404256105], "stats": [{"ci_99": [1.260161361657083, 1.2904937965795398], "q_25": 1.2666753672529012, "q_75": 1.2848068657331169, "min": 1.260161361657083, "max": 1.2904937965795398, "mean": 1.2754817220382393, "std": 0.010043677809397867, "repeat": 10, "number": 1}]}, "api.supers.time_createadd_to_dataset": {"result": [1.2263989904895425], "stats": [{"ci_99": [1.2050229338929057, 1.2350203525274992], "q_25": 1.2123959201853722, "q_75": 1.231938729993999, "min": 1.2050229338929057, "max": 1.2350203525274992, "mean": 1.222312595602125, "std": 0.010890487024888866, "repeat": 10, "number": 1}]}, "api.supers.time_diff": null, "api.supers.time_diff_recursive": null, "api.supers.time_installr": {"result": [6.309566902462393], "stats": [{"ci_99": [6.028183130081743, 6.590950674843043], "q_25": 6.3067530647385865, "q_75": 6.3123807401861995, "min": 6.30393922701478, "max": 6.315194577910006, "mean": 6.309566902462393, "std": 0.005627675447613001, "repeat": 2, "number": 1}]}, "api.supers.time_ls": {"result": [0.193923176266253], "stats": [{"ci_99": [0.18960296269506216, 0.1985364956781268], "q_25": 0.19200053345412016, "q_75": 0.1959418321494013, "min": 0.18960296269506216, "max": 0.1985364956781268, "mean": 0.19403610341250896, "std": 0.002635557053378701, "repeat": 10, "number": 1}]}, "api.supers.time_ls_recursive": {"result": [1.916192064061761], "stats": [{"ci_99": [1.9033675510436296, 1.964464115910232], "q_25": 1.9051081892102957, "q_75": 1.933240544050932, "min": 1.9033675510436296, "max": 1.964464115910232, "mean": 1.924538692459464, "std": 0.02230497471414386, "repeat": 9, "number": 1}]}, "api.supers.time_ls_recursive_long_all": {"result": [2.06757331173867], "stats": [{"ci_99": [2.0525179794058204, 2.092063143849373], "q_25": 2.0618244404904544, "q_75": 2.083068833919242, "min": 2.0525179794058204, "max": 2.092063143849373, "mean": 2.0709347832016647, "std": 0.013285331372799553, "repeat": 8, "number": 1}]}, "api.supers.time_remove": null, "api.supers.time_status": {"result": [0.7508037881925702], "stats": [{"ci_99": [0.7402361668646336, 0.7632942972704768], "q_25": 0.7467756636906415, "q_75": 0.7568879248574376, "min": 0.7402361668646336, "max": 0.7632942972704768, "mean": 0.7516397289931774, "std": 0.006654743973913008, "repeat": 10, "number": 1}]}, "api.supers.time_status_recursive": {"result": [1.4181090970523655], "stats": [{"ci_99": [1.397726104594767, 1.454435296356678], "q_25": 1.4059664674568921, "q_75": 1.4296101280488074, "min": 1.397726104594767, "max": 1.454435296356678, "mean": 1.4194577984511851, "std": 0.01734316900992754, "repeat": 10, "number": 1}]}, "api.supers.time_subdatasets": {"result": [0.11135674826800823], "stats": [{"ci_99": [0.10848845634609461, 0.1150040328502655], "q_25": 0.1105823339894414, "q_75": 0.11283390130847692, "min": 0.10848845634609461, "max": 0.1150040328502655, "mean": 0.11166694723069667, "std": 0.0020862212872561955, "repeat": 10, "number": 1}]}, "api.supers.time_subdatasets_recursive": {"result": [0.4502874272875488], "stats": [{"ci_99": [0.44316563196480274, 0.46154080238193274], "q_25": 0.4460464045405388, "q_75": 0.4535222069825977, "min": 0.44316563196480274, "max": 0.46154080238193274, "mean": 0.4507967079989612, "std": 0.00581366869580879, "repeat": 10, "number": 1}]}, "api.supers.time_subdatasets_recursive_first": {"result": [0.11082135420292616], "stats": [{"ci_99": [0.10861902125179768, 0.11310059856623411], "q_25": 0.11036080354824662, "q_75": 0.1116090090945363, "min": 0.10861902125179768, "max": 0.11310059856623411, "mean": 0.11080817515030503, "std": 0.0012351336490827682, "repeat": 10, "number": 1}]}, "api.supers.time_uninstall": {"result": [4.081690440420061], "stats": [{"ci_99": [4.053368106859212, 4.1029308592877936], "q_25": 4.07497443119064, "q_75": 4.084865492302924, "min": 4.062308547087014, "max": 4.086908504366875, "mean": 4.078149483073503, "std": 0.009554750314339042, "repeat": 4, "number": 1}]}, "repo.gitrepo.time_get_content_info": {"result": [0.015715835615992546], "stats": [{"ci_99": [0.014325390569865704, 0.016518636606633663], "q_25": 0.015183033421635628, "q_75": 0.015951236709952354, "min": 0.014325390569865704, "max": 0.016518636606633663, "mean": 0.015576337184756994, "std": 0.0006059325667375355, "repeat": 10, "number": 1}]}, "api.testds.time_create_test_dataset1": {"result": [0.6015702034346759], "stats": [{"ci_99": [0.596913737244904, 0.6233593039214611], "q_25": 0.600640746532008, "q_75": 0.6112602008506656, "min": 0.596913737244904, "max": 0.6233593039214611, "mean": 0.6061647457070649, "std": 0.008173348235070165, "repeat": 10, "number": 1}]}, "api.testds.time_create_test_dataset2x2": {"result": [3.5635746642947197], "stats": [{"ci_99": [3.5422187301208847, 3.5917896304400987], "q_25": 3.5607430967502296, "q_75": 3.569835747824982, "min": 3.5578371677547693, "max": 3.583030224777758, "mean": 3.5670041802804917, "std": 0.00963499294754087, "repeat": 4, "number": 1}]}, "core.runner.time_echo": {"result": [0.0018236767500638962], "stats": [{"ci_99": [0.0017223254156609376, 0.00222719165806969], "q_25": 0.0017278429198389251, "q_75": 0.002123446553014219, "min": 0.0017223254156609376, "max": 0.00222719165806969, "mean": 0.0019221455324441195, "std": 0.00021068687359340144, "repeat": 10, "number": 6}]}, "core.runner.time_echo_gitrunner": {"result": [0.0023189971689134836], "stats": [{"ci_99": [0.0021170086693018675, 0.0028353282250463963], "q_25": 0.0021306013222783804, "q_75": 0.0026207822374999523, "min": 0.0021170086693018675, "max": 0.0028353282250463963, "mean": 0.002390077291056514, "std": 0.0002730906600252349, "repeat": 10, "number": 4}]}, "core.startup.time_help_np": {"result": [0.5720883286558092], "stats": [{"ci_99": [0.5150534715503454, 0.6287912921980023], "q_25": 0.5652811275795102, "q_75": 0.5792393716983497, "min": 0.5150534715503454, "max": 0.6287912921980023, "mean": 0.5734559173695744, "std": 0.02702013640596206, "repeat": 10, "number": 1}]}, "core.startup.time_import": {"result": [0.15791709953919053], "stats": [{"ci_99": [0.11738760024309158, 0.1724065374583006], "q_25": 0.13607696909457445, "q_75": 0.16781053156591952, "min": 0.11738760024309158, "max": 0.1724065374583006, "mean": 0.15076593933627008, "std": 0.020288641872826266, "repeat": 10, "number": 1}]}, "core.startup.time_import_api": {"result": [0.5102419382892549], "stats": [{"ci_99": [0.45414541475474834, 0.5643628323450685], "q_25": 0.4953156909905374, "q_75": 0.520909630227834, "min": 0.45414541475474834, "max": 0.5643628323450685, "mean": 0.5120341222733259, "std": 0.0302867284648717, "repeat": 10, "number": 1}]}, "support.path.get_parent_paths.time_allsubmods_toplevel": {"result": [0.007822253741323948], "stats": [{"ci_99": [0.00702114962041378, 0.00885117519646883], "q_25": 0.00746140128467232, "q_75": 0.008239379501901567, "min": 0.00702114962041378, "max": 0.00885117519646883, "mean": 0.007877116557210684, "std": 0.0006257410478233776, "repeat": 10, "number": 2}]}, "support.path.get_parent_paths.time_allsubmods_toplevel_only": {"result": [0.0061678760685026646], "stats": [{"ci_99": [0.006098498590290546, 0.006934232544153929], "q_25": 0.006131332484073937, "q_75": 0.006310945842415094, "min": 0.006098498590290546, "max": 0.006934232544153929, "mean": 0.006288214959204197, "std": 0.00025726830653490104, "repeat": 10, "number": 2}]}, "support.path.get_parent_paths.time_no_submods": {"result": [2.762342182050248e-07], "stats": [{"ci_99": [2.731082736418062e-07, 3.121533721196847e-07], "q_25": 2.740000133778377e-07, "q_75": 2.7758663864482323e-07, "min": 2.731082736418062e-07, "max": 3.121533721196847e-07, "mean": 2.793482815163856e-07, "std": 1.1085119244860547e-08, "repeat": 10, "number": 40016}]}, "support.path.get_parent_paths.time_one_submod_subdir": {"result": [0.0062656167428940535], "stats": [{"ci_99": [0.005659270100295544, 0.006956821773201227], "q_25": 0.00599732983391732, "q_75": 0.006534728338010609,