{"results": {"api.supers.time_createadd": {"result": [1.3088175253942609], "stats": [{"ci_99": [1.2929018894210458, 1.3641053847968578], "q_25": 1.3010467260610312, "q_75": 1.317760057747364, "min": 1.2929018894210458, "max": 1.3641053847968578, "mean": 1.3133206409402192, "std": 0.01973712315352787, "repeat": 10, "number": 1}]}, "api.supers.time_createadd_to_dataset": {"result": [1.2505263513885438], "stats": [{"ci_99": [1.2318883398547769, 1.2837225748226047], "q_25": 1.2467747346963733, "q_75": 1.255441493820399, "min": 1.2318883398547769, "max": 1.2837225748226047, "mean": 1.2511784652248026, "std": 0.013811946517085918, "repeat": 10, "number": 1}]}, "api.supers.time_diff": null, "api.supers.time_diff_recursive": null, "api.supers.time_installr": {"result": [5.375693007837981], "stats": [{"ci_99": [4.51382258022204, 6.237563435453921], "q_25": 5.367074303561822, "q_75": 5.38431171211414, "min": 5.358455599285662, "max": 5.3929304163903, "mean": 5.375693007837981, "std": 0.01723740855231881, "repeat": 2, "number": 1}]}, "api.supers.time_ls": {"result": [0.18378494260832667], "stats": [{"ci_99": [0.17941761203110218, 0.1944853812456131], "q_25": 0.1819826033897698, "q_75": 0.1879114592447877, "min": 0.17941761203110218, "max": 0.1944853812456131, "mean": 0.18538876958191394, "std": 0.004780342575546468, "repeat": 10, "number": 1}]}, "api.supers.time_ls_recursive": {"result": [1.7979484852403402], "stats": [{"ci_99": [1.7895591231063008, 1.847443863749504], "q_25": 1.7953939866274595, "q_75": 1.8023333318997175, "min": 1.7895591231063008, "max": 1.847443863749504, "mean": 1.8038323761895299, "std": 0.016383498968194937, "repeat": 10, "number": 1}]}, "api.supers.time_ls_recursive_long_all": {"result": [1.9483284545131028], "stats": [{"ci_99": [1.92376737203449, 1.9790038652718067], "q_25": 1.9430384738370776, "q_75": 1.9594382834620774, "min": 1.92376737203449, "max": 1.9790038652718067, "mean": 1.9514410647097975, "std": 0.016331034719011383, "repeat": 8, "number": 1}]}, "api.supers.time_remove": null, "api.supers.time_status": {"result": [0.7270627049729228], "stats": [{"ci_99": [0.7167666889727116, 0.7395139327272773], "q_25": 0.7251082165166736, "q_75": 0.7312458187807351, "min": 0.7167666889727116, "max": 0.7395139327272773, "mean": 0.7278472300618887, "std": 0.005998367200798824, "repeat": 10, "number": 1}]}, "api.supers.time_status_recursive": {"result": [1.374728464987129], "stats": [{"ci_99": [1.3607912538573146, 1.3895246982574463], "q_25": 1.3721289299428463, "q_75": 1.3801402673125267, "min": 1.3607912538573146, "max": 1.3895246982574463, "mean": 1.3751975437626243, "std": 0.008501863622823418, "repeat": 10, "number": 1}]}, "api.supers.time_subdatasets": {"result": [0.09559340123087168], "stats": [{"ci_99": [0.09310162626206875, 0.09857476409524679], "q_25": 0.09528077999129891, "q_75": 0.09627340454608202, "min": 0.09310162626206875, "max": 0.09857476409524679, "mean": 0.09583728397265076, "std": 0.0015567919946615977, "repeat": 10, "number": 1}]}, "api.supers.time_subdatasets_recursive": {"result": [0.4315551142208278], "stats": [{"ci_99": [0.42556101828813553, 0.43848496209830046], "q_25": 0.43049160833470523, "q_75": 0.43452072399668396, "min": 0.42556101828813553, "max": 0.43848496209830046, "mean": 0.4322117959149182, "std": 0.0035685373012283375, "repeat": 10, "number": 1}]}, "api.supers.time_subdatasets_recursive_first": {"result": [0.0963932853192091], "stats": [{"ci_99": [0.09274279046803713, 0.09898816887289286], "q_25": 0.09450441971421242, "q_75": 0.09734519314952195, "min": 0.09274279046803713, "max": 0.09898816887289286, "mean": 0.0960848955437541, "std": 0.001898752319350483, "repeat": 10, "number": 1}]}, "api.supers.time_uninstall": {"result": [4.20660241600126], "stats": [{"ci_99": [4.165103120003801, 4.251481505836386], "q_25": 4.197628414258361, "q_75": 4.217266314662993, "min": 4.189030495472252, "max": 4.230933924205601, "mean": 4.2082923129200935, "std": 0.015524075722733567, "repeat": 4, "number": 1}]}, "repo.gitrepo.time_get_content_info": {"result": [0.016094382852315903], "stats": [{"ci_99": [0.015012113377451897, 0.018692875280976295], "q_25": 0.01556273945607245, "q_75": 0.017527740681543946, "min": 0.015012113377451897, "max": 0.018692875280976295, "mean": 0.016521809436380864, "std": 0.0012142656684513387, "repeat": 10, "number": 1}]}, "api.testds.time_create_test_dataset1": {"result": [0.6224538800306618], "stats": [{"ci_99": [0.6118375109508634, 0.629095776937902], "q_25": 0.6195337190292776, "q_75": 0.6238307594321668, "min": 0.6118375109508634, "max": 0.629095776937902, "mean": 0.6210267595015466, "std": 0.00482559346270087, "repeat": 10, "number": 1}]}, "api.testds.time_create_test_dataset2x2": {"result": [3.806278519332409], "stats": [{"ci_99": [3.773052638773443, 3.8449347401926204], "q_25": 3.8019518917426467, "q_75": 3.813320317072794, "min": 3.7928212471306324, "max": 3.8305964721366763, "mean": 3.8089936894830316, "std": 0.013658925592229651, "repeat": 4, "number": 1}]}, "core.runner.time_echo": {"result": [0.0017298942742248378], "stats": [{"ci_99": [0.0017199281913538773, 0.0017404075091083844], "q_25": 0.0017234266269952059, "q_75": 0.0017328784645845492, "min": 0.0017199281913538773, "max": 0.0017404075091083844, "mean": 0.0017293730595459539, "std": 6.466401175489677e-06, "repeat": 10, "number": 6}]}, "core.runner.time_echo_gitrunner": {"result": [0.002911016655464967], "stats": [{"ci_99": [0.0027033360674977303, 0.003425771680970987], "q_25": 0.0028170247096568346, "q_75": 0.003029987681657076, "min": 0.0027033360674977303, "max": 0.003425771680970987, "mean": 0.002951653146495422, "std": 0.00019392573009354244, "repeat": 10, "number": 3}]}, "core.startup.time_help_np": {"result": [0.6160051515325904], "stats": [{"ci_99": [0.5608175080269575, 0.6817136062309146], "q_25": 0.6049763392657042, "q_75": 0.6215032159816474, "min": 0.5608175080269575, "max": 0.6817136062309146, "mean": 0.6130772437900305, "std": 0.030665822139063343, "repeat": 10, "number": 1}]}, "core.startup.time_import": {"result": [0.14656225219368935], "stats": [{"ci_99": [0.13000180199742317, 0.21397554222494364], "q_25": 0.131043212255463, "q_75": 0.17667678860016167, "min": 0.13000180199742317, "max": 0.21397554222494364, "mean": 0.15913070486858488, "std": 0.031254843799123286, "repeat": 10, "number": 1}]}, "core.startup.time_import_api": {"result": [0.5407000607810915], "stats": [{"ci_99": [0.48237032257020473, 0.582465005107224], "q_25": 0.5339193870313466, "q_75": 0.5645434798207134, "min": 0.48237032257020473, "max": 0.582465005107224, "mean": 0.5396262141875923, "std": 0.03255551766855295, "repeat": 10, "number": 1}]}, "support.path.get_parent_paths.time_allsubmods_toplevel": {"result": [0.007626746781170368], "stats": [{"ci_99": [0.0067506879568099976, 0.008686793502420187], "q_25": 0.0072260365122929215, "q_75": 0.007972911465913057, "min": 0.0067506879568099976, "max": 0.008686793502420187, "mean": 0.007637575315311551, "std": 0.0005994995489484298, "repeat": 10, "number": 2}]}, "support.path.get_parent_paths.time_allsubmods_toplevel_only": {"result": [0.006175154121592641], "stats": [{"ci_99": [0.006030167918652296, 0.007238312624394894], "q_25": 0.00610409036744386, "q_75": 0.006771711981855333, "min": 0.006030167918652296, "max": 0.007238312624394894, "mean": 0.006449392810463905, "std": 0.0004465470126423168, "repeat": 10, "number": 2}]}, "support.path.get_parent_paths.time_no_submods": {"result": [3.264425506080384e-07], "stats": [{"ci_99": [3.041963681110548e-07, 3.568326236013964e-07], "q_25": 3.1735371830549806e-07, "q_75": 3.424890391588429e-07, "min": 3.041963681110548e-07, "max": 3.568326236013964e-07, "mean": 3.288477708553157e-07, "std": 1.636639800165607e-08, "repeat": 10, "number": 28396}]}, "support.path.get_parent_paths.time_one_submod_subdir": {"result": [0.005302509758621454], "stats": [{"ci_99": [0.005215413868427277, 0.006044312380254269], "q_25": 0.00526446127332747,