{"results": {"api.supers.time_createadd": {"result": [1.3614105945453048], "stats": [{"ci_99": [1.345393542200327, 1.4010583087801933], "q_25": 1.3538234559819102, "q_75": 1.3650458252523094, "min": 1.345393542200327, "max": 1.4010583087801933, "mean": 1.3626110962592066, "std": 0.014463341400103757, "repeat": 10, "number": 1}]}, "api.supers.time_createadd_to_dataset": {"result": [1.099124675616622], "stats": [{"ci_99": [1.0918937157839537, 1.1257887054234743], "q_25": 1.0942929699085653, "q_75": 1.103872413514182, "min": 1.0918937157839537, "max": 1.1257887054234743, "mean": 1.1026094483211637, "std": 0.011311375398695759, "repeat": 10, "number": 1}]}, "api.supers.time_diff": {"result": [0.10161868436262012], "stats": [{"ci_99": [0.08962055295705795, 0.11282756272703409], "q_25": 0.09550024615600705, "q_75": 0.10439488990232348, "min": 0.08962055295705795, "max": 0.11282756272703409, "mean": 0.10088030993938446, "std": 0.006828999972557208, "repeat": 10, "number": 1}]}, "api.supers.time_diff_recursive": {"result": [0.3055116734467447], "stats": [{"ci_99": [0.3008002024143934, 0.33151619508862495], "q_25": 0.301727824145928, "q_75": 0.31360324029810727, "min": 0.3008002024143934, "max": 0.33151619508862495, "mean": 0.30897567411884663, "std": 0.009158225746742939, "repeat": 10, "number": 1}]}, "api.supers.time_installr": {"result": [3.8202524627558887], "stats": [{"ci_99": [3.7642303733057827, 3.87729307404761], "q_25": 3.8062121579423547, "q_75": 3.8348020284902304, "min": 3.7951312428340316, "max": 3.8474107263609767, "mean": 3.8207617236766964, "std": 0.019885400415094425, "repeat": 4, "number": 1}]}, "api.supers.time_ls": {"result": [0.6896727932617068], "stats": [{"ci_99": [0.6830521849915385, 0.6964444704353809], "q_25": 0.6876115065533668, "q_75": 0.6921183634549379, "min": 0.6830521849915385, "max": 0.6964444704353809, "mean": 0.6898381313309073, "std": 0.00370848924952817, "repeat": 10, "number": 1}]}, "api.supers.time_ls_recursive": {"result": [2.6169224246405065], "stats": [{"ci_99": [2.6097201332906343, 2.6320578269660473], "q_25": 2.6148726558312774, "q_75": 2.61800763127394, "min": 2.611824912019074, "max": 2.6320578269660473, "mean": 2.6183810591076813, "std": 0.0064704288552066384, "repeat": 6, "number": 1}]}, "api.supers.time_ls_recursive_long_all": {"result": [2.775947849266231], "stats": [{"ci_99": [2.768402368840339, 2.786431840852636], "q_25": 2.7737282409798354, "q_75": 2.7821854576468468, "min": 2.7701520547270775, "max": 2.785201843827963, "mean": 2.7774171048464873, "std": 0.005492266897261727, "repeat": 6, "number": 1}]}, "api.supers.time_remove": {"result": [2.081621564924717], "stats": [{"ci_99": [2.0641423957422376, 2.1109022051095963], "q_25": 2.072025367291644, "q_75": 2.089280535466969, "min": 2.0641423957422376, "max": 2.1109022051095963, "mean": 2.0832832320593297, "std": 0.014353663484761933, "repeat": 8, "number": 1}]}, "api.supers.time_status": {"result": [0.6800359934568405], "stats": [{"ci_99": [0.6747075226157904, 0.6929107159376144], "q_25": 0.6771359937265515, "q_75": 0.6870398425962776, "min": 0.6747075226157904, "max": 0.6929107159376144, "mean": 0.6820251619443297, "std": 0.00604380860709702, "repeat": 10, "number": 1}]}, "api.supers.time_status_recursive": {"result": [1.1377244894392788], "stats": [{"ci_99": [1.1283795656636357, 1.1453167647123337], "q_25": 1.1344623332843184, "q_75": 1.1404905740637332, "min": 1.1283795656636357, "max": 1.1453167647123337, "mean": 1.137317552510649, "std": 0.005341784072701524, "repeat": 10, "number": 1}]}, "api.supers.time_subdatasets": {"result": [0.04957722779363394], "stats": [{"ci_99": [0.047118560411036015, 0.05646038055419922], "q_25": 0.048142812214791775, "q_75": 0.05115975113585591, "min": 0.047118560411036015, "max": 0.05646038055419922, "mean": 0.05043026842176914, "std": 0.002994094347450148, "repeat": 10, "number": 1}]}, "api.supers.time_subdatasets_recursive": {"result": [0.12326144194230437], "stats": [{"ci_99": [0.1176654165610671, 0.13226704392582178], "q_25": 0.1190176960080862, "q_75": 0.12658479972742498, "min": 0.1176654165610671, "max": 0.13226704392582178, "mean": 0.12337393211200834, "std": 0.004749269404935233, "repeat": 10, "number": 1}]}, "api.supers.time_subdatasets_recursive_first": {"result": [0.05393142206594348], "stats": [{"ci_99": [0.050520701333880424, 0.05736147053539753], "q_25": 0.051806865725666285, "q_75": 0.05597472074441612, "min": 0.050520701333880424, "max": 0.05736147053539753, "mean": 0.0539786689914763, "std": 0.0023105983363873018, "repeat": 10, "number": 1}]}, "api.supers.time_uninstall": {"result": [2.150025621522218], "stats": [{"ci_99": [2.141388460993767, 2.1819599624723196], "q_25": 2.1437642311211675, "q_75": 2.154260117560625, "min": 2.141388460993767, "max": 2.1819599624723196, "mean": 2.15267218160443, "std": 0.012175839004133491, "repeat": 8, "number": 1}]}, "repo.gitrepo.time_get_content_info": {"result": [0.02104835817590356], "stats": [{"ci_99": [0.017383317463099957, 0.02221076190471649], "q_25": 0.020288580330088735, "q_75": 0.021641878178343177, "min": 0.017383317463099957, "max": 0.02221076190471649, "mean": 0.020574253890663384, "std": 0.0015487205269627772, "repeat": 10, "number": 1}]}, "api.testds.time_create_test_dataset1": {"result": [0.439490829128772], "stats": [{"ci_99": [0.4318864969536662, 0.4534530509263277], "q_25": 0.43507768446579576, "q_75": 0.44715370051562786, "min": 0.4318864969536662, "max": 0.4534530509263277, "mean": 0.4410646419972181, "std": 0.0070478969464580635, "repeat": 10, "number": 1}]}, "api.testds.time_create_test_dataset2x2": {"result": [2.7880558017641306], "stats": [{"ci_99": [2.746567632071674, 2.8087692571873166], "q_25": 2.77342709293589, "q_75": 2.7922216965816915, "min": 2.746567632071674, "max": 2.8012528708204627, "mean": 2.7810155485446253, "std": 0.018259004668670913, "repeat": 6, "number": 1}]}, "core.runner.time_echo": {"result": [0.0017384126161535582], "stats": [{"ci_99": [0.001708480529487133, 0.001839631547530492], "q_25": 0.0017288027641673882, "q_75": 0.0017479740781709552, "min": 0.001708480529487133, "max": 0.001839631547530492, "mean": 0.001746883848682046, "std": 3.5925081032742656e-05, "repeat": 10, "number": 6}]}, "core.runner.time_echo_gitrunner": {"result": [0.0026790074771270156], "stats": [{"ci_99": [0.0024350902531296015, 0.0032284213230013847], "q_25": 0.0026078844093717635, "q_75": 0.0028519778279587626, "min": 0.0024350902531296015, "max": 0.0032284213230013847, "mean": 0.002734719729050994, "std": 0.0002166495872811849, "repeat": 10, "number": 4}]}, "core.startup.time_help_np": {"result": [0.5719284056685865], "stats": [{"ci_99": [0.5178566575050354, 0.5877139149233699], "q_25": 0.5617800545878708, "q_75": 0.5838972523342818, "min": 0.5178566575050354, "max": 0.5877139149233699, "mean": 0.5681844169273973, "std": 0.020026856430054883, "repeat": 10, "number": 1}]}, "core.startup.time_import": {"result": [0.15619947342202067], "stats": [{"ci_99": [0.11690677050501108, 0.20574829541146755], "q_25": 0.12753291195258498, "q_75": 0.18454419821500778, "min": 0.11690677050501108, "max": 0.20574829541146755, "mean": 0.15757703334093093, "std": 0.031194054101593406, "repeat": 10, "number": 1}]}, "core.startup.time_import_api": {"result": [0.5069997226819396], "stats": [{"ci_99": [0.45352052990347147, 0.56345041282475], "q_25": 0.4652590760961175, "q_75": 0.5391639587469399, "min": 0.45352052990347147, "max": 0.56345041282475, "mean": 0.5043873127549887, "std": 0.0395480208345714, "repeat": 10, "number": 1}]}, "support.path.get_parent_paths.time_allsubmods_toplevel": null, "support.path.get_parent_paths.time_allsubmods_toplevel_only": null, "support.path.get_parent_paths.time_no_submods": null, "support.path.get_parent_paths.time_one_submod_subdir": null, "support.path.get_parent_paths.time_one_submod_toplevel": null, "usecases.study_forrest.time_make_studyforrest_mockup": {"result": [36.08323676045984],