{"results": {"api.supers.time_createadd": {"result": [1.295448795426637], "stats": [{"ci_99": [1.2919780649244785, 1.310076106339693], "q_25": 1.2931848366279155, "q_75": 1.3033186031971127, "min": 1.2919780649244785, "max": 1.310076106339693, "mean": 1.2980175101198257, "std": 0.006372833387638435, "repeat": 10, "number": 1}]}, "api.supers.time_createadd_to_dataset": {"result": [1.2459368123672903], "stats": [{"ci_99": [1.2318165227770805, 1.257928753271699], "q_25": 1.2408108012750745, "q_75": 1.2521772056352347, "min": 1.2318165227770805, "max": 1.257928753271699, "mean": 1.2460467481985689, "std": 0.007797367473297096, "repeat": 10, "number": 1}]}, "api.supers.time_diff": null, "api.supers.time_diff_recursive": null, "api.supers.time_installr": {"result": [5.284443893004209], "stats": [{"ci_99": [3.8174496958963573, 6.7514380901120585], "q_25": 5.26977395103313, "q_75": 5.299113834975287, "min": 5.255104009062052, "max": 5.313783776946366, "mean": 5.284443893004209, "std": 0.02933988394215703, "repeat": 2, "number": 1}]}, "api.supers.time_ls": {"result": [0.1826386214233935], "stats": [{"ci_99": [0.1787729598581791, 0.19332684762775898], "q_25": 0.18133930582553148, "q_75": 0.18701521214097738, "min": 0.1787729598581791, "max": 0.19332684762775898, "mean": 0.18437250498682262, "std": 0.0045225691475141066, "repeat": 10, "number": 1}]}, "api.supers.time_ls_recursive": {"result": [1.7815612345002592], "stats": [{"ci_99": [1.7797138588503003, 1.7971285907551646], "q_25": 1.7806711045559496, "q_75": 1.7878241892904043, "min": 1.7797138588503003, "max": 1.7971285907551646, "mean": 1.7852645203471185, "std": 0.006120612631797843, "repeat": 10, "number": 1}]}, "api.supers.time_ls_recursive_long_all": {"result": [1.937361616641283], "stats": [{"ci_99": [1.9270156659185886, 1.9560558777302504], "q_25": 1.9324599218089134, "q_75": 1.9451106458436698, "min": 1.9270156659185886, "max": 1.9560558777302504, "mean": 1.9390923280734569, "std": 0.008741804336832198, "repeat": 8, "number": 1}]}, "api.supers.time_remove": null, "api.supers.time_status": {"result": [0.7212898754514754], "stats": [{"ci_99": [0.7181668160483241, 0.7278033271431923], "q_25": 0.7191865346394479, "q_75": 0.7234641518443823, "min": 0.7181668160483241, "max": 0.7278033271431923, "mean": 0.7217501904815435, "std": 0.0028848379640638343, "repeat": 10, "number": 1}]}, "api.supers.time_status_recursive": {"result": [1.366508448496461], "stats": [{"ci_99": [1.363677566871047, 1.3746147844940424], "q_25": 1.3643892291001976, "q_75": 1.3686745127197355, "min": 1.363677566871047, "max": 1.3746147844940424, "mean": 1.367106636427343, "std": 0.0032007841036483593, "repeat": 10, "number": 1}]}, "api.supers.time_subdatasets": {"result": [0.09577454160898924], "stats": [{"ci_99": [0.09409643616527319, 0.10273110494017601], "q_25": 0.09485866432078183, "q_75": 0.09734861366450787, "min": 0.09409643616527319, "max": 0.10273110494017601, "mean": 0.09659869009628892, "std": 0.002454329443866915, "repeat": 10, "number": 1}]}, "api.supers.time_subdatasets_recursive": {"result": [0.4287367146462202], "stats": [{"ci_99": [0.42381454817950726, 0.4426369722932577], "q_25": 0.42683839122764766, "q_75": 0.43437927193008363, "min": 0.42381454817950726, "max": 0.4426369722932577, "mean": 0.4308880105614662, "std": 0.005679075105522702, "repeat": 10, "number": 1}]}, "api.supers.time_subdatasets_recursive_first": {"result": [0.09609284298494458], "stats": [{"ci_99": [0.09370224922895432, 0.10846784058958292], "q_25": 0.09526627254672348, "q_75": 0.09828774933703244, "min": 0.09370224922895432, "max": 0.10846784058958292, "mean": 0.0974178235977888, "std": 0.0040171711922792385, "repeat": 10, "number": 1}]}, "api.supers.time_uninstall": {"result": [4.238510864321142], "stats": [{"ci_99": [4.2015776950004105, 4.277108745735644], "q_25": 4.228770955465734, "q_75": 4.249083129223436, "min": 4.223359908908606, "max": 4.25699124392122, "mean": 4.239343220368028, "std": 0.013174520875787004, "repeat": 4, "number": 1}]}, "repo.gitrepo.time_get_content_info": {"result": [0.016812333837151527], "stats": [{"ci_99": [0.015198289416730404, 0.019291129894554615], "q_25": 0.015608612215146422, "q_75": 0.01760547189041972, "min": 0.015198289416730404, "max": 0.019291129894554615, "mean": 0.01689757388085127, "std": 0.0013897118909753075, "repeat": 10, "number": 1}]}, "api.testds.time_create_test_dataset1": {"result": [0.6146189384162426], "stats": [{"ci_99": [0.6124653993174434, 0.6221155095845461], "q_25": 0.6138260373845696, "q_75": 0.6179586097132415, "min": 0.6124653993174434, "max": 0.6221155095845461, "mean": 0.6158400202170015, "std": 0.002909458733470863, "repeat": 10, "number": 1}]}, "api.testds.time_create_test_dataset2x2": {"result": [3.8105733287520707], "stats": [{"ci_99": [3.7214387445758534, 3.898564271624063], "q_25": 3.792608924442902, "q_75": 3.8279659124091268, "min": 3.7645510965958238, "max": 3.854308278299868, "mean": 3.8100015080999583, "std": 0.03231798948080886, "repeat": 4, "number": 1}]}, "core.runner.time_echo": {"result": [0.0018764447420835495], "stats": [{"ci_99": [0.0016949592158198357, 0.0022824279963970183], "q_25": 0.0017040838021785023, "q_75": 0.0021510124672204254, "min": 0.0016949592158198357, "max": 0.0022824279963970183, "mean": 0.0019298387691378594, "std": 0.00023457386090331074, "repeat": 10, "number": 5}]}, "core.runner.time_echo_gitrunner": {"result": [0.0026619662530720234], "stats": [{"ci_99": [0.002362716943025589, 0.002883834531530738], "q_25": 0.0025287746684625745, "q_75": 0.002748388156760484, "min": 0.002362716943025589, "max": 0.002883834531530738, "mean": 0.002634718338958919, "std": 0.00014923464370135013, "repeat": 10, "number": 4}]}, "core.startup.time_help_np": {"result": [0.5334750101901591], "stats": [{"ci_99": [0.5263223676010966, 0.6275527365505695], "q_25": 0.5285474427510053, "q_75": 0.5815521092154086, "min": 0.5263223676010966, "max": 0.6275527365505695, "mean": 0.5556333904154599, "std": 0.03511248983789234, "repeat": 10, "number": 1}]}, "core.startup.time_import": {"result": [0.14719014754518867], "stats": [{"ci_99": [0.11527185421437025, 0.2020936356857419], "q_25": 0.11584604298695922, "q_75": 0.18319381400942802, "min": 0.11527185421437025, "max": 0.2020936356857419, "mean": 0.15180918788537384, "std": 0.03557038283286636, "repeat": 10, "number": 1}]}, "core.startup.time_import_api": {"result": [0.5125951478257775], "stats": [{"ci_99": [0.4697698699310422, 0.5896178735420108], "q_25": 0.4865689519792795, "q_75": 0.5742447692900896, "min": 0.4697698699310422, "max": 0.5896178735420108, "mean": 0.5269049366004765, "std": 0.044512452331281344, "repeat": 10, "number": 1}]}, "support.path.get_parent_paths.time_allsubmods_toplevel": {"result": [0.006821817252784967], "stats": [{"ci_99": [0.006738420110195875, 0.00721334433183074], "q_25": 0.006812087842263281, "q_75": 0.006827485864050686, "min": 0.006738420110195875, "max": 0.00721334433183074, "mean": 0.006850170716643333, "std": 0.00012566146406391935, "repeat": 10, "number": 2}]}, "support.path.get_parent_paths.time_allsubmods_toplevel_only": {"result": [0.006105237174779177], "stats": [{"ci_99": [0.005988243501633406, 0.007360108196735382], "q_25": 0.00604693463537842, "q_75": 0.0066038420191034675, "min": 0.005988243501633406, "max": 0.007360108196735382, "mean": 0.006364839943125844, "std": 0.00044832482699301834, "repeat": 10, "number": 2}]}, "support.path.get_parent_paths.time_no_submods": {"result": [2.9000351728047905e-07], "stats": [{"ci_99": [2.746820379933771e-07, 3.6530161438723387e-07], "q_25": 2.763496209734446e-07, "q_75": 3.252778591298326e-07, "min": 2.746820379933771e-07, "max": 3.6530161438723387e-07, "mean": 3.03646952648669e-07, "std": 3.1570161709793644e-08, "repeat": 10, "number": 39867}]}, "support.path.get_parent_paths.time_one_submod_subdir": {"result": [0.005569235421717167], "stats": [{"ci_99": [0.005164296831935644, 0.007008296437561512], "q_25": 0.005271462490782142,