{"results": {"api.supers.time_createadd": {"result": [0.9803190222010016], "stats": [{"ci_99": [0.9597049793228507, 1.0128720896318555], "q_25": 0.9719501279760152, "q_75": 0.983658220153302, "min": 0.9597049793228507, "max": 1.0128720896318555, "mean": 0.9798728784546256, "std": 0.013716540665934345, "repeat": 10, "number": 1}]}, "api.supers.time_createadd_to_dataset": {"result": [0.9753718785941601], "stats": [{"ci_99": [0.9668885357677937, 0.9844933915883303], "q_25": 0.967664873925969, "q_75": 0.9780420870520175, "min": 0.9668885357677937, "max": 0.9844933915883303, "mean": 0.974354213476181, "std": 0.006294609392765752, "repeat": 10, "number": 1}]}, "api.supers.time_diff": null, "api.supers.time_diff_recursive": null, "api.supers.time_installr": {"result": [4.07020368706435], "stats": [{"ci_99": [3.979203389793568, 4.172209354747153], "q_25": 4.046407414833084, "q_75": 4.0995026445016265, "min": 4.039174679666758, "max": 4.1232434352859855, "mean": 4.075706372270361, "std": 0.03379927255800698, "repeat": 4, "number": 1}]}, "api.supers.time_ls": {"result": [0.12360916240140796], "stats": [{"ci_99": [0.11426868289709091, 0.1309583829715848], "q_25": 0.1171783257741481, "q_75": 0.12829992338083684, "min": 0.11426868289709091, "max": 0.1309583829715848, "mean": 0.12297382922843099, "std": 0.0058331572871129465, "repeat": 10, "number": 1}]}, "api.supers.time_ls_recursive": {"result": [1.0742221870459616], "stats": [{"ci_99": [1.0615878971293569, 1.091884239576757], "q_25": 1.0704337507486343, "q_75": 1.0787942032329738, "min": 1.0615878971293569, "max": 1.091884239576757, "mean": 1.075577160064131, "std": 0.008709487524362689, "repeat": 10, "number": 1}]}, "api.supers.time_ls_recursive_long_all": {"result": [1.233295840676874], "stats": [{"ci_99": [1.2172229178249836, 1.2662464743480086], "q_25": 1.22864477802068, "q_75": 1.241818957729265, "min": 1.2172229178249836, "max": 1.2662464743480086, "mean": 1.236399945616722, "std": 0.01286949609563434, "repeat": 10, "number": 1}]}, "api.supers.time_remove": {"result": [2.026739755179733], "stats": [{"ci_99": [2.0075157983228564, 2.1407595705240965], "q_25": 2.0207889720331877, "q_75": 2.0533878444693983, "min": 2.0075157983228564, "max": 2.1407595705240965, "mean": 2.04375618242193, "std": 0.04016770772031681, "repeat": 8, "number": 1}]}, "api.supers.time_status": {"result": [0.703251511324197], "stats": [{"ci_99": [0.6783447852358222, 0.7331541664898396], "q_25": 0.6862572780810297, "q_75": 0.7203058477025479, "min": 0.6783447852358222, "max": 0.7331541664898396, "mean": 0.7037360009737312, "std": 0.01965690232585015, "repeat": 10, "number": 1}]}, "api.supers.time_status_recursive": {"result": [1.1706663519144058], "stats": [{"ci_99": [1.1374388309195638, 1.2174341809004545], "q_25": 1.1437124989461154, "q_75": 1.203001509886235, "min": 1.1374388309195638, "max": 1.2174341809004545, "mean": 1.1734432867728173, "std": 0.03162027082820391, "repeat": 10, "number": 1}]}, "api.supers.time_subdatasets": {"result": [0.0636641844175756], "stats": [{"ci_99": [0.060535771772265434, 0.07448374107480049], "q_25": 0.06211992143653333, "q_75": 0.0692298379726708, "min": 0.060535771772265434, "max": 0.07448374107480049, "mean": 0.0657751471735537, "std": 0.004793282893905927, "repeat": 10, "number": 1}]}, "api.supers.time_subdatasets_recursive": {"result": [0.2519678673706949], "stats": [{"ci_99": [0.24567072466015816, 0.2616552524268627], "q_25": 0.24746933113783598, "q_75": 0.25833281013183296, "min": 0.24567072466015816, "max": 0.2616552524268627, "mean": 0.2528709664940834, "std": 0.005780745067080909, "repeat": 10, "number": 1}]}, "api.supers.time_subdatasets_recursive_first": {"result": [0.06814944511279464], "stats": [{"ci_99": [0.06294467579573393, 0.07587180659174919], "q_25": 0.06580715114250779, "q_75": 0.06937157176434994, "min": 0.06294467579573393, "max": 0.07587180659174919, "mean": 0.06846946841105819, "std": 0.00398135586939804, "repeat": 10, "number": 1}]}, "api.supers.time_uninstall": {"result": [2.030855380464345], "stats": [{"ci_99": [1.980075964704156, 2.083610842935741], "q_25": 1.9911836551036686, "q_75": 2.0819591344334185, "min": 1.980075964704156, "max": 2.083610842935741, "mean": 2.033935059909709, "std": 0.04516668043495859, "repeat": 8, "number": 1}]}, "repo.gitrepo.time_get_content_info": {"result": [0.016043790616095066], "stats": [{"ci_99": [0.014685144647955894, 0.02259884774684906], "q_25": 0.014920939691364765, "q_75": 0.019671151414513588, "min": 0.014685144647955894, "max": 0.02259884774684906, "mean": 0.017414201889187096, "std": 0.0030573464147792776, "repeat": 10, "number": 1}]}, "api.testds.time_create_test_dataset1": {"result": [0.4504173444584012], "stats": [{"ci_99": [0.43287201318889856, 0.466552778147161], "q_25": 0.4393801218830049, "q_75": 0.4575194956269115, "min": 0.43287201318889856, "max": 0.466552778147161, "mean": 0.4493262524716556, "std": 0.010714222756388222, "repeat": 10, "number": 1}]}, "api.testds.time_create_test_dataset2x2": {"result": [2.761630313936621], "stats": [{"ci_99": [2.7359488490864754, 2.787044039689489], "q_25": 2.747756672790274, "q_75": 2.7759325113147497, "min": 2.7435927158221602, "max": 2.7782932864502072, "mean": 2.761496444387982, "std": 0.014633343893122338, "repeat": 6, "number": 1}]}, "core.runner.time_echo": {"result": [0.0017339706731339295], "stats": [{"ci_99": [0.0017199132901926835, 0.0018142927438020706], "q_25": 0.0017308392561972141, "q_75": 0.00174619909375906, "min": 0.0017199132901926835, "max": 0.0018142927438020706, "mean": 0.001743578305467963, "std": 2.5138321241122565e-05, "repeat": 10, "number": 6}]}, "core.runner.time_echo_gitrunner": {"result": [0.002400062163360417], "stats": [{"ci_99": [0.0021060092840343714, 0.0029631475917994976], "q_25": 0.0021475678659044206, "q_75": 0.0026803252403624356, "min": 0.0021060092840343714, "max": 0.0029631475917994976, "mean": 0.002443900960497558, "std": 0.00030659029975570873, "repeat": 10, "number": 4}]}, "core.startup.time_help_np": {"result": [0.5652599595487118], "stats": [{"ci_99": [0.5465085888281465, 0.6416257452219725], "q_25": 0.5598584075924009, "q_75": 0.5857245188672096, "min": 0.5465085888281465, "max": 0.6416257452219725, "mean": 0.577519379928708, "std": 0.02941147303417733, "repeat": 10, "number": 1}]}, "core.startup.time_import": {"result": [0.15847419016063213], "stats": [{"ci_99": [0.12286343332380056, 0.19634324684739113], "q_25": 0.1320816483348608, "q_75": 0.1874444556888193, "min": 0.12286343332380056, "max": 0.19634324684739113, "mean": 0.15862386841326953, "std": 0.027987296030750723, "repeat": 10, "number": 1}]}, "core.startup.time_import_api": {"result": [0.5058290427550673], "stats": [{"ci_99": [0.451284434646368, 0.5619679503142834], "q_25": 0.4830700315069407, "q_75": 0.5132039291784167, "min": 0.451284434646368, "max": 0.5619679503142834, "mean": 0.5033720519393683, "std": 0.03250642974296629, "repeat": 10, "number": 1}]}, "support.path.get_parent_paths.time_allsubmods_toplevel": null, "support.path.get_parent_paths.time_allsubmods_toplevel_only": null, "support.path.get_parent_paths.time_no_submods": null, "support.path.get_parent_paths.time_one_submod_subdir": null, "support.path.get_parent_paths.time_one_submod_toplevel": null, "usecases.study_forrest.time_make_studyforrest_mockup": {"result": [26.557381498161703], "stats": [{"ci_99": [24.863623758312315, 28.251139238011092], "q_25": 26.54044392076321, "q_75": 26.574319075560197, "min": 26.523506343364716, "max": 26.59125665295869, "mean": 26.557381498161703, "std": 0.03387515479698777, "repeat": 2, "number": 1}]}, "core.runner.track_overhead_100ms": 2.29, "core.runner.track_overhead_echo": 34.49, "core.runner.track_overhead_heavyout": 0.08, "core.runner.track_overhead_heavyout_online_process": -6.56, "core.runner.track_overhead_heavyout_online_through": 19.83}, "params": {"arch": "x86_64", "cpu": "Intel(R) Xeon(R) CPU E5-1607 v2 @ 3.00GHz", "machine": "drogon-neurodebian0.20200209.1",