{"results": {"api.supers.time_createadd": {"result": [1.2736989753320813], "stats": [{"ci_99": [1.2562475623562932, 1.2880006674677134], "q_25": 1.2640283291693777, "q_75": 1.2795809309463948, "min": 1.2562475623562932, "max": 1.2880006674677134, "mean": 1.2725873530842364, "std": 0.010572919518232181, "repeat": 10, "number": 1}]}, "api.supers.time_createadd_to_dataset": {"result": [1.2501599634997547], "stats": [{"ci_99": [1.223005561158061, 1.2771407468244433], "q_25": 1.2424656539224088, "q_75": 1.2615873294416815, "min": 1.223005561158061, "max": 1.2771407468244433, "mean": 1.251328166294843, "std": 0.01484324319447093, "repeat": 10, "number": 1}]}, "api.supers.time_diff": null, "api.supers.time_diff_recursive": null, "api.supers.time_installr": {"result": [5.311000589281321], "stats": [{"ci_99": [4.811984496191144, 5.810016682371497], "q_25": 5.306010428350419, "q_75": 5.315990750212222, "min": 5.301020267419517, "max": 5.320980911143124, "mean": 5.311000589281321, "std": 0.009980321861803532, "repeat": 2, "number": 1}]}, "api.supers.time_ls": {"result": [0.17717376723885536], "stats": [{"ci_99": [0.17542563565075397, 0.18294136691838503], "q_25": 0.1767628623638302, "q_75": 0.17819075961597264, "min": 0.17542563565075397, "max": 0.18294136691838503, "mean": 0.17792178271338344, "std": 0.002248094156265491, "repeat": 10, "number": 1}]}, "api.supers.time_ls_recursive": {"result": [1.7421716274693608], "stats": [{"ci_99": [1.7336892895400524, 1.753881306387484], "q_25": 1.7398712562862784, "q_75": 1.7468491299077868, "min": 1.7336892895400524, "max": 1.753881306387484, "mean": 1.743253100477159, "std": 0.0059275566261460235, "repeat": 10, "number": 1}]}, "api.supers.time_ls_recursive_long_all": {"result": [1.910660251043737], "stats": [{"ci_99": [1.8904633093625307, 1.953028192743659], "q_25": 1.901014138944447, "q_75": 1.9189252713695168, "min": 1.8904633093625307, "max": 1.953028192743659, "mean": 1.9143363025246396, "std": 0.019671304892103753, "repeat": 9, "number": 1}]}, "api.supers.time_remove": null, "api.supers.time_rev_createadd": null, "api.supers.time_rev_createadd_to_dataset": null, "api.supers.time_status": {"result": [0.7032186225987971], "stats": [{"ci_99": [0.6928413910791278, 0.7137038791552186], "q_25": 0.6980618678499013, "q_75": 0.7069642019923776, "min": 0.6928413910791278, "max": 0.7137038791552186, "mean": 0.7027095420286059, "std": 0.006036323840436604, "repeat": 10, "number": 1}]}, "api.supers.time_status_recursive": {"result": [1.3318009870126843], "stats": [{"ci_99": [1.3272593542933464, 1.36582266446203], "q_25": 1.3287786189466715, "q_75": 1.3434398334939033, "min": 1.3272593542933464, "max": 1.36582266446203, "mean": 1.3381704210303724, "std": 0.012850673045536507, "repeat": 10, "number": 1}]}, "api.supers.time_subdatasets": {"result": [0.09283167263492942], "stats": [{"ci_99": [0.08985713217407465, 0.09772925637662411], "q_25": 0.0914986771531403, "q_75": 0.09481984912417829, "min": 0.08985713217407465, "max": 0.09772925637662411, "mean": 0.09326547225937247, "std": 0.002395853431524245, "repeat": 10, "number": 1}]}, "api.supers.time_subdatasets_recursive": {"result": [0.415528254583478], "stats": [{"ci_99": [0.4110768595710397, 0.42370864283293486], "q_25": 0.41378569952212274, "q_75": 0.41857705172151327, "min": 0.4110768595710397, "max": 0.42370864283293486, "mean": 0.4166450690478086, "std": 0.004070144765582803, "repeat": 10, "number": 1}]}, "api.supers.time_subdatasets_recursive_first": {"result": [0.09146037558093667], "stats": [{"ci_99": [0.08940249867737293, 0.09579016827046871], "q_25": 0.09097821870818734, "q_75": 0.0925824313890189, "min": 0.08940249867737293, "max": 0.09579016827046871, "mean": 0.09180648820474743, "std": 0.0016940224693678303, "repeat": 10, "number": 1}]}, "api.supers.time_uninstall": {"result": [4.212544926442206], "stats": [{"ci_99": [3.9974752686942012, 4.424128467307796], "q_25": 4.142938417615369, "q_75": 4.280408376827836, "min": 4.1287500048056245, "max": 4.28936761431396, "mean": 4.210801868000999, "std": 0.07302263577794084, "repeat": 4, "number": 1}]}, "repo.gitrepo.time_get_content_info": {"result": [0.0156836393289268], "stats": [{"ci_99": [0.013880783692002296, 0.017772446386516094], "q_25": 0.014859219081699848, "q_75": 0.016129278112202883, "min": 0.013880783692002296, "max": 0.017772446386516094, "mean": 0.01562439715489745, "std": 0.0010915317137453469, "repeat": 10, "number": 1}]}, "api.testds.time_create_test_dataset1": {"result": [0.6029837382957339], "stats": [{"ci_99": [0.598004343919456, 0.6215847013518214], "q_25": 0.6008802615106106, "q_75": 0.6067861912306398, "min": 0.598004343919456, "max": 0.6215847013518214, "mean": 0.6048062239773572, "std": 0.0064985567519178335, "repeat": 10, "number": 1}]}, "api.testds.time_create_test_dataset2x2": {"result": [3.727052483242005], "stats": [{"ci_99": [3.681146073012984, 3.759036005151087], "q_25": 3.7169508934020996, "q_75": 3.730192628921941, "min": 3.6933504519984126, "max": 3.732908737845719, "mean": 3.7200910390820354, "std": 0.015702422238656245, "repeat": 4, "number": 1}]}, "core.runner.time_echo": {"result": [0.001827304344624281], "stats": [{"ci_99": [0.0017046909779310226, 0.0021606206893920897], "q_25": 0.001715185772627592, "q_75": 0.001981522887945175, "min": 0.0017046909779310226, "max": 0.0021606206893920897, "mean": 0.0018646152503788468, "std": 0.00016100366749819268, "repeat": 10, "number": 5}]}, "core.runner.time_echo_gitrunner": {"result": [0.002678710618056357], "stats": [{"ci_99": [0.002342215273529291, 0.0035185557790100574], "q_25": 0.002512224717065692, "q_75": 0.0027779165538959205, "min": 0.002342215273529291, "max": 0.0035185557790100574, "mean": 0.0026998555986210704, "std": 0.00031170273608161126, "repeat": 10, "number": 4}]}, "core.startup.time_help_np": {"result": [0.6101105487905443], "stats": [{"ci_99": [0.5870267329737544, 0.6542871771380305], "q_25": 0.5955306384712458, "q_75": 0.6212354470044374, "min": 0.5870267329737544, "max": 0.6542871771380305, "mean": 0.6139273338019848, "std": 0.022665625620241096, "repeat": 10, "number": 1}]}, "core.startup.time_import": {"result": [0.15408237278461456], "stats": [{"ci_99": [0.12068119272589684, 0.19683561101555824], "q_25": 0.13412988022901118, "q_75": 0.17744302400387824, "min": 0.12068119272589684, "max": 0.19683561101555824, "mean": 0.1560828105546534, "std": 0.024705489697016247, "repeat": 10, "number": 1}]}, "core.startup.time_import_api": {"result": [0.5338262422010303], "stats": [{"ci_99": [0.47350533679127693, 0.575875629670918], "q_25": 0.4987900115083903, "q_75": 0.5396855466533452, "min": 0.47350533679127693, "max": 0.575875629670918, "mean": 0.5260065417736769, "std": 0.033132544855405364, "repeat": 10, "number": 1}]}, "support.path.get_parent_paths.time_allsubmods_toplevel": {"result": [0.007173905149102211], "stats": [{"ci_99": [0.006670325994491577, 0.008634596131742], "q_25": 0.006863121292553842, "q_75": 0.007630604668520391, "min": 0.006670325994491577, "max": 0.008634596131742, "mean": 0.00733839008025825, "std": 0.0006051469659366407, "repeat": 10, "number": 2}]}, "support.path.get_parent_paths.time_allsubmods_toplevel_only": {"result": [0.0068262789864093065], "stats": [{"ci_99": [0.006018250249326229, 0.007531290873885155], "q_25": 0.006525864824652672, "q_75": 0.007070027058944106, "min": 0.006018250249326229, "max": 0.007531290873885155, "mean": 0.0067755598574876785, "std": 0.00044455422163105254, "repeat": 10, "number": 2}]}, "support.path.get_parent_paths.time_no_submods": {"result": [2.816729319848194e-07], "stats": [{"ci_99": [2.712184526862081e-07, 3.4709379071768504e-07], "q_25": 2.734900254033987e-07, "q_75": 3.113892503165409e-07, "min": 2.712184526862081e-07, "max": 3.4709379071768504e-07, "mean": 2.948250428815486e-07, "std": 2.632027689718613e-08, "repeat": 10, "number": 40202}]}, "support.path.get_parent_paths.time_one_submod_subdir": {"result": [0.005507635418325663],