{"results": {"api.supers.time_createadd": {"result": [1.3437177520245314], "stats": [{"ci_99": [1.3353156000375748, 1.372210081666708], "q_25": 1.3397180959582329, "q_75": 1.3546260532457381, "min": 1.3353156000375748, "max": 1.372210081666708, "mean": 1.3474216007627546, "std": 0.011380498751812235, "repeat": 10, "number": 1}]}, "api.supers.time_createadd_to_dataset": {"result": [1.1126525262370706], "stats": [{"ci_99": [1.1010712748393416, 1.129319149069488], "q_25": 1.1088890456594527, "q_75": 1.1213289953302592, "min": 1.1010712748393416, "max": 1.129319149069488, "mean": 1.1144836057908833, "std": 0.009470279695176472, "repeat": 10, "number": 1}]}, "api.supers.time_diff": {"result": [0.10547879245132208], "stats": [{"ci_99": [0.09389057289808989, 0.13116971403360367], "q_25": 0.101779964286834, "q_75": 0.11119502712972462, "min": 0.09389057289808989, "max": 0.13116971403360367, "mean": 0.1076480115763843, "std": 0.009775525407811111, "repeat": 10, "number": 1}]}, "api.supers.time_diff_recursive": {"result": [0.30610168306156993], "stats": [{"ci_99": [0.30168205313384533, 0.3119013858959079], "q_25": 0.30287899915128946, "q_75": 0.3089381386525929, "min": 0.30168205313384533, "max": 0.3119013858959079, "mean": 0.30613779556006193, "std": 0.0033151772075756644, "repeat": 10, "number": 1}]}, "api.supers.time_installr": {"result": [3.821590753272176], "stats": [{"ci_99": [3.8087688873240637, 3.8369823528735054], "q_25": 3.81932345405221, "q_75": 3.8251429193187505, "min": 3.817128856666386, "max": 3.8311921171844006, "mean": 3.8228756200987846, "std": 0.005249007961447523, "repeat": 4, "number": 1}]}, "api.supers.time_ls": {"result": [0.6928481827490032], "stats": [{"ci_99": [0.6902709184214473, 0.7125290045514703], "q_25": 0.6912768483161926, "q_75": 0.6941366265527904, "min": 0.6902709184214473, "max": 0.7125290045514703, "mean": 0.6955225915648043, "std": 0.006934999480280221, "repeat": 10, "number": 1}]}, "api.supers.time_ls_recursive": {"result": [2.635663947556168], "stats": [{"ci_99": [2.6220809537917376, 2.653244772925973], "q_25": 2.6332379360683262, "q_75": 2.6393732144497335, "min": 2.6220809537917376, "max": 2.653244772925973, "mean": 2.636615420691669, "std": 0.009317534127348714, "repeat": 6, "number": 1}]}, "api.supers.time_ls_recursive_long_all": {"result": [2.7953691645525396], "stats": [{"ci_99": [2.7750070254643413, 2.82190208062384], "q_25": 2.7876464591827244, "q_75": 2.811006238218397, "min": 2.780478020198643, "max": 2.818220148794353, "mean": 2.7984545530440905, "std": 0.014116298777373642, "repeat": 6, "number": 1}]}, "api.supers.time_remove": {"result": [2.085260628256947], "stats": [{"ci_99": [2.0723047722131014, 2.112572909332812], "q_25": 2.080161386402324, "q_75": 2.094667690806091, "min": 2.0723047722131014, "max": 2.112572909332812, "mean": 2.0879568225936964, "std": 0.012542585901478104, "repeat": 8, "number": 1}]}, "api.supers.time_status": {"result": [0.7170608551241457], "stats": [{"ci_99": [0.6839876463636756, 0.7715720478445292], "q_25": 0.6904698926955462, "q_75": 0.7383462463039905, "min": 0.6839876463636756, "max": 0.7715720478445292, "mean": 0.7192437453195453, "std": 0.030076642115366443, "repeat": 10, "number": 1}]}, "api.supers.time_status_recursive": {"result": [1.1913565429858863], "stats": [{"ci_99": [1.1437976537272334, 1.2473495593294501], "q_25": 1.145686726551503, "q_75": 1.2374267647974193, "min": 1.1437976537272334, "max": 1.2473495593294501, "mean": 1.1923334832303225, "std": 0.045062303703566745, "repeat": 10, "number": 1}]}, "api.supers.time_subdatasets": {"result": [0.054400887340307236], "stats": [{"ci_99": [0.04871716722846031, 0.06283902376890182], "q_25": 0.051527437986806035, "q_75": 0.05698171770200133, "min": 0.04871716722846031, "max": 0.06283902376890182, "mean": 0.054948609229177235, "std": 0.004477551923074331, "repeat": 10, "number": 1}]}, "api.supers.time_subdatasets_recursive": {"result": [0.12750544445589185], "stats": [{"ci_99": [0.11770587973296642, 0.15246806852519512], "q_25": 0.12265538633801043, "q_75": 0.13005141797475517, "min": 0.11770587973296642, "max": 0.15246806852519512, "mean": 0.12870519245043396, "std": 0.009148607776575996, "repeat": 10, "number": 1}]}, "api.supers.time_subdatasets_recursive_first": {"result": [0.054911207407712936], "stats": [{"ci_99": [0.05025842506438494, 0.06074926629662514], "q_25": 0.05287527642212808, "q_75": 0.05766066862270236, "min": 0.05025842506438494, "max": 0.06074926629662514, "mean": 0.055018092039972544, "std": 0.0032114553028364037, "repeat": 10, "number": 1}]}, "api.supers.time_uninstall": {"result": [2.2374737542122602], "stats": [{"ci_99": [2.1611903719604015, 2.3240441577509046], "q_25": 2.1724511152133346, "q_75": 2.3017038288526237, "min": 2.1611903719604015, "max": 2.3240441577509046, "mean": 2.2385605975287035, "std": 0.06996754639651358, "repeat": 8, "number": 1}]}, "repo.gitrepo.time_get_content_info": {"result": [0.016048251185566187], "stats": [{"ci_99": [0.014232804998755455, 0.02118952665477991], "q_25": 0.014739117352291942, "q_75": 0.02006893465295434, "min": 0.014232804998755455, "max": 0.02118952665477991, "mean": 0.017254944331943987, "std": 0.002801157580241166, "repeat": 10, "number": 1}]}, "api.testds.time_create_test_dataset1": {"result": [0.46343419793993235], "stats": [{"ci_99": [0.44169749319553375, 0.48121761716902256], "q_25": 0.45208454970270395, "q_75": 0.46519683208316565, "min": 0.44169749319553375, "max": 0.48121761716902256, "mean": 0.461145886965096, "std": 0.011330490490777936, "repeat": 10, "number": 1}]}, "api.testds.time_create_test_dataset2x2": {"result": [2.810917163733393], "stats": [{"ci_99": [2.702245586903906, 2.9152824986929535], "q_25": 2.753573512658477, "q_75": 2.867161735659465, "min": 2.7309104604646564, "max": 2.8794705802574754, "mean": 2.8087640427984297, "std": 0.061077937113848554, "repeat": 6, "number": 1}]}, "core.runner.time_echo": {"result": [0.002157515753060579], "stats": [{"ci_99": [0.0019743416458368303, 0.002369877137243748], "q_25": 0.002095649717375636, "q_75": 0.0022667922079563137, "min": 0.0019743416458368303, "max": 0.002369877137243748, "mean": 0.0021681276708841327, "std": 0.00012261757170316836, "repeat": 10, "number": 5}]}, "core.runner.time_echo_gitrunner": {"result": [0.0023026157869026065], "stats": [{"ci_99": [0.0021207393147051334, 0.0025768394116312265], "q_25": 0.0021351081086322665, "q_75": 0.0024416446103714406, "min": 0.0021207393147051334, "max": 0.0025768394116312265, "mean": 0.002307976316660643, "std": 0.00017013253817248707, "repeat": 10, "number": 4}]}, "core.startup.time_help_np": {"result": [0.5915689188987017], "stats": [{"ci_99": [0.5592490201815963, 0.6399945635348558], "q_25": 0.5837041733320802, "q_75": 0.6181913558393717, "min": 0.5592490201815963, "max": 0.6399945635348558, "mean": 0.5979417148977518, "std": 0.02403410737529082, "repeat": 10, "number": 1}]}, "core.startup.time_import": {"result": [0.1546911341138184], "stats": [{"ci_99": [0.11499047372490168, 0.2120474399998784], "q_25": 0.1377652718219906, "q_75": 0.17118383198976517, "min": 0.11499047372490168, "max": 0.2120474399998784, "mean": 0.1574376730248332, "std": 0.02798430691367286, "repeat": 10, "number": 1}]}, "core.startup.time_import_api": {"result": [0.5110344355925918], "stats": [{"ci_99": [0.4564325204119086, 0.5557334627956152], "q_25": 0.4676945758983493, "q_75": 0.52317602513358, "min": 0.4564325204119086, "max": 0.5557334627956152, "mean": 0.5040670451708138, "std": 0.03544604077120256, "repeat": 10, "number": 1}]}, "support.path.get_parent_paths.time_allsubmods_toplevel": null, "support.path.get_parent_paths.time_allsubmods_toplevel_only": null, "support.path.get_parent_paths.time_no_submods": null, "support.path.get_parent_paths.time_one_submod_subdir": null, "support.path.get_parent_paths.time_one_submod_toplevel": null, "usecases.study_forrest.time_make_studyforrest_mockup": {"result": [35.23287726333365],