{"results": {"api.supers.time_createadd": {"result": [1.2698448156006634], "stats": [{"ci_99": [1.2519556628540158, 1.288055056706071], "q_25": 1.2667555848602206, "q_75": 1.2723219865001738, "min": 1.2519556628540158, "max": 1.288055056706071, "mean": 1.2704725480638444, "std": 0.01025425981107376, "repeat": 10, "number": 1}]}, "api.supers.time_createadd_to_dataset": {"result": [1.2333583286963403], "stats": [{"ci_99": [1.2286228956654668, 1.24986860062927], "q_25": 1.231665189145133, "q_75": 1.2404907804448158, "min": 1.2286228956654668, "max": 1.24986860062927, "mean": 1.2361415170133114, "std": 0.0062073841766637945, "repeat": 10, "number": 1}]}, "api.supers.time_diff": null, "api.supers.time_diff_recursive": null, "api.supers.time_installr": {"result": [5.305233509745449], "stats": [{"ci_99": [5.264966590795666, 5.345500428695232], "q_25": 5.304830840555951, "q_75": 5.305636178934947, "min": 5.304428171366453, "max": 5.3060388481244445, "mean": 5.305233509745449, "std": 0.000805338378995657, "repeat": 2, "number": 1}]}, "api.supers.time_ls": {"result": [0.17855733586475253], "stats": [{"ci_99": [0.1758879255503416, 0.1883110459893942], "q_25": 0.17698609922081232, "q_75": 0.18139800080098212, "min": 0.1758879255503416, "max": 0.1883110459893942, "mean": 0.17979660341516138, "std": 0.0037504282627355474, "repeat": 10, "number": 1}]}, "api.supers.time_ls_recursive": {"result": [1.7387121943756938], "stats": [{"ci_99": [1.7301868107169867, 1.7488465961068869], "q_25": 1.7361793431919068, "q_75": 1.7430428112857044, "min": 1.7301868107169867, "max": 1.7488465961068869, "mean": 1.7394346957094968, "std": 0.005219689376354315, "repeat": 10, "number": 1}]}, "api.supers.time_ls_recursive_long_all": {"result": [1.899143146816641], "stats": [{"ci_99": [1.8932591900229454, 1.904652962461114], "q_25": 1.8966432251036167, "q_75": 1.9031154119875282, "min": 1.8932591900229454, "max": 1.904652962461114, "mean": 1.8993068747222424, "std": 0.003916286101905643, "repeat": 10, "number": 1}]}, "api.supers.time_remove": null, "api.supers.time_rev_createadd": null, "api.supers.time_rev_createadd_to_dataset": null, "api.supers.time_status": {"result": [0.705506538040936], "stats": [{"ci_99": [0.700196229852736, 0.711394976824522], "q_25": 0.7030441139359027, "q_75": 0.7084068439435214, "min": 0.700196229852736, "max": 0.711394976824522, "mean": 0.7057949705049396, "std": 0.0035243206120026053, "repeat": 10, "number": 1}]}, "api.supers.time_status_recursive": {"result": [1.335004962515086], "stats": [{"ci_99": [1.327601163648069, 1.3470897441729903], "q_25": 1.3304511609021574, "q_75": 1.3390959489624947, "min": 1.327601163648069, "max": 1.3470897441729903, "mean": 1.3352080545388163, "std": 0.0058533193652476395, "repeat": 10, "number": 1}]}, "api.supers.time_subdatasets": {"result": [0.09297095518559217], "stats": [{"ci_99": [0.09061750769615173, 0.09948309883475304], "q_25": 0.09211776778101921, "q_75": 0.0954681453295052, "min": 0.09061750769615173, "max": 0.09948309883475304, "mean": 0.09408690854907036, "std": 0.002769477470569846, "repeat": 10, "number": 1}]}, "api.supers.time_subdatasets_recursive": {"result": [0.4184051654301584], "stats": [{"ci_99": [0.4149850634858012, 0.4251765701919794], "q_25": 0.41695510037243366, "q_75": 0.42275340971536934, "min": 0.4149850634858012, "max": 0.4251765701919794, "mean": 0.4195325871929526, "std": 0.003407012658175797, "repeat": 10, "number": 1}]}, "api.supers.time_subdatasets_recursive_first": {"result": [0.09390980750322342], "stats": [{"ci_99": [0.09133277647197247, 0.10065981093794107], "q_25": 0.0921666556969285, "q_75": 0.09516583778895438, "min": 0.09133277647197247, "max": 0.10065981093794107, "mean": 0.09421735284850001, "std": 0.002677422338550798, "repeat": 10, "number": 1}]}, "api.supers.time_uninstall": {"result": [4.142687414307147], "stats": [{"ci_99": [4.130558825647201, 4.161145268390213], "q_25": 4.1417523447889835, "q_75": 4.146787116536871, "min": 4.141349910758436, "max": 4.156683448702097, "mean": 4.145852047018707, "std": 0.006302802054126584, "repeat": 4, "number": 1}]}, "repo.gitrepo.time_get_content_info": {"result": [0.014582717791199684], "stats": [{"ci_99": [0.014099715277552605, 0.016599887050688267], "q_25": 0.014284705277532339, "q_75": 0.015457246685400605, "min": 0.014099715277552605, "max": 0.016599887050688267, "mean": 0.014913540333509445, "std": 0.0007768282375314479, "repeat": 10, "number": 1}]}, "api.testds.time_create_test_dataset1": {"result": [0.6043747933581471], "stats": [{"ci_99": [0.5969988433644176, 0.6135027278214693], "q_25": 0.6020469919312745, "q_75": 0.6091135169845074, "min": 0.5969988433644176, "max": 0.6135027278214693, "mean": 0.6049833470955491, "std": 0.005211105505104402, "repeat": 10, "number": 1}]}, "api.testds.time_create_test_dataset2x2": {"result": [3.7165085547603667], "stats": [{"ci_99": [3.6797915517761473, 3.7555157470107914], "q_25": 3.710849122842774, "q_75": 3.723313081311062, "min": 3.69892958085984, "max": 3.738667907193303, "mean": 3.717653649393469, "std": 0.014146546781532213, "repeat": 4, "number": 1}]}, "core.runner.time_echo": {"result": [0.001715481591721376], "stats": [{"ci_99": [0.0016903635114431381, 0.0017211358062922955], "q_25": 0.00171473971568048, "q_75": 0.0017205148469656706, "min": 0.0016903635114431381, "max": 0.0017211358062922955, "mean": 0.0017147631384432315, "std": 8.574878697874487e-06, "repeat": 10, "number": 6}]}, "core.runner.time_echo_gitrunner": {"result": [0.0024313280591741204], "stats": [{"ci_99": [0.002145238919183612, 0.0031129997223615646], "q_25": 0.0023427713895216584, "q_75": 0.0026019240031018853, "min": 0.002145238919183612, "max": 0.0031129997223615646, "mean": 0.0025110426358878613, "std": 0.0002645143032559139, "repeat": 10, "number": 4}]}, "core.startup.time_help_np": {"result": [0.5995676559396088], "stats": [{"ci_99": [0.5243928376585245, 0.6544408341869712], "q_25": 0.5910605003591627, "q_75": 0.629691211739555, "min": 0.5243928376585245, "max": 0.6544408341869712, "mean": 0.6042028636671603, "std": 0.03620338095808242, "repeat": 10, "number": 1}]}, "core.startup.time_import": {"result": [0.15978986723348498], "stats": [{"ci_99": [0.12328060064464808, 0.18740170076489449], "q_25": 0.1529260443057865, "q_75": 0.17280159913934767, "min": 0.12328060064464808, "max": 0.18740170076489449, "mean": 0.16105939606204628, "std": 0.01896912103346269, "repeat": 10, "number": 1}]}, "core.startup.time_import_api": {"result": [0.5374241005629301], "stats": [{"ci_99": [0.4984323503449559, 0.5722171571105719], "q_25": 0.5281921932473779, "q_75": 0.5614714829716831, "min": 0.4984323503449559, "max": 0.5722171571105719, "mean": 0.5397741663269698, "std": 0.02462251000135963, "repeat": 10, "number": 1}]}, "support.path.get_parent_paths.time_allsubmods_toplevel": {"result": [0.007414756342768669], "stats": [{"ci_99": [0.006896016653627157, 0.008659388404339552], "q_25": 0.007031584973447025, "q_75": 0.007868448738008738, "min": 0.006896016653627157, "max": 0.008659388404339552, "mean": 0.0075227843131870035, "std": 0.0005473134897738539, "repeat": 10, "number": 2}]}, "support.path.get_parent_paths.time_allsubmods_toplevel_only": {"result": [0.007382517913356423], "stats": [{"ci_99": [0.0065160575322806835, 0.008716812822967768], "q_25": 0.0069347365060821176, "q_75": 0.007936171488836408, "min": 0.0065160575322806835, "max": 0.008716812822967768, "mean": 0.007461313623934984, "std": 0.0006398083714726751, "repeat": 10, "number": 2}]}, "support.path.get_parent_paths.time_no_submods": {"result": [3.4838329687010823e-07], "stats": [{"ci_99": [3.0944930187508045e-07, 3.8593844071639795e-07], "q_25": 3.376486176610638e-07, "q_75": 3.6193396209758093e-07, "min": 3.0944930187508045e-07, "max": 3.8593844071639795e-07, "mean": 3.489520173364774e-07, "std": 2.1708058070869506e-08, "repeat": 10, "number": 26785}]}, "support.path.get_parent_paths.time_one_submod_subdir": {"result": [0.005514539312571287],