{"results": {"api.supers.time_createadd": {"result": [1.0512543357908726], "stats": [{"ci_99": [1.0374175813049078, 1.068160779774189], "q_25": 1.0457899291068316, "q_75": 1.0618504821322858, "min": 1.0374175813049078, "max": 1.068160779774189, "mean": 1.053266577795148, "std": 0.009526492051820065, "repeat": 10, "number": 1}]}, "api.supers.time_createadd_to_dataset": {"result": [1.055014138109982], "stats": [{"ci_99": [1.0417464077472687, 1.0983140720054507], "q_25": 1.0512626296840608, "q_75": 1.060841331956908, "min": 1.0417464077472687, "max": 1.0983140720054507, "mean": 1.0584307003766298, "std": 0.015044173867411248, "repeat": 10, "number": 1}]}, "api.supers.time_diff": null, "api.supers.time_diff_recursive": null, "api.supers.time_installr": {"result": [4.010559676680714], "stats": [{"ci_99": [3.986670900636329, 4.0361519814124565], "q_25": 4.006233799504116, "q_75": 4.015737318200991, "min": 3.9996183775365353, "max": 4.024908033199608, "mean": 4.011411441024393, "std": 0.00910604742118983, "repeat": 4, "number": 1}]}, "api.supers.time_ls": {"result": [0.11988393776118755], "stats": [{"ci_99": [0.11607782635837793, 0.12522674538195133], "q_25": 0.1191686736419797, "q_75": 0.12228845967911184, "min": 0.11607782635837793, "max": 0.12522674538195133, "mean": 0.12045005559921265, "std": 0.0024641347456607838, "repeat": 10, "number": 1}]}, "api.supers.time_ls_recursive": {"result": [1.0822402578778565], "stats": [{"ci_99": [1.0755258901044726, 1.101304903626442], "q_25": 1.0782110397703946, "q_75": 1.0887334547005594, "min": 1.0755258901044726, "max": 1.101304903626442, "mean": 1.0842341497540473, "std": 0.007659616577126715, "repeat": 10, "number": 1}]}, "api.supers.time_ls_recursive_long_all": {"result": [1.2420785455033183], "stats": [{"ci_99": [1.232856853865087, 1.2596443807706237], "q_25": 1.2369484074879438, "q_75": 1.2470032148994505, "min": 1.232856853865087, "max": 1.2596443807706237, "mean": 1.2434428400360047, "std": 0.008559210604033963, "repeat": 10, "number": 1}]}, "api.supers.time_remove": {"result": [2.0055253049358726], "stats": [{"ci_99": [1.9840961350128055, 2.0193476397544146], "q_25": 1.9993400417733938, "q_75": 2.0117883814964443, "min": 1.9840961350128055, "max": 2.0193476397544146, "mean": 2.0045950416242704, "std": 0.010828018778404896, "repeat": 8, "number": 1}]}, "api.supers.time_status": {"result": [0.6941066575236619], "stats": [{"ci_99": [0.6890660151839256, 0.7059381296858191], "q_25": 0.6913362476043403, "q_75": 0.6970772666390985, "min": 0.6890660151839256, "max": 0.7059381296858191, "mean": 0.6952087408863008, "std": 0.005133397000582924, "repeat": 10, "number": 1}]}, "api.supers.time_status_recursive": {"result": [1.1661427444778383], "stats": [{"ci_99": [1.161058529280126, 1.1690366603434086], "q_25": 1.1647704564966261, "q_75": 1.1676108692772686, "min": 1.161058529280126, "max": 1.1690366603434086, "mean": 1.1657543336972593, "std": 0.002442306584057803, "repeat": 10, "number": 1}]}, "api.supers.time_subdatasets": {"result": [0.061996906995773315], "stats": [{"ci_99": [0.05845901183784008, 0.07446818426251411], "q_25": 0.060506648384034634, "q_75": 0.06582592288032174, "min": 0.05845901183784008, "max": 0.07446818426251411, "mean": 0.06384839667007328, "std": 0.0048364071658255495, "repeat": 10, "number": 1}]}, "api.supers.time_subdatasets_recursive": {"result": [0.24303880939260125], "stats": [{"ci_99": [0.23806618992239237, 0.2499424461275339], "q_25": 0.23989070462994277, "q_75": 0.24685440328903496, "min": 0.23806618992239237, "max": 0.2499424461275339, "mean": 0.24338164571672677, "std": 0.003882532490372476, "repeat": 10, "number": 1}]}, "api.supers.time_subdatasets_recursive_first": {"result": [0.06402328284457326], "stats": [{"ci_99": [0.05880254786461592, 0.07198032271116972], "q_25": 0.06306741619482636, "q_75": 0.06589804054237902, "min": 0.05880254786461592, "max": 0.07198032271116972, "mean": 0.06436218852177263, "std": 0.0037234746206879243, "repeat": 10, "number": 1}]}, "api.supers.time_uninstall": {"result": [1.961509079206735], "stats": [{"ci_99": [1.9397015320137143, 2.0154410004615784], "q_25": 1.9588297996670008, "q_75": 1.983993194065988, "min": 1.9397015320137143, "max": 2.0154410004615784, "mean": 1.9708596479613334, "std": 0.02243832665697858, "repeat": 8, "number": 1}]}, "repo.gitrepo.time_get_content_info": {"result": [0.020301146432757378], "stats": [{"ci_99": [0.015321842394769192, 0.02438560500741005], "q_25": 0.016173921059817076, "q_75": 0.02144841244444251, "min": 0.015321842394769192, "max": 0.02438560500741005, "mean": 0.019430422689765692, "std": 0.003029315982199073, "repeat": 10, "number": 1}]}, "api.testds.time_create_test_dataset1": {"result": [0.4350177296437323], "stats": [{"ci_99": [0.42938286904245615, 0.4562795478850603], "q_25": 0.43316924083046615, "q_75": 0.43688134104013443, "min": 0.42938286904245615, "max": 0.4562795478850603, "mean": 0.4377050560899079, "std": 0.00805569470561227, "repeat": 10, "number": 1}]}, "api.testds.time_create_test_dataset2x2": {"result": [2.88217067765072], "stats": [{"ci_99": [2.843988504723828, 2.917879724101602], "q_25": 2.860833558952436, "q_75": 2.902046008501202, "min": 2.8543824702501297, "max": 2.904488556087017, "mean": 2.880934114412715, "std": 0.02119894182852724, "repeat": 6, "number": 1}]}, "core.runner.time_echo": {"result": [0.0018523547798395157], "stats": [{"ci_99": [0.0017237201333045959, 0.002549153380095959], "q_25": 0.0017379959113895892, "q_75": 0.0020545021630823616, "min": 0.0017237201333045959, "max": 0.002549153380095959, "mean": 0.0019435481540858747, "std": 0.0002539159116815741, "repeat": 10, "number": 5}]}, "core.runner.time_echo_gitrunner": {"result": [0.002482179435901344], "stats": [{"ci_99": [0.0021147087682038546, 0.003314405679702759], "q_25": 0.002157851471565664, "q_75": 0.0029859041678719223, "min": 0.0021147087682038546, "max": 0.003314405679702759, "mean": 0.0025951256044209003, "std": 0.00046726800564281256, "repeat": 10, "number": 4}]}, "core.startup.time_help_np": {"result": [0.5496345665305853], "stats": [{"ci_99": [0.5192868998274207, 0.6283500762656331], "q_25": 0.523518820758909, "q_75": 0.6021768492646515, "min": 0.5192868998274207, "max": 0.6283500762656331, "mean": 0.5620464784093201, "std": 0.04168766864618456, "repeat": 10, "number": 1}]}, "core.startup.time_import": {"result": [0.11651137191802263], "stats": [{"ci_99": [0.11606987752020359, 0.18930870108306408], "q_25": 0.116266273194924, "q_75": 0.1617172439582646, "min": 0.11606987752020359, "max": 0.18930870108306408, "mean": 0.13722462644800543, "std": 0.026972127097133602, "repeat": 10, "number": 1}]}, "core.startup.time_import_api": {"result": [0.4912703665904701], "stats": [{"ci_99": [0.44646967202425003, 0.5442439271137118], "q_25": 0.451177217066288, "q_75": 0.524676259374246, "min": 0.44646967202425003, "max": 0.5442439271137118, "mean": 0.4902770741842687, "std": 0.036875692448455163, "repeat": 10, "number": 1}]}, "support.path.get_parent_paths.time_allsubmods_toplevel": {"result": [0.007295934017747641], "stats": [{"ci_99": [0.006999718025326729, 0.008678668644279242], "q_25": 0.0070911269867792726, "q_75": 0.007722770795226097, "min": 0.006999718025326729, "max": 0.008678668644279242, "mean": 0.007495939452201128, "std": 0.0005221081968984884, "repeat": 10, "number": 2}]}, "support.path.get_parent_paths.time_allsubmods_toplevel_only": {"result": [0.006385726155713201], "stats": [{"ci_99": [0.006278721150010824, 0.007224392145872116], "q_25": 0.006339319166727364, "q_75": 0.006574886851012707, "min": 0.006278721150010824, "max": 0.007224392145872116, "mean": 0.006518730754032731, "std": 0.000290431265624044, "repeat": 10, "number": 2}]}, "support.path.get_parent_paths.time_no_submods": {"result": [2.7592925866015246e-07], "stats": [{"ci_99": [2.752431249936558e-07, 2.7719990706078176e-07], "q_25": 2.7542421680140594e-07, "q_75": 2.763990079978187e-07, "min": 2.752431249936558e-07, "max": 2.7719990706078176e-07,