{"results": {"api.supers.time_createadd": {"result": [1.3102377457544208], "stats": [{"ci_99": [1.2949872836470604, 1.325577006675303], "q_25": 1.3003905932419002, "q_75": 1.3142217407003045, "min": 1.2949872836470604, "max": 1.325577006675303, "mean": 1.308440708462149, "std": 0.009306254096033029, "repeat": 10, "number": 1}]}, "api.supers.time_createadd_to_dataset": {"result": [1.2478051097132266], "stats": [{"ci_99": [1.23462981171906, 1.2594781247898936], "q_25": 1.2393063427880406, "q_75": 1.2586167410481721, "min": 1.23462981171906, "max": 1.2594781247898936, "mean": 1.2483821344561874, "std": 0.009507842586592227, "repeat": 10, "number": 1}]}, "api.supers.time_diff": null, "api.supers.time_diff_recursive": null, "api.supers.time_installr": {"result": [5.369963072706014], "stats": [{"ci_99": [4.813727335538715, 5.926198809873313], "q_25": 5.364400715334341, "q_75": 5.375525430077687, "min": 5.358838357962668, "max": 5.38108778744936, "mean": 5.369963072706014, "std": 0.011124714743345976, "repeat": 2, "number": 1}]}, "api.supers.time_ls": {"result": [0.18137533869594336], "stats": [{"ci_99": [0.1799008371308446, 0.18648027069866657], "q_25": 0.18030849588103592, "q_75": 0.184382718289271, "min": 0.1799008371308446, "max": 0.18648027069866657, "mean": 0.18241104753687978, "std": 0.0024148163664175575, "repeat": 10, "number": 1}]}, "api.supers.time_ls_recursive": {"result": [1.7968232440762222], "stats": [{"ci_99": [1.7710489919409156, 1.828396781347692], "q_25": 1.7910219794139266, "q_75": 1.8058744329027832, "min": 1.7710489919409156, "max": 1.828396781347692, "mean": 1.7982697632163762, "std": 0.016193211544926468, "repeat": 10, "number": 1}]}, "api.supers.time_ls_recursive_long_all": {"result": [1.9646236044354737], "stats": [{"ci_99": [1.9466865379363298, 2.033530181273818], "q_25": 1.9545465842820704, "q_75": 2.006500012706965, "min": 1.9466865379363298, "max": 2.033530181273818, "mean": 1.9794523682212457, "std": 0.031645717035130715, "repeat": 8, "number": 1}]}, "api.supers.time_remove": null, "api.supers.time_status": {"result": [0.7282710843719542], "stats": [{"ci_99": [0.7207541512325406, 0.7347182026132941], "q_25": 0.7251555214170367, "q_75": 0.7316877001430839, "min": 0.7207541512325406, "max": 0.7347182026132941, "mean": 0.7279776146635413, "std": 0.004538327873174402, "repeat": 10, "number": 1}]}, "api.supers.time_status_recursive": {"result": [1.3783632721751928], "stats": [{"ci_99": [1.3689119331538677, 1.387074607424438], "q_25": 1.373280801344663, "q_75": 1.3824558418709785, "min": 1.3689119331538677, "max": 1.387074607424438, "mean": 1.3781238492578267, "std": 0.005550523667062072, "repeat": 10, "number": 1}]}, "api.supers.time_subdatasets": {"result": [0.09447586815804243], "stats": [{"ci_99": [0.09296973422169685, 0.10330438613891602], "q_25": 0.09424321330152452, "q_75": 0.09606455080211163, "min": 0.09296973422169685, "max": 0.10330438613891602, "mean": 0.09556224904954433, "std": 0.002783607361300831, "repeat": 10, "number": 1}]}, "api.supers.time_subdatasets_recursive": {"result": [0.43039465928450227], "stats": [{"ci_99": [0.42472958005964756, 0.4396096467971802], "q_25": 0.4297390007413924, "q_75": 0.43376606167294085, "min": 0.42472958005964756, "max": 0.4396096467971802, "mean": 0.4317524865269661, "std": 0.004251334529866955, "repeat": 10, "number": 1}]}, "api.supers.time_subdatasets_recursive_first": {"result": [0.09509235201403499], "stats": [{"ci_99": [0.09246671106666327, 0.09933473262935877], "q_25": 0.09481805888935924, "q_75": 0.0969957816414535, "min": 0.09246671106666327, "max": 0.09933473262935877, "mean": 0.09577036360278726, "std": 0.0019525244719781358, "repeat": 10, "number": 1}]}, "api.supers.time_uninstall": {"result": [4.268688876647502], "stats": [{"ci_99": [4.250912238456302, 4.28503877894581], "q_25": 4.264346270821989, "q_75": 4.27231811452657, "min": 4.259079309180379, "max": 4.275444972328842, "mean": 4.267975508701056, "std": 0.006110189873968387, "repeat": 4, "number": 1}]}, "repo.gitrepo.time_get_content_info": {"result": [0.015683048404753208], "stats": [{"ci_99": [0.014884441159665585, 0.0170280821621418], "q_25": 0.015308864181861281, "q_75": 0.016025972086936235, "min": 0.014884441159665585, "max": 0.0170280821621418, "mean": 0.015742549300193788, "std": 0.0005924817266893533, "repeat": 10, "number": 1}]}, "api.testds.time_create_test_dataset1": {"result": [0.6195238870568573], "stats": [{"ci_99": [0.6129091652110219, 0.6351781180128455], "q_25": 0.6164872399531305, "q_75": 0.6254322929307818, "min": 0.6129091652110219, "max": 0.6351781180128455, "mean": 0.6212751533836126, "std": 0.006492571496605447, "repeat": 10, "number": 1}]}, "api.testds.time_create_test_dataset2x2": {"result": [3.806413202546537], "stats": [{"ci_99": [3.7907409069184332, 3.8255557886268825], "q_25": 3.804134765872732, "q_75": 3.810426784446463, "min": 3.8009326504543424, "max": 3.8188343355432153, "mean": 3.808148347772658, "std": 0.006618372846873758, "repeat": 4, "number": 1}]}, "core.runner.time_echo": {"result": [0.0017180690386643014], "stats": [{"ci_99": [0.0017082880561550458, 0.0017253515931467216], "q_25": 0.0017142704455181956, "q_75": 0.001723091312063237, "min": 0.0017082880561550458, "max": 0.0017253515931467216, "mean": 0.0017176541810234387, "std": 6.0031707009135305e-06, "repeat": 10, "number": 6}]}, "core.runner.time_echo_gitrunner": {"result": [0.0026078735245391726], "stats": [{"ci_99": [0.0023640617728233337, 0.0029998060781508684], "q_25": 0.002513058774638921, "q_75": 0.0027758870855905116, "min": 0.0023640617728233337, "max": 0.0029998060781508684, "mean": 0.002639624336734414, "std": 0.00018823641746313325, "repeat": 10, "number": 4}]}, "core.startup.time_help_np": {"result": [0.6194730829447508], "stats": [{"ci_99": [0.5581722809001803, 0.6797820944339037], "q_25": 0.6112940665334463, "q_75": 0.6657236306928098, "min": 0.5581722809001803, "max": 0.6797820944339037, "mean": 0.6303650220856071, "std": 0.03576730802146214, "repeat": 10, "number": 1}]}, "core.startup.time_import": {"result": [0.18144177924841642], "stats": [{"ci_99": [0.1464166659861803, 0.2136103855445981], "q_25": 0.17233068402856588, "q_75": 0.18859471683390439, "min": 0.1464166659861803, "max": 0.2136103855445981, "mean": 0.18063951563090086, "std": 0.021272303162780382, "repeat": 10, "number": 1}]}, "core.startup.time_import_api": {"result": [0.5460629765875638], "stats": [{"ci_99": [0.49106517247855663, 0.6049323566257954], "q_25": 0.5198602436576039, "q_75": 0.5522214933298528, "min": 0.49106517247855663, "max": 0.6049323566257954, "mean": 0.540560722630471, "std": 0.03371016634882602, "repeat": 10, "number": 1}]}, "support.path.get_parent_paths.time_allsubmods_toplevel": {"result": [0.007280971854925156], "stats": [{"ci_99": [0.007126069162040949, 0.008705091197043657], "q_25": 0.007184736197814345, "q_75": 0.007932005100883543, "min": 0.007126069162040949, "max": 0.008705091197043657, "mean": 0.007563509093597531, "std": 0.0005325678517570825, "repeat": 10, "number": 2}]}, "support.path.get_parent_paths.time_allsubmods_toplevel_only": {"result": [0.006497963098809123], "stats": [{"ci_99": [0.006404479034245014, 0.007916796021163464], "q_25": 0.006471408880315721, "q_75": 0.007100308081135154, "min": 0.006404479034245014, "max": 0.007916796021163464, "mean": 0.006826274981722236, "std": 0.0005016026024542918, "repeat": 10, "number": 2}]}, "support.path.get_parent_paths.time_no_submods": {"result": [3.1519342469106415e-07], "stats": [{"ci_99": [2.9007103953639977e-07, 3.549764471808033e-07], "q_25": 3.0674632037429095e-07, "q_75": 3.2804034450149236e-07, "min": 2.9007103953639977e-07, "max": 3.549764471808033e-07, "mean": 3.184453696638966e-07, "std": 1.834553084687506e-08, "repeat": 10, "number": 30446}]}, "support.path.get_parent_paths.time_one_submod_subdir": {"result": [0.006456013070419431], "stats": [{"ci_99": [0.00594569044187665, 0.007170985918492079], "q_25": 0.006151337292976677,