{"results": {"api.supers.time_createadd": {"result": [1.3037544987164438], "stats": [{"ci_99": [1.2947277491912246, 1.3324149185791612], "q_25": 1.2981832874938846, "q_75": 1.3134738553781062, "min": 1.2947277491912246, "max": 1.3324149185791612, "mean": 1.3070864806883038, "std": 0.011196546740588334, "repeat": 10, "number": 1}]}, "api.supers.time_createadd_to_dataset": {"result": [1.254305571783334], "stats": [{"ci_99": [1.2376126106828451, 1.2679702658206224], "q_25": 1.2457126933149993, "q_75": 1.2616012748330832, "min": 1.2376126106828451, "max": 1.2679702658206224, "mean": 1.2534876738674938, "std": 0.009781504757283883, "repeat": 10, "number": 1}]}, "api.supers.time_diff": null, "api.supers.time_diff_recursive": null, "api.supers.time_installr": {"result": [5.306630805134773], "stats": [{"ci_99": [4.996195798739791, 5.617065811529756], "q_25": 5.303526455070823, "q_75": 5.309735155198723, "min": 5.300422105006874, "max": 5.312839505262673, "mean": 5.306630805134773, "std": 0.006208700127899647, "repeat": 2, "number": 1}]}, "api.supers.time_ls": {"result": [0.18214737065136433], "stats": [{"ci_99": [0.17895202431827784, 0.18716987874358892], "q_25": 0.18093622499145567, "q_75": 0.18300675111822784, "min": 0.17895202431827784, "max": 0.18716987874358892, "mean": 0.18219660641625524, "std": 0.00226197591534913, "repeat": 10, "number": 1}]}, "api.supers.time_ls_recursive": {"result": [1.79807534115389], "stats": [{"ci_99": [1.788716834038496, 1.8186254724860191], "q_25": 1.7905119364149868, "q_75": 1.8048985747154802, "min": 1.788716834038496, "max": 1.8186254724860191, "mean": 1.7989878153428436, "std": 0.009130352730795224, "repeat": 10, "number": 1}]}, "api.supers.time_ls_recursive_long_all": {"result": [1.954966800287366], "stats": [{"ci_99": [1.9465670138597488, 1.9731125999242067], "q_25": 1.952835273463279, "q_75": 1.958581377984956, "min": 1.9465670138597488, "max": 1.9731125999242067, "mean": 1.956872842158191, "std": 0.007555951161357574, "repeat": 8, "number": 1}]}, "api.supers.time_remove": null, "api.supers.time_status": {"result": [0.7254782062955201], "stats": [{"ci_99": [0.718158976174891, 0.7310270424932241], "q_25": 0.7216763391625136, "q_75": 0.7286680389661342, "min": 0.718158976174891, "max": 0.7310270424932241, "mean": 0.7251443864777685, "std": 0.004237497050184966, "repeat": 10, "number": 1}]}, "api.supers.time_status_recursive": {"result": [1.3763072877191007], "stats": [{"ci_99": [1.369760069064796, 1.4050475461408496], "q_25": 1.3735176241025329, "q_75": 1.3861386319622397, "min": 1.369760069064796, "max": 1.4050475461408496, "mean": 1.3803814967162906, "std": 0.010311715073151232, "repeat": 10, "number": 1}]}, "api.supers.time_subdatasets": {"result": [0.09466896066442132], "stats": [{"ci_99": [0.09226070996373892, 0.09852467849850655], "q_25": 0.09373254654929042, "q_75": 0.09583429829217494, "min": 0.09226070996373892, "max": 0.09852467849850655, "mean": 0.09510918296873569, "std": 0.0019048081741392345, "repeat": 10, "number": 1}]}, "api.supers.time_subdatasets_recursive": {"result": [0.4275438701733947], "stats": [{"ci_99": [0.4245523866266012, 0.4407364744693041], "q_25": 0.42618921282701194, "q_75": 0.4298982264008373, "min": 0.4245523866266012, "max": 0.4407364744693041, "mean": 0.4289658185094595, "std": 0.0045230302687650666, "repeat": 10, "number": 1}]}, "api.supers.time_subdatasets_recursive_first": {"result": [0.09515059879049659], "stats": [{"ci_99": [0.0936391893774271, 0.09650563634932041], "q_25": 0.09432519716210663, "q_75": 0.09554524510167539, "min": 0.0936391893774271, "max": 0.09650563634932041, "mean": 0.09502043658867479, "std": 0.0008641673398366255, "repeat": 10, "number": 1}]}, "api.supers.time_uninstall": {"result": [4.216871055774391], "stats": [{"ci_99": [4.175792644429169, 4.2713425656080615], "q_25": 4.211543358396739, "q_75": 4.228895302396268, "min": 4.205944606103003, "max": 4.2545837024226785, "mean": 4.223567605018616, "std": 0.018615982097575257, "repeat": 4, "number": 1}]}, "repo.gitrepo.time_get_content_info": {"result": [0.014844630379229784], "stats": [{"ci_99": [0.014318960718810558, 0.016558155417442322], "q_25": 0.014490914763882756, "q_75": 0.01523436838760972, "min": 0.014318960718810558, "max": 0.016558155417442322, "mean": 0.015076170675456524, "std": 0.000766171632447618, "repeat": 10, "number": 1}]}, "api.testds.time_create_test_dataset1": {"result": [0.6272618481889367], "stats": [{"ci_99": [0.6156419469043612, 0.6471101231873035], "q_25": 0.6190807642415166, "q_75": 0.6337929146829993, "min": 0.6156419469043612, "max": 0.6471101231873035, "mean": 0.628376560471952, "std": 0.010028949950294111, "repeat": 10, "number": 1}]}, "api.testds.time_create_test_dataset2x2": {"result": [3.81130826799199], "stats": [{"ci_99": [3.720881605780375, 3.927259887309122], "q_25": 3.8034622606355697, "q_75": 3.8319167539011687, "min": 3.7825034437701106, "max": 3.891163006424904, "mean": 3.8240707465447485, "std": 0.04048596053627122, "repeat": 4, "number": 1}]}, "core.runner.time_echo": {"result": [0.0018546664156019687], "stats": [{"ci_99": [0.001763409748673439, 0.0019942082464694975], "q_25": 0.001816533226519823, "q_75": 0.001899169059470296, "min": 0.001763409748673439, "max": 0.0019942082464694975, "mean": 0.0018634972348809242, "std": 6.935052527750447e-05, "repeat": 10, "number": 5}]}, "core.runner.time_echo_gitrunner": {"result": [0.002813228561232487], "stats": [{"ci_99": [0.00248162013789018, 0.0032532873253027597], "q_25": 0.002642931416630745, "q_75": 0.002940261115630468, "min": 0.00248162013789018, "max": 0.0032532873253027597, "mean": 0.002819475842018922, "std": 0.00022719110093423624, "repeat": 10, "number": 3}]}, "core.startup.time_help_np": {"result": [0.6025555129162967], "stats": [{"ci_99": [0.5232295412570238, 0.6573373293504119], "q_25": 0.5860846440773457, "q_75": 0.6299654520116746, "min": 0.5232295412570238, "max": 0.6573373293504119, "mean": 0.5994926162064076, "std": 0.04433596509356672, "repeat": 10, "number": 1}]}, "core.startup.time_import": {"result": [0.17324323626235127], "stats": [{"ci_99": [0.11642520595341921, 0.20279406383633614], "q_25": 0.16231976030394435, "q_75": 0.18641294864937663, "min": 0.11642520595341921, "max": 0.20279406383633614, "mean": 0.16933095725253225, "std": 0.027053482406610988, "repeat": 10, "number": 1}]}, "core.startup.time_import_api": {"result": [0.5463287523016334], "stats": [{"ci_99": [0.5267426474019885, 0.576922551728785], "q_25": 0.5364046783652157, "q_75": 0.560957383364439, "min": 0.5267426474019885, "max": 0.576922551728785, "mean": 0.5496924234554171, "std": 0.01689949324277274, "repeat": 10, "number": 1}]}, "support.path.get_parent_paths.time_allsubmods_toplevel": {"result": [0.007825882406905293], "stats": [{"ci_99": [0.007009667344391346, 0.008860496804118156], "q_25": 0.0074245770229026675, "q_75": 0.00822120753582567, "min": 0.007009667344391346, "max": 0.008860496804118156, "mean": 0.007865621522068978, "std": 0.0006115330020222695, "repeat": 10, "number": 2}]}, "support.path.get_parent_paths.time_allsubmods_toplevel_only": {"result": [0.007444397080689669], "stats": [{"ci_99": [0.006607795599848032, 0.008259333204478025], "q_25": 0.007039794116280973, "q_75": 0.007927801576443017, "min": 0.006607795599848032, "max": 0.008259333204478025, "mean": 0.007451593363657594, "std": 0.0005181408915331137, "repeat": 10, "number": 2}]}, "support.path.get_parent_paths.time_no_submods": {"result": [3.2292884014068394e-07], "stats": [{"ci_99": [3.015426146531624e-07, 3.599758603564697e-07], "q_25": 3.1190959696161555e-07, "q_75": 3.358715601341826e-07, "min": 3.015426146531624e-07, "max": 3.599758603564697e-07, "mean": 3.259814840080198e-07, "std": 1.782996547563552e-08, "repeat": 10, "number": 27795}]}, "support.path.get_parent_paths.time_one_submod_subdir": {"result": [0.005518456920981407], "stats": [{"ci_99": [0.005414352752268314, 0.005549631547182798], "q_25": 0.005509236943908036, "q_75": 0.005536532262340188,