{"results": {"api.supers.time_createadd": {"result": [1.3904337072744966], "stats": [{"ci_99": [1.3569595012813807, 1.4282446326687932], "q_25": 1.367892213864252, "q_75": 1.4152817765716463, "min": 1.3569595012813807, "max": 1.4282446326687932, "mean": 1.3911832862533628, "std": 0.025468201813907673, "repeat": 10, "number": 1}]}, "api.supers.time_createadd_to_dataset": {"result": [1.146470510866493], "stats": [{"ci_99": [1.1188918454572558, 1.1594948396086693], "q_25": 1.1294731905218214, "q_75": 1.1544440044090152, "min": 1.1188918454572558, "max": 1.1594948396086693, "mean": 1.1415309605188668, "std": 0.014989055909943086, "repeat": 10, "number": 1}]}, "api.supers.time_diff": {"result": [0.09474852122366428], "stats": [{"ci_99": [0.0913866376504302, 0.1096595823764801], "q_25": 0.09234081860631704, "q_75": 0.10013969172723591, "min": 0.0913866376504302, "max": 0.1096595823764801, "mean": 0.09716642694547772, "std": 0.005926661140443102, "repeat": 10, "number": 1}]}, "api.supers.time_diff_recursive": {"result": [0.32714507821947336], "stats": [{"ci_99": [0.30168609507381916, 0.3530531907454133], "q_25": 0.3115119729191065, "q_75": 0.33723172824829817, "min": 0.30168609507381916, "max": 0.3530531907454133, "mean": 0.3252328752540052, "std": 0.015933993892078724, "repeat": 10, "number": 1}]}, "api.supers.time_installr": {"result": [4.006212086416781], "stats": [{"ci_99": [3.8373998152861386, 4.167973680344781], "q_25": 3.9556434208061546, "q_75": 4.053255413426086, "min": 3.9307479159906507, "max": 4.067574902437627, "mean": 4.00268674781546, "std": 0.056973804702672604, "repeat": 4, "number": 1}]}, "api.supers.time_ls": {"result": [0.7268512938171625], "stats": [{"ci_99": [0.6976099759340286, 0.7545530991628766], "q_25": 0.7039746909867972, "q_75": 0.743645531591028, "min": 0.6976099759340286, "max": 0.7545530991628766, "mean": 0.725272028055042, "std": 0.021260754993580894, "repeat": 10, "number": 1}]}, "api.supers.time_ls_recursive": {"result": [2.7264936198480427], "stats": [{"ci_99": [2.6817795856775453, 2.7685937007038186], "q_25": 2.7025753220077604, "q_75": 2.747850182466209, "min": 2.6920393723994493, "max": 2.756521654315293, "mean": 2.725186643190682, "std": 0.02510392036500984, "repeat": 6, "number": 1}]}, "api.supers.time_ls_recursive_long_all": {"result": [2.865857869386673], "stats": [{"ci_99": [2.847024638724679, 2.894785954616964], "q_25": 2.862441222416237, "q_75": 2.8763995189219713, "min": 2.848834292963147, "max": 2.894785954616964, "mean": 2.869425288091103, "std": 0.014470191676599102, "repeat": 6, "number": 1}]}, "api.supers.time_remove": {"result": [2.1090005123987794], "stats": [{"ci_99": [2.098708299919963, 2.120721571147442], "q_25": 2.105800087330863, "q_75": 2.1140002040192485, "min": 2.098708299919963, "max": 2.120721571147442, "mean": 2.109663860988803, "std": 0.006382343363919777, "repeat": 8, "number": 1}]}, "api.supers.time_status": null, "api.supers.time_status_recursive": null, "api.supers.time_subdatasets": {"result": [0.05308796977624297], "stats": [{"ci_99": [0.05053988937288523, 0.05846984777599573], "q_25": 0.0520146859344095, "q_75": 0.05467664008028805, "min": 0.05053988937288523, "max": 0.05846984777599573, "mean": 0.05355556448921561, "std": 0.0023136354087170225, "repeat": 10, "number": 1}]}, "api.supers.time_subdatasets_recursive": {"result": [0.1260133688338101], "stats": [{"ci_99": [0.11831012647598982, 0.13096286449581385], "q_25": 0.12195448763668537, "q_75": 0.12824546336196363, "min": 0.11831012647598982, "max": 0.13096286449581385, "mean": 0.1251170676201582, "std": 0.004014564336794141, "repeat": 10, "number": 1}]}, "api.supers.time_subdatasets_recursive_first": {"result": [0.05172613589093089], "stats": [{"ci_99": [0.04660007916390896, 0.05845349747687578], "q_25": 0.04945265990681946, "q_75": 0.052990789292380214, "min": 0.04660007916390896, "max": 0.05845349747687578, "mean": 0.05153083959594369, "std": 0.0034956988099714265, "repeat": 10, "number": 1}]}, "api.supers.time_uninstall": {"result": [2.2341084741055965], "stats": [{"ci_99": [2.219289622269571, 2.2543353801593184], "q_25": 2.223025815328583, "q_75": 2.247401403961703, "min": 2.219289622269571, "max": 2.2543353801593184, "mean": 2.2356208791024983, "std": 0.014232527763868337, "repeat": 8, "number": 1}]}, "repo.gitrepo.time_get_content_info": {"result": [0.019098786637187004], "stats": [{"ci_99": [0.01705649308860302, 0.025000491179525852], "q_25": 0.01868960144929588, "q_75": 0.01951885293237865, "min": 0.01705649308860302, "max": 0.025000491179525852, "mean": 0.019541406910866498, "std": 0.0019817564573680834, "repeat": 10, "number": 1}]}, "api.testds.time_create_test_dataset1": {"result": [0.44538790499791503], "stats": [{"ci_99": [0.43272607401013374, 0.4553498327732086], "q_25": 0.4383039630483836, "q_75": 0.452868182444945, "min": 0.43272607401013374, "max": 0.4553498327732086, "mean": 0.4448751294054091, "std": 0.008279404380071393, "repeat": 10, "number": 1}]}, "api.testds.time_create_test_dataset2x2": {"result": [3.313303003553301], "stats": [{"ci_99": [3.266108848154545, 3.345866749374836], "q_25": 3.294401428895071, "q_75": 3.324334736680612, "min": 3.266108848154545, "max": 3.3362017245963216, "mean": 3.3075049108204744, "std": 0.023644515294908238, "repeat": 6, "number": 1}]}, "core.runner.time_echo": {"result": [0.001946558787797888], "stats": [{"ci_99": [0.0017133316335578759, 0.002340475873400768], "q_25": 0.0017204736747468512, "q_75": 0.002276363472143809, "min": 0.0017133316335578759, "max": 0.002340475873400768, "mean": 0.001991430654500922, "std": 0.00027544297388420146, "repeat": 10, "number": 6}]}, "core.runner.time_echo_gitrunner": {"result": [0.002151211374439299], "stats": [{"ci_99": [0.0020981086418032646, 0.0024653500877320766], "q_25": 0.0021055409451946616, "q_75": 0.0023234596592374146, "min": 0.0020981086418032646, "max": 0.0024653500877320766, "mean": 0.002219414687715471, "std": 0.00013404207543510116, "repeat": 10, "number": 4}]}, "core.startup.time_help_np": {"result": [0.5815446781925857], "stats": [{"ci_99": [0.5427953414618969, 0.6085590990260243], "q_25": 0.5473535358905792, "q_75": 0.5997750251553953, "min": 0.5427953414618969, "max": 0.6085590990260243, "mean": 0.5759813405573369, "std": 0.02694459500747616, "repeat": 10, "number": 1}]}, "core.startup.time_import": {"result": [0.16299785068258643], "stats": [{"ci_99": [0.13642077799886465, 0.2098991982638836], "q_25": 0.15359360398724675, "q_75": 0.2017086090054363, "min": 0.13642077799886465, "max": 0.2098991982638836, "mean": 0.17283127224072814, "std": 0.026589515311174816, "repeat": 10, "number": 1}]}, "core.startup.time_import_api": {"result": [0.4955945652909577], "stats": [{"ci_99": [0.44202482886612415, 0.5558049324899912], "q_25": 0.48167230235412717, "q_75": 0.5328914804849774, "min": 0.44202482886612415, "max": 0.5558049324899912, "mean": 0.4992551223374903, "std": 0.037095546459358954, "repeat": 10, "number": 1}]}, "support.path.get_parent_paths.time_allsubmods_toplevel": null, "support.path.get_parent_paths.time_allsubmods_toplevel_only": null, "support.path.get_parent_paths.time_no_submods": null, "support.path.get_parent_paths.time_one_submod_subdir": null, "support.path.get_parent_paths.time_one_submod_toplevel": null, "usecases.study_forrest.time_make_studyforrest_mockup": {"result": [36.18444578303024], "stats": [{"ci_99": [26.403845977503806, 45.96504558855667], "q_25": 36.08663978497498, "q_75": 36.282251781085506, "min": 35.98883378691971, "max": 36.38005777914077, "mean": 36.18444578303024, "std": 0.1956119961105287, "repeat": 2, "number": 1}]}, "core.runner.track_overhead_100ms": 1.51, "core.runner.track_overhead_echo": 35.73, "core.runner.track_overhead_heavyout": -2.48, "core.runner.track_overhead_heavyout_online_process": 2001.99, "core.runner.track_overhead_heavyout_online_through": 24.96}, "params": {"arch": "x86_64", "cpu": "Intel(R) Xeon(R) CPU E5-1607 v2 @ 3.00GHz",