{"results": {"api.supers.time_createadd": {"result": [1.2700991393066943], "stats": [{"ci_99": [1.2559782033786178, 1.2850449811667204], "q_25": 1.2664786118548363, "q_75": 1.276498691411689, "min": 1.2559782033786178, "max": 1.2850449811667204, "mean": 1.270753903221339, "std": 0.007929653339382217, "repeat": 10, "number": 1}]}, "api.supers.time_createadd_to_dataset": {"result": [1.2220452893525362], "stats": [{"ci_99": [1.2045893501490355, 1.2428597388789058], "q_25": 1.2118992800824344, "q_75": 1.225574434036389, "min": 1.2045893501490355, "max": 1.2428597388789058, "mean": 1.220045879855752, "std": 0.011025875556378044, "repeat": 10, "number": 1}]}, "api.supers.time_diff": null, "api.supers.time_diff_recursive": null, "api.supers.time_installr": {"result": [5.018131319433451], "stats": [{"ci_99": [4.859794234856963, 5.176468404009938], "q_25": 5.016547948587686, "q_75": 5.019714690279216, "min": 5.014964577741921, "max": 5.0212980611249804, "mean": 5.018131319433451, "std": 0.003166741691529751, "repeat": 2, "number": 1}]}, "api.supers.time_ls": {"result": [0.1859820387326181], "stats": [{"ci_99": [0.18090822082012892, 0.19687801972031593], "q_25": 0.1842651511542499, "q_75": 0.19304344151169062, "min": 0.18090822082012892, "max": 0.19687801972031593, "mean": 0.1881765117868781, "std": 0.005554004033126435, "repeat": 10, "number": 1}]}, "api.supers.time_ls_recursive": {"result": [1.772738412488252], "stats": [{"ci_99": [1.7620991142466664, 1.7838592529296875], "q_25": 1.7667972354684025, "q_75": 1.775270412908867, "min": 1.7620991142466664, "max": 1.7838592529296875, "mean": 1.7719168210402132, "std": 0.006680642392197643, "repeat": 10, "number": 1}]}, "api.supers.time_ls_recursive_long_all": {"result": [1.92964289477095], "stats": [{"ci_99": [1.9202393786981702, 1.9433365007862449], "q_25": 1.929188139270991, "q_75": 1.9360420799348503, "min": 1.9202393786981702, "max": 1.9433365007862449, "mean": 1.9318613214418292, "std": 0.006632763205439963, "repeat": 8, "number": 1}]}, "api.supers.time_remove": null, "api.supers.time_status": {"result": [0.7197762504220009], "stats": [{"ci_99": [0.7167458366602659, 0.7233051480725408], "q_25": 0.7187417598906904, "q_75": 0.7219245382584631, "min": 0.7167458366602659, "max": 0.7233051480725408, "mean": 0.7200903437100351, "std": 0.001999568690178729, "repeat": 10, "number": 1}]}, "api.supers.time_status_recursive": {"result": [1.3662882819771767], "stats": [{"ci_99": [1.359506655484438, 1.3720361022278666], "q_25": 1.360468479571864, "q_75": 1.3690177532844245, "min": 1.359506655484438, "max": 1.3720361022278666, "mean": 1.3655190525576473, "std": 0.004769591932163701, "repeat": 10, "number": 1}]}, "api.supers.time_subdatasets": {"result": [0.08466193219646811], "stats": [{"ci_99": [0.07954976335167885, 0.09517570585012436], "q_25": 0.08252258319407701, "q_75": 0.08975592022761703, "min": 0.07954976335167885, "max": 0.09517570585012436, "mean": 0.08610731437802314, "std": 0.004819358401772189, "repeat": 10, "number": 1}]}, "api.supers.time_subdatasets_recursive": {"result": [0.41736990911886096], "stats": [{"ci_99": [0.40983529575169086, 0.4284769147634506], "q_25": 0.4138200047891587, "q_75": 0.42122737504541874, "min": 0.40983529575169086, "max": 0.4284769147634506, "mean": 0.4177971625700593, "std": 0.005346777518980826, "repeat": 10, "number": 1}]}, "api.supers.time_subdatasets_recursive_first": {"result": [0.08232933189719915], "stats": [{"ci_99": [0.07836719322949648, 0.09072429407387972], "q_25": 0.08134384267032146, "q_75": 0.0835142859723419, "min": 0.07836719322949648, "max": 0.09072429407387972, "mean": 0.08312935614958405, "std": 0.0033621800411787403, "repeat": 10, "number": 1}]}, "api.supers.time_uninstall": {"result": [4.133567335549742], "stats": [{"ci_99": [4.069998852276092, 4.228611676189268], "q_25": 4.130936676636338, "q_75": 4.151935923146084, "min": 4.124209822155535, "max": 4.205876563675702, "mean": 4.14930526423268, "std": 0.03288525353802185, "repeat": 4, "number": 1}]}, "repo.gitrepo.time_get_content_info": {"result": [0.015582758001983166], "stats": [{"ci_99": [0.014168529771268368, 0.017834668047726154], "q_25": 0.014665738912299275, "q_75": 0.016345325158908963, "min": 0.014168529771268368, "max": 0.017834668047726154, "mean": 0.015640951786190273, "std": 0.001147166218014712, "repeat": 10, "number": 1}]}, "api.testds.time_create_test_dataset1": {"result": [0.5952218594029546], "stats": [{"ci_99": [0.5804083989933133, 0.6118466351181269], "q_25": 0.5926809934899211, "q_75": 0.5992254957091063, "min": 0.5804083989933133, "max": 0.6118466351181269, "mean": 0.5964999307878316, "std": 0.00855921371421934, "repeat": 10, "number": 1}]}, "api.testds.time_create_test_dataset2x2": {"result": [3.684937649872154], "stats": [{"ci_99": [3.6114029652909894, 3.741678458498273], "q_25": 3.6657676331233233, "q_75": 3.695710728643462, "min": 3.637370526790619, "max": 3.6989170210435987, "mean": 3.6765407118946314, "std": 0.024312379522546404, "repeat": 4, "number": 1}]}, "core.runner.time_echo": {"result": [0.0017374576224635043], "stats": [{"ci_99": [0.0017098616808652878, 0.0018500848673284054], "q_25": 0.0017233270918950438, "q_75": 0.0017553787135208647, "min": 0.0017098616808652878, "max": 0.0018500848673284054, "mean": 0.001748004105562965, "std": 3.962624496372862e-05, "repeat": 10, "number": 6}]}, "core.runner.time_echo_gitrunner": {"result": [0.002362662088125944], "stats": [{"ci_99": [0.0021049810573458673, 0.002973357401788235], "q_25": 0.0021179836243391034, "q_75": 0.0027920134831219915, "min": 0.0021049810573458673, "max": 0.002973357401788235, "mean": 0.002454638779163361, "std": 0.0003476446184858528, "repeat": 10, "number": 5}]}, "core.startup.time_help_np": {"result": [0.5616545341908932], "stats": [{"ci_99": [0.5340538080781698, 0.6342250276356936], "q_25": 0.537038870388642, "q_75": 0.5891370819881558, "min": 0.5340538080781698, "max": 0.6342250276356936, "mean": 0.5676014312542975, "std": 0.0335779945249504, "repeat": 10, "number": 1}]}, "core.startup.time_import": {"result": [0.1161404880695045], "stats": [{"ci_99": [0.1138512622565031, 0.18367248214781284], "q_25": 0.11436220072209835, "q_75": 0.1436971330549568, "min": 0.1138512622565031, "max": 0.18367248214781284, "mean": 0.1313699739985168, "std": 0.023569685030830515, "repeat": 10, "number": 1}]}, "core.startup.time_import_api": {"result": [0.5015337523072958], "stats": [{"ci_99": [0.46541709266602993, 0.5867764838039875], "q_25": 0.467120103770867, "q_75": 0.529344029026106, "min": 0.46541709266602993, "max": 0.5867764838039875, "mean": 0.504898068215698, "std": 0.03931231919144962, "repeat": 10, "number": 1}]}, "support.path.get_parent_paths.time_allsubmods_toplevel": {"result": [0.007905928883701563], "stats": [{"ci_99": [0.007074323482811451, 0.009027234744280577], "q_25": 0.00747220846824348, "q_75": 0.008325253147631884, "min": 0.007074323482811451, "max": 0.009027234744280577, "mean": 0.007937184395268559, "std": 0.000613617635345123, "repeat": 10, "number": 2}]}, "support.path.get_parent_paths.time_allsubmods_toplevel_only": {"result": [0.00733034685254097], "stats": [{"ci_99": [0.00663068238645792, 0.008189973887056112], "q_25": 0.006987847154960036, "q_75": 0.007683253264985979, "min": 0.00663068238645792, "max": 0.008189973887056112, "mean": 0.007361751748248935, "std": 0.0005312512701400668, "repeat": 10, "number": 2}]}, "support.path.get_parent_paths.time_no_submods": {"result": [3.360980934220743e-07], "stats": [{"ci_99": [3.139881561141528e-07, 3.68207012977426e-07], "q_25": 3.2286921222285673e-07, "q_75": 3.5307592245635627e-07, "min": 3.139881561141528e-07, "max": 3.68207012977426e-07, "mean": 3.3873697903539224e-07, "std": 1.7887890973839953e-08, "repeat": 10, "number": 27606}]}, "support.path.get_parent_paths.time_one_submod_subdir": {"result": [0.0055393928196281195], "stats": [{"ci_99": [0.005469489376991987, 0.006220721639692783], "q_25": 0.005525982589460909, "q_75": 0.005758772022090852,