{"results": {"api.supers.time_createadd": {"result": [1.2710112826898694], "stats": [{"ci_99": [1.263290454633534, 1.302843827754259], "q_25": 1.267296687932685, "q_75": 1.274825738510117, "min": 1.263290454633534, "max": 1.302843827754259, "mean": 1.27448818217963, "std": 0.011371887802378376, "repeat": 10, "number": 1}]}, "api.supers.time_createadd_to_dataset": {"result": [1.220138399861753], "stats": [{"ci_99": [1.2035226598381996, 1.239384432323277], "q_25": 1.2114125126972795, "q_75": 1.2340239335317165, "min": 1.2035226598381996, "max": 1.239384432323277, "mean": 1.2213784199208022, "std": 0.012859214278487054, "repeat": 10, "number": 1}]}, "api.supers.time_diff": null, "api.supers.time_diff_recursive": null, "api.supers.time_installr": {"result": [6.286547875031829], "stats": [{"ci_99": [5.516264850273728, 7.0568308997899285], "q_25": 6.278845044784248, "q_75": 6.29425070527941, "min": 6.271142214536667, "max": 6.301953535526991, "mean": 6.286547875031829, "std": 0.01540566049516201, "repeat": 2, "number": 1}]}, "api.supers.time_ls": {"result": [0.1903048292733729], "stats": [{"ci_99": [0.18596371542662382, 0.20493759866803885], "q_25": 0.18847492546774447, "q_75": 0.19503900595009327, "min": 0.18596371542662382, "max": 0.20493759866803885, "mean": 0.19261453142389656, "std": 0.005596549284388705, "repeat": 10, "number": 1}]}, "api.supers.time_ls_recursive": {"result": [1.9110438097268343], "stats": [{"ci_99": [1.8988775163888931, 1.9216592879965901], "q_25": 1.9025342520326376, "q_75": 1.915530833415687, "min": 1.8988775163888931, "max": 1.9216592879965901, "mean": 1.9096753218521674, "std": 0.0075127689217472475, "repeat": 9, "number": 1}]}, "api.supers.time_ls_recursive_long_all": {"result": [2.068095072172582], "stats": [{"ci_99": [2.056253462098539, 2.0728275598958135], "q_25": 2.061130477814004, "q_75": 2.07029305328615, "min": 2.056253462098539, "max": 2.0728275598958135, "mean": 2.0662172015290707, "std": 0.00567263797074465, "repeat": 8, "number": 1}]}, "api.supers.time_remove": null, "api.supers.time_status": {"result": [0.7545787319540977], "stats": [{"ci_99": [0.7493706112727523, 0.7606306346133351], "q_25": 0.7537751791533083, "q_75": 0.7554813970346004, "min": 0.7493706112727523, "max": 0.7606306346133351, "mean": 0.754667304456234, "std": 0.003399257600727716, "repeat": 10, "number": 1}]}, "api.supers.time_status_recursive": {"result": [1.4028421472758055], "stats": [{"ci_99": [1.397075256332755, 1.4196774438023567], "q_25": 1.40084118838422, "q_75": 1.4084062590263784, "min": 1.397075256332755, "max": 1.4196774438023567, "mean": 1.4049141205847264, "std": 0.006524111442539021, "repeat": 10, "number": 1}]}, "api.supers.time_subdatasets": {"result": [0.11250165477395058], "stats": [{"ci_99": [0.1094091646373272, 0.11440204456448555], "q_25": 0.11024277471005917, "q_75": 0.11337027419358492, "min": 0.1094091646373272, "max": 0.11440204456448555, "mean": 0.11197749683633447, "std": 0.001771935500806411, "repeat": 10, "number": 1}]}, "api.supers.time_subdatasets_recursive": {"result": [0.44648738810792565], "stats": [{"ci_99": [0.43938340805470943, 0.45480563025921583], "q_25": 0.44458539108745754, "q_75": 0.44969205232337117, "min": 0.43938340805470943, "max": 0.45480563025921583, "mean": 0.44709284864366056, "std": 0.00427698644751029, "repeat": 10, "number": 1}]}, "api.supers.time_subdatasets_recursive_first": {"result": [0.10927816247567534], "stats": [{"ci_99": [0.10763415601104498, 0.11112675163894892], "q_25": 0.10859465645626187, "q_75": 0.10980305261909962, "min": 0.10763415601104498, "max": 0.11112675163894892, "mean": 0.10928082708269357, "std": 0.0011513249326697568, "repeat": 10, "number": 1}]}, "api.supers.time_uninstall": {"result": [4.093287912197411], "stats": [{"ci_99": [4.067335923676608, 4.125497468738587], "q_25": 4.089188864454627, "q_75": 4.100515743950382, "min": 4.084861262701452, "max": 4.1142296977341175, "mean": 4.096416696207598, "std": 0.011005950402725503, "repeat": 4, "number": 1}]}, "repo.gitrepo.time_get_content_info": {"result": [0.015248601790517569], "stats": [{"ci_99": [0.014807496219873428, 0.018563962541520596], "q_25": 0.01503495336510241, "q_75": 0.015452396124601364, "min": 0.014807496219873428, "max": 0.018563962541520596, "mean": 0.01569568058475852, "std": 0.001136511476491468, "repeat": 10, "number": 1}]}, "api.testds.time_create_test_dataset1": {"result": [0.599874738138169], "stats": [{"ci_99": [0.5942949345335364, 0.6173436222597957], "q_25": 0.5981329588685185, "q_75": 0.6092590573243797, "min": 0.5942949345335364, "max": 0.6173436222597957, "mean": 0.6031897858716547, "std": 0.007084028559108387, "repeat": 10, "number": 1}]}, "api.testds.time_create_test_dataset2x2": {"result": [3.5815330087207258], "stats": [{"ci_99": [3.5413293001339747, 3.624222403754948], "q_25": 3.5744947800412774, "q_75": 3.58981408062391, "min": 3.5626571495085955, "max": 3.605380240827799, "mean": 3.5827758519444615, "std": 0.015312863732783856, "repeat": 4, "number": 1}]}, "core.runner.time_echo": {"result": [0.0017026547963420549], "stats": [{"ci_99": [0.0016910325114925702, 0.0021514900339146457], "q_25": 0.001700154699695607, "q_75": 0.0017105369673420985, "min": 0.0016910325114925702, "max": 0.0021514900339146457, "mean": 0.0017605613296230635, "std": 0.0001367979399597963, "repeat": 10, "number": 6}]}, "core.runner.time_echo_gitrunner": {"result": [0.0026689249789342284], "stats": [{"ci_99": [0.002424017759039998, 0.0029403085354715586], "q_25": 0.0025772679364308715, "q_75": 0.0027892273501493037, "min": 0.002424017759039998, "max": 0.0029403085354715586, "mean": 0.0026859129779040814, "std": 0.00016117255958731795, "repeat": 10, "number": 4}]}, "core.startup.time_help_np": {"result": [0.5655785887502134], "stats": [{"ci_99": [0.5145417554304004, 0.6348030250519514], "q_25": 0.5575543823651969, "q_75": 0.5954863685183227, "min": 0.5145417554304004, "max": 0.6348030250519514, "mean": 0.5718345469795167, "std": 0.036864589019330096, "repeat": 10, "number": 1}]}, "core.startup.time_import": {"result": [0.17125222133472562], "stats": [{"ci_99": [0.11480700597167015, 0.19369461759924889], "q_25": 0.14471000735647976, "q_75": 0.18418931029736996, "min": 0.11480700597167015, "max": 0.19369461759924889, "mean": 0.1620940669439733, "std": 0.02718308986807252, "repeat": 10, "number": 1}]}, "core.startup.time_import_api": {"result": [0.5109634636901319], "stats": [{"ci_99": [0.45051249396055937, 0.5697591714560986], "q_25": 0.49567873403429985, "q_75": 0.5407200925983489, "min": 0.45051249396055937, "max": 0.5697591714560986, "mean": 0.5113982594572007, "std": 0.03692715889768184, "repeat": 10, "number": 1}]}, "support.path.get_parent_paths.time_allsubmods_toplevel": {"result": [0.00727921212092042], "stats": [{"ci_99": [0.0067888181656599045, 0.00881603080779314], "q_25": 0.006916772341355681, "q_75": 0.007733693113550544, "min": 0.0067888181656599045, "max": 0.00881603080779314, "mean": 0.0074395773001015185, "std": 0.0006212199780755973, "repeat": 10, "number": 2}]}, "support.path.get_parent_paths.time_allsubmods_toplevel_only": {"result": [0.007220439845696092], "stats": [{"ci_99": [0.006448059342801571, 0.008121381048113108], "q_25": 0.0068337240954861045, "q_75": 0.0075392466969788074, "min": 0.006448059342801571, "max": 0.008121381048113108, "mean": 0.007229533791542053, "std": 0.0005384544091728969, "repeat": 10, "number": 2}]}, "support.path.get_parent_paths.time_no_submods": {"result": [3.358104277103599e-07], "stats": [{"ci_99": [3.0741511403857446e-07, 3.603219629158948e-07], "q_25": 3.169789185117166e-07, "q_75": 3.4466664457294545e-07, "min": 3.0741511403857446e-07, "max": 3.603219629158948e-07, "mean": 3.3263658962652e-07, "std": 1.660325722172119e-08, "repeat": 10, "number": 27313}]}, "support.path.get_parent_paths.time_one_submod_subdir": {"result": [0.005454448517411947], "stats": [{"ci_99": [0.005328256171196699, 0.006370374467223883], "q_25": 0.0054427842842414975,