{"results": {"api.supers.time_createadd": {"result": [0.9688086812384427], "stats": [{"ci_99": [0.955479827709496, 0.9953646138310432], "q_25": 0.9625316113233566, "q_75": 0.9736547593493015, "min": 0.955479827709496, "max": 0.9953646138310432, "mean": 0.9696256454102695, "std": 0.010689581022359975, "repeat": 10, "number": 1}]}, "api.supers.time_createadd_to_dataset": {"result": [0.9672869672067463], "stats": [{"ci_99": [0.9576409626752138, 0.9970326023176312], "q_25": 0.9634348053950816, "q_75": 0.9866044952068478, "min": 0.9576409626752138, "max": 0.9970326023176312, "mean": 0.9738282023929059, "std": 0.01388987665510299, "repeat": 10, "number": 1}]}, "api.supers.time_diff": null, "api.supers.time_diff_recursive": null, "api.supers.time_installr": {"result": [4.091489144600928], "stats": [{"ci_99": [4.004588535091018, 4.190303678123171], "q_25": 4.07068906025961, "q_75": 4.118246190948412, "min": 4.061051269993186, "max": 4.145754867233336, "mean": 4.097446106607094, "std": 0.032969420366631995, "repeat": 4, "number": 1}]}, "api.supers.time_ls": {"result": [0.11725214123725891], "stats": [{"ci_99": [0.10935387760400772, 0.13628309965133667], "q_25": 0.11672207294031978, "q_75": 0.11909868195652962, "min": 0.10935387760400772, "max": 0.13628309965133667, "mean": 0.11870613638311625, "std": 0.006446535366300206, "repeat": 10, "number": 1}]}, "api.supers.time_ls_recursive": {"result": [1.0734902368858457], "stats": [{"ci_99": [1.065809391438961, 1.1115410514175892], "q_25": 1.0691985476296395, "q_75": 1.0808322022203356, "min": 1.065809391438961, "max": 1.1115410514175892, "mean": 1.0775429299101233, "std": 0.012848198643646312, "repeat": 10, "number": 1}]}, "api.supers.time_ls_recursive_long_all": {"result": [1.2374748177826405], "stats": [{"ci_99": [1.2193472580984235, 1.2700862167403102], "q_25": 1.230521036311984, "q_75": 1.2408629613928497, "min": 1.2193472580984235, "max": 1.2700862167403102, "mean": 1.2379259918816388, "std": 0.012715610574230875, "repeat": 10, "number": 1}]}, "api.supers.time_remove": {"result": [2.0823885430581868], "stats": [{"ci_99": [2.0289511950686574, 2.131813927553594], "q_25": 2.0462749847210944, "q_75": 2.1211227814201266, "min": 2.0289511950686574, "max": 2.131813927553594, "mean": 2.082278862129897, "std": 0.041794614656636524, "repeat": 8, "number": 1}]}, "api.supers.time_status": {"result": [0.7005916312336922], "stats": [{"ci_99": [0.6799320690333843, 0.7215434536337852], "q_25": 0.6880103091243654, "q_75": 0.717612512409687, "min": 0.6799320690333843, "max": 0.7215434536337852, "mean": 0.7017080096527935, "std": 0.015915788643642917, "repeat": 10, "number": 1}]}, "api.supers.time_status_recursive": {"result": [1.1614051880314946], "stats": [{"ci_99": [1.1458767093718052, 1.2101082410663366], "q_25": 1.148410708643496, "q_75": 1.1778093308676034, "min": 1.1458767093718052, "max": 1.2101082410663366, "mean": 1.1665505160577596, "std": 0.020563036651888012, "repeat": 10, "number": 1}]}, "api.supers.time_subdatasets": {"result": [0.06556511903181672], "stats": [{"ci_99": [0.062410565093159676, 0.08125444501638412], "q_25": 0.06351026799529791, "q_75": 0.0715032012667507, "min": 0.062410565093159676, "max": 0.08125444501638412, "mean": 0.06805123994126916, "std": 0.005828583755239882, "repeat": 10, "number": 1}]}, "api.supers.time_subdatasets_recursive": {"result": [0.2496058470569551], "stats": [{"ci_99": [0.24215268902480602, 0.25590695161372423], "q_25": 0.2449170844629407, "q_75": 0.25294468365609646, "min": 0.24215268902480602, "max": 0.25590695161372423, "mean": 0.24896727735176682, "std": 0.004726948544444486, "repeat": 10, "number": 1}]}, "api.supers.time_subdatasets_recursive_first": {"result": [0.06804413627833128], "stats": [{"ci_99": [0.06168908625841141, 0.07399993389844894], "q_25": 0.06431534653529525, "q_75": 0.06958908517844975, "min": 0.06168908625841141, "max": 0.07399993389844894, "mean": 0.06730912402272224, "std": 0.003701653846604652, "repeat": 10, "number": 1}]}, "api.supers.time_uninstall": {"result": [2.006749206222594], "stats": [{"ci_99": [1.992440260015428, 2.096527419053018], "q_25": 1.9998166917357594, "q_75": 2.0297641307115555, "min": 1.992440260015428, "max": 2.096527419053018, "mean": 2.024183070170693, "std": 0.037271671422075714, "repeat": 8, "number": 1}]}, "repo.gitrepo.time_get_content_info": {"result": [0.02258035307750106], "stats": [{"ci_99": [0.018191296607255936, 0.025187870487570763], "q_25": 0.020951653365045786, "q_75": 0.022930714767426252, "min": 0.018191296607255936, "max": 0.025187870487570763, "mean": 0.02214312506839633, "std": 0.0019314846817277285, "repeat": 10, "number": 1}]}, "api.testds.time_create_test_dataset1": {"result": [0.4319923697039485], "stats": [{"ci_99": [0.43006857205182314, 0.4400085723027587], "q_25": 0.43118793168105185, "q_75": 0.4345852679107338, "min": 0.43006857205182314, "max": 0.4400085723027587, "mean": 0.4335954932495952, "std": 0.003452243331916513, "repeat": 10, "number": 1}]}, "api.testds.time_create_test_dataset2x2": {"result": [2.6996970060281456], "stats": [{"ci_99": [2.678202612325549, 2.725220510736108], "q_25": 2.6925918895285577, "q_75": 2.7016928461380303, "min": 2.678202612325549, "max": 2.725220510736108, "mean": 2.6992331297757723, "std": 0.01415365109261108, "repeat": 6, "number": 1}]}, "core.runner.time_echo": {"result": [0.0017337179742753506], "stats": [{"ci_99": [0.0017262316929797332, 0.0017786971293389797], "q_25": 0.0017301896198963125, "q_75": 0.0017370346079890926, "min": 0.0017262316929797332, "max": 0.0017786971293389797, "mean": 0.0017372251798709233, "std": 1.4374048757157403e-05, "repeat": 10, "number": 6}]}, "core.runner.time_echo_gitrunner": {"result": [0.0027878559194505215], "stats": [{"ci_99": [0.0026086594443768263, 0.0030972990207374096], "q_25": 0.0026957932859659195, "q_75": 0.0029660745058208704, "min": 0.0026086594443768263, "max": 0.0030972990207374096, "mean": 0.0028293553972616793, "std": 0.00015991322096190367, "repeat": 10, "number": 4}]}, "core.startup.time_help_np": {"result": [0.587646970525384], "stats": [{"ci_99": [0.5327552510425448, 0.6492061093449593], "q_25": 0.5782548729330301, "q_75": 0.6137826836202294, "min": 0.5327552510425448, "max": 0.6492061093449593, "mean": 0.5929504302330315, "std": 0.03136717488790628, "repeat": 10, "number": 1}]}, "core.startup.time_import": {"result": [0.18203966226428747], "stats": [{"ci_99": [0.1550595136359334, 0.20220674946904182], "q_25": 0.16378814028576016, "q_75": 0.1935498712118715, "min": 0.1550595136359334, "max": 0.20220674946904182, "mean": 0.1794333246536553, "std": 0.016699384979116993, "repeat": 10, "number": 1}]}, "core.startup.time_import_api": {"result": [0.5319395083934069], "stats": [{"ci_99": [0.4461804945021868, 0.5728933271020651], "q_25": 0.5066231926903129, "q_75": 0.559144388884306, "min": 0.4461804945021868, "max": 0.5728933271020651, "mean": 0.5239880440756679, "std": 0.04280801151409312, "repeat": 10, "number": 1}]}, "support.path.get_parent_paths.time_allsubmods_toplevel": null, "support.path.get_parent_paths.time_allsubmods_toplevel_only": null, "support.path.get_parent_paths.time_no_submods": null, "support.path.get_parent_paths.time_one_submod_subdir": null, "support.path.get_parent_paths.time_one_submod_toplevel": null, "usecases.study_forrest.time_make_studyforrest_mockup": {"result": [26.46696679573506], "stats": [{"ci_99": [25.435355913825333, 27.49857767764479], "q_25": 26.456650686915964, "q_75": 26.47728290455416, "min": 26.446334578096867, "max": 26.487599013373256, "mean": 26.46696679573506, "std": 0.02063221763819456, "repeat": 2, "number": 1}]}, "core.runner.track_overhead_100ms": 1.75, "core.runner.track_overhead_echo": 41.82, "core.runner.track_overhead_heavyout": 9.92, "core.runner.track_overhead_heavyout_online_process": -13.27, "core.runner.track_overhead_heavyout_online_through": 25.2}, "params": {"arch": "x86_64", "cpu": "Intel(R) Xeon(R) CPU E5-1607 v2 @ 3.00GHz",