{"results": {"api.supers.time_createadd": {"result": [0.9745174925774336], "stats": [{"ci_99": [0.9617761736735702, 0.9966674102470279], "q_25": 0.9668081293348223, "q_75": 0.9775267376098782, "min": 0.9617761736735702, "max": 0.9966674102470279, "mean": 0.9744756725616753, "std": 0.010119129084422933, "repeat": 10, "number": 1}]}, "api.supers.time_createadd_to_dataset": {"result": [0.9709599041379988], "stats": [{"ci_99": [0.950170049443841, 0.9960366450250149], "q_25": 0.9555408051237464, "q_75": 0.9766056009102613, "min": 0.950170049443841, "max": 0.9960366450250149, "mean": 0.9692120549269021, "std": 0.014550926457298096, "repeat": 10, "number": 1}]}, "api.supers.time_diff": null, "api.supers.time_diff_recursive": null, "api.supers.time_installr": {"result": [4.113023620098829], "stats": [{"ci_99": [4.039652630144992, 4.175922426471224], "q_25": 4.091346255270764, "q_75": 4.1294648931361735, "min": 4.073478719219565, "max": 4.13162415381521, "mean": 4.1077875283081084, "std": 0.023950181421519685, "repeat": 4, "number": 1}]}, "api.supers.time_ls": {"result": [0.11767500592395663], "stats": [{"ci_99": [0.11135860253125429, 0.1227506585419178], "q_25": 0.11630303901620209, "q_75": 0.12045637588016689, "min": 0.11135860253125429, "max": 0.1227506585419178, "mean": 0.11778852175921202, "std": 0.0034956115019876984, "repeat": 10, "number": 1}]}, "api.supers.time_ls_recursive": {"result": [1.0712011065334082], "stats": [{"ci_99": [1.0636321064084768, 1.0816117208451033], "q_25": 1.0672107667196542, "q_75": 1.074791029561311, "min": 1.0636321064084768, "max": 1.0816117208451033, "mean": 1.0712995347566903, "std": 0.005397697920007842, "repeat": 10, "number": 1}]}, "api.supers.time_ls_recursive_long_all": {"result": [1.2257440774701536], "stats": [{"ci_99": [1.212731696665287, 1.2648920258507133], "q_25": 1.2227104518096894, "q_75": 1.2400132790207863, "min": 1.212731696665287, "max": 1.2648920258507133, "mean": 1.2310406357049941, "std": 0.014527402372930055, "repeat": 10, "number": 1}]}, "api.supers.time_remove": {"result": [2.0319440704770386], "stats": [{"ci_99": [2.013684648089111, 2.0550890183076262], "q_25": 2.0248517969157547, "q_75": 2.0413470847997814, "min": 2.013684648089111, "max": 2.0550890183076262, "mean": 2.0331416082335636, "std": 0.012026400651431013, "repeat": 8, "number": 1}]}, "api.supers.time_status": {"result": [0.6855166982859373], "stats": [{"ci_99": [0.6787148443982005, 0.6996047608554363], "q_25": 0.6812740433961153, "q_75": 0.6909765910822898, "min": 0.6787148443982005, "max": 0.6996047608554363, "mean": 0.6864946165122092, "std": 0.006451443807735153, "repeat": 10, "number": 1}]}, "api.supers.time_status_recursive": {"result": [1.1504557798616588], "stats": [{"ci_99": [1.1433362495154142, 1.2172834938392043], "q_25": 1.1456994228065014, "q_75": 1.1899441238492727, "min": 1.1433362495154142, "max": 1.2172834938392043, "mean": 1.1672459777444602, "std": 0.029237323338305525, "repeat": 10, "number": 1}]}, "api.supers.time_subdatasets": {"result": [0.06804708810523152], "stats": [{"ci_99": [0.06374593917280436, 0.07779039535671473], "q_25": 0.06493701389990747, "q_75": 0.0716226645745337, "min": 0.06374593917280436, "max": 0.07779039535671473, "mean": 0.06880697403103113, "std": 0.0042283733591109195, "repeat": 10, "number": 1}]}, "api.supers.time_subdatasets_recursive": {"result": [0.25160814821720123], "stats": [{"ci_99": [0.24533978942781687, 0.27129427436739206], "q_25": 0.24659798224456608, "q_75": 0.2567398273386061, "min": 0.24533978942781687, "max": 0.27129427436739206, "mean": 0.25309888580814005, "std": 0.007763048676979214, "repeat": 10, "number": 1}]}, "api.supers.time_subdatasets_recursive_first": {"result": [0.06652247300371528], "stats": [{"ci_99": [0.06111166253685951, 0.07880411017686129], "q_25": 0.06538407295010984, "q_75": 0.07010385696776211, "min": 0.06111166253685951, "max": 0.07880411017686129, "mean": 0.06798913003876805, "std": 0.005152186125621939, "repeat": 10, "number": 1}]}, "api.supers.time_uninstall": {"result": [2.036794234998524], "stats": [{"ci_99": [1.9802152356132865, 2.1089464919641614], "q_25": 1.993191790068522, "q_75": 2.0945518813095987, "min": 1.9802152356132865, "max": 2.1089464919641614, "mean": 2.0419328549178317, "std": 0.0526080412849369, "repeat": 8, "number": 1}]}, "repo.gitrepo.time_get_content_info": {"result": [0.02074542874470353], "stats": [{"ci_99": [0.017564045265316963, 0.02566334791481495], "q_25": 0.01831626403145492, "q_75": 0.02091833227314055, "min": 0.017564045265316963, "max": 0.02566334791481495, "mean": 0.020322610065340994, "std": 0.0022653935175171607, "repeat": 10, "number": 1}]}, "api.testds.time_create_test_dataset1": {"result": [0.4434582032263279], "stats": [{"ci_99": [0.4307909794151783, 0.46501830592751503], "q_25": 0.4351597083732486, "q_75": 0.44451258867047727, "min": 0.4307909794151783, "max": 0.46501830592751503, "mean": 0.4424479393288493, "std": 0.009289233838453982, "repeat": 10, "number": 1}]}, "api.testds.time_create_test_dataset2x2": {"result": [2.7510448647662997], "stats": [{"ci_99": [2.707092984156206, 2.7891217586160746], "q_25": 2.726629561977461, "q_75": 2.7701386872213334, "min": 2.716445991769433, "max": 2.7751140845939517, "mean": 2.7481073713861406, "std": 0.023649207969697862, "repeat": 6, "number": 1}]}, "core.runner.time_echo": {"result": [0.0017288208473473787], "stats": [{"ci_99": [0.0017132041975855827, 0.0017488235607743263], "q_25": 0.0017218939028680325, "q_75": 0.001731995299148063, "min": 0.0017132041975855827, "max": 0.0017488235607743263, "mean": 0.0017281766204784311, "std": 1.0111783450395386e-05, "repeat": 10, "number": 6}]}, "core.runner.time_echo_gitrunner": {"result": [0.0024139067390933633], "stats": [{"ci_99": [0.00212983600795269, 0.0032795181032270193], "q_25": 0.002141981036402285, "q_75": 0.002880851039662957, "min": 0.00212983600795269, "max": 0.0032795181032270193, "mean": 0.0025318887550383807, "std": 0.0004167321271439239, "repeat": 10, "number": 4}]}, "core.startup.time_help_np": {"result": [0.5698406733572483], "stats": [{"ci_99": [0.5263314554467797, 0.626251308247447], "q_25": 0.5516624108422548, "q_75": 0.5768457425292581, "min": 0.5263314554467797, "max": 0.626251308247447, "mean": 0.56700871726498, "std": 0.026489032408143223, "repeat": 10, "number": 1}]}, "core.startup.time_import": {"result": [0.18278092425316572], "stats": [{"ci_99": [0.11760532576590776, 0.20438420306891203], "q_25": 0.17141305818222463, "q_75": 0.19442658335901797, "min": 0.11760532576590776, "max": 0.20438420306891203, "mean": 0.17431720141321422, "std": 0.02887065589358134, "repeat": 10, "number": 1}]}, "core.startup.time_import_api": {"result": [0.5088073210790753], "stats": [{"ci_99": [0.44805298931896687, 0.5451684128493071], "q_25": 0.5014758729375899, "q_75": 0.5208562335465103, "min": 0.44805298931896687, "max": 0.5451684128493071, "mean": 0.5051253349520266, "std": 0.030672130448027697, "repeat": 10, "number": 1}]}, "support.path.get_parent_paths.time_allsubmods_toplevel": null, "support.path.get_parent_paths.time_allsubmods_toplevel_only": null, "support.path.get_parent_paths.time_no_submods": null, "support.path.get_parent_paths.time_one_submod_subdir": null, "support.path.get_parent_paths.time_one_submod_toplevel": null, "usecases.study_forrest.time_make_studyforrest_mockup": {"result": [26.349978900980204], "stats": [{"ci_99": [25.007364836055785, 27.692592965904623], "q_25": 26.33655276033096, "q_75": 26.36340504162945, "min": 26.323126619681716, "max": 26.376831182278693, "mean": 26.349978900980204, "std": 0.02685228129848838, "repeat": 2, "number": 1}]}, "core.runner.track_overhead_100ms": 0.82, "core.runner.track_overhead_echo": 33.99, "core.runner.track_overhead_heavyout": 5.64, "core.runner.track_overhead_heavyout_online_process": 8.65, "core.runner.track_overhead_heavyout_online_through": 28.12}, "params": {"arch": "x86_64", "cpu": "Intel(R) Xeon(R) CPU E5-1607 v2 @ 3.00GHz",