{"results": {"api.supers.time_createadd": {"result": [1.3538957671262324], "stats": [{"ci_99": [1.32358951959759, 1.3676680736243725], "q_25": 1.343437719391659, "q_75": 1.3597950409166515, "min": 1.32358951959759, "max": 1.3676680736243725, "mean": 1.3511405766941607, "std": 0.012960902646487901, "repeat": 10, "number": 1}]}, "api.supers.time_createadd_to_dataset": {"result": [1.1184985511936247], "stats": [{"ci_99": [1.1025361735373735, 1.1515351627022028], "q_25": 1.110577950719744, "q_75": 1.1233078406658024, "min": 1.1025361735373735, "max": 1.1515351627022028, "mean": 1.1190807659178972, "std": 0.0129450210258854, "repeat": 10, "number": 1}]}, "api.supers.time_diff": {"result": [0.09791839774698019], "stats": [{"ci_99": [0.08999209199100733, 0.13287530932575464], "q_25": 0.09528070595115423, "q_75": 0.1021105945110321, "min": 0.08999209199100733, "max": 0.13287530932575464, "mean": 0.10160778993740678, "std": 0.011838581412026856, "repeat": 10, "number": 1}]}, "api.supers.time_diff_recursive": {"result": [0.3101800447329879], "stats": [{"ci_99": [0.3052839133888483, 0.33591468818485737], "q_25": 0.3064348413608968, "q_75": 0.3130373174790293, "min": 0.3052839133888483, "max": 0.33591468818485737, "mean": 0.31272603264078497, "std": 0.009013088559663178, "repeat": 10, "number": 1}]}, "api.supers.time_installr": {"result": [3.8516492061316967], "stats": [{"ci_99": [3.791232339648059, 3.912395774776587], "q_25": 3.83718149154447, "q_75": 3.8662817717995495, "min": 3.823226918466389, "max": 3.880730898119509, "mean": 3.851814057212323, "std": 0.021483585144638145, "repeat": 4, "number": 1}]}, "api.supers.time_ls": {"result": [0.6902374299243093], "stats": [{"ci_99": [0.6820938996970654, 0.7047254517674446], "q_25": 0.6860860199667513, "q_75": 0.6969749133568257, "min": 0.6820938996970654, "max": 0.7047254517674446, "mean": 0.6921519375406205, "std": 0.007910376156262312, "repeat": 10, "number": 1}]}, "api.supers.time_ls_recursive": {"result": [2.624693973455578], "stats": [{"ci_99": [2.6159285823733462, 2.639321132105504], "q_25": 2.6241696211509407, "q_75": 2.634081030264497, "min": 2.6176061863079667, "max": 2.6375501239672303, "mean": 2.627624857239425, "std": 0.00729096514449398, "repeat": 6, "number": 1}]}, "api.supers.time_ls_recursive_long_all": {"result": [2.786786226090044], "stats": [{"ci_99": [2.7703085759208843, 2.8074332487904785], "q_25": 2.779822506243363, "q_75": 2.7978122527711093, "min": 2.7759519731625915, "max": 2.804712187498808, "mean": 2.7888709123556814, "std": 0.010835433000831445, "repeat": 6, "number": 1}]}, "api.supers.time_remove": {"result": [2.088036347646266], "stats": [{"ci_99": [2.078913990408182, 2.1190367871895432], "q_25": 2.086683173663914, "q_75": 2.0941071349661797, "min": 2.078913990408182, "max": 2.1190367871895432, "mean": 2.0919009341159835, "std": 0.011287914948019397, "repeat": 8, "number": 1}]}, "api.supers.time_status": {"result": [0.687179530505091], "stats": [{"ci_99": [0.6795714953914285, 0.6892956588417292], "q_25": 0.6851715268567204, "q_75": 0.6879053676966578, "min": 0.6795714953914285, "max": 0.6892956588417292, "mean": 0.6859353214502335, "std": 0.00306851153782011, "repeat": 10, "number": 1}]}, "api.supers.time_status_recursive": {"result": [1.141401959117502], "stats": [{"ci_99": [1.1327815437689424, 1.1539658531546593], "q_25": 1.135693806456402, "q_75": 1.1430052549112588, "min": 1.1327815437689424, "max": 1.1539658531546593, "mean": 1.140507571771741, "std": 0.005802395288338864, "repeat": 10, "number": 1}]}, "api.supers.time_subdatasets": {"result": [0.054175587836652994], "stats": [{"ci_99": [0.0507005387917161, 0.06192048080265522], "q_25": 0.052359993336722255, "q_75": 0.05848934198729694, "min": 0.0507005387917161, "max": 0.06192048080265522, "mean": 0.05521559026092291, "std": 0.0038433380455615246, "repeat": 10, "number": 1}]}, "api.supers.time_subdatasets_recursive": {"result": [0.1219824212603271], "stats": [{"ci_99": [0.1168584730476141, 0.12600442860275507], "q_25": 0.11997964465990663, "q_75": 0.12364929728209972, "min": 0.1168584730476141, "max": 0.12600442860275507, "mean": 0.12168670948594809, "std": 0.0030092814885554608, "repeat": 10, "number": 1}]}, "api.supers.time_subdatasets_recursive_first": {"result": [0.05220648040995002], "stats": [{"ci_99": [0.0496039092540741, 0.06092453841120005], "q_25": 0.05030145985074341, "q_75": 0.056193445809185505, "min": 0.0496039092540741, "max": 0.06092453841120005, "mean": 0.0536131301894784, "std": 0.004145378623509597, "repeat": 10, "number": 1}]}, "api.supers.time_uninstall": {"result": [2.1491787428967655], "stats": [{"ci_99": [2.1466137655079365, 2.1643855459988117], "q_25": 2.1475220560096204, "q_75": 2.1560598155483603, "min": 2.1466137655079365, "max": 2.1643855459988117, "mean": 2.1526949481340125, "std": 0.007018109378501405, "repeat": 8, "number": 1}]}, "repo.gitrepo.time_get_content_info": {"result": [0.020151709206402302], "stats": [{"ci_99": [0.01698809675872326, 0.021777354180812836], "q_25": 0.01886460860259831, "q_75": 0.020883536664769053, "min": 0.01698809675872326, "max": 0.021777354180812836, "mean": 0.019784003496170044, "std": 0.0015585376647607768, "repeat": 10, "number": 1}]}, "api.testds.time_create_test_dataset1": {"result": [0.4357836083509028], "stats": [{"ci_99": [0.4341496732085943, 0.4603251926600933], "q_25": 0.43484380887821317, "q_75": 0.4427049264777452, "min": 0.4341496732085943, "max": 0.4603251926600933, "mean": 0.43975788839161395, "std": 0.00788365480803812, "repeat": 10, "number": 1}]}, "api.testds.time_create_test_dataset2x2": {"result": [2.7466697860509157], "stats": [{"ci_99": [2.7187775000820396, 2.782892810812609], "q_25": 2.7348367953673005, "q_75": 2.767880097962916, "min": 2.7282255198806524, "max": 2.7776031736284494, "mean": 2.7508351554473243, "std": 0.01891064467242263, "repeat": 6, "number": 1}]}, "core.runner.time_echo": {"result": [0.0018631213344633578], "stats": [{"ci_99": [0.0017421649768948554, 0.0022688759490847588], "q_25": 0.0017564283218234778, "q_75": 0.0020738272462040184, "min": 0.0017421649768948554, "max": 0.0022688759490847588, "mean": 0.0019214289635419845, "std": 0.00017969844538308425, "repeat": 10, "number": 5}]}, "core.runner.time_echo_gitrunner": {"result": [0.002555152284912765], "stats": [{"ci_99": [0.0023817047476768494, 0.0027660990599542856], "q_25": 0.002445778576657176, "q_75": 0.0027222364442422986, "min": 0.0023817047476768494, "max": 0.0027660990599542856, "mean": 0.0025753863621503113, "std": 0.00014574208650048053, "repeat": 10, "number": 4}]}, "core.startup.time_help_np": {"result": [0.5993448938243091], "stats": [{"ci_99": [0.5715397587046027, 0.6486260564997792], "q_25": 0.5863907560706139, "q_75": 0.6337210228666663, "min": 0.5715397587046027, "max": 0.6486260564997792, "mean": 0.6072197712026537, "std": 0.026587092291849166, "repeat": 10, "number": 1}]}, "core.startup.time_import": {"result": [0.15761104691773653], "stats": [{"ci_99": [0.11648560967296362, 0.20218066964298487], "q_25": 0.12979154894128442, "q_75": 0.16051014536060393, "min": 0.11648560967296362, "max": 0.20218066964298487, "mean": 0.15238454937934875, "std": 0.025568433363372865, "repeat": 10, "number": 1}]}, "core.startup.time_import_api": {"result": [0.5161496857181191], "stats": [{"ci_99": [0.45251300651580095, 0.565816174261272], "q_25": 0.46078643295913935, "q_75": 0.5372464533429593, "min": 0.45251300651580095, "max": 0.565816174261272, "mean": 0.5073592885397374, "std": 0.042648869328556514, "repeat": 10, "number": 1}]}, "support.path.get_parent_paths.time_allsubmods_toplevel": null, "support.path.get_parent_paths.time_allsubmods_toplevel_only": null, "support.path.get_parent_paths.time_no_submods": null, "support.path.get_parent_paths.time_one_submod_subdir": null, "support.path.get_parent_paths.time_one_submod_toplevel": null, "usecases.study_forrest.time_make_studyforrest_mockup": {"result": [35.43769124569371],