{"results": {"api.supers.time_createadd": {"result": [0.988420844078064], "stats": [{"ci_99": [0.9696841323748231, 0.9985372480005026], "q_25": 0.9767031245864928, "q_75": 0.9948847631458193, "min": 0.9696841323748231, "max": 0.9985372480005026, "mean": 0.9861083652824163, "std": 0.009754936847328028, "repeat": 10, "number": 1}]}, "api.supers.time_createadd_to_dataset": {"result": [0.9836630714125931], "stats": [{"ci_99": [0.9735298035666347, 1.0247804280370474], "q_25": 0.9760215226560831, "q_75": 0.9869259810075164, "min": 0.9735298035666347, "max": 1.0247804280370474, "mean": 0.9857947644777596, "std": 0.014258846845483545, "repeat": 10, "number": 1}]}, "api.supers.time_diff": null, "api.supers.time_diff_recursive": null, "api.supers.time_installr": {"result": [3.776952846441418], "stats": [{"ci_99": [3.760853815552841, 3.7970939537425834], "q_25": 3.7750993084628135, "q_75": 3.7808274226263165, "min": 3.7715143328532577, "max": 3.790475512854755, "mean": 3.778973884647712, "std": 0.007017280833850446, "repeat": 4, "number": 1}]}, "api.supers.time_ls": {"result": [0.6887147189117968], "stats": [{"ci_99": [0.686129660345614, 0.6992944553494453], "q_25": 0.6880394169129431, "q_75": 0.6940298888366669, "min": 0.686129660345614, "max": 0.6992944553494453, "mean": 0.6907848808914423, "std": 0.004496424022583583, "repeat": 10, "number": 1}]}, "api.supers.time_ls_recursive": {"result": [2.5924234334379435], "stats": [{"ci_99": [2.5853130892848304, 2.6033364115282893], "q_25": 2.5919099228922278, "q_75": 2.596707300748676, "min": 2.5853617060929537, "max": 2.6033364115282893, "mean": 2.5939031656210623, "std": 0.0055882523599618894, "repeat": 6, "number": 1}]}, "api.supers.time_ls_recursive_long_all": {"result": [2.7570945285260677], "stats": [{"ci_99": [2.747244741708535, 2.771183638833463], "q_25": 2.753221776569262, "q_75": 2.7618035946507007, "min": 2.7499379524961114, "max": 2.771183638833463, "mean": 2.7584357984984913, "std": 0.007053886508197027, "repeat": 6, "number": 1}]}, "api.supers.time_remove": {"result": [1.8026071721687913], "stats": [{"ci_99": [1.786149313673377, 1.8227556832134724], "q_25": 1.7980475027579814, "q_75": 1.815935457823798, "min": 1.786149313673377, "max": 1.8227556832134724, "mean": 1.804975752532482, "std": 0.012373916589279893, "repeat": 10, "number": 1}]}, "api.supers.time_status": {"result": [0.6870234054513276], "stats": [{"ci_99": [0.6742218500003219, 0.6930569419637322], "q_25": 0.6831788567360491, "q_75": 0.6891103701200336, "min": 0.6742218500003219, "max": 0.6930569419637322, "mean": 0.6859214924275875, "std": 0.005183476497455834, "repeat": 10, "number": 1}]}, "api.supers.time_status_recursive": {"result": [1.1438463511876762], "stats": [{"ci_99": [1.1346917944028974, 1.2158958110958338], "q_25": 1.1373779750429094, "q_75": 1.1684526288881898, "min": 1.1346917944028974, "max": 1.2158958110958338, "mean": 1.1576796766370534, "std": 0.027918517067147795, "repeat": 10, "number": 1}]}, "api.supers.time_subdatasets": {"result": [0.054582289420068264], "stats": [{"ci_99": [0.047741690650582314, 0.06568464636802673], "q_25": 0.05166532169096172, "q_75": 0.0557080483995378, "min": 0.047741690650582314, "max": 0.06568464636802673, "mean": 0.05457446426153183, "std": 0.004625660999503843, "repeat": 10, "number": 1}]}, "api.supers.time_subdatasets_recursive": {"result": [0.12361917737871408], "stats": [{"ci_99": [0.11578775011003017, 0.12775794602930546], "q_25": 0.11965672532096505, "q_75": 0.12478259485214949, "min": 0.11578775011003017, "max": 0.12775794602930546, "mean": 0.12230089390650392, "std": 0.003579565145311571, "repeat": 10, "number": 1}]}, "api.supers.time_subdatasets_recursive_first": {"result": [0.05548460595309734], "stats": [{"ci_99": [0.051833140663802624, 0.061844902113080025], "q_25": 0.05346866208128631, "q_75": 0.05646860646083951, "min": 0.051833140663802624, "max": 0.061844902113080025, "mean": 0.05565647771582007, "std": 0.0027839138089915103, "repeat": 10, "number": 1}]}, "api.supers.time_uninstall": {"result": [1.7982128229923546], "stats": [{"ci_99": [1.741218482144177, 1.8619837705045938], "q_25": 1.7498512819875032, "q_75": 1.849254235625267, "min": 1.741218482144177, "max": 1.8619837705045938, "mean": 1.7992493040859698, "std": 0.05057464163994494, "repeat": 10, "number": 1}]}, "repo.gitrepo.time_get_content_info": {"result": [0.01974565628916025], "stats": [{"ci_99": [0.015077867545187473, 0.024844756349921227], "q_25": 0.019165073987096548, "q_75": 0.020633577136322856, "min": 0.015077867545187473, "max": 0.024844756349921227, "mean": 0.019844541605561972, "std": 0.00252125738762978, "repeat": 10, "number": 1}]}, "api.testds.time_create_test_dataset1": {"result": [0.4455342278815806], "stats": [{"ci_99": [0.43280948977917433, 0.45915428549051285], "q_25": 0.44172713230364025, "q_75": 0.4566925468388945, "min": 0.43280948977917433, "max": 0.45915428549051285, "mean": 0.447782607935369, "std": 0.008630940874613741, "repeat": 10, "number": 1}]}, "api.testds.time_create_test_dataset2x2": {"result": [2.851164255756885], "stats": [{"ci_99": [2.716085764497081, 3.1211394984275103], "q_25": 2.8119832624215633, "q_75": 2.8634510012343526, "min": 2.748994529247284, "max": 3.1211394984275103, "mean": 2.873155342259755, "std": 0.11774689563436083, "repeat": 6, "number": 1}]}, "core.runner.time_echo": {"result": [0.00174375514810284], "stats": [{"ci_99": [0.0017243380037446816, 0.0020733073664208255], "q_25": 0.0017389832452560465, "q_75": 0.0017616234642143052, "min": 0.0017243380037446816, "max": 0.0020733073664208255, "mean": 0.0017813867268462978, "std": 9.94960853426086e-05, "repeat": 10, "number": 6}]}, "core.runner.time_echo_gitrunner": {"result": [0.0022855144925415516], "stats": [{"ci_99": [0.0021023545414209366, 0.002849194407463074], "q_25": 0.0021223425399512054, "q_75": 0.002527781436219812, "min": 0.0021023545414209366, "max": 0.002849194407463074, "mean": 0.0023638442531228065, "std": 0.00026655774369849114, "repeat": 10, "number": 5}]}, "core.startup.time_help_np": {"result": [0.5170587170869112], "stats": [{"ci_99": [0.5139955980703235, 0.6337894694879651], "q_25": 0.515150967752561, "q_75": 0.5832795698661357, "min": 0.5139955980703235, "max": 0.6337894694879651, "mean": 0.550325195491314, "std": 0.04493654309132441, "repeat": 10, "number": 1}]}, "core.startup.time_import": {"result": [0.1534700528718531], "stats": [{"ci_99": [0.11482068337500095, 0.20571724697947502], "q_25": 0.12458555330522358, "q_75": 0.16688697366043925, "min": 0.11482068337500095, "max": 0.20571724697947502, "mean": 0.15335012665018438, "std": 0.030241827776480726, "repeat": 10, "number": 1}]}, "core.startup.time_import_api": {"result": [0.5352724017575383], "stats": [{"ci_99": [0.49041041173040867, 0.5711980350315571], "q_25": 0.5001101838424802, "q_75": 0.5516136183869094, "min": 0.49041041173040867, "max": 0.5711980350315571, "mean": 0.5286842714995146, "std": 0.027750499357668858, "repeat": 10, "number": 1}]}, "support.path.get_parent_paths.time_allsubmods_toplevel": null, "support.path.get_parent_paths.time_allsubmods_toplevel_only": null, "support.path.get_parent_paths.time_no_submods": null, "support.path.get_parent_paths.time_one_submod_subdir": null, "support.path.get_parent_paths.time_one_submod_toplevel": null, "usecases.study_forrest.time_make_studyforrest_mockup": {"result": [26.896556854713708], "stats": [{"ci_99": [26.791862902697176, 27.00125080673024], "q_25": 26.895509915193543, "q_75": 26.897603794233873, "min": 26.894462975673378, "max": 26.89865073375404, "mean": 26.896556854713708, "std": 0.0020938790403306484, "repeat": 2, "number": 1}]}, "core.runner.track_overhead_100ms": 1.65, "core.runner.track_overhead_echo": 32.15, "core.runner.track_overhead_heavyout": -2.3, "core.runner.track_overhead_heavyout_online_process": 7.17, "core.runner.track_overhead_heavyout_online_through": 13.21}, "params": {"arch": "x86_64", "cpu": "Intel(R) Xeon(R) CPU E5-1607 v2 @ 3.00GHz",