{"results": {"api.supers.time_createadd": {"result": [0.9743520114570856], "stats": [{"ci_99": [0.9614096125587821, 0.9932330809533596], "q_25": 0.9705562484450638, "q_75": 0.9772269707173109, "min": 0.9614096125587821, "max": 0.9932330809533596, "mean": 0.9738847586326301, "std": 0.0085897964415576, "repeat": 10, "number": 1}]}, "api.supers.time_createadd_to_dataset": {"result": [0.9756510332226753], "stats": [{"ci_99": [0.9624076960608363, 1.00113514252007], "q_25": 0.9711360153742135, "q_75": 0.9805907576810569, "min": 0.9624076960608363, "max": 1.00113514252007, "mean": 0.9764384598471224, "std": 0.010488426039420004, "repeat": 10, "number": 1}]}, "api.supers.time_diff": null, "api.supers.time_diff_recursive": null, "api.supers.time_installr": {"result": [4.104006324429065], "stats": [{"ci_99": [4.036834527705035, 4.182500925414094], "q_25": 4.0864546585362405, "q_75": 4.127219392452389, "min": 4.0842763520777225, "max": 4.146381905302405, "mean": 4.1096677265595645, "std": 0.025607396184215325, "repeat": 4, "number": 1}]}, "api.supers.time_ls": {"result": [0.1198815549723804], "stats": [{"ci_99": [0.1098616486415267, 0.12485419400036335], "q_25": 0.11484160600230098, "q_75": 0.1219893575180322, "min": 0.1098616486415267, "max": 0.12485419400036335, "mean": 0.11821479611098766, "std": 0.004997416756284591, "repeat": 10, "number": 1}]}, "api.supers.time_ls_recursive": {"result": [1.0736161093227565], "stats": [{"ci_99": [1.0621255971491337, 1.0962353153154254], "q_25": 1.069131774827838, "q_75": 1.0799216439481825, "min": 1.0621255971491337, "max": 1.0962353153154254, "mean": 1.075613863300532, "std": 0.009428480205292297, "repeat": 10, "number": 1}]}, "api.supers.time_ls_recursive_long_all": {"result": [1.228432030417025], "stats": [{"ci_99": [1.2186200842261314, 1.2352822171524167], "q_25": 1.2268904659431428, "q_75": 1.2332867060322315, "min": 1.2186200842261314, "max": 1.2352822171524167, "mean": 1.2290097005665301, "std": 0.004698259968559469, "repeat": 10, "number": 1}]}, "api.supers.time_remove": {"result": [2.047795042861253], "stats": [{"ci_99": [2.0328588066622615, 2.080044850707054], "q_25": 2.042976055992767, "q_75": 2.0643177528399974, "min": 2.0328588066622615, "max": 2.080044850707054, "mean": 2.0531893195584416, "std": 0.015185577288337953, "repeat": 8, "number": 1}]}, "api.supers.time_status": {"result": [0.6898314543068409], "stats": [{"ci_99": [0.6806730348616838, 0.7031638408079743], "q_25": 0.6844227383844554, "q_75": 0.6955127594992518, "min": 0.6806730348616838, "max": 0.7031638408079743, "mean": 0.6906187064014375, "std": 0.007503828629464748, "repeat": 10, "number": 1}]}, "api.supers.time_status_recursive": {"result": [1.1488735894672573], "stats": [{"ci_99": [1.1411766577512026, 1.173836363479495], "q_25": 1.146749971434474, "q_75": 1.1604520960245281, "min": 1.1411766577512026, "max": 1.173836363479495, "mean": 1.1534113133326174, "std": 0.009984922999523195, "repeat": 10, "number": 1}]}, "api.supers.time_subdatasets": {"result": [0.06996306637302041], "stats": [{"ci_99": [0.06308082584291697, 0.07520124968141317], "q_25": 0.06673634937033057, "q_75": 0.07204784732311964, "min": 0.06308082584291697, "max": 0.07520124968141317, "mean": 0.06961745638400316, "std": 0.0035853997690185008, "repeat": 10, "number": 1}]}, "api.supers.time_subdatasets_recursive": {"result": [0.2460350771434605], "stats": [{"ci_99": [0.24210965167731047, 0.25306250248104334], "q_25": 0.24317448609508574, "q_75": 0.24824820086359978, "min": 0.24210965167731047, "max": 0.25306250248104334, "mean": 0.24625040562823414, "std": 0.003352957917738075, "repeat": 10, "number": 1}]}, "api.supers.time_subdatasets_recursive_first": {"result": [0.0661780396476388], "stats": [{"ci_99": [0.06155559793114662, 0.07068791333585978], "q_25": 0.06365422229282558, "q_75": 0.06832362711429596, "min": 0.06155559793114662, "max": 0.07068791333585978, "mean": 0.06618286669254303, "std": 0.0028504611082124393, "repeat": 10, "number": 1}]}, "api.supers.time_uninstall": {"result": [1.9915532991290092], "stats": [{"ci_99": [1.9797516958788037, 2.0233053164556623], "q_25": 1.9878444222267717, "q_75": 2.0025887328665704, "min": 1.9797516958788037, "max": 2.0233053164556623, "mean": 1.9957915821578354, "std": 0.013051922866478397, "repeat": 8, "number": 1}]}, "repo.gitrepo.time_get_content_info": {"result": [0.021464829333126545], "stats": [{"ci_99": [0.01684652268886566, 0.02542896196246147], "q_25": 0.02058036671951413, "q_75": 0.022121136309579015, "min": 0.01684652268886566, "max": 0.02542896196246147, "mean": 0.02136329161003232, "std": 0.0020966544689409844, "repeat": 10, "number": 1}]}, "api.testds.time_create_test_dataset1": {"result": [0.44167055282741785], "stats": [{"ci_99": [0.43479809165000916, 0.45781460497528315], "q_25": 0.43856663373298943, "q_75": 0.4447573614306748, "min": 0.43479809165000916, "max": 0.45781460497528315, "mean": 0.44271435812115667, "std": 0.0063216431522390695, "repeat": 10, "number": 1}]}, "api.testds.time_create_test_dataset2x2": {"result": [2.7749554440379143], "stats": [{"ci_99": [2.744291335007384, 2.7977719946718866], "q_25": 2.759333400754258, "q_75": 2.7833387486170977, "min": 2.745367436669767, "max": 2.7906524278223515, "mean": 2.771031664839635, "std": 0.016041078395171285, "repeat": 6, "number": 1}]}, "core.runner.time_echo": {"result": [0.0020040317438542845], "stats": [{"ci_99": [0.0018792498856782913, 0.0022650597617030143], "q_25": 0.0019359724596142768, "q_75": 0.002068457007408142, "min": 0.0018792498856782913, "max": 0.0022650597617030143, "mean": 0.002024765312671661, "std": 0.00011473583743561874, "repeat": 10, "number": 5}]}, "core.runner.time_echo_gitrunner": {"result": [0.0028532930882647634], "stats": [{"ci_99": [0.002496176166459918, 0.0033338437788188457], "q_25": 0.002715370908845216, "q_75": 0.0029223706224001944, "min": 0.002496176166459918, "max": 0.0033338437788188457, "mean": 0.0028453726321458817, "std": 0.00022927712871085855, "repeat": 10, "number": 4}]}, "core.startup.time_help_np": {"result": [0.5747618409805], "stats": [{"ci_99": [0.5135987428948283, 0.6020870842039585], "q_25": 0.5431587593629956, "q_75": 0.5877937201876193, "min": 0.5135987428948283, "max": 0.6020870842039585, "mean": 0.5646000675857067, "std": 0.029860219195180095, "repeat": 10, "number": 1}]}, "core.startup.time_import": {"result": [0.16510029044002295], "stats": [{"ci_99": [0.11756379809230566, 0.19854950532317162], "q_25": 0.14849068666808307, "q_75": 0.16988456225953996, "min": 0.11756379809230566, "max": 0.19854950532317162, "mean": 0.1617706326767802, "std": 0.021908735962696595, "repeat": 10, "number": 1}]}, "core.startup.time_import_api": {"result": [0.5208734013140202], "stats": [{"ci_99": [0.4571706149727106, 0.5726151810958982], "q_25": 0.5076652225106955, "q_75": 0.5438455692492425, "min": 0.4571706149727106, "max": 0.5726151810958982, "mean": 0.5204685866832733, "std": 0.03157887713380525, "repeat": 10, "number": 1}]}, "support.path.get_parent_paths.time_allsubmods_toplevel": null, "support.path.get_parent_paths.time_allsubmods_toplevel_only": null, "support.path.get_parent_paths.time_no_submods": null, "support.path.get_parent_paths.time_one_submod_subdir": null, "support.path.get_parent_paths.time_one_submod_toplevel": null, "usecases.study_forrest.time_make_studyforrest_mockup": {"result": [26.888704336248338], "stats": [{"ci_99": [12.821118569932878, 40.956290102563784], "q_25": 26.748028478585184, "q_75": 27.029380193911493, "min": 26.60735262092203, "max": 27.170056051574647, "mean": 26.888704336248338, "std": 0.2813517153263092, "repeat": 2, "number": 1}]}, "core.runner.track_overhead_100ms": 2.72, "core.runner.track_overhead_echo": 40.32, "core.runner.track_overhead_heavyout": 3.47, "core.runner.track_overhead_heavyout_online_process": 4.04, "core.runner.track_overhead_heavyout_online_through": 25.35}, "params": {"arch": "x86_64", "cpu": "Intel(R) Xeon(R) CPU E5-1607 v2 @ 3.00GHz",