{"results": {"api.supers.time_createadd": {"result": [1.3602135092951357], "stats": [{"ci_99": [1.347805536352098, 1.3712448608130217], "q_25": 1.3546319429297, "q_75": 1.3657117867842317, "min": 1.347805536352098, "max": 1.3712448608130217, "mean": 1.3604553936980666, "std": 0.0075091100936202386, "repeat": 10, "number": 1}]}, "api.supers.time_createadd_to_dataset": {"result": [1.122759963851422], "stats": [{"ci_99": [1.1081701619550586, 1.159786170348525], "q_25": 1.1175074721686542, "q_75": 1.1327891058754176, "min": 1.1081701619550586, "max": 1.159786170348525, "mean": 1.126360585913062, "std": 0.013926010333664019, "repeat": 10, "number": 1}]}, "api.supers.time_diff": {"result": [0.09941611019894481], "stats": [{"ci_99": [0.08974550198763609, 0.12140633631497622], "q_25": 0.09535292559303343, "q_75": 0.10451909271068871, "min": 0.08974550198763609, "max": 0.12140633631497622, "mean": 0.10220439173281193, "std": 0.010169710474779005, "repeat": 10, "number": 1}]}, "api.supers.time_diff_recursive": {"result": [0.31108134612441063], "stats": [{"ci_99": [0.3051510229706764, 0.32371604163199663], "q_25": 0.3074208809994161, "q_75": 0.3156581218354404, "min": 0.3051510229706764, "max": 0.32371604163199663, "mean": 0.3122270447202027, "std": 0.005794459786472318, "repeat": 10, "number": 1}]}, "api.supers.time_installr": {"result": [3.9314158596098423], "stats": [{"ci_99": [3.8736900822252736, 3.971450987272639], "q_25": 3.920027000596747, "q_75": 3.933959393762052, "min": 3.8884150125086308, "max": 3.939035407267511, "mean": 3.9225705347489566, "std": 0.019972615476207854, "repeat": 4, "number": 1}]}, "api.supers.time_ls": {"result": [0.7109961011447012], "stats": [{"ci_99": [0.7009094730019569, 0.722057219594717], "q_25": 0.7084632862824947, "q_75": 0.7130143234971911, "min": 0.7009094730019569, "max": 0.722057219594717, "mean": 0.7113006738014519, "std": 0.006052504611917396, "repeat": 10, "number": 1}]}, "api.supers.time_ls_recursive": {"result": [2.687126473058015], "stats": [{"ci_99": [2.667133455343477, 2.746093099936843], "q_25": 2.6829958038870245, "q_75": 2.6913677889388055, "min": 2.678524063900113, "max": 2.746093099936843, "mean": 2.695545097502569, "std": 0.023060867496970474, "repeat": 6, "number": 1}]}, "api.supers.time_ls_recursive_long_all": {"result": [2.9040117589756846], "stats": [{"ci_99": [2.758918558222553, 3.09154298065851], "q_25": 2.8345512247178704, "q_75": 2.995729533955455, "min": 2.822910076007247, "max": 3.082751183770597, "mean": 2.9252307694405317, "std": 0.09846378929507191, "repeat": 6, "number": 1}]}, "api.supers.time_remove": {"result": [2.1949253072962165], "stats": [{"ci_99": [2.1065838718786836, 2.272416029125452], "q_25": 2.134534796932712, "q_75": 2.253857627278194, "min": 2.1065838718786836, "max": 2.272416029125452, "mean": 2.1925066745607182, "std": 0.0623569702880877, "repeat": 8, "number": 1}]}, "api.supers.time_status": null, "api.supers.time_status_recursive": null, "api.supers.time_subdatasets": {"result": [0.052210197784006596], "stats": [{"ci_99": [0.04734245780855417, 0.06989176291972399], "q_25": 0.04859195230528712, "q_75": 0.05530249886214733, "min": 0.04734245780855417, "max": 0.06989176291972399, "mean": 0.05355124995112419, "std": 0.006543746910032998, "repeat": 10, "number": 1}]}, "api.supers.time_subdatasets_recursive": {"result": [0.12393058184534311], "stats": [{"ci_99": [0.1176171749830246, 0.13062883261591196], "q_25": 0.12047051801346242, "q_75": 0.12580876960419118, "min": 0.1176171749830246, "max": 0.13062883261591196, "mean": 0.12365788388997316, "std": 0.004013011514427709, "repeat": 10, "number": 1}]}, "api.supers.time_subdatasets_recursive_first": {"result": [0.05621344689279795], "stats": [{"ci_99": [0.046618192456662655, 0.06302574183791876], "q_25": 0.05131668085232377, "q_75": 0.0593754923902452, "min": 0.046618192456662655, "max": 0.06302574183791876, "mean": 0.05521573619917035, "std": 0.005306227192144838, "repeat": 10, "number": 1}]}, "api.supers.time_uninstall": {"result": [2.2215476925484836], "stats": [{"ci_99": [2.200624472461641, 2.3384989509359], "q_25": 2.207404292188585, "q_75": 2.265227363910526, "min": 2.200624472461641, "max": 2.3384989509359, "mean": 2.2441781639354303, "std": 0.048057966897004485, "repeat": 8, "number": 1}]}, "repo.gitrepo.time_get_content_info": {"result": [0.01990183535963297], "stats": [{"ci_99": [0.017622259445488453, 0.023694277741014957], "q_25": 0.018308056751266122, "q_75": 0.021358904894441366, "min": 0.017622259445488453, "max": 0.023694277741014957, "mean": 0.020088895224034786, "std": 0.002066403875784847, "repeat": 10, "number": 1}]}, "api.testds.time_create_test_dataset1": {"result": [0.44114978006109595], "stats": [{"ci_99": [0.43285580165684223, 0.45855215191841125], "q_25": 0.43772857752628624, "q_75": 0.4488856897223741, "min": 0.43285580165684223, "max": 0.45855215191841125, "mean": 0.4437899341806769, "std": 0.008698533614993542, "repeat": 10, "number": 1}]}, "api.testds.time_create_test_dataset2x2": {"result": [3.284228557255119], "stats": [{"ci_99": [3.2545771013763054, 3.326237875968218], "q_25": 3.2718210024759173, "q_75": 3.3055027595255524, "min": 3.2668244037777185, "max": 3.326237875968218, "mean": 3.290299784236898, "std": 0.0216950614701512, "repeat": 6, "number": 1}]}, "core.runner.time_echo": {"result": [0.0017317479165891805], "stats": [{"ci_99": [0.0017180031475921471, 0.0017411309915284316], "q_25": 0.0017275171509633462, "q_75": 0.0017365817523871858, "min": 0.0017180031475921471, "max": 0.0017411309915284316, "mean": 0.0017306673806160688, "std": 7.370204214178929e-06, "repeat": 10, "number": 6}]}, "core.runner.time_echo_gitrunner": {"result": [0.0021486958488821984], "stats": [{"ci_99": [0.002128073014318943, 0.002449294924736023], "q_25": 0.0021375125739723443, "q_75": 0.0022075132932513953, "min": 0.002128073014318943, "max": 0.002449294924736023, "mean": 0.0022017624042928218, "std": 0.00010618433306807954, "repeat": 10, "number": 5}]}, "core.startup.time_help_np": {"result": [0.5716609451919794], "stats": [{"ci_99": [0.5153650054708123, 0.6213006088510156], "q_25": 0.5568885644897819, "q_75": 0.5985722350887954, "min": 0.5153650054708123, "max": 0.6213006088510156, "mean": 0.5752874940633774, "std": 0.030221005336359852, "repeat": 10, "number": 1}]}, "core.startup.time_import": {"result": [0.15113769704476], "stats": [{"ci_99": [0.11498274374753237, 0.1789614325389266], "q_25": 0.13448711344972253, "q_75": 0.1604054297786206, "min": 0.11498274374753237, "max": 0.1789614325389266, "mean": 0.14882063632830977, "std": 0.018617861720253894, "repeat": 10, "number": 1}]}, "core.startup.time_import_api": {"result": [0.5055161798372865], "stats": [{"ci_99": [0.44102473743259907, 0.5571622643619776], "q_25": 0.4921552080195397, "q_75": 0.5359474059659988, "min": 0.44102473743259907, "max": 0.5571622643619776, "mean": 0.5085831460542977, "std": 0.033149835024281815, "repeat": 10, "number": 1}]}, "support.path.get_parent_paths.time_allsubmods_toplevel": null, "support.path.get_parent_paths.time_allsubmods_toplevel_only": null, "support.path.get_parent_paths.time_no_submods": null, "support.path.get_parent_paths.time_one_submod_subdir": null, "support.path.get_parent_paths.time_one_submod_toplevel": null, "usecases.study_forrest.time_make_studyforrest_mockup": {"result": [35.7179620875977], "stats": [{"ci_99": [34.35558652179316, 37.08033765340224], "q_25": 35.70433833193965, "q_75": 35.73158584325574, "min": 35.69071457628161, "max": 35.74520959891379, "mean": 35.7179620875977, "std": 0.027247511316090822, "repeat": 2, "number": 1}]}, "core.runner.track_overhead_100ms": 1.7, "core.runner.track_overhead_echo": 34.27, "core.runner.track_overhead_heavyout": -7.6, "core.runner.track_overhead_heavyout_online_process": 1863.03, "core.runner.track_overhead_heavyout_online_through": 9.36}, "params": {"arch": "x86_64", "cpu": "Intel(R) Xeon(R) CPU E5-1607 v2 @ 3.00GHz", "machine": "drogon-neurodebian0.20200209.1",