{"results": {"api.supers.time_createadd": {"result": [1.302323941141367], "stats": [{"ci_99": [1.2853555334731936, 1.3183909561485052], "q_25": 1.294340269640088, "q_75": 1.314213250996545, "min": 1.2853555334731936, "max": 1.3183909561485052, "mean": 1.3032644605264068, "std": 0.011721848715343479, "repeat": 10, "number": 1}]}, "api.supers.time_createadd_to_dataset": {"result": [1.2413238557055593], "stats": [{"ci_99": [1.2325124023482203, 1.2807563105598092], "q_25": 1.2376237101852894, "q_75": 1.2444561310112476, "min": 1.2325124023482203, "max": 1.2807563105598092, "mean": 1.2447338509373367, "std": 0.012952081297018534, "repeat": 10, "number": 1}]}, "api.supers.time_diff": null, "api.supers.time_diff_recursive": null, "api.supers.time_installr": {"result": [5.269855020567775], "stats": [{"ci_99": [4.764050563797355, 5.775659477338195], "q_25": 5.264796976000071, "q_75": 5.274913065135479, "min": 5.259738931432366, "max": 5.279971109703183, "mean": 5.269855020567775, "std": 0.010116089135408401, "repeat": 2, "number": 1}]}, "api.supers.time_ls": {"result": [0.18273169919848442], "stats": [{"ci_99": [0.17865280620753765, 0.18892750702798367], "q_25": 0.18006332451477647, "q_75": 0.18347486504353583, "min": 0.17865280620753765, "max": 0.18892750702798367, "mean": 0.1829017935320735, "std": 0.0033911709338136113, "repeat": 10, "number": 1}]}, "api.supers.time_ls_recursive": {"result": [1.788982305675745], "stats": [{"ci_99": [1.7758064633235335, 1.7974009923636913], "q_25": 1.7782448756042868, "q_75": 1.7909276604186743, "min": 1.7758064633235335, "max": 1.7974009923636913, "mean": 1.7861231977120042, "std": 0.007272429402845247, "repeat": 10, "number": 1}]}, "api.supers.time_ls_recursive_long_all": {"result": [1.9458564561791718], "stats": [{"ci_99": [1.9349069586023688, 1.961331400088966], "q_25": 1.9434530085418373, "q_75": 1.9552646151278168, "min": 1.9349069586023688, "max": 1.961331400088966, "mean": 1.9478809604188427, "std": 0.008334019384613436, "repeat": 8, "number": 1}]}, "api.supers.time_remove": null, "api.supers.time_status": {"result": [0.722760365344584], "stats": [{"ci_99": [0.7193927997723222, 0.7294732946902514], "q_25": 0.7208821377716959, "q_75": 0.7260489303153008, "min": 0.7193927997723222, "max": 0.7294732946902514, "mean": 0.723436057753861, "std": 0.0031670399970216228, "repeat": 10, "number": 1}]}, "api.supers.time_status_recursive": {"result": [1.3708979128859937], "stats": [{"ci_99": [1.3618200393393636, 1.3749899175018072], "q_25": 1.3685260529164225, "q_75": 1.3732603143434972, "min": 1.3618200393393636, "max": 1.3749899175018072, "mean": 1.3702489780262113, "std": 0.00396708645437103, "repeat": 10, "number": 1}]}, "api.supers.time_subdatasets": {"result": [0.09562838217243552], "stats": [{"ci_99": [0.09332779981195927, 0.10530246049165726], "q_25": 0.09453595639206469, "q_75": 0.09911159658804536, "min": 0.09332779981195927, "max": 0.10530246049165726, "mean": 0.09710402069613337, "std": 0.003630651008358506, "repeat": 10, "number": 1}]}, "api.supers.time_subdatasets_recursive": {"result": [0.42991924937814474], "stats": [{"ci_99": [0.4272419149056077, 0.4447771906852722], "q_25": 0.428342865081504, "q_75": 0.4318624106235802, "min": 0.4272419149056077, "max": 0.4447771906852722, "mean": 0.4315377464517951, "std": 0.00497290741490067, "repeat": 10, "number": 1}]}, "api.supers.time_subdatasets_recursive_first": {"result": [0.09806315554305911], "stats": [{"ci_99": [0.09412306174635887, 0.10163587238639593], "q_25": 0.09683625516481698, "q_75": 0.0987695783842355, "min": 0.09412306174635887, "max": 0.10163587238639593, "mean": 0.09774965411052108, "std": 0.0020620320114505923, "repeat": 10, "number": 1}]}, "api.supers.time_uninstall": {"result": [4.203043085057288], "stats": [{"ci_99": [4.1810866136575005, 4.22497404473779], "q_25": 4.196671751094982, "q_75": 4.209401663159952, "min": 4.193777610547841, "max": 4.212257536128163, "mean": 4.203030329197645, "std": 0.00756996639493829, "repeat": 4, "number": 1}]}, "repo.gitrepo.time_get_content_info": {"result": [0.015859275124967098], "stats": [{"ci_99": [0.01481478102505207, 0.017559110186994076], "q_25": 0.015548465074971318, "q_75": 0.016055927611887455, "min": 0.01481478102505207, "max": 0.017559110186994076, "mean": 0.01590782906860113, "std": 0.0007680611126500937, "repeat": 10, "number": 1}]}, "api.testds.time_create_test_dataset1": {"result": [0.6145989079959691], "stats": [{"ci_99": [0.6062007220461965, 0.6280480055138469], "q_25": 0.6111141659785062, "q_75": 0.615809737239033, "min": 0.6062007220461965, "max": 0.6280480055138469, "mean": 0.6146348395384849, "std": 0.006096598613972682, "repeat": 10, "number": 1}]}, "api.testds.time_create_test_dataset2x2": {"result": [3.804685179144144], "stats": [{"ci_99": [3.7821197873637122, 3.828974164025481], "q_25": 3.7997506810352206, "q_75": 3.81048147380352, "min": 3.7950752833858132, "max": 3.8177422611042857, "mean": 3.8055469756945968, "std": 0.008406275926375871, "repeat": 4, "number": 1}]}, "core.runner.time_echo": {"result": [0.0018536675876627364], "stats": [{"ci_99": [0.001699182049681743, 0.0022907465075453124], "q_25": 0.001709665482242902, "q_75": 0.002059573346438507, "min": 0.001699182049681743, "max": 0.0022907465075453124, "mean": 0.001908198433617751, "std": 0.00021387287812840475, "repeat": 10, "number": 6}]}, "core.runner.time_echo_gitrunner": {"result": [0.002418671967461705], "stats": [{"ci_99": [0.0020850193686783314, 0.002775156870484352], "q_25": 0.002096038602758199, "q_75": 0.00254108157241717, "min": 0.0020850193686783314, "max": 0.002775156870484352, "mean": 0.002371775289066136, "std": 0.00025004181753327177, "repeat": 10, "number": 4}]}, "core.startup.time_help_np": {"result": [0.5908536906354129], "stats": [{"ci_99": [0.5269546201452613, 0.6652725655585527], "q_25": 0.5814417966175824, "q_75": 0.6037284601479769, "min": 0.5269546201452613, "max": 0.6652725655585527, "mean": 0.5930982731282711, "std": 0.033269739760044395, "repeat": 10, "number": 1}]}, "core.startup.time_import": {"result": [0.15206157183274627], "stats": [{"ci_99": [0.11256094556301832, 0.1988777369260788], "q_25": 0.11446000542491674, "q_75": 0.16850845492444932, "min": 0.11256094556301832, "max": 0.1988777369260788, "mean": 0.1478258074261248, "std": 0.030579122122769885, "repeat": 10, "number": 1}]}, "core.startup.time_import_api": {"result": [0.5230733728967607], "stats": [{"ci_99": [0.4550426406785846, 0.5779364369809628], "q_25": 0.515072834212333, "q_75": 0.547278432874009, "min": 0.4550426406785846, "max": 0.5779364369809628, "mean": 0.5268488936126232, "std": 0.033864980849093416, "repeat": 10, "number": 1}]}, "support.path.get_parent_paths.time_allsubmods_toplevel": {"result": [0.006847610929980874], "stats": [{"ci_99": [0.006739447358995676, 0.008615844417363405], "q_25": 0.0067530793603509665, "q_75": 0.007572055561468005, "min": 0.006739447358995676, "max": 0.008615844417363405, "mean": 0.007231371244415641, "std": 0.0006320834368432634, "repeat": 10, "number": 2}]}, "support.path.get_parent_paths.time_allsubmods_toplevel_only": {"result": [0.006136850221082568], "stats": [{"ci_99": [0.006026174873113632, 0.007097215391695499], "q_25": 0.006047581322491169, "q_75": 0.006675637327134609, "min": 0.006026174873113632, "max": 0.007097215391695499, "mean": 0.006347990594804287, "std": 0.00037230546992306007, "repeat": 10, "number": 2}]}, "support.path.get_parent_paths.time_no_submods": {"result": [2.685650002548401e-07], "stats": [{"ci_99": [2.669003736566312e-07, 2.7103133092602996e-07], "q_25": 2.6751406794668264e-07, "q_75": 2.6869165751349793e-07, "min": 2.669003736566312e-07, "max": 2.7103133092602996e-07, "mean": 2.6833250537416945e-07, "std": 1.14139003289787e-09, "repeat": 10, "number": 39942}]}, "support.path.get_parent_paths.time_one_submod_subdir": {"result": [0.005478828446939588], "stats": [{"ci_99": [0.005189159885048866, 0.006858790293335915], "q_25": 0.005221454310230911,