{"results": {"api.supers.time_createadd": {"result": [1.3526999619789422], "stats": [{"ci_99": [1.3341599432751536, 1.3697773879393935], "q_25": 1.346664431039244, "q_75": 1.3541666269302368, "min": 1.3341599432751536, "max": 1.3697773879393935, "mean": 1.3522768426686524, "std": 0.00955774486233916, "repeat": 10, "number": 1}]}, "api.supers.time_createadd_to_dataset": {"result": [1.1164238234050572], "stats": [{"ci_99": [1.1094437967985868, 1.150434517301619], "q_25": 1.1140713524073362, "q_75": 1.1190723842009902, "min": 1.1094437967985868, "max": 1.150434517301619, "mean": 1.120471168216318, "std": 0.012073322435414676, "repeat": 10, "number": 1}]}, "api.supers.time_diff": {"result": [0.10742198722437024], "stats": [{"ci_99": [0.0891709653660655, 0.1271047629415989], "q_25": 0.10133898351341486, "q_75": 0.11274297838099301, "min": 0.0891709653660655, "max": 0.1271047629415989, "mean": 0.107653356064111, "std": 0.011081184992976197, "repeat": 10, "number": 1}]}, "api.supers.time_diff_recursive": {"result": [0.3092982373200357], "stats": [{"ci_99": [0.3020859947428107, 0.3202017955482006], "q_25": 0.3055092815775424, "q_75": 0.3128694158513099, "min": 0.3020859947428107, "max": 0.3202017955482006, "mean": 0.3094494345597923, "std": 0.005228931983655553, "repeat": 10, "number": 1}]}, "api.supers.time_installr": {"result": [3.8446485847234726], "stats": [{"ci_99": [3.8091858169874624, 3.8835256997616514], "q_25": 3.837758145062253, "q_75": 3.8532461980357766, "min": 3.8294835966080427, "max": 3.8666422674432397, "mean": 3.846355758374557, "std": 0.01356643164076869, "repeat": 4, "number": 1}]}, "api.supers.time_ls": {"result": [0.6999988425523043], "stats": [{"ci_99": [0.6898449687287211, 0.7091795923188329], "q_25": 0.6937769104260951, "q_75": 0.7033586674369872, "min": 0.6898449687287211, "max": 0.7091795923188329, "mean": 0.6991669203154742, "std": 0.005916295365229739, "repeat": 10, "number": 1}]}, "api.supers.time_ls_recursive": {"result": [2.645444047637284], "stats": [{"ci_99": [2.637913536887798, 2.6554132206500243], "q_25": 2.643879660172388, "q_75": 2.650630719261244, "min": 2.6385067803785205, "max": 2.6548675894737244, "mean": 2.646663378768911, "std": 0.005446823579134344, "repeat": 6, "number": 1}]}, "api.supers.time_ls_recursive_long_all": {"result": [2.809597073122859], "stats": [{"ci_99": [2.7467443621552614, 3.0479677990078926], "q_25": 2.8058163977693766, "q_75": 2.8108017256017774, "min": 2.794481677003205, "max": 3.0479677990078926, "mean": 2.8462338452227414, "std": 0.09039104527763261, "repeat": 6, "number": 1}]}, "api.supers.time_remove": {"result": [2.186352369841188], "stats": [{"ci_99": [2.0907877879217267, 2.263579378835857], "q_25": 2.1052736544515938, "q_75": 2.2508715235162526, "min": 2.0907877879217267, "max": 2.263579378835857, "mean": 2.1801542405737564, "std": 0.07234071272723831, "repeat": 8, "number": 1}]}, "api.supers.time_status": null, "api.supers.time_status_recursive": null, "api.supers.time_subdatasets": {"result": [0.05312925111502409], "stats": [{"ci_99": [0.04770288895815611, 0.056085024029016495], "q_25": 0.050874773412942886, "q_75": 0.05404810141772032, "min": 0.04770288895815611, "max": 0.056085024029016495, "mean": 0.052353783044964075, "std": 0.0026463322856518333, "repeat": 10, "number": 1}]}, "api.supers.time_subdatasets_recursive": {"result": [0.12608622387051582], "stats": [{"ci_99": [0.12160081323236227, 0.13311369717121124], "q_25": 0.12362725241109729, "q_75": 0.12841552076861262, "min": 0.12160081323236227, "max": 0.13311369717121124, "mean": 0.12662393702194094, "std": 0.003672507374668142, "repeat": 10, "number": 1}]}, "api.supers.time_subdatasets_recursive_first": {"result": [0.05524206021800637], "stats": [{"ci_99": [0.050222018733620644, 0.061392996460199356], "q_25": 0.05392329301685095, "q_75": 0.05876701232045889, "min": 0.050222018733620644, "max": 0.061392996460199356, "mean": 0.055840013176202775, "std": 0.003457054991232919, "repeat": 10, "number": 1}]}, "api.supers.time_uninstall": {"result": [2.245623502880335], "stats": [{"ci_99": [2.1669806810095906, 2.343752818182111], "q_25": 2.1795588156674057, "q_75": 2.312846813350916, "min": 2.1669806810095906, "max": 2.343752818182111, "mean": 2.2486354834400117, "std": 0.0730015042265303, "repeat": 8, "number": 1}]}, "repo.gitrepo.time_get_content_info": {"result": [0.016010249499231577], "stats": [{"ci_99": [0.014530346728861332, 0.025100157596170902], "q_25": 0.014624339994043112, "q_75": 0.019230588572099805, "min": 0.014530346728861332, "max": 0.025100157596170902, "mean": 0.017398881912231445, "std": 0.0034037578523983163, "repeat": 10, "number": 1}]}, "api.testds.time_create_test_dataset1": {"result": [0.45986730605363846], "stats": [{"ci_99": [0.443130892701447, 0.4666717266663909], "q_25": 0.45110209099948406, "q_75": 0.46351974876597524, "min": 0.443130892701447, "max": 0.4666717266663909, "mean": 0.456837263610214, "std": 0.007994629625120002, "repeat": 10, "number": 1}]}, "api.testds.time_create_test_dataset2x2": {"result": [3.2940401462838054], "stats": [{"ci_99": [3.2659114474840605, 3.3216348727755105], "q_25": 3.2891092859208584, "q_75": 3.3003061963245273, "min": 3.270138776861131, "max": 3.3152713952586055, "mean": 3.2937731601297857, "std": 0.014732696645954644, "repeat": 5, "number": 1}]}, "core.runner.time_echo": {"result": [0.0017996250651776792], "stats": [{"ci_99": [0.001734059676527977, 0.0019294802099466325], "q_25": 0.0017768196761608122, "q_75": 0.0018513998482376339, "min": 0.001734059676527977, "max": 0.0019294802099466325, "mean": 0.0018113377131521702, "std": 5.9102151464329364e-05, "repeat": 10, "number": 5}]}, "core.runner.time_echo_gitrunner": {"result": [0.002636238466948271], "stats": [{"ci_99": [0.0023639986757189035, 0.002884162589907646], "q_25": 0.002509955025743693, "q_75": 0.0027195806032978, "min": 0.0023639986757189035, "max": 0.002884162589907646, "mean": 0.002624900243245065, "std": 0.00015096226214247486, "repeat": 10, "number": 4}]}, "core.startup.time_help_np": {"result": [0.5552836894057691], "stats": [{"ci_99": [0.49599691294133663, 0.6026413748040795], "q_25": 0.5486546726897359, "q_75": 0.5755481729283929, "min": 0.49599691294133663, "max": 0.6026413748040795, "mean": 0.5595171756111086, "std": 0.02882674733532404, "repeat": 10, "number": 1}]}, "core.startup.time_import": {"result": [0.1705963765271008], "stats": [{"ci_99": [0.14104130491614342, 0.2098558945581317], "q_25": 0.1697256090119481, "q_75": 0.19226396805606782, "min": 0.14104130491614342, "max": 0.2098558945581317, "mean": 0.17887207111343742, "std": 0.02001820816374857, "repeat": 10, "number": 1}]}, "core.startup.time_import_api": {"result": [0.525968776550144], "stats": [{"ci_99": [0.48833425529301167, 0.5602572532370687], "q_25": 0.5003374484367669, "q_75": 0.5356704057194293, "min": 0.48833425529301167, "max": 0.5602572532370687, "mean": 0.5220710399560631, "std": 0.024125981811909277, "repeat": 10, "number": 1}]}, "support.path.get_parent_paths.time_allsubmods_toplevel": null, "support.path.get_parent_paths.time_allsubmods_toplevel_only": null, "support.path.get_parent_paths.time_no_submods": null, "support.path.get_parent_paths.time_one_submod_subdir": null, "support.path.get_parent_paths.time_one_submod_toplevel": null, "usecases.study_forrest.time_make_studyforrest_mockup": {"result": [35.63113386835903], "stats": [{"ci_99": [34.823866999708116, 36.43840073700994], "q_25": 35.62306119967252, "q_75": 35.63920653704554, "min": 35.61498853098601, "max": 35.64727920573205, "mean": 35.63113386835903, "std": 0.016145337373018265, "repeat": 2, "number": 1}]}, "core.runner.track_overhead_100ms": 1.51, "core.runner.track_overhead_echo": 33.78, "core.runner.track_overhead_heavyout": -4.34, "core.runner.track_overhead_heavyout_online_process": 1961.11, "core.runner.track_overhead_heavyout_online_through": 21.64}, "params": {"arch": "x86_64", "cpu": "Intel(R) Xeon(R) CPU E5-1607 v2 @ 3.00GHz",