{"results": {"api.supers.time_createadd": {"result": [1.4803577745333314], "stats": [{"ci_99": [1.4515496231615543, 1.5054639987647533], "q_25": 1.4680329498369247, "q_75": 1.488450774922967, "min": 1.4515496231615543, "max": 1.5054639987647533, "mean": 1.4793270173482598, "std": 0.01580701818592694, "repeat": 10, "number": 1}]}, "api.supers.time_createadd_to_dataset": {"result": [1.3674080558121204], "stats": [{"ci_99": [1.3576274327933788, 1.402700237929821], "q_25": 1.360939712729305, "q_75": 1.3883608477190137, "min": 1.3576274327933788, "max": 1.402700237929821, "mean": 1.3739730587229133, "std": 0.015440390545942815, "repeat": 10, "number": 1}]}, "api.supers.time_diff": null, "api.supers.time_diff_recursive": null, "api.supers.time_installr": {"result": [8.742883807979524], "stats": [{"ci_99": [4.047388077713549, 13.438379538245496], "q_25": 8.695928850676864, "q_75": 8.789838765282184, "min": 8.648973893374205, "max": 8.836793722584844, "mean": 8.742883807979524, "std": 0.0939099146053195, "repeat": 2, "number": 1}]}, "api.supers.time_ls": {"result": [0.25764762004837394], "stats": [{"ci_99": [0.2529979180544615, 0.2654402758926153], "q_25": 0.254908740054816, "q_75": 0.2608070152346045, "min": 0.2529979180544615, "max": 0.2654402758926153, "mean": 0.2581373792141676, "std": 0.003931892653027088, "repeat": 10, "number": 1}]}, "api.supers.time_ls_recursive": {"result": [2.6121243028901517], "stats": [{"ci_99": [2.6039048513412375, 2.619229697062085], "q_25": 2.6075055804103613, "q_75": 2.615003401879221, "min": 2.6055513694882393, "max": 2.61767456214875, "mean": 2.6115672742016613, "std": 0.00448737145321549, "repeat": 6, "number": 1}]}, "api.supers.time_ls_recursive_long_all": {"result": [2.7749641803093255], "stats": [{"ci_99": [2.755332783795893, 2.785048065245375], "q_25": 2.774136986816302, "q_75": 2.7790860030800104, "min": 2.755332783795893, "max": 2.7813077084720135, "mean": 2.7734816754236817, "std": 0.008591546902761434, "repeat": 6, "number": 1}]}, "api.supers.time_remove": {"result": [6.926363747101277], "stats": [{"ci_99": [6.893196672666818, 6.959530821535736], "q_25": 6.9260320763569325, "q_75": 6.926695417845622, "min": 6.925700405612588, "max": 6.927027088589966, "mean": 6.926363747101277, "std": 0.0006633414886891842, "repeat": 2, "number": 1}]}, "api.supers.time_status": {"result": [0.8140074494294822], "stats": [{"ci_99": [0.8086148640140891, 0.8213270343840122], "q_25": 0.811560518341139, "q_75": 0.816637746989727, "min": 0.8086148640140891, "max": 0.8213270343840122, "mean": 0.8141867995262146, "std": 0.00397141896264028, "repeat": 10, "number": 1}]}, "api.supers.time_status_recursive": {"result": [1.674389427062124], "stats": [{"ci_99": [1.6623052386566997, 1.6964122764766216], "q_25": 1.6726017170585692, "q_75": 1.6751655775588006, "min": 1.6623052386566997, "max": 1.6964122764766216, "mean": 1.6750672474503516, "std": 0.008097752397809606, "repeat": 10, "number": 1}]}, "api.supers.time_subdatasets": {"result": [0.21429645828902721], "stats": [{"ci_99": [0.21063231863081455, 0.22456137370318174], "q_25": 0.2127112008165568, "q_75": 0.21537183946929872, "min": 0.21063231863081455, "max": 0.22456137370318174, "mean": 0.215227391384542, "std": 0.004019149374030972, "repeat": 10, "number": 1}]}, "api.supers.time_subdatasets_recursive": {"result": [0.6692838608287275], "stats": [{"ci_99": [0.6613330775871873, 0.6744994726032019], "q_25": 0.6668369274120778, "q_75": 0.6713950403500348, "min": 0.6613330775871873, "max": 0.6744994726032019, "mean": 0.6689805775880814, "std": 0.0038607205222176773, "repeat": 10, "number": 1}]}, "api.supers.time_subdatasets_recursive_first": {"result": [0.18754742294549942], "stats": [{"ci_99": [0.18353033438324928, 0.19129534251987934], "q_25": 0.1854673712514341, "q_75": 0.18824576097540557, "min": 0.18353033438324928, "max": 0.19129534251987934, "mean": 0.18735122261568904, "std": 0.0023877116765725773, "repeat": 10, "number": 1}]}, "api.supers.time_uninstall": {"result": [6.740672806743532], "stats": [{"ci_99": [6.2501865341328084, 7.231159079354256], "q_25": 6.735767944017425, "q_75": 6.74557766946964, "min": 6.730863081291318, "max": 6.750482532195747, "mean": 6.740672806743532, "std": 0.00980972545221448, "repeat": 2, "number": 1}]}, "repo.gitrepo.time_get_content_info": {"result": [0.014481471851468086], "stats": [{"ci_99": [0.014304048381745815, 0.015255770646035671], "q_25": 0.014339728280901909, "q_75": 0.01453745411708951, "min": 0.014304048381745815, "max": 0.015255770646035671, "mean": 0.014540748950093985, "std": 0.00028030266907028064, "repeat": 10, "number": 1}]}, "api.testds.time_create_test_dataset1": {"result": [0.754791374783963], "stats": [{"ci_99": [0.7496084868907928, 0.7863602787256241], "q_25": 0.7525440459139645, "q_75": 0.7643756698817015, "min": 0.7496084868907928, "max": 0.7863602787256241, "mean": 0.7600167880766093, "std": 0.011342809353879827, "repeat": 10, "number": 1}]}, "api.testds.time_create_test_dataset2x2": {"result": [4.18079005042091], "stats": [{"ci_99": [4.060299355366391, 4.302854060831355], "q_25": 4.163013778859749, "q_75": 4.199352979660034, "min": 4.118157845921814, "max": 4.246568885631859, "mean": 4.1815767080988735, "std": 0.045450869499810524, "repeat": 4, "number": 1}]}, "core.runner.time_echo": {"result": [0.001820154876137773], "stats": [{"ci_99": [0.0017099115066230297, 0.002219477202743292], "q_25": 0.0017214725958183408, "q_75": 0.0020144284159565964, "min": 0.0017099115066230297, "max": 0.002219477202743292, "mean": 0.0018894354502360026, "std": 0.00018580298572455124, "repeat": 10, "number": 6}]}, "core.runner.time_echo_gitrunner": {"result": [0.002835618914104998], "stats": [{"ci_99": [0.002584320493042469, 0.003583460347726941], "q_25": 0.0026993583305738866, "q_75": 0.002984316146466881, "min": 0.002584320493042469, "max": 0.003583460347726941, "mean": 0.002883460558950901, "std": 0.0002740172827131806, "repeat": 10, "number": 4}]}, "core.startup.time_help_np": {"result": [0.5682242433540523], "stats": [{"ci_99": [0.5338568156585097, 0.6227412512525916], "q_25": 0.5603019115515053, "q_75": 0.5815496477298439, "min": 0.5338568156585097, "max": 0.6227412512525916, "mean": 0.5734985990449786, "std": 0.025370276548352323, "repeat": 10, "number": 1}]}, "core.startup.time_import": {"result": [0.15761586697772145], "stats": [{"ci_99": [0.12419939506798983, 0.19123151246458292], "q_25": 0.15102185145951807, "q_75": 0.16292608412913978, "min": 0.12419939506798983, "max": 0.19123151246458292, "mean": 0.15614732885733246, "std": 0.019105328704464897, "repeat": 10, "number": 1}]}, "core.startup.time_import_api": {"result": [0.5199681217782199], "stats": [{"ci_99": [0.45085740368813276, 0.5639740843325853], "q_25": 0.4956361725926399, "q_75": 0.5408145368564874, "min": 0.45085740368813276, "max": 0.5639740843325853, "mean": 0.5144535645842552, "std": 0.03846526563051758, "repeat": 10, "number": 1}]}, "support.path.get_parent_paths.time_allsubmods_toplevel": {"result": [0.007891629822552204], "stats": [{"ci_99": [0.007038312964141369, 0.008969666436314583], "q_25": 0.007474804297089577, "q_75": 0.008269051555544138, "min": 0.007038312964141369, "max": 0.008969666436314583, "mean": 0.007916567195206881, "std": 0.0006245590937317593, "repeat": 10, "number": 2}]}, "support.path.get_parent_paths.time_allsubmods_toplevel_only": {"result": [0.006449720123782754], "stats": [{"ci_99": [0.006235380657017231, 0.008157629519701004], "q_25": 0.006327621405944228, "q_75": 0.007238688413053751, "min": 0.006235380657017231, "max": 0.008157629519701004, "mean": 0.006814507395029068, "std": 0.0006442900639712168, "repeat": 10, "number": 2}]}, "support.path.get_parent_paths.time_no_submods": {"result": [2.85563220320546e-07], "stats": [{"ci_99": [2.7444036535964036e-07, 3.5940453193422093e-07], "q_25": 2.76126075073184e-07, "q_75": 3.198046596918004e-07, "min": 2.7444036535964036e-07, "max": 3.5940453193422093e-07, "mean": 3.0005696781314793e-07,