{"results": {"api.supers.time_createadd": {"result": [1.3881040080450475], "stats": [{"ci_99": [1.3615351496264338, 1.4106027791276574], "q_25": 1.3715529087930918, "q_75": 1.400374540593475, "min": 1.3615351496264338, "max": 1.4106027791276574, "mean": 1.3861774250864982, "std": 0.016848468104874826, "repeat": 10, "number": 1}]}, "api.supers.time_createadd_to_dataset": {"result": [1.1465209862217307], "stats": [{"ci_99": [1.1175015587359667, 1.1536652594804764], "q_25": 1.1264361881185323, "q_75": 1.1509194625541568, "min": 1.1175015587359667, "max": 1.1536652594804764, "mean": 1.139994419272989, "std": 0.013861297412128515, "repeat": 10, "number": 1}]}, "api.supers.time_diff": {"result": [0.09150659060105681], "stats": [{"ci_99": [0.08779596537351608, 0.09768547024577856], "q_25": 0.08963202452287078, "q_75": 0.0945482961833477, "min": 0.08779596537351608, "max": 0.09768547024577856, "mean": 0.09207483818754554, "std": 0.003295877221862579, "repeat": 10, "number": 1}]}, "api.supers.time_diff_recursive": {"result": [0.30690918816253543], "stats": [{"ci_99": [0.30002056527882814, 0.31439472548663616], "q_25": 0.303407019469887, "q_75": 0.310355038382113, "min": 0.30002056527882814, "max": 0.31439472548663616, "mean": 0.30680524222552774, "std": 0.004366884587990086, "repeat": 10, "number": 1}]}, "api.supers.time_installr": {"result": [3.838907781522721], "stats": [{"ci_99": [3.7327103891183953, 3.9527796444709082], "q_25": 3.819129668409005, "q_75": 3.862523129908368, "min": 3.790697834454477, "max": 3.902466669678688, "mean": 3.8427450167946517, "std": 0.040364737613793264, "repeat": 4, "number": 1}]}, "api.supers.time_ls": {"result": [0.706297839526087], "stats": [{"ci_99": [0.6884513422846794, 0.7264902675524354], "q_25": 0.6962188659235835, "q_75": 0.7163438068237156, "min": 0.6884513422846794, "max": 0.7264902675524354, "mean": 0.7066543967463076, "std": 0.011880393221629464, "repeat": 10, "number": 1}]}, "api.supers.time_ls_recursive": {"result": [2.609501545317471], "stats": [{"ci_99": [2.596453479444119, 2.6225826411668134], "q_25": 2.6045702130068094, "q_75": 2.614386092638597, "min": 2.597013296559453, "max": 2.622151263989508, "mean": 2.6095180603054664, "std": 0.008113875750254336, "repeat": 6, "number": 1}]}, "api.supers.time_ls_recursive_long_all": {"result": [2.768175928387791], "stats": [{"ci_99": [2.7488378770649433, 2.7755812033410505], "q_25": 2.7580913056153804, "q_75": 2.7686994685791433, "min": 2.7488378770649433, "max": 2.769710865803063, "mean": 2.7630840577185154, "std": 0.008175420177772607, "repeat": 6, "number": 1}]}, "api.supers.time_remove": {"result": [2.08546902006492], "stats": [{"ci_99": [2.0577179174870253, 2.1177621111273766], "q_25": 2.073103725211695, "q_75": 2.095378040568903, "min": 2.0577179174870253, "max": 2.1177621111273766, "mean": 2.0860903373686597, "std": 0.01914963495903743, "repeat": 8, "number": 1}]}, "api.supers.time_status": {"result": [0.6890961113385856], "stats": [{"ci_99": [0.6858323914930224, 0.6925446875393391], "q_25": 0.6877037466038018, "q_75": 0.6912975059822202, "min": 0.6858323914930224, "max": 0.6925446875393391, "mean": 0.689362895488739, "std": 0.002209474184186344, "repeat": 10, "number": 1}]}, "api.supers.time_status_recursive": {"result": [1.1413116669282317], "stats": [{"ci_99": [1.1315076788887382, 1.157037022523582], "q_25": 1.1364932106807828, "q_75": 1.151044910075143, "min": 1.1315076788887382, "max": 1.157037022523582, "mean": 1.1433106306008995, "std": 0.0084629146139091, "repeat": 10, "number": 1}]}, "api.supers.time_subdatasets": {"result": [0.05309806624427438], "stats": [{"ci_99": [0.05016159452497959, 0.05684290826320648], "q_25": 0.05186338280327618, "q_75": 0.054475273471325636, "min": 0.05016159452497959, "max": 0.05684290826320648, "mean": 0.053288715146481994, "std": 0.0019465203153002963, "repeat": 10, "number": 1}]}, "api.supers.time_subdatasets_recursive": {"result": [0.12286385707557201], "stats": [{"ci_99": [0.11661798600107431, 0.14148452039808035], "q_25": 0.11785298329778016, "q_75": 0.12521073478274047, "min": 0.11661798600107431, "max": 0.14148452039808035, "mean": 0.1232195533812046, "std": 0.006979890454920945, "repeat": 10, "number": 1}]}, "api.supers.time_subdatasets_recursive_first": {"result": [0.05445131193846464], "stats": [{"ci_99": [0.04706787317991257, 0.05646923650056124], "q_25": 0.05254742386750877, "q_75": 0.05583216529339552, "min": 0.04706787317991257, "max": 0.05646923650056124, "mean": 0.053582048043608665, "std": 0.002966321443431341, "repeat": 10, "number": 1}]}, "api.supers.time_uninstall": {"result": [2.1451634680852294], "stats": [{"ci_99": [2.1245766850188375, 2.1709560565650463], "q_25": 2.135362043278292, "q_75": 2.1523847782518715, "min": 2.1245766850188375, "max": 2.1709560565650463, "mean": 2.1447792755207047, "std": 0.014120997300506637, "repeat": 8, "number": 1}]}, "repo.gitrepo.time_get_content_info": {"result": [0.021124082151800394], "stats": [{"ci_99": [0.017361815087497234, 0.023780242539942265], "q_25": 0.01894986000843346, "q_75": 0.022493242984637618, "min": 0.017361815087497234, "max": 0.023780242539942265, "mean": 0.0208251197822392, "std": 0.002121426791221593, "repeat": 10, "number": 1}]}, "api.testds.time_create_test_dataset1": {"result": [0.43722309824079275], "stats": [{"ci_99": [0.43323677964508533, 0.44480300694704056], "q_25": 0.4344540510792285, "q_75": 0.4403170305304229, "min": 0.43323677964508533, "max": 0.44480300694704056, "mean": 0.4380590169690549, "std": 0.003943530181900801, "repeat": 10, "number": 1}]}, "api.testds.time_create_test_dataset2x2": {"result": [2.800671007949859], "stats": [{"ci_99": [2.7567392141586753, 2.882489024565497], "q_25": 2.793634578352794, "q_75": 2.8546575191430748, "min": 2.776534349657595, "max": 2.8758662259206176, "mean": 2.819614119362086, "std": 0.039199814114957876, "repeat": 6, "number": 1}]}, "core.runner.time_echo": {"result": [0.001781373517587781], "stats": [{"ci_99": [0.0017432731886704762, 0.0018904614262282848], "q_25": 0.0017582532406474154, "q_75": 0.0018086420993010204, "min": 0.0017432731886704762, "max": 0.0018904614262282848, "mean": 0.0017896340383837621, "std": 4.2905327718586694e-05, "repeat": 10, "number": 6}]}, "core.runner.time_echo_gitrunner": {"result": [0.00266996375285089], "stats": [{"ci_99": [0.0024581949692219496, 0.0031197674106806517], "q_25": 0.0026015882031060755, "q_75": 0.0028305287123657763, "min": 0.0024581949692219496, "max": 0.0031197674106806517, "mean": 0.0027104061795398594, "std": 0.00019006558260454968, "repeat": 10, "number": 4}]}, "core.startup.time_help_np": {"result": [0.5553704719059169], "stats": [{"ci_99": [0.5230550933629274, 0.6403799382969737], "q_25": 0.5262532967608422, "q_75": 0.5979436030611396, "min": 0.5230550933629274, "max": 0.6403799382969737, "mean": 0.5641670737415552, "std": 0.03984551480024551, "repeat": 10, "number": 1}]}, "core.startup.time_import": {"result": [0.15228491928428411], "stats": [{"ci_99": [0.11519379168748856, 0.19708801805973053], "q_25": 0.12683450104668736, "q_75": 0.16750052198767662, "min": 0.11519379168748856, "max": 0.19708801805973053, "mean": 0.1522725154645741, "std": 0.028037707091288902, "repeat": 10, "number": 1}]}, "core.startup.time_import_api": {"result": [0.48336718464270234], "stats": [{"ci_99": [0.4526068791747093, 0.5686871903017163], "q_25": 0.4561001502443105, "q_75": 0.5322368128690869, "min": 0.4526068791747093, "max": 0.5686871903017163, "mean": 0.49693017164245246, "std": 0.042086217015800856, "repeat": 10, "number": 1}]}, "support.path.get_parent_paths.time_allsubmods_toplevel": null, "support.path.get_parent_paths.time_allsubmods_toplevel_only": null, "support.path.get_parent_paths.time_no_submods": null, "support.path.get_parent_paths.time_one_submod_subdir": null, "support.path.get_parent_paths.time_one_submod_toplevel": null, "usecases.study_forrest.time_make_studyforrest_mockup": {"result": [36.000187017954886],