{"results": {"api.supers.time_createadd": {"result": [1.4893686552532017], "stats": [{"ci_99": [1.4643771834671497, 1.5272942334413528], "q_25": 1.4721408276818693, "q_75": 1.5130383169744164, "min": 1.4643771834671497, "max": 1.5272942334413528, "mean": 1.4930025681853294, "std": 0.02331272332236762, "repeat": 10, "number": 1}]}, "api.supers.time_createadd_to_dataset": {"result": [1.3751081246882677], "stats": [{"ci_99": [1.3562500094994903, 1.4037484480068088], "q_25": 1.3734971231315285, "q_75": 1.381407804787159, "min": 1.3562500094994903, "max": 1.4037484480068088, "mean": 1.376953990664333, "std": 0.011636545049518889, "repeat": 10, "number": 1}]}, "api.supers.time_diff": null, "api.supers.time_diff_recursive": null, "api.supers.time_installr": {"result": [8.671832606196404], "stats": [{"ci_99": [8.264327896758914, 9.079337315633893], "q_25": 8.667757559102029, "q_75": 8.675907653290778, "min": 8.663682512007654, "max": 8.679982700385153, "mean": 8.671832606196404, "std": 0.00815009418874979, "repeat": 2, "number": 1}]}, "api.supers.time_ls": {"result": [0.25546508794650435], "stats": [{"ci_99": [0.2506412211805582, 0.2665368849411607], "q_25": 0.2533640465699136, "q_75": 0.25625777640379965, "min": 0.2506412211805582, "max": 0.2665368849411607, "mean": 0.25607527857646345, "std": 0.004279284424039309, "repeat": 10, "number": 1}]}, "api.supers.time_ls_recursive": {"result": [2.6092769922688603], "stats": [{"ci_99": [2.5958055919985394, 2.630488341579296], "q_25": 2.604722788790241, "q_75": 2.622374674072489, "min": 2.6020021867007017, "max": 2.628380340524018, "mean": 2.613146966788918, "std": 0.010354468547720258, "repeat": 6, "number": 1}]}, "api.supers.time_ls_recursive_long_all": {"result": [2.768946291413158], "stats": [{"ci_99": [2.7517436796646413, 2.7961220452561975], "q_25": 2.7609971885103732, "q_75": 2.773571412311867, "min": 2.758039977401495, "max": 2.7961220452561975, "mean": 2.770919202050815, "std": 0.012752966356666024, "repeat": 6, "number": 1}]}, "api.supers.time_remove": {"result": [6.937683350872248], "stats": [{"ci_99": [6.792151788715273, 7.083214913029224], "q_25": 6.936228035250679, "q_75": 6.939138666493818, "min": 6.934772719629109, "max": 6.940593982115388, "mean": 6.937683350872248, "std": 0.0029106312431395054, "repeat": 2, "number": 1}]}, "api.supers.time_status": {"result": [0.8161204881034791], "stats": [{"ci_99": [0.8115769820287824, 0.8188982093706727], "q_25": 0.8127341128420085, "q_75": 0.8173649604432285, "min": 0.8115769820287824, "max": 0.8188982093706727, "mean": 0.8153930699452758, "std": 0.0025827813943306672, "repeat": 10, "number": 1}]}, "api.supers.time_status_recursive": {"result": [1.667870357632637], "stats": [{"ci_99": [1.6617425000295043, 1.6782590076327324], "q_25": 1.6652848774101585, "q_75": 1.671031599631533, "min": 1.6617425000295043, "max": 1.6782590076327324, "mean": 1.6683340424671769, "std": 0.004717795425035288, "repeat": 10, "number": 1}]}, "api.supers.time_subdatasets": {"result": [0.21188563900068402], "stats": [{"ci_99": [0.21049384400248528, 0.21878171153366566], "q_25": 0.21079563512466848, "q_75": 0.21579714305698872, "min": 0.21049384400248528, "max": 0.21878171153366566, "mean": 0.2132257929071784, "std": 0.0028623313203533667, "repeat": 10, "number": 1}]}, "api.supers.time_subdatasets_recursive": {"result": [0.6711910869926214], "stats": [{"ci_99": [0.667459893040359, 0.6854172060266137], "q_25": 0.6691989405080676, "q_75": 0.6739140239078552, "min": 0.667459893040359, "max": 0.6854172060266137, "mean": 0.6727281209081412, "std": 0.005224873333912088, "repeat": 10, "number": 1}]}, "api.supers.time_subdatasets_recursive_first": {"result": [0.18482360430061817], "stats": [{"ci_99": [0.18385961465537548, 0.19765654392540455], "q_25": 0.18394026579335332, "q_75": 0.18604786694049835, "min": 0.18385961465537548, "max": 0.19765654392540455, "mean": 0.18632306959480047, "std": 0.004028274677709416, "repeat": 10, "number": 1}]}, "api.supers.time_uninstall": {"result": [6.723370400257409], "stats": [{"ci_99": [6.637029998935759, 6.809710801579058], "q_25": 6.722506996244192, "q_75": 6.724233804270625, "min": 6.721643592230976, "max": 6.725097208283842, "mean": 6.723370400257409, "std": 0.001726808026432991, "repeat": 2, "number": 1}]}, "repo.gitrepo.time_get_content_info": {"result": [0.015525203198194504], "stats": [{"ci_99": [0.01423019077628851, 0.016547047533094883], "q_25": 0.01455933810211718, "q_75": 0.016022030031308532, "min": 0.01423019077628851, "max": 0.016547047533094883, "mean": 0.015395698510110379, "std": 0.0008249206613187496, "repeat": 10, "number": 1}]}, "api.testds.time_create_test_dataset1": {"result": [0.7568281213752925], "stats": [{"ci_99": [0.7506479769945145, 0.7665697922930121], "q_25": 0.7546934990677983, "q_75": 0.7608583667315543, "min": 0.7506479769945145, "max": 0.7665697922930121, "mean": 0.7576492006890476, "std": 0.004996429500331979, "repeat": 10, "number": 1}]}, "api.testds.time_create_test_dataset2x2": {"result": [4.1989301149733365], "stats": [{"ci_99": [4.167691417959083, 4.238300671811651], "q_25": 4.192181528080255, "q_75": 4.209744631778449, "min": 4.190980659797788, "max": 4.223143289797008, "mean": 4.202996044885367, "std": 0.012883577626719784, "repeat": 4, "number": 1}]}, "core.runner.time_echo": {"result": [0.001775524578988552], "stats": [{"ci_99": [0.0017207218334078789, 0.002209643088281155], "q_25": 0.0017298454884439706, "q_75": 0.0020030009560287002, "min": 0.0017207218334078789, "max": 0.002209643088281155, "mean": 0.0018733291514217855, "std": 0.0001721460004275623, "repeat": 10, "number": 5}]}, "core.runner.time_echo_gitrunner": {"result": [0.0026708898367360234], "stats": [{"ci_99": [0.002398094395175576, 0.0028757525142282248], "q_25": 0.0025553316227160394, "q_75": 0.0027665388770401478, "min": 0.002398094395175576, "max": 0.0028757525142282248, "mean": 0.002650353405624628, "std": 0.00014263005163890838, "repeat": 10, "number": 4}]}, "core.startup.time_help_np": {"result": [0.581164026632905], "stats": [{"ci_99": [0.5129725215956569, 0.629494097083807], "q_25": 0.5558926062658429, "q_75": 0.5948639861308038, "min": 0.5129725215956569, "max": 0.629494097083807, "mean": 0.5750405988655984, "std": 0.037863494480533604, "repeat": 10, "number": 1}]}, "core.startup.time_import": {"result": [0.16434833919629455], "stats": [{"ci_99": [0.1148519404232502, 0.2025556145235896], "q_25": 0.1440856335684657, "q_75": 0.164716036291793, "min": 0.1148519404232502, "max": 0.2025556145235896, "mean": 0.15884556649252773, "std": 0.028031764530439728, "repeat": 10, "number": 1}]}, "core.startup.time_import_api": {"result": [0.5196125716902316], "stats": [{"ci_99": [0.4932647002860904, 0.5689040329307318], "q_25": 0.5101113235577941, "q_75": 0.5434356343466789, "min": 0.4932647002860904, "max": 0.5689040329307318, "mean": 0.525658804550767, "std": 0.023487618664518494, "repeat": 10, "number": 1}]}, "support.path.get_parent_paths.time_allsubmods_toplevel": {"result": [0.007126966491341591], "stats": [{"ci_99": [0.006688420195132494, 0.008585234638303518], "q_25": 0.006811904022470117, "q_75": 0.007568357978016138, "min": 0.006688420195132494, "max": 0.008585234638303518, "mean": 0.00728993252851069, "std": 0.0005801173862132758, "repeat": 10, "number": 2}]}, "support.path.get_parent_paths.time_allsubmods_toplevel_only": {"result": [0.006936157587915659], "stats": [{"ci_99": [0.0061722202226519585, 0.007942832540720701], "q_25": 0.006593855796381831, "q_75": 0.007313252077437937, "min": 0.0061722202226519585, "max": 0.007942832540720701, "mean": 0.0069692060351371765, "std": 0.0005216541803994658, "repeat": 10, "number": 2}]}, "support.path.get_parent_paths.time_no_submods": {"result": [3.2446877083260345e-07], "stats": [{"ci_99": [2.866171037443806e-07, 3.800958501071057e-07], "q_25": 3.0927546010744006e-07, "q_75": 3.4525311011084183e-07, "min": 2.866171037443806e-07, "max": 3.800958501071057e-07, "mean": 3.282280471037827e-07,