{"results": {"api.supers.time_createadd": {"result": [0.972430660855025], "stats": [{"ci_99": [0.955243973992765, 1.0008553266525269], "q_25": 0.965708653209731, "q_75": 0.9808170169126242, "min": 0.955243973992765, "max": 1.0008553266525269, "mean": 0.9752720694057644, "std": 0.01463368137721619, "repeat": 10, "number": 1}]}, "api.supers.time_createadd_to_dataset": {"result": [0.9653794327750802], "stats": [{"ci_99": [0.9590124888345599, 0.9821306290104985], "q_25": 0.9635624664369971, "q_75": 0.9780017002485693, "min": 0.9590124888345599, "max": 0.9821306290104985, "mean": 0.9695860593579709, "std": 0.008406036583679851, "repeat": 10, "number": 1}]}, "api.supers.time_diff": null, "api.supers.time_diff_recursive": null, "api.supers.time_installr": {"result": [4.122704053297639], "stats": [{"ci_99": [4.07607961201588, 4.163561127730512], "q_25": 4.110155479284003, "q_75": 4.132368943886831, "min": 4.096895848400891, "max": 4.136977524496615, "mean": 4.119820369873196, "std": 0.015561847024347165, "repeat": 4, "number": 1}]}, "api.supers.time_ls": {"result": [0.1167471599765122], "stats": [{"ci_99": [0.11149983294308186, 0.13676692359149456], "q_25": 0.11430453532375395, "q_75": 0.11933455988764763, "min": 0.11149983294308186, "max": 0.13676692359149456, "mean": 0.11879117283970117, "std": 0.007119183638672295, "repeat": 10, "number": 1}]}, "api.supers.time_ls_recursive": {"result": [1.0758579992689192], "stats": [{"ci_99": [1.067441406659782, 1.089703319594264], "q_25": 1.070009479764849, "q_75": 1.08371743070893, "min": 1.067441406659782, "max": 1.089703319594264, "mean": 1.0768656328320503, "std": 0.0076711724022177, "repeat": 10, "number": 1}]}, "api.supers.time_ls_recursive_long_all": {"result": [1.2315837945789099], "stats": [{"ci_99": [1.2227385146543384, 1.2497428935021162], "q_25": 1.2243526217062026, "q_75": 1.2383001984562725, "min": 1.2227385146543384, "max": 1.2497428935021162, "mean": 1.2323705157265068, "std": 0.008806864368667943, "repeat": 10, "number": 1}]}, "api.supers.time_remove": {"result": [2.0355147030204535], "stats": [{"ci_99": [2.025708961300552, 2.087865311652422], "q_25": 2.032543139765039, "q_75": 2.05051609990187, "min": 2.025708961300552, "max": 2.087865311652422, "mean": 2.0463444214547053, "std": 0.02280651884773088, "repeat": 8, "number": 1}]}, "api.supers.time_status": {"result": [0.6846755766309798], "stats": [{"ci_99": [0.6781171252951026, 0.6953760357573628], "q_25": 0.6822373517788947, "q_75": 0.6932554568629712, "min": 0.6781171252951026, "max": 0.6953760357573628, "mean": 0.6867837904952466, "std": 0.005998873463015292, "repeat": 10, "number": 1}]}, "api.supers.time_status_recursive": {"result": [1.1493980498053133], "stats": [{"ci_99": [1.1427148468792439, 1.154312408529222], "q_25": 1.1471206864807755, "q_75": 1.1518703459296376, "min": 1.1427148468792439, "max": 1.154312408529222, "mean": 1.1489740788005292, "std": 0.0037263975120109074, "repeat": 10, "number": 1}]}, "api.supers.time_subdatasets": {"result": [0.06647625798359513], "stats": [{"ci_99": [0.06480850372463465, 0.07528808899223804], "q_25": 0.06563623249530792, "q_75": 0.07102873758412898, "min": 0.06480850372463465, "max": 0.07528808899223804, "mean": 0.06830686004832387, "std": 0.003553867000656404, "repeat": 10, "number": 1}]}, "api.supers.time_subdatasets_recursive": {"result": [0.2500657793134451], "stats": [{"ci_99": [0.243382447399199, 0.2526294467970729], "q_25": 0.24685920192860067, "q_75": 0.2520702627953142, "min": 0.243382447399199, "max": 0.2526294467970729, "mean": 0.24917911365628242, "std": 0.0031886554464800403, "repeat": 10, "number": 1}]}, "api.supers.time_subdatasets_recursive_first": {"result": [0.06986181950196624], "stats": [{"ci_99": [0.06153964251279831, 0.07398189697414637], "q_25": 0.06763852084986866, "q_75": 0.07295639533549547, "min": 0.06153964251279831, "max": 0.07398189697414637, "mean": 0.06968838144093752, "std": 0.0037400529927901207, "repeat": 10, "number": 1}]}, "api.supers.time_uninstall": {"result": [2.0448880274780095], "stats": [{"ci_99": [1.9964499464258552, 2.1126227881759405], "q_25": 2.0024746058043092, "q_75": 2.0966757328715175, "min": 1.9964499464258552, "max": 2.1126227881759405, "mean": 2.0494256720412523, "std": 0.048987965526783896, "repeat": 8, "number": 1}]}, "repo.gitrepo.time_get_content_info": {"result": [0.01700257696211338], "stats": [{"ci_99": [0.01490999385714531, 0.021953782998025417], "q_25": 0.015017345082014799, "q_75": 0.02097503701224923, "min": 0.01490999385714531, "max": 0.021953782998025417, "mean": 0.017894967552274467, "std": 0.0029833053818062254, "repeat": 10, "number": 1}]}, "api.testds.time_create_test_dataset1": {"result": [0.4475863613188267], "stats": [{"ci_99": [0.43056828062981367, 0.45828989055007696], "q_25": 0.43665710696950555, "q_75": 0.4554939172230661, "min": 0.43056828062981367, "max": 0.45828989055007696, "mean": 0.446173654589802, "std": 0.009776862032390575, "repeat": 10, "number": 1}]}, "api.testds.time_create_test_dataset2x2": {"result": [2.764946212526411], "stats": [{"ci_99": [2.6931651837158967, 2.8314891019559134], "q_25": 2.731563297333196, "q_75": 2.7923406686168164, "min": 2.702177518978715, "max": 2.819985100068152, "mean": 2.7623271428359053, "std": 0.04094491371261904, "repeat": 6, "number": 1}]}, "core.runner.time_echo": {"result": [0.0017702280698964994], "stats": [{"ci_99": [0.0017352195767064889, 0.00197386322543025], "q_25": 0.00175298397274067, "q_75": 0.0018771028068537514, "min": 0.0017352195767064889, "max": 0.00197386322543025, "mean": 0.0018188602756708861, "std": 8.684039467978395e-05, "repeat": 10, "number": 6}]}, "core.runner.time_echo_gitrunner": {"result": [0.0025144993560388684], "stats": [{"ci_99": [0.0021319459192454815, 0.0031102681532502174], "q_25": 0.0022185276611708105, "q_75": 0.002882645174395293, "min": 0.0021319459192454815, "max": 0.0031102681532502174, "mean": 0.0025643472094088794, "std": 0.00034440469140288246, "repeat": 10, "number": 4}]}, "core.startup.time_help_np": {"result": [0.5497587183490396], "stats": [{"ci_99": [0.5176465269178152, 0.5672503663226962], "q_25": 0.5227894270792603, "q_75": 0.5533513620030135, "min": 0.5176465269178152, "max": 0.5672503663226962, "mean": 0.542152528371662, "std": 0.01750798480414892, "repeat": 10, "number": 1}]}, "core.startup.time_import": {"result": [0.17015296081081033], "stats": [{"ci_99": [0.11805080901831388, 0.20841173455119133], "q_25": 0.1461407367605716, "q_75": 0.19345530751161277, "min": 0.11805080901831388, "max": 0.20841173455119133, "mean": 0.16839241199195384, "std": 0.02793212301393595, "repeat": 10, "number": 1}]}, "core.startup.time_import_api": {"result": [0.4874648582190275], "stats": [{"ci_99": [0.4506495054811239, 0.5658026738092303], "q_25": 0.461975438054651, "q_75": 0.5258945121895522, "min": 0.4506495054811239, "max": 0.5658026738092303, "mean": 0.4962744162417948, "std": 0.03960117167194171, "repeat": 10, "number": 1}]}, "support.path.get_parent_paths.time_allsubmods_toplevel": null, "support.path.get_parent_paths.time_allsubmods_toplevel_only": null, "support.path.get_parent_paths.time_no_submods": null, "support.path.get_parent_paths.time_one_submod_subdir": null, "support.path.get_parent_paths.time_one_submod_toplevel": null, "usecases.study_forrest.time_make_studyforrest_mockup": {"result": [26.421393774915487], "stats": [{"ci_99": [26.190798189025372, 26.6519893608056], "q_25": 26.419087819056585, "q_75": 26.423699730774388, "min": 26.416781863197684, "max": 26.42600568663329, "mean": 26.421393774915487, "std": 0.004611911717802286, "repeat": 2, "number": 1}]}, "core.runner.track_overhead_100ms": 0.99, "core.runner.track_overhead_echo": 37.36, "core.runner.track_overhead_heavyout": 5.66, "core.runner.track_overhead_heavyout_online_process": 4.78, "core.runner.track_overhead_heavyout_online_through": 2.13}, "params": {"arch": "x86_64", "cpu": "Intel(R) Xeon(R) CPU E5-1607 v2 @ 3.00GHz", "machine": "drogon-neurodebian0.20200209.1",