{"results": {"api.supers.time_createadd": {"result": [0.9702123841270804], "stats": [{"ci_99": [0.9619652405381203, 0.9954308439046144], "q_25": 0.9647758444771171, "q_75": 0.9882207065820694, "min": 0.9619652405381203, "max": 0.9954308439046144, "mean": 0.9756824025884271, "std": 0.012514842063679685, "repeat": 10, "number": 1}]}, "api.supers.time_createadd_to_dataset": {"result": [0.9750259811989963], "stats": [{"ci_99": [0.9615014269948006, 1.001336338929832], "q_25": 0.9677849691361189, "q_75": 0.9804779062978923, "min": 0.9615014269948006, "max": 1.001336338929832, "mean": 0.9768531388603151, "std": 0.011774147237769761, "repeat": 10, "number": 1}]}, "api.supers.time_diff": null, "api.supers.time_diff_recursive": null, "api.supers.time_installr": {"result": [4.090766969136894], "stats": [{"ci_99": [4.028443859538304, 4.1474095502661], "q_25": 4.071294095134363, "q_75": 4.107399578904733, "min": 4.061294277198613, "max": 4.108878604136407, "mean": 4.087926704902202, "std": 0.02052666529600493, "repeat": 4, "number": 1}]}, "api.supers.time_ls": {"result": [0.11685820575803518], "stats": [{"ci_99": [0.11341092362999916, 0.12494162283837795], "q_25": 0.11640010168775916, "q_75": 0.11919263540767133, "min": 0.11341092362999916, "max": 0.12494162283837795, "mean": 0.11779389157891273, "std": 0.0031141496810238624, "repeat": 10, "number": 1}]}, "api.supers.time_ls_recursive": {"result": [1.0735810557380319], "stats": [{"ci_99": [1.057915079407394, 1.0824027052149177], "q_25": 1.0727919649798423, "q_75": 1.0744852162897587, "min": 1.057915079407394, "max": 1.0824027052149177, "mean": 1.072810528241098, "std": 0.0058034250027645074, "repeat": 10, "number": 1}]}, "api.supers.time_ls_recursive_long_all": {"result": [1.2332845791243017], "stats": [{"ci_99": [1.2202289756387472, 1.2508311467245221], "q_25": 1.2273073005490005, "q_75": 1.2425609421916306, "min": 1.2202289756387472, "max": 1.2508311467245221, "mean": 1.2347124442458153, "std": 0.009093052850318924, "repeat": 10, "number": 1}]}, "api.supers.time_remove": {"result": [2.0782028445973992], "stats": [{"ci_99": [2.016712578944862, 2.131127495318651], "q_25": 2.0277585121802986, "q_75": 2.1270844782702625, "min": 2.016712578944862, "max": 2.131127495318651, "mean": 2.0762906939489767, "std": 0.05048729195355839, "repeat": 8, "number": 1}]}, "api.supers.time_status": {"result": [0.700878091622144], "stats": [{"ci_99": [0.6800217116251588, 0.7201332869008183], "q_25": 0.6862755070906132, "q_75": 0.7148300537373871, "min": 0.6800217116251588, "max": 0.7201332869008183, "mean": 0.7008484904654324, "std": 0.015895828926332945, "repeat": 10, "number": 1}]}, "api.supers.time_status_recursive": {"result": [1.176098613999784], "stats": [{"ci_99": [1.1413288479670882, 1.199682823382318], "q_25": 1.1515763020142913, "q_75": 1.1923915620427579, "min": 1.1413288479670882, "max": 1.199682823382318, "mean": 1.1727494355291128, "std": 0.021869947718470492, "repeat": 10, "number": 1}]}, "api.supers.time_subdatasets": {"result": [0.07223998242989182], "stats": [{"ci_99": [0.06112093385308981, 0.07828598842024803], "q_25": 0.07068560901097953, "q_75": 0.07476166333071887, "min": 0.06112093385308981, "max": 0.07828598842024803, "mean": 0.0713722724467516, "std": 0.0053270968081038355, "repeat": 10, "number": 1}]}, "api.supers.time_subdatasets_recursive": {"result": [0.25348535319790244], "stats": [{"ci_99": [0.241574477404356, 0.2567066578194499], "q_25": 0.2515951870009303, "q_75": 0.2552044917829335, "min": 0.241574477404356, "max": 0.2567066578194499, "mean": 0.25186251401901244, "std": 0.004887194876421241, "repeat": 10, "number": 1}]}, "api.supers.time_subdatasets_recursive_first": {"result": [0.06402953434735537], "stats": [{"ci_99": [0.06085014156997204, 0.07723065465688705], "q_25": 0.06271878071129322, "q_75": 0.06649099895730615, "min": 0.06085014156997204, "max": 0.07723065465688705, "mean": 0.06555074602365493, "std": 0.004569873652018328, "repeat": 10, "number": 1}]}, "api.supers.time_uninstall": {"result": [2.015354453586042], "stats": [{"ci_99": [1.9797608824446797, 2.0715134972706437], "q_25": 2.002406883519143, "q_75": 2.049541059182957, "min": 1.9797608824446797, "max": 2.0715134972706437, "mean": 2.023727262276225, "std": 0.030859607198291058, "repeat": 8, "number": 1}]}, "repo.gitrepo.time_get_content_info": {"result": [0.01971703302115202], "stats": [{"ci_99": [0.016889759339392185, 0.022639782167971134], "q_25": 0.019380735233426094, "q_75": 0.020189034286886454, "min": 0.016889759339392185, "max": 0.022639782167971134, "mean": 0.01985711120069027, "std": 0.0016881722890025159, "repeat": 10, "number": 1}]}, "api.testds.time_create_test_dataset1": {"result": [0.4438045499846339], "stats": [{"ci_99": [0.43977331183850765, 0.45961563009768724], "q_25": 0.4419790606480092, "q_75": 0.44793321657925844, "min": 0.43977331183850765, "max": 0.45961563009768724, "mean": 0.4456219902262092, "std": 0.005544899650190546, "repeat": 10, "number": 1}]}, "api.testds.time_create_test_dataset2x2": {"result": [2.7690762067213655], "stats": [{"ci_99": [2.7505935620586897, 2.8000279515981674], "q_25": 2.7625523938331753, "q_75": 2.7806907237973064, "min": 2.7575157107785344, "max": 2.8000279515981674, "mean": 2.773439349140972, "std": 0.01453472890684674, "repeat": 6, "number": 1}]}, "core.runner.time_echo": {"result": [0.0018415181897580624], "stats": [{"ci_99": [0.0017208969220519066, 0.0022049218416213988], "q_25": 0.001726798852905631, "q_75": 0.002031072461977601, "min": 0.0017208969220519066, "max": 0.0022049218416213988, "mean": 0.0018987780809402465, "std": 0.00018319595427294607, "repeat": 10, "number": 5}]}, "core.runner.time_echo_gitrunner": {"result": [0.002268672082573175], "stats": [{"ci_99": [0.0021143730729818342, 0.002698616683483124], "q_25": 0.0021401301492005587, "q_75": 0.0024323922116309404, "min": 0.0021143730729818342, "max": 0.002698616683483124, "mean": 0.0023159755393862723, "std": 0.00019510663872319007, "repeat": 10, "number": 5}]}, "core.startup.time_help_np": {"result": [0.5657721837051213], "stats": [{"ci_99": [0.515861164778471, 0.6382303200662136], "q_25": 0.5469687257427722, "q_75": 0.6014915504492819, "min": 0.515861164778471, "max": 0.6382303200662136, "mean": 0.5709935498423875, "std": 0.03779968399359754, "repeat": 10, "number": 1}]}, "core.startup.time_import": {"result": [0.17741165030747652], "stats": [{"ci_99": [0.11997956968843937, 0.2074242541566491], "q_25": 0.15380653063766658, "q_75": 0.20050237327814102, "min": 0.11997956968843937, "max": 0.2074242541566491, "mean": 0.1749900889582932, "std": 0.02749241996103323, "repeat": 10, "number": 1}]}, "core.startup.time_import_api": {"result": [0.5148330382071435], "stats": [{"ci_99": [0.4529619151726365, 0.5711314417421818], "q_25": 0.4968839236535132, "q_75": 0.5410410147160292, "min": 0.4529619151726365, "max": 0.5711314417421818, "mean": 0.515433851070702, "std": 0.03892045505514784, "repeat": 10, "number": 1}]}, "support.path.get_parent_paths.time_allsubmods_toplevel": null, "support.path.get_parent_paths.time_allsubmods_toplevel_only": null, "support.path.get_parent_paths.time_no_submods": null, "support.path.get_parent_paths.time_one_submod_subdir": null, "support.path.get_parent_paths.time_one_submod_toplevel": null, "usecases.study_forrest.time_make_studyforrest_mockup": {"result": [26.588429111987352], "stats": [{"ci_99": [24.764184487983584, 28.41267373599112], "q_25": 26.570186665747315, "q_75": 26.60667155822739, "min": 26.551944219507277, "max": 26.624914004467428, "mean": 26.588429111987352, "std": 0.03648489248007536, "repeat": 2, "number": 1}]}, "core.runner.track_overhead_100ms": 2.05, "core.runner.track_overhead_echo": 33.81, "core.runner.track_overhead_heavyout": -7.66, "core.runner.track_overhead_heavyout_online_process": -7.43, "core.runner.track_overhead_heavyout_online_through": 33.06}, "params": {"arch": "x86_64", "cpu": "Intel(R) Xeon(R) CPU E5-1607 v2 @ 3.00GHz",