{"results": {"api.supers.time_createadd": {"result": [1.2814179472625256], "stats": [{"ci_99": [1.2727898973971605, 1.314322803169489], "q_25": 1.279063151217997, "q_75": 1.2943596609402448, "min": 1.2727898973971605, "max": 1.314322803169489, "mean": 1.2868077925406396, "std": 0.012338149514805677, "repeat": 10, "number": 1}]}, "api.supers.time_createadd_to_dataset": {"result": [1.214763802010566], "stats": [{"ci_99": [1.187024001032114, 1.2542475489899516], "q_25": 1.203308217227459, "q_75": 1.2329821034800261, "min": 1.187024001032114, "max": 1.2542475489899516, "mean": 1.2179146180860698, "std": 0.019609925341568416, "repeat": 10, "number": 1}]}, "api.supers.time_diff": null, "api.supers.time_diff_recursive": null, "api.supers.time_installr": {"result": [5.073706717696041], "stats": [{"ci_99": [4.670497337821871, 5.476916097570211], "q_25": 5.069674623897299, "q_75": 5.077738811494783, "min": 5.0656425300985575, "max": 5.081770905293524, "mean": 5.073706717696041, "std": 0.008064187597483397, "repeat": 2, "number": 1}]}, "api.supers.time_ls": {"result": [0.18278131913393736], "stats": [{"ci_99": [0.17917729634791613, 0.19391996040940285], "q_25": 0.18094432214275002, "q_75": 0.19024920696392655, "min": 0.17917729634791613, "max": 0.19391996040940285, "mean": 0.1851739076897502, "std": 0.005211932652843761, "repeat": 10, "number": 1}]}, "api.supers.time_ls_recursive": {"result": [1.8003837312571704], "stats": [{"ci_99": [1.7928712787106633, 1.8103986019268632], "q_25": 1.7970910128206015, "q_75": 1.8049735177773982, "min": 1.7928712787106633, "max": 1.8103986019268632, "mean": 1.8008635211735964, "std": 0.005505700802804406, "repeat": 10, "number": 1}]}, "api.supers.time_ls_recursive_long_all": {"result": [1.9642439247108996], "stats": [{"ci_99": [1.9479707861319184, 1.9780245125293732], "q_25": 1.956375758862123, "q_75": 1.974670791765675, "min": 1.9479707861319184, "max": 1.9780245125293732, "mean": 1.9643610215280205, "std": 0.010597003647621084, "repeat": 8, "number": 1}]}, "api.supers.time_remove": null, "api.supers.time_status": {"result": [0.74822544073686], "stats": [{"ci_99": [0.7439362108707428, 0.7551396144554019], "q_25": 0.7469842764548957, "q_75": 0.7510596737265587, "min": 0.7439362108707428, "max": 0.7551396144554019, "mean": 0.7491228680126369, "std": 0.003543134582525367, "repeat": 10, "number": 1}]}, "api.supers.time_status_recursive": {"result": [1.3935855864547193], "stats": [{"ci_99": [1.3889563633129, 1.402801452204585], "q_25": 1.3918004024308175, "q_75": 1.3986214897595346, "min": 1.3889563633129, "max": 1.402801452204585, "mean": 1.3948836707510055, "std": 0.004333509674721874, "repeat": 10, "number": 1}]}, "api.supers.time_subdatasets": {"result": [0.11049145041033626], "stats": [{"ci_99": [0.10737722180783749, 0.1147384773939848], "q_25": 0.10797693417407572, "q_75": 0.11245282227173448, "min": 0.10737722180783749, "max": 0.1147384773939848, "mean": 0.11042627105489373, "std": 0.002497153309675407, "repeat": 10, "number": 1}]}, "api.supers.time_subdatasets_recursive": {"result": [0.44467920903116465], "stats": [{"ci_99": [0.43887400534003973, 0.45432276371866465], "q_25": 0.4422843393404037, "q_75": 0.448451129719615, "min": 0.43887400534003973, "max": 0.45432276371866465, "mean": 0.44538913257420065, "std": 0.0046731531633408185, "repeat": 10, "number": 1}]}, "api.supers.time_subdatasets_recursive_first": {"result": [0.10942379804328084], "stats": [{"ci_99": [0.10642932448536158, 0.1122885923832655], "q_25": 0.10783696011640131, "q_75": 0.1099310836289078, "min": 0.10642932448536158, "max": 0.1122885923832655, "mean": 0.10923999398946763, "std": 0.0018926896361608234, "repeat": 10, "number": 1}]}, "api.supers.time_uninstall": {"result": [4.1165489153936505], "stats": [{"ci_99": [4.082378320258472, 4.158727757304546], "q_25": 4.108292919350788, "q_75": 4.128809034824371, "min": 4.1079917792230844, "max": 4.14112254511565, "mean": 4.120553038781509, "std": 0.01365635369913289, "repeat": 4, "number": 1}]}, "repo.gitrepo.time_get_content_info": {"result": [0.01628052443265915], "stats": [{"ci_99": [0.014589739963412285, 0.017877005971968174], "q_25": 0.01499518915079534, "q_75": 0.01728256605565548, "min": 0.014589739963412285, "max": 0.017877005971968174, "mean": 0.01617129100486636, "std": 0.0011803185750869252, "repeat": 10, "number": 1}]}, "api.testds.time_create_test_dataset1": {"result": [0.5984608312137425], "stats": [{"ci_99": [0.5935962395742536, 0.6110994322225451], "q_25": 0.5962997160386294, "q_75": 0.603005486773327, "min": 0.5935962395742536, "max": 0.6110994322225451, "mean": 0.599933534488082, "std": 0.005045837358852313, "repeat": 10, "number": 1}]}, "api.testds.time_create_test_dataset2x2": {"result": [3.5659418450668454], "stats": [{"ci_99": [3.5167471611931176, 3.613768907816782], "q_25": 3.5587541819550097, "q_75": 3.5724456976167858, "min": 3.5388243533670902, "max": 3.590324094519019, "mean": 3.56525803450495, "std": 0.018224809814675728, "repeat": 4, "number": 1}]}, "core.runner.time_echo": {"result": [0.0017073415219783783], "stats": [{"ci_99": [0.001695453654974699, 0.0017369482666254044], "q_25": 0.0017039460750917594, "q_75": 0.0017091232584789395, "min": 0.001695453654974699, "max": 0.0017369482666254044, "mean": 0.0017093177729596693, "std": 1.0682675143079078e-05, "repeat": 10, "number": 6}]}, "core.runner.time_echo_gitrunner": {"result": [0.002749508013948798], "stats": [{"ci_99": [0.00254228082485497, 0.0029268760699778795], "q_25": 0.002676099131349474, "q_75": 0.0028526203241199255, "min": 0.00254228082485497, "max": 0.0029268760699778795, "mean": 0.0027466951636597515, "std": 0.00012507636625181496, "repeat": 10, "number": 4}]}, "core.startup.time_help_np": {"result": [0.6032258123159409], "stats": [{"ci_99": [0.5671931086108088, 0.6378481471911073], "q_25": 0.5960432363208383, "q_75": 0.6216892076190561, "min": 0.5671931086108088, "max": 0.6378481471911073, "mean": 0.6055510035715997, "std": 0.019835710329797657, "repeat": 10, "number": 1}]}, "core.startup.time_import": {"result": [0.15389106329530478], "stats": [{"ci_99": [0.11528210714459419, 0.18448343314230442], "q_25": 0.14189279172569513, "q_75": 0.1560172103345394, "min": 0.11528210714459419, "max": 0.18448343314230442, "mean": 0.14810239430516958, "std": 0.01876873282814078, "repeat": 10, "number": 1}]}, "core.startup.time_import_api": {"result": [0.5611193310469389], "stats": [{"ci_99": [0.4766701115295291, 0.5854595974087715], "q_25": 0.541640013223514, "q_75": 0.5736768385395408, "min": 0.4766701115295291, "max": 0.5854595974087715, "mean": 0.5535886461846531, "std": 0.03027436471125819, "repeat": 10, "number": 1}]}, "support.path.get_parent_paths.time_allsubmods_toplevel": {"result": [0.007020902819931507], "stats": [{"ci_99": [0.006841856986284256, 0.008949464187026024], "q_25": 0.006920571904629469, "q_75": 0.007805163506418467, "min": 0.006841856986284256, "max": 0.008949464187026024, "mean": 0.007420771941542626, "std": 0.0006807308526921413, "repeat": 10, "number": 2}]}, "support.path.get_parent_paths.time_allsubmods_toplevel_only": {"result": [0.006392530631273985], "stats": [{"ci_99": [0.006220870651304722, 0.008049420546740294], "q_25": 0.006279175751842558, "q_75": 0.007068403530865908, "min": 0.006220870651304722, "max": 0.008049420546740294, "mean": 0.0067339204251766205, "std": 0.0005958358830388124, "repeat": 10, "number": 2}]}, "support.path.get_parent_paths.time_no_submods": {"result": [2.957849305618724e-07], "stats": [{"ci_99": [2.7621564932301e-07, 3.5825159693755233e-07], "q_25": 2.773946151401127e-07, "q_75": 3.311551415189285e-07, "min": 2.7621564932301e-07, "max": 3.5825159693755233e-07, "mean": 3.0544049961893753e-07, "std": 3.006616625054921e-08, "repeat": 10, "number": 28246}]}, "support.path.get_parent_paths.time_one_submod_subdir": {"result": [0.005597038194537163], "stats": [{"ci_99": [0.005412763450294733, 0.005616103298962116], "q_25": 0.00543607899453491, "q_75": 0.005601834389381111,