{"results": {"api.supers.time_createadd": {"result": [1.2674173559062183], "stats": [{"ci_99": [1.2518920879811049, 1.291822268627584], "q_25": 1.26177372247912, "q_75": 1.27673726901412, "min": 1.2518920879811049, "max": 1.291822268627584, "mean": 1.269248155504465, "std": 0.011084181642069214, "repeat": 10, "number": 1}]}, "api.supers.time_createadd_to_dataset": {"result": [1.2102832486853004], "stats": [{"ci_99": [1.201691484078765, 1.2307632844895124], "q_25": 1.2043552703689784, "q_75": 1.2166567917447537, "min": 1.201691484078765, "max": 1.2307632844895124, "mean": 1.2114793416112661, "std": 0.00865168623878819, "repeat": 10, "number": 1}]}, "api.supers.time_diff": null, "api.supers.time_diff_recursive": null, "api.supers.time_installr": {"result": [5.471379826311022], "stats": [{"ci_99": [3.0983561924658716, 7.844403460156171], "q_25": 5.4476495899725705, "q_75": 5.4951100626494735, "min": 5.423919353634119, "max": 5.518840298987925, "mean": 5.471379826311022, "std": 0.04746047267690301, "repeat": 2, "number": 1}]}, "api.supers.time_ls": {"result": [0.19458575453609228], "stats": [{"ci_99": [0.188920795917511, 0.20235982909798622], "q_25": 0.19331901078112423, "q_75": 0.20028728898614645, "min": 0.188920795917511, "max": 0.20235982909798622, "mean": 0.19581968802958727, "std": 0.004478438758685067, "repeat": 10, "number": 1}]}, "api.supers.time_ls_recursive": {"result": [1.8956507625989616], "stats": [{"ci_99": [1.8817856553941965, 1.9326398838311434], "q_25": 1.8895742422901094, "q_75": 1.9107773683499545, "min": 1.8817856553941965, "max": 1.9326398838311434, "mean": 1.9016739942133427, "std": 0.017532008116671705, "repeat": 10, "number": 1}]}, "api.supers.time_ls_recursive_long_all": {"result": [2.0634696553461254], "stats": [{"ci_99": [2.0418349904939532, 2.107595380395651], "q_25": 2.0531685736496, "q_75": 2.0801887726411223, "min": 2.0418349904939532, "max": 2.107595380395651, "mean": 2.06795455457177, "std": 0.020584604919745123, "repeat": 8, "number": 1}]}, "api.supers.time_remove": null, "api.supers.time_status": {"result": [0.7541431901045144], "stats": [{"ci_99": [0.7394152209162712, 0.7792453281581402], "q_25": 0.7494491778779775, "q_75": 0.7607440506108105, "min": 0.7394152209162712, "max": 0.7792453281581402, "mean": 0.7563544183038176, "std": 0.012635078584845461, "repeat": 10, "number": 1}]}, "api.supers.time_status_recursive": {"result": [1.380260213278234], "stats": [{"ci_99": [1.3652304895222187, 1.4524403419345617], "q_25": 1.3724535489454865, "q_75": 1.3865646023768932, "min": 1.3652304895222187, "max": 1.4524403419345617, "mean": 1.3913044204004108, "std": 0.030443918740908016, "repeat": 10, "number": 1}]}, "api.supers.time_subdatasets": {"result": [0.10831506131216884], "stats": [{"ci_99": [0.1069132974371314, 0.11325470171868801], "q_25": 0.1078471690416336, "q_75": 0.1083834869787097, "min": 0.1069132974371314, "max": 0.11325470171868801, "mean": 0.1086463495157659, "std": 0.001676585968398766, "repeat": 10, "number": 1}]}, "api.supers.time_subdatasets_recursive": {"result": [0.43743423046544194], "stats": [{"ci_99": [0.4310847707092762, 0.4412601590156555], "q_25": 0.4366854887921363, "q_75": 0.43909457279369235, "min": 0.4310847707092762, "max": 0.4412601590156555, "mean": 0.43736434588208795, "std": 0.002647980752270749, "repeat": 10, "number": 1}]}, "api.supers.time_subdatasets_recursive_first": {"result": [0.10871108155697584], "stats": [{"ci_99": [0.10482428316026926, 0.11382570397108793], "q_25": 0.10649300902150571, "q_75": 0.11006318335421383, "min": 0.10482428316026926, "max": 0.11382570397108793, "mean": 0.10858128378167749, "std": 0.0025636272973734516, "repeat": 10, "number": 1}]}, "api.supers.time_uninstall": {"result": [4.058175264857709], "stats": [{"ci_99": [4.036754466531655, 4.085191474357763], "q_25": 4.055786244105548, "q_75": 4.063361991196871, "min": 4.0510946623981, "max": 4.0764466896653175, "mean": 4.060972970444709, "std": 0.009407882973074336, "repeat": 4, "number": 1}]}, "repo.gitrepo.time_get_content_info": {"result": [0.015698526054620743], "stats": [{"ci_99": [0.014446282759308815, 0.017014455050230026], "q_25": 0.015447140438482165, "q_75": 0.015843635192140937, "min": 0.014446282759308815, "max": 0.017014455050230026, "mean": 0.01568756103515625, "std": 0.0006831524801543137, "repeat": 10, "number": 1}]}, "api.testds.time_create_test_dataset1": {"result": [0.5867143594659865], "stats": [{"ci_99": [0.5833864808082581, 0.5930928168818355], "q_25": 0.5844559986144304, "q_75": 0.5899599252734333, "min": 0.5833864808082581, "max": 0.5930928168818355, "mean": 0.5873786644078791, "std": 0.0033028990212072857, "repeat": 10, "number": 1}]}, "api.testds.time_create_test_dataset2x2": {"result": [3.5186380725353956], "stats": [{"ci_99": [3.5019753273765497, 3.5412534455579765], "q_25": 3.516106727067381, "q_75": 3.5241457319352776, "min": 3.5149609614163637, "max": 3.5342204393818974, "mean": 3.521614386467263, "std": 0.007585142841871944, "repeat": 4, "number": 1}]}, "core.runner.time_echo": {"result": [0.0020529734902083874], "stats": [{"ci_99": [0.0017623169347643851, 0.002314268611371517], "q_25": 0.001997783640399575, "q_75": 0.0021342276129871604, "min": 0.0017623169347643851, "max": 0.002314268611371517, "mean": 0.002055162638425827, "std": 0.0001543331596970389, "repeat": 10, "number": 5}]}, "core.runner.time_echo_gitrunner": {"result": [0.0022175587713718415], "stats": [{"ci_99": [0.0020913219079375265, 0.0027453845366835596], "q_25": 0.0020991636440157893, "q_75": 0.0024941050447523597, "min": 0.0020913219079375265, "max": 0.0027453845366835596, "mean": 0.0023160273022949695, "std": 0.00024286122165108855, "repeat": 10, "number": 5}]}, "core.startup.time_help_np": {"result": [0.5782202985137701], "stats": [{"ci_99": [0.5132878106087446, 0.654618869535625], "q_25": 0.5475334888324142, "q_75": 0.622124511282891, "min": 0.5132878106087446, "max": 0.654618869535625, "mean": 0.583150971494615, "std": 0.04394463324601293, "repeat": 10, "number": 1}]}, "core.startup.time_import": {"result": [0.16000856598839164], "stats": [{"ci_99": [0.12180482875555754, 0.20061612967401743], "q_25": 0.15577583550475538, "q_75": 0.17124825227074325, "min": 0.12180482875555754, "max": 0.20061612967401743, "mean": 0.16142775323241948, "std": 0.02203826182346438, "repeat": 10, "number": 1}]}, "core.startup.time_import_api": {"result": [0.5335100763477385], "stats": [{"ci_99": [0.475719572044909, 0.5681708166375756], "q_25": 0.5061204973608255, "q_75": 0.5587284953799099, "min": 0.475719572044909, "max": 0.5681708166375756, "mean": 0.5288496867753565, "std": 0.03171516169544492, "repeat": 10, "number": 1}]}, "support.path.get_parent_paths.time_allsubmods_toplevel": {"result": [0.0077844203915447], "stats": [{"ci_99": [0.006956492550671101, 0.008826002012938261], "q_25": 0.007393336039967835, "q_75": 0.00821655208710581, "min": 0.006956492550671101, "max": 0.008826002012938261, "mean": 0.007830667309463024, "std": 0.0006249299765688856, "repeat": 10, "number": 2}]}, "support.path.get_parent_paths.time_allsubmods_toplevel_only": {"result": [0.006724067497998476], "stats": [{"ci_99": [0.00604298897087574, 0.007955904118716717], "q_25": 0.006397371063940227, "q_75": 0.00709263258613646, "min": 0.00604298897087574, "max": 0.007955904118716717, "mean": 0.006805840507149696, "std": 0.0005631361025965001, "repeat": 10, "number": 2}]}, "support.path.get_parent_paths.time_no_submods": {"result": [3.267515941346525e-07], "stats": [{"ci_99": [3.048618604397256e-07, 3.577201634328944e-07], "q_25": 3.1497168870927384e-07, "q_75": 3.4133294598715596e-07, "min": 3.048618604397256e-07, "max": 3.577201634328944e-07, "mean": 3.2954584446387627e-07, "std": 1.713417734724718e-08, "repeat": 10, "number": 27023}]}, "support.path.get_parent_paths.time_one_submod_subdir": {"result": [0.006267218617722392], "stats": [{"ci_99": [0.005541036371141672, 0.007056569214910269], "q_25": 0.005935158231295645, "q_75": 0.006620905827730894,