{"results": {"api.supers.time_createadd": {"result": [1.3577598282136023], "stats": [{"ci_99": [1.3359182542189956, 1.411723155528307], "q_25": 1.340720096603036, "q_75": 1.374594874912873, "min": 1.3359182542189956, "max": 1.411723155528307, "mean": 1.3618567805737256, "std": 0.02337507574928915, "repeat": 10, "number": 1}]}, "api.supers.time_createadd_to_dataset": {"result": [1.1428040973842144], "stats": [{"ci_99": [1.1140155605971813, 1.193034378811717], "q_25": 1.1267967929597944, "q_75": 1.154636354651302, "min": 1.1140155605971813, "max": 1.193034378811717, "mean": 1.1437523552216589, "std": 0.021869441834274916, "repeat": 10, "number": 1}]}, "api.supers.time_diff": {"result": [0.09274683427065611], "stats": [{"ci_99": [0.08907206729054451, 0.12243096623569727], "q_25": 0.09007612452842295, "q_75": 0.10702570900321007, "min": 0.08907206729054451, "max": 0.12243096623569727, "mean": 0.09909853832796216, "std": 0.01232368549354274, "repeat": 10, "number": 1}]}, "api.supers.time_diff_recursive": {"result": [0.31355149019509554], "stats": [{"ci_99": [0.303146967664361, 0.3315752297639847], "q_25": 0.3093162593431771, "q_75": 0.31633527483791113, "min": 0.303146967664361, "max": 0.3315752297639847, "mean": 0.31347248069941996, "std": 0.007646192338873437, "repeat": 10, "number": 1}]}, "api.supers.time_installr": {"result": [3.9496707883663476], "stats": [{"ci_99": [3.6508187546905897, 4.252594618355033], "q_25": 3.855219690827653, "q_75": 4.046157784061506, "min": 3.8381909374147654, "max": 4.069294231943786, "mean": 3.9517066865228117, "std": 0.1030568927866584, "repeat": 4, "number": 1}]}, "api.supers.time_ls": {"result": [0.7291778707876801], "stats": [{"ci_99": [0.6940294820815325, 0.7655198499560356], "q_25": 0.6994493631646037, "q_75": 0.7467612645123154, "min": 0.6940294820815325, "max": 0.7655198499560356, "mean": 0.7268164290115238, "std": 0.02677435086083081, "repeat": 10, "number": 1}]}, "api.supers.time_ls_recursive": {"result": [2.6650195475667715], "stats": [{"ci_99": [2.6198277663683647, 2.8352030673995614], "q_25": 2.660413967212662, "q_75": 2.683549598790705, "min": 2.658623866736889, "max": 2.8352030673995614, "mean": 2.6954118475938835, "std": 0.06338332150225469, "repeat": 6, "number": 1}]}, "api.supers.time_ls_recursive_long_all": {"result": [2.808307253755629], "stats": [{"ci_99": [2.7918395389420496, 2.830304489291936], "q_25": 2.80308075575158, "q_75": 2.821161838946864, "min": 2.795956634916365, "max": 2.827075651846826, "mean": 2.8110720141169927, "std": 0.01138158874473819, "repeat": 6, "number": 1}]}, "api.supers.time_remove": {"result": [2.1160741839557886], "stats": [{"ci_99": [2.0799207193776965, 2.1314092446118593], "q_25": 2.0998236953746527, "q_75": 2.1214371798560023, "min": 2.0799207193776965, "max": 2.1314092446118593, "mean": 2.110855856910348, "std": 0.015893068401895378, "repeat": 8, "number": 1}]}, "api.supers.time_status": {"result": [0.6912606097757816], "stats": [{"ci_99": [0.6820771237835288, 0.7030354607850313], "q_25": 0.6900482126511633, "q_75": 0.6972329928539693, "min": 0.6820771237835288, "max": 0.7030354607850313, "mean": 0.6930067967623472, "std": 0.00573069967382952, "repeat": 10, "number": 1}]}, "api.supers.time_status_recursive": {"result": [1.1547719882801175], "stats": [{"ci_99": [1.150485409423709, 1.1638128533959389], "q_25": 1.151955661131069, "q_75": 1.1579607010353357, "min": 1.150485409423709, "max": 1.1638128533959389, "mean": 1.1553967226296664, "std": 0.003947966146518486, "repeat": 10, "number": 1}]}, "api.supers.time_subdatasets": {"result": [0.05514744250103831], "stats": [{"ci_99": [0.04980108514428139, 0.06696160696446896], "q_25": 0.051863086642697453, "q_75": 0.055736004607751966, "min": 0.04980108514428139, "max": 0.06696160696446896, "mean": 0.05545276952907443, "std": 0.004872805944311373, "repeat": 10, "number": 1}]}, "api.supers.time_subdatasets_recursive": {"result": [0.12568632513284683], "stats": [{"ci_99": [0.11653732042759657, 0.12792605720460415], "q_25": 0.12339571118354797, "q_75": 0.12632911885157228, "min": 0.11653732042759657, "max": 0.12792605720460415, "mean": 0.12443851362913846, "std": 0.0032427593821701844, "repeat": 10, "number": 1}]}, "api.supers.time_subdatasets_recursive_first": {"result": [0.053515822160989046], "stats": [{"ci_99": [0.04903772193938494, 0.06035115756094456], "q_25": 0.05196713609620929, "q_75": 0.05673699616454542, "min": 0.04903772193938494, "max": 0.06035115756094456, "mean": 0.05424531204625964, "std": 0.003537719915874999, "repeat": 10, "number": 1}]}, "api.supers.time_uninstall": {"result": [2.190750083886087], "stats": [{"ci_99": [2.1773984441533685, 2.2090818053111434], "q_25": 2.18544454080984, "q_75": 2.201382397674024, "min": 2.1773984441533685, "max": 2.2090818053111434, "mean": 2.192961032502353, "std": 0.01066923425027059, "repeat": 8, "number": 1}]}, "repo.gitrepo.time_get_content_info": {"result": [0.021375269163399935], "stats": [{"ci_99": [0.016789172776043415, 0.025882556103169918], "q_25": 0.0187366611789912, "q_75": 0.022718934109434485, "min": 0.016789172776043415, "max": 0.025882556103169918, "mean": 0.0210287862457335, "std": 0.0028219265706648055, "repeat": 10, "number": 1}]}, "api.testds.time_create_test_dataset1": {"result": [0.449481678660959], "stats": [{"ci_99": [0.4436968471854925, 0.45515475794672966], "q_25": 0.4458131000865251, "q_75": 0.4529001379851252, "min": 0.4436968471854925, "max": 0.45515475794672966, "mean": 0.4493461987935007, "std": 0.00393203888566695, "repeat": 10, "number": 1}]}, "api.testds.time_create_test_dataset2x2": {"result": [3.3080994989722967], "stats": [{"ci_99": [3.2874434990808368, 3.3190661744261285], "q_25": 3.3040720503777266, "q_75": 3.3127688847016543, "min": 3.2874434990808368, "max": 3.3142545921728015, "mean": 3.3058253338870904, "std": 0.009082033346560384, "repeat": 6, "number": 1}]}, "core.runner.time_echo": {"result": [0.0017672788351774217], "stats": [{"ci_99": [0.0017227387055754662, 0.0021442100405693054], "q_25": 0.0017295011319220066, "q_75": 0.0018340503331273795, "min": 0.0017227387055754662, "max": 0.0021442100405693054, "mean": 0.0018374863266944885, "std": 0.00015474852003591143, "repeat": 10, "number": 5}]}, "core.runner.time_echo_gitrunner": {"result": [0.002699019038118422], "stats": [{"ci_99": [0.002480387920513749, 0.00296396529302001], "q_25": 0.002611465461086482, "q_75": 0.0027975841658189893, "min": 0.002480387920513749, "max": 0.00296396529302001, "mean": 0.0027074135141447186, "std": 0.00013926108912637008, "repeat": 10, "number": 4}]}, "core.startup.time_help_np": {"result": [0.5764382928609848], "stats": [{"ci_99": [0.5185673562809825, 0.63128871191293], "q_25": 0.5616531961131841, "q_75": 0.5882263337261975, "min": 0.5185673562809825, "max": 0.63128871191293, "mean": 0.5753078821115196, "std": 0.027606532364869464, "repeat": 10, "number": 1}]}, "core.startup.time_import": {"result": [0.14987110160291195], "stats": [{"ci_99": [0.11705424170941114, 0.19116809125989676], "q_25": 0.13406051159836352, "q_75": 0.1657756818458438, "min": 0.11705424170941114, "max": 0.19116809125989676, "mean": 0.15116251735016703, "std": 0.02453234082351805, "repeat": 10, "number": 1}]}, "core.startup.time_import_api": {"result": [0.5146749182604253], "stats": [{"ci_99": [0.49076857045292854, 0.5598259782418609], "q_25": 0.49621261679567397, "q_75": 0.5459111239761114, "min": 0.49076857045292854, "max": 0.5598259782418609, "mean": 0.520062455907464, "std": 0.02576520589498665, "repeat": 10, "number": 1}]}, "support.path.get_parent_paths.time_allsubmods_toplevel": null, "support.path.get_parent_paths.time_allsubmods_toplevel_only": null, "support.path.get_parent_paths.time_no_submods": null, "support.path.get_parent_paths.time_one_submod_subdir": null, "support.path.get_parent_paths.time_one_submod_toplevel": null, "usecases.study_forrest.time_make_studyforrest_mockup": {"result": [35.71912763919681], "stats": [{"ci_99": [33.95860913489014, 37.47964614350349],