{"results": {"api.supers.time_createadd": {"result": [1.2809154172427952], "stats": [{"ci_99": [1.2630724227055907, 1.2941021248698235], "q_25": 1.2735015857033432, "q_75": 1.2907100724987686, "min": 1.2630724227055907, "max": 1.2941021248698235, "mean": 1.281237990874797, "std": 0.010382274235486459, "repeat": 10, "number": 1}]}, "api.supers.time_createadd_to_dataset": {"result": [1.2478172928094864], "stats": [{"ci_99": [1.226157451979816, 1.2703003222122788], "q_25": 1.2436027054209262, "q_75": 1.2578329846728593, "min": 1.226157451979816, "max": 1.2703003222122788, "mean": 1.249071056768298, "std": 0.01237379318386556, "repeat": 10, "number": 1}]}, "api.supers.time_diff": null, "api.supers.time_diff_recursive": null, "api.supers.time_installr": {"result": [5.229888861067593], "stats": [{"ci_99": [4.2475725105032325, 6.212205211631953], "q_25": 5.2200656975619495, "q_75": 5.239712024573237, "min": 5.210242534056306, "max": 5.24953518807888, "mean": 5.229888861067593, "std": 0.019646327011287212, "repeat": 2, "number": 1}]}, "api.supers.time_ls": {"result": [0.18427413469180465], "stats": [{"ci_99": [0.17534983810037374, 0.1881320858374238], "q_25": 0.17752406909130514, "q_75": 0.18597341096028686, "min": 0.17534983810037374, "max": 0.1881320858374238, "mean": 0.18214323436841368, "std": 0.0045603874736025694, "repeat": 10, "number": 1}]}, "api.supers.time_ls_recursive": {"result": [1.7514408463612199], "stats": [{"ci_99": [1.742831296287477, 1.7701987521722913], "q_25": 1.7496007655281574, "q_75": 1.7615163789596409, "min": 1.742831296287477, "max": 1.7701987521722913, "mean": 1.7548899054527283, "std": 0.008575887020254453, "repeat": 10, "number": 1}]}, "api.supers.time_ls_recursive_long_all": {"result": [1.908416104502976], "stats": [{"ci_99": [1.8977284422144294, 1.9214785974472761], "q_25": 1.8999978138599545, "q_75": 1.9137016485910863, "min": 1.8977284422144294, "max": 1.9214785974472761, "mean": 1.90831954323221, "std": 0.008427222014276666, "repeat": 8, "number": 1}]}, "api.supers.time_remove": null, "api.supers.time_rev_createadd": null, "api.supers.time_rev_createadd_to_dataset": null, "api.supers.time_status": {"result": [0.706295233219862], "stats": [{"ci_99": [0.7021381091326475, 0.7115879030898213], "q_25": 0.705936990911141, "q_75": 0.707926994888112, "min": 0.7021381091326475, "max": 0.7115879030898213, "mean": 0.7068525078706444, "std": 0.002744515948254325, "repeat": 10, "number": 1}]}, "api.supers.time_status_recursive": {"result": [1.3375677946023643], "stats": [{"ci_99": [1.3322066236287355, 1.3406441994011402], "q_25": 1.33550402126275, "q_75": 1.3386635538190603, "min": 1.3322066236287355, "max": 1.3406441994011402, "mean": 1.3370435652323067, "std": 0.0023471500014575746, "repeat": 10, "number": 1}]}, "api.supers.time_subdatasets": {"result": [0.09485086053609848], "stats": [{"ci_99": [0.09205542784184217, 0.09787995181977749], "q_25": 0.09231329313479364, "q_75": 0.09682952286675572, "min": 0.09205542784184217, "max": 0.09787995181977749, "mean": 0.09468035819008946, "std": 0.002189209218616266, "repeat": 10, "number": 1}]}, "api.supers.time_subdatasets_recursive": {"result": [0.42025336204096675], "stats": [{"ci_99": [0.41479711048305035, 0.4230271568521857], "q_25": 0.41914327372796834, "q_75": 0.4206510577350855, "min": 0.41479711048305035, "max": 0.4230271568521857, "mean": 0.41961582796648145, "std": 0.002390470252865153, "repeat": 10, "number": 1}]}, "api.supers.time_subdatasets_recursive_first": {"result": [0.09315786138176918], "stats": [{"ci_99": [0.09181545861065388, 0.09568823128938675], "q_25": 0.09278853517025709, "q_75": 0.0935198173392564, "min": 0.09181545861065388, "max": 0.09568823128938675, "mean": 0.09320344114676118, "std": 0.001050976002828045, "repeat": 10, "number": 1}]}, "api.supers.time_uninstall": {"result": [4.159404489677399], "stats": [{"ci_99": [4.127926253157055, 4.196704696023518], "q_25": 4.1530397369060665, "q_75": 4.1686802273616195, "min": 4.1486560218036175, "max": 4.18179689720273, "mean": 4.162315474590287, "std": 0.012561280296804048, "repeat": 4, "number": 1}]}, "repo.gitrepo.time_get_content_info": {"result": [0.015023451764136553], "stats": [{"ci_99": [0.014433803036808968, 0.01650496944785118], "q_25": 0.01486912788823247, "q_75": 0.015589654445648193, "min": 0.014433803036808968, "max": 0.01650496944785118, "mean": 0.015264957770705223, "std": 0.0006992655303375512, "repeat": 10, "number": 1}]}, "api.testds.time_create_test_dataset1": {"result": [0.6007975749671459], "stats": [{"ci_99": [0.5972530590370297, 0.6137102479115129], "q_25": 0.5990754058584571, "q_75": 0.6021252903155982, "min": 0.5972530590370297, "max": 0.6137102479115129, "mean": 0.6016839931719005, "std": 0.004515239251069875, "repeat": 10, "number": 1}]}, "api.testds.time_create_test_dataset2x2": {"result": [3.7370106196030974], "stats": [{"ci_99": [3.6738893717934835, 3.8193556487152827], "q_25": 3.724491435335949, "q_75": 3.7591416945215315, "min": 3.7225765651091933, "max": 3.789892236702144, "mean": 3.746622510254383, "std": 0.027007243853068057, "repeat": 4, "number": 1}]}, "core.runner.time_echo": {"result": [0.002214320283383131], "stats": [{"ci_99": [0.00200640968978405, 0.002592991665005684], "q_25": 0.002122580865398049, "q_75": 0.002287563215941191, "min": 0.00200640968978405, "max": 0.002592991665005684, "mean": 0.002223064787685871, "std": 0.0001573875459845671, "repeat": 10, "number": 5}]}, "core.runner.time_echo_gitrunner": {"result": [0.00249740993604064], "stats": [{"ci_99": [0.002212263410910964, 0.0029172860085964203], "q_25": 0.002441439835820347, "q_75": 0.002633652533404529, "min": 0.002212263410910964, "max": 0.0029172860085964203, "mean": 0.0025430733570829035, "std": 0.00019446665627955974, "repeat": 10, "number": 4}]}, "core.startup.time_help_np": {"result": [0.6232946044765413], "stats": [{"ci_99": [0.560298447497189, 0.6758838659152389], "q_25": 0.6092029784340411, "q_75": 0.6448044776916504, "min": 0.560298447497189, "max": 0.6758838659152389, "mean": 0.6213792463764548, "std": 0.036956616489504886, "repeat": 10, "number": 1}]}, "core.startup.time_import": {"result": [0.1770870010368526], "stats": [{"ci_99": [0.12992844637483358, 0.19891708809882402], "q_25": 0.16989978915080428, "q_75": 0.1858012112788856, "min": 0.12992844637483358, "max": 0.19891708809882402, "mean": 0.1718297994695604, "std": 0.02108378254603098, "repeat": 10, "number": 1}]}, "core.startup.time_import_api": {"result": [0.5444564861245453], "stats": [{"ci_99": [0.4819211829453707, 0.5834413105621934], "q_25": 0.510217931587249, "q_75": 0.5617552034091204, "min": 0.4819211829453707, "max": 0.5834413105621934, "mean": 0.5366302683018148, "std": 0.03308948069669673, "repeat": 10, "number": 1}]}, "support.path.get_parent_paths.time_allsubmods_toplevel": {"result": [0.007125792792066932], "stats": [{"ci_99": [0.006873237434774637, 0.008610542863607407], "q_25": 0.006932705407962203, "q_75": 0.007611212902702391, "min": 0.006873237434774637, "max": 0.008610542863607407, "mean": 0.007366768131032586, "std": 0.0005641876146057578, "repeat": 10, "number": 2}]}, "support.path.get_parent_paths.time_allsubmods_toplevel_only": {"result": [0.006636433536186814], "stats": [{"ci_99": [0.006179656833410263, 0.007306545507162809], "q_25": 0.006360219907946885, "q_75": 0.0068849255330860615, "min": 0.006179656833410263, "max": 0.007306545507162809, "mean": 0.006672090571373701, "std": 0.0003935846417339339, "repeat": 10, "number": 2}]}, "support.path.get_parent_paths.time_no_submods": {"result": [3.498422752373739e-07], "stats": [{"ci_99": [3.298968618853842e-07, 3.8816127890815133e-07], "q_25": 3.380865513863895e-07, "q_75": 3.694019552930441e-07, "min": 3.298968618853842e-07, "max": 3.8816127890815133e-07, "mean": 3.5549731207772196e-07, "std": 2.010425370755715e-08, "repeat": 10, "number": 26386}]}, "support.path.get_parent_paths.time_one_submod_subdir": {"result": [0.006201948272064328],