{"results": {"api.supers.time_createadd": {"result": [1.2973197717219591], "stats": [{"ci_99": [1.2837567515671253, 1.321592092514038], "q_25": 1.2915296452119946, "q_75": 1.3061509928666055, "min": 1.2837567515671253, "max": 1.321592092514038, "mean": 1.2992841392755508, "std": 0.010656626610614006, "repeat": 10, "number": 1}]}, "api.supers.time_createadd_to_dataset": {"result": [1.2543913559056818], "stats": [{"ci_99": [1.2312661111354828, 1.2766560623422265], "q_25": 1.237869544653222, "q_75": 1.2578284214250743, "min": 1.2312661111354828, "max": 1.2766560623422265, "mean": 1.2505698250606656, "std": 0.013599120214328436, "repeat": 10, "number": 1}]}, "api.supers.time_diff": null, "api.supers.time_diff_recursive": null, "api.supers.time_installr": {"result": [5.504684768617153], "stats": [{"ci_99": [3.4684415105730295, 7.540928026661275], "q_25": 5.484322336036712, "q_75": 5.525047201197594, "min": 5.463959903456271, "max": 5.545409633778036, "mean": 5.504684768617153, "std": 0.04072486516088247, "repeat": 2, "number": 1}]}, "api.supers.time_ls": {"result": [0.18411502102389932], "stats": [{"ci_99": [0.17951733525842428, 0.20222736429423094], "q_25": 0.18188889673911035, "q_75": 0.19391245720908046, "min": 0.17951733525842428, "max": 0.20222736429423094, "mean": 0.18799501322209836, "std": 0.007461986077283707, "repeat": 10, "number": 1}]}, "api.supers.time_ls_recursive": {"result": [1.7943253866396844], "stats": [{"ci_99": [1.7816448351368308, 1.8555879220366478], "q_25": 1.789379537338391, "q_75": 1.8048574833665043, "min": 1.7816448351368308, "max": 1.8555879220366478, "mean": 1.8031520960852503, "std": 0.022268846587081927, "repeat": 10, "number": 1}]}, "api.supers.time_ls_recursive_long_all": {"result": [1.9421531986445189], "stats": [{"ci_99": [1.9189781164750457, 2.007301148958504], "q_25": 1.9410405987873673, "q_75": 1.9452306523453444, "min": 1.9189781164750457, "max": 2.007301148958504, "mean": 1.9480752061353996, "std": 0.023850255815713362, "repeat": 8, "number": 1}]}, "api.supers.time_remove": null, "api.supers.time_status": {"result": [0.7244659774005413], "stats": [{"ci_99": [0.7163817547261715, 0.733417522162199], "q_25": 0.7192809719126672, "q_75": 0.7285584858618677, "min": 0.7163817547261715, "max": 0.733417522162199, "mean": 0.7241473671048879, "std": 0.005494558895262981, "repeat": 10, "number": 1}]}, "api.supers.time_status_recursive": {"result": [1.3678710632957518], "stats": [{"ci_99": [1.3644295828416944, 1.386867294088006], "q_25": 1.367105838144198, "q_75": 1.3707513057161123, "min": 1.3644295828416944, "max": 1.386867294088006, "mean": 1.3700718898326159, "std": 0.0059375840240317975, "repeat": 10, "number": 1}]}, "api.supers.time_subdatasets": {"result": [0.09732107352465391], "stats": [{"ci_99": [0.0934346066787839, 0.10103540495038033], "q_25": 0.09561810502782464, "q_75": 0.09800762101076543, "min": 0.0934346066787839, "max": 0.10103540495038033, "mean": 0.09699261467903852, "std": 0.001962608326984537, "repeat": 10, "number": 1}]}, "api.supers.time_subdatasets_recursive": {"result": [0.42843268532305956], "stats": [{"ci_99": [0.4247182300314307, 0.4361990876495838], "q_25": 0.42664617020636797, "q_75": 0.43052105396054685, "min": 0.4247182300314307, "max": 0.4361990876495838, "mean": 0.4288739192299545, "std": 0.0034070504742695776, "repeat": 10, "number": 1}]}, "api.supers.time_subdatasets_recursive_first": {"result": [0.09661982161924243], "stats": [{"ci_99": [0.09404523391276598, 0.10141138732433319], "q_25": 0.09517060872167349, "q_75": 0.09896411397494376, "min": 0.09404523391276598, "max": 0.10141138732433319, "mean": 0.09723229119554162, "std": 0.0026388269011091317, "repeat": 10, "number": 1}]}, "api.supers.time_uninstall": {"result": [4.26293466752395], "stats": [{"ci_99": [4.239378633225745, 4.282842540399694], "q_25": 4.257945464923978, "q_75": 4.266099789412692, "min": 4.248170947656035, "max": 4.270402064546943, "mean": 4.26111058681272, "std": 0.00816108589316621, "repeat": 4, "number": 1}]}, "repo.gitrepo.time_get_content_info": {"result": [0.015258458908647299], "stats": [{"ci_99": [0.014678635634481907, 0.017450963146984577], "q_25": 0.014955018879845738, "q_75": 0.015741876093670726, "min": 0.014678635634481907, "max": 0.017450963146984577, "mean": 0.015557702723890543, "std": 0.0008427887392615762, "repeat": 10, "number": 1}]}, "api.testds.time_create_test_dataset1": {"result": [0.6176485498435795], "stats": [{"ci_99": [0.6101984521374106, 0.6352854408323765], "q_25": 0.6166583180893213, "q_75": 0.6219178810715675, "min": 0.6101984521374106, "max": 0.6352854408323765, "mean": 0.6205208727158606, "std": 0.007099429035938825, "repeat": 10, "number": 1}]}, "api.testds.time_create_test_dataset2x2": {"result": [3.8079683142714202], "stats": [{"ci_99": [3.7400368366305474, 3.890428811972147], "q_25": 3.799111503176391, "q_75": 3.8240896353963763, "min": 3.7832899875938892, "max": 3.861704681068659, "mean": 3.815232824301347, "std": 0.028771513190610925, "repeat": 4, "number": 1}]}, "core.runner.time_echo": {"result": [0.002017313614487648], "stats": [{"ci_99": [0.001876705326139927, 0.0023224504664540293], "q_25": 0.001991868810728192, "q_75": 0.002118901954963803, "min": 0.001876705326139927, "max": 0.0023224504664540293, "mean": 0.0020576200820505617, "std": 0.0001243296208640907, "repeat": 10, "number": 5}]}, "core.runner.time_echo_gitrunner": {"result": [0.0026330947875976562], "stats": [{"ci_99": [0.002460567280650139, 0.0028091249987483025], "q_25": 0.0025690968031995, "q_75": 0.0027254611486569047, "min": 0.002460567280650139, "max": 0.0028091249987483025, "mean": 0.002639997750520706, "std": 0.00010392306555807079, "repeat": 10, "number": 4}]}, "core.startup.time_help_np": {"result": [0.5979483141563833], "stats": [{"ci_99": [0.5600616680458188, 0.6399820353835821], "q_25": 0.576945414301008, "q_75": 0.6181627027690411, "min": 0.5600616680458188, "max": 0.6399820353835821, "mean": 0.5969062161631882, "std": 0.025582392684731597, "repeat": 10, "number": 1}]}, "core.startup.time_import": {"result": [0.1557539920322597], "stats": [{"ci_99": [0.11903031542897224, 0.17721050418913364], "q_25": 0.13396729552187026, "q_75": 0.1672129335347563, "min": 0.11903031542897224, "max": 0.17721050418913364, "mean": 0.151395049598068, "std": 0.01902865030798122, "repeat": 10, "number": 1}]}, "core.startup.time_import_api": {"result": [0.5310866236686707], "stats": [{"ci_99": [0.48657580371946096, 0.5758381700143218], "q_25": 0.5153940410818905, "q_75": 0.5446793450973928, "min": 0.48657580371946096, "max": 0.5758381700143218, "mean": 0.5313730462454259, "std": 0.024275913504509274, "repeat": 10, "number": 1}]}, "support.path.get_parent_paths.time_allsubmods_toplevel": {"result": [0.007855699630454183], "stats": [{"ci_99": [0.006984280422329903, 0.008837312459945679], "q_25": 0.007375779096037149, "q_75": 0.008230617851950228, "min": 0.006984280422329903, "max": 0.008837312459945679, "mean": 0.007860718853771686, "std": 0.0006265757723923245, "repeat": 10, "number": 2}]}, "support.path.get_parent_paths.time_allsubmods_toplevel_only": {"result": [0.007266557076945901], "stats": [{"ci_99": [0.006510759703814983, 0.008063829503953457], "q_25": 0.006869178963825107, "q_75": 0.007576212752610445, "min": 0.006510759703814983, "max": 0.008063829503953457, "mean": 0.007256296230480075, "std": 0.0005314159888215176, "repeat": 10, "number": 2}]}, "support.path.get_parent_paths.time_no_submods": {"result": [3.5021318992344727e-07], "stats": [{"ci_99": [3.146170192728689e-07, 4.5827705830072266e-07], "q_25": 3.2910180280865645e-07, "q_75": 3.653648069378027e-07, "min": 3.146170192728689e-07, "max": 4.5827705830072266e-07, "mean": 3.557454723321637e-07, "std": 3.957490091818125e-08, "repeat": 10, "number": 27160}]}, "support.path.get_parent_paths.time_one_submod_subdir": {"result": [0.006415238603949547], "stats": [{"ci_99": [0.005609594285488129, 0.007302188314497471], "q_25": 0.0060794096207246184,