{"results": {"api.supers.time_createadd": {"result": [1.2682501408271492], "stats": [{"ci_99": [1.2585122426971793, 1.2893858207389712], "q_25": 1.261751382611692, "q_75": 1.2808836586773396, "min": 1.2585122426971793, "max": 1.2893858207389712, "mean": 1.2708356277085842, "std": 0.010896112920240595, "repeat": 10, "number": 1}]}, "api.supers.time_createadd_to_dataset": {"result": [1.2122331848368049], "stats": [{"ci_99": [1.1914448784664273, 1.231822034344077], "q_25": 1.1995639691594988, "q_75": 1.219527708599344, "min": 1.1914448784664273, "max": 1.231822034344077, "mean": 1.2116897967644036, "std": 0.013400399969304621, "repeat": 10, "number": 1}]}, "api.supers.time_diff": null, "api.supers.time_diff_recursive": null, "api.supers.time_installr": {"result": [5.14192231092602], "stats": [{"ci_99": [3.73450246732682, 6.5493421545252195], "q_25": 5.127848112490028, "q_75": 5.155996509362012, "min": 5.113773914054036, "max": 5.170070707798004, "mean": 5.14192231092602, "std": 0.028148396871984005, "repeat": 2, "number": 1}]}, "api.supers.time_ls": {"result": [0.18042204761877656], "stats": [{"ci_99": [0.1787242665886879, 0.18846548814326525], "q_25": 0.1799447915982455, "q_75": 0.1821172370109707, "min": 0.1787242665886879, "max": 0.18846548814326525, "mean": 0.18160811746492983, "std": 0.002781447912089803, "repeat": 10, "number": 1}]}, "api.supers.time_ls_recursive": {"result": [1.8085214016027749], "stats": [{"ci_99": [1.79654973000288, 1.8573691938072443], "q_25": 1.8044535683002323, "q_75": 1.8112335321493447, "min": 1.79654973000288, "max": 1.8573691938072443, "mean": 1.8127898895181715, "std": 0.01650241473719762, "repeat": 10, "number": 1}]}, "api.supers.time_ls_recursive_long_all": {"result": [1.9581603920087218], "stats": [{"ci_99": [1.9116133032366633, 2.0196484019979835], "q_25": 1.935076117515564, "q_75": 1.9674759476911277, "min": 1.9116133032366633, "max": 2.0196484019979835, "mean": 1.9550312155624852, "std": 0.03231826104741803, "repeat": 8, "number": 1}]}, "api.supers.time_remove": null, "api.supers.time_status": {"result": [0.7482806420885026], "stats": [{"ci_99": [0.744179742410779, 0.7568270927295089], "q_25": 0.7456943769939244, "q_75": 0.7539645740762353, "min": 0.744179742410779, "max": 0.7568270927295089, "mean": 0.7494999580085278, "std": 0.004496374750104152, "repeat": 10, "number": 1}]}, "api.supers.time_status_recursive": {"result": [1.3963612113147974], "stats": [{"ci_99": [1.3910471899434924, 1.4000110439956188], "q_25": 1.393401640933007, "q_75": 1.3973738925997168, "min": 1.3910471899434924, "max": 1.4000110439956188, "mean": 1.3956286093220114, "std": 0.0027457544131752535, "repeat": 10, "number": 1}]}, "api.supers.time_subdatasets": {"result": [0.10872887074947357], "stats": [{"ci_99": [0.10653965268284082, 0.12389187049120665], "q_25": 0.10730694117955863, "q_75": 0.11369432834908366, "min": 0.10653965268284082, "max": 0.12389187049120665, "mean": 0.11111551532521843, "std": 0.005420483264084901, "repeat": 10, "number": 1}]}, "api.supers.time_subdatasets_recursive": {"result": [0.4417377933859825], "stats": [{"ci_99": [0.4383920347318053, 0.44717485178261995], "q_25": 0.43986331624910235, "q_75": 0.445399668533355, "min": 0.4383920347318053, "max": 0.44717485178261995, "mean": 0.442449445463717, "std": 0.002966012090578207, "repeat": 10, "number": 1}]}, "api.supers.time_subdatasets_recursive_first": {"result": [0.10891744028776884], "stats": [{"ci_99": [0.107059127651155, 0.11107902508229017], "q_25": 0.10834840405732393, "q_75": 0.11009044805541635, "min": 0.107059127651155, "max": 0.11107902508229017, "mean": 0.1091411461122334, "std": 0.0012956952759058237, "repeat": 10, "number": 1}]}, "api.supers.time_uninstall": {"result": [4.134423363022506], "stats": [{"ci_99": [4.10450368571345, 4.154985424026211], "q_25": 4.128284549340606, "q_75": 4.135883368551731, "min": 4.112073828466237, "max": 4.138057664968073, "mean": 4.129744554869831, "std": 0.01032262101501393, "repeat": 4, "number": 1}]}, "repo.gitrepo.time_get_content_info": {"result": [0.016014037653803825], "stats": [{"ci_99": [0.01437982078641653, 0.017411477863788605], "q_25": 0.014936411753296852, "q_75": 0.016307667829096317, "min": 0.01437982078641653, "max": 0.017411477863788605, "mean": 0.015834333002567293, "std": 0.0009546784466074645, "repeat": 10, "number": 1}]}, "api.testds.time_create_test_dataset1": {"result": [0.6068209814839065], "stats": [{"ci_99": [0.5963436784222722, 0.6169083639979362], "q_25": 0.5986438717227429, "q_75": 0.6112762545235455, "min": 0.5963436784222722, "max": 0.6169083639979362, "mean": 0.6057825813069939, "std": 0.007076164142007637, "repeat": 10, "number": 1}]}, "api.testds.time_create_test_dataset2x2": {"result": [3.577888592146337], "stats": [{"ci_99": [3.567609227750395, 3.5866170068979817], "q_25": 3.576139670331031, "q_75": 3.5788620391394943, "min": 3.571312729269266, "max": 3.581362555734813, "mean": 3.5771131173241884, "std": 0.003638135443402986, "repeat": 4, "number": 1}]}, "core.runner.time_echo": {"result": [0.0017099241570880015], "stats": [{"ci_99": [0.0016940731244782607, 0.001991795841604471], "q_25": 0.0017012873043616612, "q_75": 0.001851109981847306, "min": 0.0016940731244782607, "max": 0.001991795841604471, "mean": 0.0017765401086459556, "std": 0.00010349922599754299, "repeat": 10, "number": 6}]}, "core.runner.time_echo_gitrunner": {"result": [0.0026672634994611144], "stats": [{"ci_99": [0.002475353889167309, 0.002911372808739543], "q_25": 0.002606104826554656, "q_75": 0.002763307187706232, "min": 0.002475353889167309, "max": 0.002911372808739543, "mean": 0.002681029005907476, "std": 0.00013232212785715676, "repeat": 10, "number": 4}]}, "core.startup.time_help_np": {"result": [0.5699342973530293], "stats": [{"ci_99": [0.5263359462842345, 0.6538251815363765], "q_25": 0.563778017880395, "q_75": 0.5868812242988497, "min": 0.5263359462842345, "max": 0.6538251815363765, "mean": 0.579306859895587, "std": 0.0404243600024846, "repeat": 10, "number": 1}]}, "core.startup.time_import": {"result": [0.15984303643926978], "stats": [{"ci_99": [0.11721113417297602, 0.19664892554283142], "q_25": 0.13770588906481862, "q_75": 0.16743824840523303, "min": 0.11721113417297602, "max": 0.19664892554283142, "mean": 0.15644929436966776, "std": 0.025575057291461225, "repeat": 10, "number": 1}]}, "core.startup.time_import_api": {"result": [0.4916344261728227], "stats": [{"ci_99": [0.4503192724660039, 0.5670143906027079], "q_25": 0.47903322405181825, "q_75": 0.5074278474785388, "min": 0.4503192724660039, "max": 0.5670143906027079, "mean": 0.4949178907088935, "std": 0.032410359995558524, "repeat": 10, "number": 1}]}, "support.path.get_parent_paths.time_allsubmods_toplevel": {"result": [0.0067982112523168325], "stats": [{"ci_99": [0.0067430478520691395, 0.006814358755946159], "q_25": 0.006767005659639835, "q_75": 0.006809864658862352, "min": 0.0067430478520691395, "max": 0.006814358755946159, "mean": 0.006787466071546078, "std": 2.530386430155254e-05, "repeat": 10, "number": 2}]}, "support.path.get_parent_paths.time_allsubmods_toplevel_only": {"result": [0.006290779449045658], "stats": [{"ci_99": [0.006028604693710804, 0.008086453657597303], "q_25": 0.006060159648768604, "q_75": 0.007107770419679582, "min": 0.006028604693710804, "max": 0.008086453657597303, "mean": 0.006648406619206071, "std": 0.0007138658705396892, "repeat": 10, "number": 2}]}, "support.path.get_parent_paths.time_no_submods": {"result": [3.3848814388116943e-07], "stats": [{"ci_99": [3.1406575031284796e-07, 3.7130319508403545e-07], "q_25": 3.2476621477645524e-07, "q_75": 3.5575389477266556e-07, "min": 3.1406575031284796e-07, "max": 3.7130319508403545e-07, "mean": 3.4103555944990634e-07, "std": 1.833184110009266e-08, "repeat": 10, "number": 26759}]}, "support.path.get_parent_paths.time_one_submod_subdir": {"result": [0.0054975764360278845], "stats": [{"ci_99": [0.005147747229784727, 0.0066369096748530865], "q_25": 0.005255801370367408,