{"results": {"api.supers.time_createadd": {"result": [1.3015360762365162], "stats": [{"ci_99": [1.2917256131768227, 1.3151352908462286], "q_25": 1.298184523358941, "q_75": 1.3062110808677971, "min": 1.2917256131768227, "max": 1.3151352908462286, "mean": 1.3027714147232472, "std": 0.007111448812442398, "repeat": 10, "number": 1}]}, "api.supers.time_createadd_to_dataset": {"result": [1.2459403835237026], "stats": [{"ci_99": [1.2283783629536629, 1.284299772232771], "q_25": 1.2406034369487315, "q_75": 1.2599154084455222, "min": 1.2283783629536629, "max": 1.284299772232771, "mean": 1.2514658846892417, "std": 0.01676720517969757, "repeat": 10, "number": 1}]}, "api.supers.time_diff": null, "api.supers.time_diff_recursive": null, "api.supers.time_installr": {"result": [5.289476755075157], "stats": [{"ci_99": [4.8071894040331244, 5.771764106117189], "q_25": 5.284653881564736, "q_75": 5.294299628585577, "min": 5.279831008054316, "max": 5.299122502095997, "mean": 5.289476755075157, "std": 0.009645747020840645, "repeat": 2, "number": 1}]}, "api.supers.time_ls": {"result": [0.18208556668832898], "stats": [{"ci_99": [0.18031270429491997, 0.19055868685245514], "q_25": 0.1812017192132771, "q_75": 0.18544309213757515, "min": 0.18031270429491997, "max": 0.19055868685245514, "mean": 0.18350562881678342, "std": 0.003242949924254073, "repeat": 10, "number": 1}]}, "api.supers.time_ls_recursive": {"result": [1.7879763273522258], "stats": [{"ci_99": [1.779304769821465, 1.824718994088471], "q_25": 1.7851259659510106, "q_75": 1.7942588306032121, "min": 1.779304769821465, "max": 1.824718994088471, "mean": 1.7917836232110858, "std": 0.012002422569891903, "repeat": 10, "number": 1}]}, "api.supers.time_ls_recursive_long_all": {"result": [1.969096570275724], "stats": [{"ci_99": [1.9347081035375595, 2.030863187275827], "q_25": 1.9490444862749428, "q_75": 1.989563109818846, "min": 1.9347081035375595, "max": 2.030863187275827, "mean": 1.9720717852469534, "std": 0.030113814426987368, "repeat": 8, "number": 1}]}, "api.supers.time_remove": null, "api.supers.time_status": {"result": [0.7203875971026719], "stats": [{"ci_99": [0.7016881871968508, 0.7515855561941862], "q_25": 0.7114328215830028, "q_75": 0.7236948341596872, "min": 0.7016881871968508, "max": 0.7515855561941862, "mean": 0.7195695283822715, "std": 0.01344393141359254, "repeat": 10, "number": 1}]}, "api.supers.time_status_recursive": {"result": [1.3719368390738964], "stats": [{"ci_99": [1.3604486305266619, 1.3752579418942332], "q_25": 1.3664181164931506, "q_75": 1.374424054287374, "min": 1.3604486305266619, "max": 1.3752579418942332, "mean": 1.3697985410690308, "std": 0.0052661641351857994, "repeat": 10, "number": 1}]}, "api.supers.time_subdatasets": {"result": [0.09442812856286764], "stats": [{"ci_99": [0.09361292235553265, 0.09675157628953457], "q_25": 0.09401851263828576, "q_75": 0.09539796714670956, "min": 0.09361292235553265, "max": 0.09675157628953457, "mean": 0.09475017357617617, "std": 0.0009743352501359809, "repeat": 10, "number": 1}]}, "api.supers.time_subdatasets_recursive": {"result": [0.4315107106231153], "stats": [{"ci_99": [0.4251511972397566, 0.4552055010572076], "q_25": 0.4278387746307999, "q_75": 0.4328498065005988, "min": 0.4251511972397566, "max": 0.4552055010572076, "mean": 0.432534138020128, "std": 0.008113190070032052, "repeat": 10, "number": 1}]}, "api.supers.time_subdatasets_recursive_first": {"result": [0.0963315418921411], "stats": [{"ci_99": [0.09376811143010855, 0.10002669226378202], "q_25": 0.09500448685139418, "q_75": 0.0969295441173017, "min": 0.09376811143010855, "max": 0.10002669226378202, "mean": 0.09638253953307867, "std": 0.0018764786874755773, "repeat": 10, "number": 1}]}, "api.supers.time_uninstall": {"result": [4.1777369999326766], "stats": [{"ci_99": [4.140882595617624, 4.21556433878064], "q_25": 4.171522913500667, "q_75": 4.184437553631142, "min": 4.15923373028636, "max": 4.1981861386448145, "mean": 4.178223467199132, "std": 0.013861465462855254, "repeat": 4, "number": 1}]}, "repo.gitrepo.time_get_content_info": {"result": [0.01665314706042409], "stats": [{"ci_99": [0.01513216458261013, 0.01988637074828148], "q_25": 0.015730873681604862, "q_75": 0.01761419279500842, "min": 0.01513216458261013, "max": 0.01988637074828148, "mean": 0.01694716904312372, "std": 0.0015169336412762453, "repeat": 10, "number": 1}]}, "api.testds.time_create_test_dataset1": {"result": [0.6109844814054668], "stats": [{"ci_99": [0.6045812228694558, 0.6185366502031684], "q_25": 0.6092555115465075, "q_75": 0.6141671340446919, "min": 0.6045812228694558, "max": 0.6185366502031684, "mean": 0.6114560664631427, "std": 0.0037524427920664688, "repeat": 10, "number": 1}]}, "api.testds.time_create_test_dataset2x2": {"result": [3.7939444659277797], "stats": [{"ci_99": [3.760348831009916, 3.835669475435414], "q_25": 3.7866306614596397, "q_75": 3.805322957690805, "min": 3.784832436591387, "max": 3.8193152444437146, "mean": 3.798009153222665, "std": 0.01370022793606715, "repeat": 4, "number": 1}]}, "core.runner.time_echo": {"result": [0.0020705018192529677], "stats": [{"ci_99": [0.0018732652068138122, 0.002324829995632172], "q_25": 0.002010070253163576, "q_75": 0.002190073486417532, "min": 0.0018732652068138122, "max": 0.002324829995632172, "mean": 0.0020911598391830924, "std": 0.000125817452439477, "repeat": 10, "number": 5}]}, "core.runner.time_echo_gitrunner": {"result": [0.002248060517013073], "stats": [{"ci_99": [0.0020970143377780914, 0.0029994724318385124], "q_25": 0.002127676270902157, "q_75": 0.0024337079841643574, "min": 0.0020970143377780914, "max": 0.0029994724318385124, "mean": 0.002341757882386446, "std": 0.00027397887281931744, "repeat": 10, "number": 5}]}, "core.startup.time_help_np": {"result": [0.5833168663084507], "stats": [{"ci_99": [0.5253666955977678, 0.6522876881062984], "q_25": 0.5736692266073078, "q_75": 0.6225039232522249, "min": 0.5253666955977678, "max": 0.6522876881062984, "mean": 0.5909234180115164, "std": 0.041530620275805445, "repeat": 10, "number": 1}]}, "core.startup.time_import": {"result": [0.14155407389625907], "stats": [{"ci_99": [0.1131675923243165, 0.19838783517479897], "q_25": 0.11866659764200449, "q_75": 0.18069436587393284, "min": 0.1131675923243165, "max": 0.19838783517479897, "mean": 0.15016754306852817, "std": 0.03238870375339411, "repeat": 10, "number": 1}]}, "core.startup.time_import_api": {"result": [0.5416239411570132], "stats": [{"ci_99": [0.505376965738833, 0.5720680160447955], "q_25": 0.5285828812047839, "q_75": 0.5650071706622839, "min": 0.505376965738833, "max": 0.5720680160447955, "mean": 0.5432998717762529, "std": 0.023462968187261662, "repeat": 10, "number": 1}]}, "support.path.get_parent_paths.time_allsubmods_toplevel": {"result": [0.007575985509902239], "stats": [{"ci_99": [0.006825339514762163, 0.008823786862194538], "q_25": 0.007160518551245332, "q_75": 0.008115274249576032, "min": 0.006825339514762163, "max": 0.008823786862194538, "mean": 0.0076538315042853355, "std": 0.0005981496870511285, "repeat": 10, "number": 2}]}, "support.path.get_parent_paths.time_allsubmods_toplevel_only": {"result": [0.006882399087771773], "stats": [{"ci_99": [0.0064176456071436405, 0.007971924263983965], "q_25": 0.006692487047985196, "q_75": 0.007259165635332465, "min": 0.0064176456071436405, "max": 0.007971924263983965, "mean": 0.006990542216226458, "std": 0.00045792351467473713, "repeat": 10, "number": 2}]}, "support.path.get_parent_paths.time_no_submods": {"result": [3.320477126552786e-07], "stats": [{"ci_99": [3.079511385900285e-07, 3.6636480047841443e-07], "q_25": 3.2012056919240166e-07, "q_75": 3.486608259712465e-07, "min": 3.079511385900285e-07, "max": 3.6636480047841443e-07, "mean": 3.3482884967166875e-07, "std": 1.8478023623295907e-08, "repeat": 10, "number": 27822}]}, "support.path.get_parent_paths.time_one_submod_subdir": {"result": [0.006151996785774827], "stats": [{"ci_99": [0.005617484450340271, 0.006925294175744057], "q_25": 0.005866510677151382, "q_75": 0.00649939407594502,