{"results": {"api.supers.time_createadd": {"result": [1.297974978107959], "stats": [{"ci_99": [1.279443508014083, 1.3135344916954637], "q_25": 1.29180219466798, "q_75": 1.3097595574799925, "min": 1.279443508014083, "max": 1.3135344916954637, "mean": 1.2995573067106307, "std": 0.010657997451797286, "repeat": 10, "number": 1}]}, "api.supers.time_createadd_to_dataset": {"result": [1.2451995112933218], "stats": [{"ci_99": [1.2293476769700646, 1.2601745901629329], "q_25": 1.2334847457241267, "q_75": 1.2497164397500455, "min": 1.2293476769700646, "max": 1.2601745901629329, "mean": 1.2428102460689843, "std": 0.009548949273878865, "repeat": 10, "number": 1}]}, "api.supers.time_diff": null, "api.supers.time_diff_recursive": null, "api.supers.time_installr": {"result": [5.539418931584805], "stats": [{"ci_99": [4.972094122786075, 6.106743740383536], "q_25": 5.533745683496818, "q_75": 5.5450921796727926, "min": 5.528072435408831, "max": 5.55076542776078, "mean": 5.539418931584805, "std": 0.011346496175974607, "repeat": 2, "number": 1}]}, "api.supers.time_ls": {"result": [0.1809550137259066], "stats": [{"ci_99": [0.1794244349002838, 0.18825853802263737], "q_25": 0.18016637535765767, "q_75": 0.1838592952117324, "min": 0.1794244349002838, "max": 0.18825853802263737, "mean": 0.18222623579204084, "std": 0.0027212533171738335, "repeat": 10, "number": 1}]}, "api.supers.time_ls_recursive": {"result": [1.7875921409577131], "stats": [{"ci_99": [1.775172859430313, 1.8096252521499991], "q_25": 1.782767458818853, "q_75": 1.795078755589202, "min": 1.775172859430313, "max": 1.8096252521499991, "mean": 1.7894070450216533, "std": 0.009819384452769333, "repeat": 10, "number": 1}]}, "api.supers.time_ls_recursive_long_all": {"result": [1.9465818447060883], "stats": [{"ci_99": [1.9309291699901223, 1.9499089010059834], "q_25": 1.9396091357339174, "q_75": 1.9489679301623255, "min": 1.9309291699901223, "max": 1.9499089010059834, "mean": 1.9438770001288503, "std": 0.006243187186085288, "repeat": 8, "number": 1}]}, "api.supers.time_remove": null, "api.supers.time_status": {"result": [0.7250238968990743], "stats": [{"ci_99": [0.7176170311868191, 0.7280654991045594], "q_25": 0.7212622684892267, "q_75": 0.727481065550819, "min": 0.7176170311868191, "max": 0.7280654991045594, "mean": 0.7242053888738156, "std": 0.00347426292880519, "repeat": 10, "number": 1}]}, "api.supers.time_status_recursive": {"result": [1.3685618285089731], "stats": [{"ci_99": [1.360893988981843, 1.3758102990686893], "q_25": 1.363716317806393, "q_75": 1.3720070936251432, "min": 1.360893988981843, "max": 1.3758102990686893, "mean": 1.368114918190986, "std": 0.005191578563002022, "repeat": 10, "number": 1}]}, "api.supers.time_subdatasets": {"result": [0.09576277434825897], "stats": [{"ci_99": [0.09382489416748285, 0.11518514156341553], "q_25": 0.09435703232884407, "q_75": 0.10006583645008504, "min": 0.09382489416748285, "max": 0.11518514156341553, "mean": 0.09839515127241612, "std": 0.006226054433149855, "repeat": 10, "number": 1}]}, "api.supers.time_subdatasets_recursive": {"result": [0.42999175284057856], "stats": [{"ci_99": [0.42595604434609413, 0.4357035141438246], "q_25": 0.4282905391883105, "q_75": 0.4307816973887384, "min": 0.42595604434609413, "max": 0.4357035141438246, "mean": 0.42997526191174984, "std": 0.00258676621530798, "repeat": 10, "number": 1}]}, "api.supers.time_subdatasets_recursive_first": {"result": [0.09414551919326186], "stats": [{"ci_99": [0.0930370008572936, 0.1055016927421093], "q_25": 0.09365678881295025, "q_75": 0.09685780387371778, "min": 0.0930370008572936, "max": 0.1055016927421093, "mean": 0.09589153798297048, "std": 0.003577271909144522, "repeat": 10, "number": 1}]}, "api.supers.time_uninstall": {"result": [4.262220114003867], "stats": [{"ci_99": [4.179464997809955, 4.391194205179237], "q_25": 4.259409279562533, "q_75": 4.288140435935929, "min": 4.25469846278429, "max": 4.3621797151863575, "mean": 4.285329601494595, "std": 0.044484214746214765, "repeat": 4, "number": 1}]}, "repo.gitrepo.time_get_content_info": {"result": [0.015399651136249304], "stats": [{"ci_99": [0.014247352257370949, 0.021347044967114925], "q_25": 0.014635095838457346, "q_75": 0.01670862641185522, "min": 0.014247352257370949, "max": 0.021347044967114925, "mean": 0.016263055335730314, "std": 0.0021649583749792705, "repeat": 10, "number": 1}]}, "api.testds.time_create_test_dataset1": {"result": [0.6207261336967349], "stats": [{"ci_99": [0.6090280190110207, 0.6460267649963498], "q_25": 0.6177792905364186, "q_75": 0.6318203490227461, "min": 0.6090280190110207, "max": 0.6460267649963498, "mean": 0.6240804024040699, "std": 0.011534206973366597, "repeat": 10, "number": 1}]}, "api.testds.time_create_test_dataset2x2": {"result": [3.8012164845131338], "stats": [{"ci_99": [3.764828490013855, 3.8365394362112113], "q_25": 3.7954172312747687, "q_75": 3.806483216350898, "min": 3.7812098963186145, "max": 3.8190929871052504, "mean": 3.800683963112533, "std": 0.013425354350556962, "repeat": 4, "number": 1}]}, "core.runner.time_echo": {"result": [0.0017058826716882841], "stats": [{"ci_99": [0.0016819478145667485, 0.0017240446593080247], "q_25": 0.001697951162766133, "q_75": 0.0017109404850218976, "min": 0.0016819478145667485, "max": 0.0017240446593080247, "mean": 0.0017047650979033536, "std": 1.1349408982006841e-05, "repeat": 10, "number": 7}]}, "core.runner.time_echo_gitrunner": {"result": [0.002129734214395285], "stats": [{"ci_99": [0.0021129561588168143, 0.002219267562031746], "q_25": 0.0021205478347837924, "q_75": 0.002140609873458743, "min": 0.0021129561588168143, "max": 0.002219267562031746, "mean": 0.002137675452977419, "std": 2.899551698976271e-05, "repeat": 10, "number": 5}]}, "core.startup.time_help_np": {"result": [0.57887609815225], "stats": [{"ci_99": [0.5199327282607555, 0.6483239736407995], "q_25": 0.5294111545663327, "q_75": 0.5857337603811175, "min": 0.5199327282607555, "max": 0.6483239736407995, "mean": 0.5695087111555039, "std": 0.041132991541552186, "repeat": 10, "number": 1}]}, "core.startup.time_import": {"result": [0.16257143579423428], "stats": [{"ci_99": [0.11648364830762148, 0.20211983565241098], "q_25": 0.13520204951055348, "q_75": 0.1796368369832635, "min": 0.11648364830762148, "max": 0.20211983565241098, "mean": 0.1594325177371502, "std": 0.028782304939656805, "repeat": 10, "number": 1}]}, "core.startup.time_import_api": {"result": [0.47567852307111025], "stats": [{"ci_99": [0.4586780732497573, 0.545009701512754], "q_25": 0.46015048888511956, "q_75": 0.517926107160747, "min": 0.4586780732497573, "max": 0.545009701512754, "mean": 0.49061947194859384, "std": 0.033966485260323497, "repeat": 10, "number": 1}]}, "support.path.get_parent_paths.time_allsubmods_toplevel": {"result": [0.007704282179474831], "stats": [{"ci_99": [0.0067328824661672115, 0.008699323516339064], "q_25": 0.007258233148604631, "q_75": 0.008032314945012331, "min": 0.0067328824661672115, "max": 0.008699323516339064, "mean": 0.00768418381921947, "std": 0.0006031849809017494, "repeat": 10, "number": 2}]}, "support.path.get_parent_paths.time_allsubmods_toplevel_only": {"result": [0.006361944833770394], "stats": [{"ci_99": [0.0061159636825323105, 0.008171053137630224], "q_25": 0.006223229342140257, "q_75": 0.007164467824622989, "min": 0.0061159636825323105, "max": 0.008171053137630224, "mean": 0.006736832717433572, "std": 0.0006852187087157904, "repeat": 10, "number": 2}]}, "support.path.get_parent_paths.time_no_submods": {"result": [2.8957624799910127e-07], "stats": [{"ci_99": [2.7864850179947563e-07, 3.685173052473558e-07], "q_25": 2.7885459913116977e-07, "q_75": 3.37482533685297e-07, "min": 2.7864850179947563e-07, "max": 3.685173052473558e-07, "mean": 3.0866096339067993e-07, "std": 3.512229110153307e-08, "repeat": 10, "number": 39079}]}, "support.path.get_parent_paths.time_one_submod_subdir": {"result": [0.005802900064736605], "stats": [{"ci_99": [0.005286903586238623, 0.006855883169919252], "q_25": 0.005471683340147138,