{"results": {"api.supers.time_createadd": {"result": [1.2988253850489855], "stats": [{"ci_99": [1.2891297787427902, 1.3133282279595733], "q_25": 1.2920925437938422, "q_75": 1.3035058265086263, "min": 1.2891297787427902, "max": 1.3133282279595733, "mean": 1.2990775177255274, "std": 0.007725915660973021, "repeat": 10, "number": 1}]}, "api.supers.time_createadd_to_dataset": {"result": [1.2447044239379466], "stats": [{"ci_99": [1.2302540037781, 1.256642990745604], "q_25": 1.2326676587108523, "q_75": 1.2467508297413588, "min": 1.2302540037781, "max": 1.256642990745604, "mean": 1.2418609894812107, "std": 0.00876794976932354, "repeat": 10, "number": 1}]}, "api.supers.time_diff": null, "api.supers.time_diff_recursive": null, "api.supers.time_installr": {"result": [5.511464464012533], "stats": [{"ci_99": [5.4892964023165405, 5.533632525708526], "q_25": 5.5112427833955735, "q_75": 5.511686144629493, "min": 5.511021102778614, "max": 5.511907825246453, "mean": 5.511464464012533, "std": 0.00044336123391985893, "repeat": 2, "number": 1}]}, "api.supers.time_ls": {"result": [0.1873425291851163], "stats": [{"ci_99": [0.17989566177129745, 0.19714602548629045], "q_25": 0.18253656988963485, "q_75": 0.19239564635790884, "min": 0.17989566177129745, "max": 0.19714602548629045, "mean": 0.18760942434892058, "std": 0.005973332335038915, "repeat": 10, "number": 1}]}, "api.supers.time_ls_recursive": {"result": [1.7821114864200354], "stats": [{"ci_99": [1.7673625415191054, 1.793828890658915], "q_25": 1.7786758921574801, "q_75": 1.7834917330183089, "min": 1.7673625415191054, "max": 1.793828890658915, "mean": 1.7818630286492407, "std": 0.006997203580286389, "repeat": 10, "number": 1}]}, "api.supers.time_ls_recursive_long_all": {"result": [1.9353789146989584], "stats": [{"ci_99": [1.918361677788198, 1.997584997676313], "q_25": 1.9283285930287093, "q_75": 1.9544272667262703, "min": 1.918361677788198, "max": 1.997584997676313, "mean": 1.945585026871413, "std": 0.02574336505827734, "repeat": 8, "number": 1}]}, "api.supers.time_remove": null, "api.supers.time_status": {"result": [0.7260117148980498], "stats": [{"ci_99": [0.7137790126726031, 0.735599328763783], "q_25": 0.7188492142595351, "q_75": 0.7327662634197623, "min": 0.7137790126726031, "max": 0.735599328763783, "mean": 0.725732805673033, "std": 0.007724711803247863, "repeat": 10, "number": 1}]}, "api.supers.time_status_recursive": {"result": [1.36134821921587], "stats": [{"ci_99": [1.3584849396720529, 1.3701296644285321], "q_25": 1.359771203249693, "q_75": 1.3624070377554744, "min": 1.3584849396720529, "max": 1.3701296644285321, "mean": 1.3618689857423305, "std": 0.003130750825653971, "repeat": 10, "number": 1}]}, "api.supers.time_subdatasets": {"result": [0.09576681395992637], "stats": [{"ci_99": [0.09260654076933861, 0.10292599350214005], "q_25": 0.09396265889517963, "q_75": 0.09812101954594254, "min": 0.09260654076933861, "max": 0.10292599350214005, "mean": 0.09656868996098637, "std": 0.003169516978699713, "repeat": 10, "number": 1}]}, "api.supers.time_subdatasets_recursive": {"result": [0.4320862181484699], "stats": [{"ci_99": [0.42547197733074427, 0.4533254327252507], "q_25": 0.4292427224572748, "q_75": 0.43809108063578606, "min": 0.42547197733074427, "max": 0.4533254327252507, "mean": 0.43444986222311854, "std": 0.00777160800280461, "repeat": 10, "number": 1}]}, "api.supers.time_subdatasets_recursive_first": {"result": [0.09738645097240806], "stats": [{"ci_99": [0.09111572615802288, 0.1059750309213996], "q_25": 0.09580221632495522, "q_75": 0.09979640133678913, "min": 0.09111572615802288, "max": 0.1059750309213996, "mean": 0.09758752360939979, "std": 0.003950497147043687, "repeat": 10, "number": 1}]}, "api.supers.time_uninstall": {"result": [4.161722225602716], "stats": [{"ci_99": [4.032587135151008, 4.3659501956440705], "q_25": 4.15423702984117, "q_75": 4.206753861159086, "min": 4.1542286947369576, "max": 4.319401515647769, "mean": 4.19926866539754, "std": 0.06962748036691961, "repeat": 4, "number": 1}]}, "repo.gitrepo.time_get_content_info": {"result": [0.015874096658080816], "stats": [{"ci_99": [0.014235086739063263, 0.01823385525494814], "q_25": 0.014589436817914248, "q_75": 0.016511243302375078, "min": 0.014235086739063263, "max": 0.01823385525494814, "mean": 0.01576783424243331, "std": 0.0012042747425808126, "repeat": 10, "number": 1}]}, "api.testds.time_create_test_dataset1": {"result": [0.6076315422542393], "stats": [{"ci_99": [0.5998955192044377, 0.6207292322069407], "q_25": 0.6049040874931961, "q_75": 0.6107587341684848, "min": 0.5998955192044377, "max": 0.6207292322069407, "mean": 0.6082299471832812, "std": 0.005620244286625939, "repeat": 10, "number": 1}]}, "api.testds.time_create_test_dataset2x2": {"result": [3.767197432462126], "stats": [{"ci_99": [3.7274917030451706, 3.801340299032081], "q_25": 3.7593589334283024, "q_75": 3.7722545000724494, "min": 3.742472419515252, "max": 3.780796719714999, "mean": 3.764416001038626, "std": 0.013920188935316876, "repeat": 4, "number": 1}]}, "core.runner.time_echo": {"result": [0.0018987621180713177], "stats": [{"ci_99": [0.0017172811552882195, 0.002230692841112614], "q_25": 0.0017290644813328982, "q_75": 0.0020961297210305933, "min": 0.0017172811552882195, "max": 0.002230692841112614, "mean": 0.001929965242743492, "std": 0.00020057496203434847, "repeat": 10, "number": 5}]}, "core.runner.time_echo_gitrunner": {"result": [0.0027794799534603953], "stats": [{"ci_99": [0.0025302174035459757, 0.003622045274823904], "q_25": 0.0026540214894339442, "q_75": 0.0028694476350210607, "min": 0.0025302174035459757, "max": 0.003622045274823904, "mean": 0.0028200105065479875, "std": 0.0002912827302286946, "repeat": 10, "number": 4}]}, "core.startup.time_help_np": {"result": [0.6056759557686746], "stats": [{"ci_99": [0.5610730480402708, 0.6412085797637701], "q_25": 0.5833684217650443, "q_75": 0.630813047522679, "min": 0.5610730480402708, "max": 0.6412085797637701, "mean": 0.6059550573118031, "std": 0.028310733782987034, "repeat": 10, "number": 1}]}, "core.startup.time_import": {"result": [0.1750739896669984], "stats": [{"ci_99": [0.11564817279577255, 0.2068449528887868], "q_25": 0.14868419687263668, "q_75": 0.18775640218518674, "min": 0.11564817279577255, "max": 0.2068449528887868, "mean": 0.16732192533090712, "std": 0.028539691449908273, "repeat": 10, "number": 1}]}, "core.startup.time_import_api": {"result": [0.5167583390139043], "stats": [{"ci_99": [0.4704372752457857, 0.5761488424614072], "q_25": 0.5080426156055182, "q_75": 0.5495635657571256, "min": 0.4704372752457857, "max": 0.5761488424614072, "mean": 0.5230620668269694, "std": 0.03294462867366322, "repeat": 10, "number": 1}]}, "support.path.get_parent_paths.time_allsubmods_toplevel": {"result": [0.006997266784310341], "stats": [{"ci_99": [0.006837178487330675, 0.008757505100220442], "q_25": 0.0068554801400750875, "q_75": 0.007660132483579218, "min": 0.006837178487330675, "max": 0.008757505100220442, "mean": 0.00734439892694354, "std": 0.0006342243684674429, "repeat": 10, "number": 2}]}, "support.path.get_parent_paths.time_allsubmods_toplevel_only": {"result": [0.006165238097310066], "stats": [{"ci_99": [0.006073523312807083, 0.006935822777450085], "q_25": 0.006130944821052253, "q_75": 0.006309443269856274, "min": 0.006073523312807083, "max": 0.006935822777450085, "mean": 0.0062856587115675214, "std": 0.00026343627575406496, "repeat": 10, "number": 2}]}, "support.path.get_parent_paths.time_no_submods": {"result": [2.715775517133491e-07], "stats": [{"ci_99": [2.6738423957214055e-07, 2.7688318619014767e-07], "q_25": 2.6960490229626727e-07, "q_75": 2.728775441673281e-07, "min": 2.6738423957214055e-07, "max": 2.7688318619014767e-07, "mean": 2.716611153758852e-07, "std": 2.9848326561850184e-09, "repeat": 10, "number": 39059}]}, "support.path.get_parent_paths.time_one_submod_subdir": {"result": [0.005511116702109575], "stats": [{"ci_99": [0.0051236446015536785, 0.006984752137213945], "q_25": 0.005224872846156359,