{"results": {"api.supers.time_createadd": {"result": [1.2948789726942778], "stats": [{"ci_99": [1.284823457710445, 1.3109719576314092], "q_25": 1.2890745017211884, "q_75": 1.3022936545312405, "min": 1.284823457710445, "max": 1.3109719576314092, "mean": 1.296491699758917, "std": 0.008582139043615362, "repeat": 10, "number": 1}]}, "api.supers.time_createadd_to_dataset": {"result": [1.2448521936312318], "stats": [{"ci_99": [1.2233550855889916, 1.261324843391776], "q_25": 1.2397947870194912, "q_75": 1.2509539080783725, "min": 1.2233550855889916, "max": 1.261324843391776, "mean": 1.2451662430539727, "std": 0.010565505185058279, "repeat": 10, "number": 1}]}, "api.supers.time_diff": null, "api.supers.time_diff_recursive": null, "api.supers.time_installr": {"result": [5.377082394436002], "stats": [{"ci_99": [4.752889795228839, 6.001274993643164], "q_25": 5.37084046844393, "q_75": 5.383324320428073, "min": 5.3645985424518585, "max": 5.389566246420145, "mean": 5.377082394436002, "std": 0.012483851984143257, "repeat": 2, "number": 1}]}, "api.supers.time_ls": {"result": [0.185824956279248], "stats": [{"ci_99": [0.1802782267332077, 0.1945102447643876], "q_25": 0.18164819804951549, "q_75": 0.19253419083543122, "min": 0.1802782267332077, "max": 0.1945102447643876, "mean": 0.18690727120265366, "std": 0.005447375623662583, "repeat": 10, "number": 1}]}, "api.supers.time_ls_recursive": {"result": [1.794776429887861], "stats": [{"ci_99": [1.7893426278606057, 1.8025751039385796], "q_25": 1.793899629963562, "q_75": 1.7970198984257877, "min": 1.7893426278606057, "max": 1.8025751039385796, "mean": 1.7953352618962526, "std": 0.0033022644910762856, "repeat": 10, "number": 1}]}, "api.supers.time_ls_recursive_long_all": {"result": [1.9474298632703722], "stats": [{"ci_99": [1.9376205056905746, 1.9581490475684404], "q_25": 1.9450948878657073, "q_75": 1.9554022990632802, "min": 1.9376205056905746, "max": 1.9581490475684404, "mean": 1.9489924238296226, "std": 0.006759200421060504, "repeat": 8, "number": 1}]}, "api.supers.time_remove": null, "api.supers.time_status": {"result": [0.7254950134083629], "stats": [{"ci_99": [0.7212685160338879, 0.729206059128046], "q_25": 0.7224065084010363, "q_75": 0.7289411572273821, "min": 0.7212685160338879, "max": 0.729206059128046, "mean": 0.7255360182374716, "std": 0.0031194722225846316, "repeat": 10, "number": 1}]}, "api.supers.time_status_recursive": {"result": [1.372710612602532], "stats": [{"ci_99": [1.3584050331264734, 1.3775933254510164], "q_25": 1.3702378319576383, "q_75": 1.3739135940559208, "min": 1.3584050331264734, "max": 1.3775933254510164, "mean": 1.3708105152472854, "std": 0.005883856373377103, "repeat": 10, "number": 1}]}, "api.supers.time_subdatasets": {"result": [0.09494225308299065], "stats": [{"ci_99": [0.09382489044219255, 0.1018086988478899], "q_25": 0.09435305162332952, "q_75": 0.09659096342511475, "min": 0.09382489044219255, "max": 0.1018086988478899, "mean": 0.09577316837385297, "std": 0.0022905835851884677, "repeat": 10, "number": 1}]}, "api.supers.time_subdatasets_recursive": {"result": [0.4310798957012594], "stats": [{"ci_99": [0.4256472634151578, 0.44491162709891796], "q_25": 0.4280984252691269, "q_75": 0.43475230503827333, "min": 0.4256472634151578, "max": 0.44491162709891796, "mean": 0.4320795534178615, "std": 0.005399453592521159, "repeat": 10, "number": 1}]}, "api.supers.time_subdatasets_recursive_first": {"result": [0.0961984726600349], "stats": [{"ci_99": [0.0931501230224967, 0.10725062526762486], "q_25": 0.09411622933112085, "q_75": 0.09790646284818649, "min": 0.0931501230224967, "max": 0.10725062526762486, "mean": 0.09729247819632292, "std": 0.0042931342490815155, "repeat": 10, "number": 1}]}, "api.supers.time_uninstall": {"result": [4.252316871192306], "stats": [{"ci_99": [4.156580747742958, 4.381950693032883], "q_25": 4.240644768346101, "q_75": 4.280937823234126, "min": 4.228857042267919, "max": 4.343572096899152, "mean": 4.269265720387921, "std": 0.04429652814585582, "repeat": 4, "number": 1}]}, "repo.gitrepo.time_get_content_info": {"result": [0.015244635753333569], "stats": [{"ci_99": [0.014231529086828232, 0.017127277329564095], "q_25": 0.01470430358313024, "q_75": 0.01621514232829213, "min": 0.014231529086828232, "max": 0.017127277329564095, "mean": 0.015441060625016689, "std": 0.0009309353634763861, "repeat": 10, "number": 1}]}, "api.testds.time_create_test_dataset1": {"result": [0.6164762023836374], "stats": [{"ci_99": [0.6049557952210307, 0.6290933955460787], "q_25": 0.6085577111225575, "q_75": 0.6196545585989952, "min": 0.6049557952210307, "max": 0.6290933955460787, "mean": 0.6152564843185246, "std": 0.007397174864431501, "repeat": 10, "number": 1}]}, "api.testds.time_create_test_dataset2x2": {"result": [3.7997629195451736], "stats": [{"ci_99": [3.741527552013712, 3.867340204543007], "q_25": 3.7927052774466574, "q_75": 3.811491520376876, "min": 3.775893379934132, "max": 3.8423162940889597, "mean": 3.8044338782783598, "std": 0.02396611949034482, "repeat": 4, "number": 1}]}, "core.runner.time_echo": {"result": [0.0019710661843419077], "stats": [{"ci_99": [0.0017447669059038162, 0.002206888422369957], "q_25": 0.0018155126366764308, "q_75": 0.00206952104344964, "min": 0.0017447669059038162, "max": 0.002206888422369957, "mean": 0.0019546211138367652, "std": 0.00015246793131291615, "repeat": 10, "number": 5}]}, "core.runner.time_echo_gitrunner": {"result": [0.002329049538820982], "stats": [{"ci_99": [0.0021270742639899255, 0.0028151338919997215], "q_25": 0.0021896291058510543, "q_75": 0.002554104896262288, "min": 0.0021270742639899255, "max": 0.0028151338919997215, "mean": 0.002390507720410824, "std": 0.00023658118138968903, "repeat": 10, "number": 5}]}, "core.startup.time_help_np": {"result": [0.5848680878989398], "stats": [{"ci_99": [0.5555780837312341, 0.6322726905345917], "q_25": 0.5599410661961883, "q_75": 0.6175340348854661, "min": 0.5555780837312341, "max": 0.6322726905345917, "mean": 0.5895244031213224, "std": 0.030309688384098515, "repeat": 10, "number": 1}]}, "core.startup.time_import": {"result": [0.1316510778851807], "stats": [{"ci_99": [0.1301606222987175, 0.17399706412106752], "q_25": 0.13085514889098704, "q_75": 0.16037807962857187, "min": 0.1301606222987175, "max": 0.17399706412106752, "mean": 0.1433198812417686, "std": 0.01814424824719322, "repeat": 10, "number": 1}]}, "core.startup.time_import_api": {"result": [0.5142622981220484], "stats": [{"ci_99": [0.484412657096982, 0.5999774374067783], "q_25": 0.4881348905619234, "q_75": 0.5481579641345888, "min": 0.484412657096982, "max": 0.5999774374067783, "mean": 0.526836983114481, "std": 0.0430623683642365, "repeat": 10, "number": 1}]}, "support.path.get_parent_paths.time_allsubmods_toplevel": {"result": [0.007866324856877327], "stats": [{"ci_99": [0.006922955624759197, 0.009002715814858675], "q_25": 0.00739912991411984, "q_75": 0.008244385244324803, "min": 0.006922955624759197, "max": 0.009002715814858675, "mean": 0.00787572395056486, "std": 0.0006426501912385255, "repeat": 10, "number": 2}]}, "support.path.get_parent_paths.time_allsubmods_toplevel_only": {"result": [0.007172339363023639], "stats": [{"ci_99": [0.006414024159312248, 0.008135396055877209], "q_25": 0.006833154940977693, "q_75": 0.007529222522862256, "min": 0.006414024159312248, "max": 0.008135396055877209, "mean": 0.007206710102036595, "std": 0.0005537691998113035, "repeat": 10, "number": 2}]}, "support.path.get_parent_paths.time_no_submods": {"result": [2.9833056496402914e-07], "stats": [{"ci_99": [2.8689323935733794e-07, 3.6323000935040814e-07], "q_25": 2.8869689732643936e-07, "q_75": 3.261128189832774e-07, "min": 2.8689323935733794e-07, "max": 3.6323000935040814e-07, "mean": 3.1090388102586045e-07, "std": 2.6512415820211367e-08, "repeat": 10, "number": 38157}]}, "support.path.get_parent_paths.time_one_submod_subdir": {"result": [0.006051570409908891], "stats": [{"ci_99": [0.005283713806420565, 0.006964770145714283], "q_25": 0.0058170181000605226, "q_75": 0.006339875049889088,