{"results": {"api.supers.time_createadd": {"result": [1.2934176437556744], "stats": [{"ci_99": [1.2812661919742823, 1.3119903020560741], "q_25": 1.291277180192992, "q_75": 1.3027867446653545, "min": 1.2812661919742823, "max": 1.3119903020560741, "mean": 1.2962745542638003, "std": 0.008986775690447342, "repeat": 10, "number": 1}]}, "api.supers.time_createadd_to_dataset": {"result": [1.2372339717112482], "stats": [{"ci_99": [1.2282820893451571, 1.262995172291994], "q_25": 1.2346956215333194, "q_75": 1.2497744150459766, "min": 1.2282820893451571, "max": 1.262995172291994, "mean": 1.2421636124141515, "std": 0.011541764199316497, "repeat": 10, "number": 1}]}, "api.supers.time_diff": null, "api.supers.time_diff_recursive": null, "api.supers.time_installr": {"result": [5.512094958219677], "stats": [{"ci_99": [4.854945437517017, 6.169244478922336], "q_25": 5.505523463012651, "q_75": 5.518666453426704, "min": 5.498951967805624, "max": 5.52523794863373, "mean": 5.512094958219677, "std": 0.013142990414053202, "repeat": 2, "number": 1}]}, "api.supers.time_ls": {"result": [0.1839167708531022], "stats": [{"ci_99": [0.17853379156440496, 0.19611909799277782], "q_25": 0.18235815409570932, "q_75": 0.18514604726806283, "min": 0.17853379156440496, "max": 0.19611909799277782, "mean": 0.18497478123754263, "std": 0.004932029686744875, "repeat": 10, "number": 1}]}, "api.supers.time_ls_recursive": {"result": [1.7857392188161612], "stats": [{"ci_99": [1.7720378059893847, 1.809015522710979], "q_25": 1.7782088653184474, "q_75": 1.7941813336219639, "min": 1.7720378059893847, "max": 1.809015522710979, "mean": 1.786751358397305, "std": 0.010968479086259766, "repeat": 10, "number": 1}]}, "api.supers.time_ls_recursive_long_all": {"result": [1.9462155546061695], "stats": [{"ci_99": [1.9313187832012773, 1.9585244618356228], "q_25": 1.9407306199427694, "q_75": 1.951155741000548, "min": 1.9313187832012773, "max": 1.9585244618356228, "mean": 1.9456347939558327, "std": 0.008041087374175124, "repeat": 8, "number": 1}]}, "api.supers.time_remove": null, "api.supers.time_status": {"result": [0.7247624178417027], "stats": [{"ci_99": [0.7186605567112565, 0.7334029832854867], "q_25": 0.7238795922603458, "q_75": 0.7268780856393278, "min": 0.7186605567112565, "max": 0.7334029832854867, "mean": 0.725470220670104, "std": 0.004498904801658918, "repeat": 10, "number": 1}]}, "api.supers.time_status_recursive": {"result": [1.36682284809649], "stats": [{"ci_99": [1.3454446224495769, 1.40925810392946], "q_25": 1.36071189888753, "q_75": 1.3726080434862524, "min": 1.3454446224495769, "max": 1.40925810392946, "mean": 1.3695030931383372, "std": 0.016298942734686163, "repeat": 10, "number": 1}]}, "api.supers.time_subdatasets": {"result": [0.0941912648268044], "stats": [{"ci_99": [0.09197551757097244, 0.10657251719385386], "q_25": 0.09287885623052716, "q_75": 0.09723114012740552, "min": 0.09197551757097244, "max": 0.10657251719385386, "mean": 0.09580059880390764, "std": 0.004127827828969618, "repeat": 10, "number": 1}]}, "api.supers.time_subdatasets_recursive": {"result": [0.4335360275581479], "stats": [{"ci_99": [0.42759876139461994, 0.43788826558738947], "q_25": 0.4289485774934292, "q_75": 0.43517888290807605, "min": 0.42759876139461994, "max": 0.43788826558738947, "mean": 0.43255668571218847, "std": 0.0035451899940694997, "repeat": 10, "number": 1}]}, "api.supers.time_subdatasets_recursive_first": {"result": [0.0950277172960341], "stats": [{"ci_99": [0.09330739825963974, 0.10996219795197248], "q_25": 0.09439684543758631, "q_75": 0.09817233541980386, "min": 0.09330739825963974, "max": 0.10996219795197248, "mean": 0.09710602778941393, "std": 0.004709113296198241, "repeat": 10, "number": 1}]}, "api.supers.time_uninstall": {"result": [4.238474720157683], "stats": [{"ci_99": [4.149207239730494, 4.318271264208271], "q_25": 4.219984912779182, "q_75": 4.252229059347883, "min": 4.185793032869697, "max": 4.272214534692466, "mean": 4.233739251969382, "std": 0.03132349013248237, "repeat": 4, "number": 1}]}, "repo.gitrepo.time_get_content_info": {"result": [0.015150027349591255], "stats": [{"ci_99": [0.014012321829795837, 0.016964989714324474], "q_25": 0.014890383463352919, "q_75": 0.0162659150082618, "min": 0.014012321829795837, "max": 0.016964989714324474, "mean": 0.015427998173981905, "std": 0.0009159730720140287, "repeat": 10, "number": 1}]}, "api.testds.time_create_test_dataset1": {"result": [0.6171620632521808], "stats": [{"ci_99": [0.6123674148693681, 0.6291362876072526], "q_25": 0.6137798291165382, "q_75": 0.6249471479095519, "min": 0.6123674148693681, "max": 0.6291362876072526, "mean": 0.6192636734806001, "std": 0.00597746610077498, "repeat": 10, "number": 1}]}, "api.testds.time_create_test_dataset2x2": {"result": [3.7793241036124527], "stats": [{"ci_99": [3.7083631483630866, 3.8597319475582212], "q_25": 3.768551459768787, "q_75": 3.7948201918043196, "min": 3.7494085598737, "max": 3.82813342474401, "mean": 3.784047547960654, "std": 0.02840167045234646, "repeat": 4, "number": 1}]}, "core.runner.time_echo": {"result": [0.0016996942770977816], "stats": [{"ci_99": [0.001687289836506049, 0.0017256522551178932], "q_25": 0.001691792975179851, "q_75": 0.001707791971663634, "min": 0.001687289836506049, "max": 0.0017256522551178932, "mean": 0.0017016643347839513, "std": 1.1898713825960198e-05, "repeat": 10, "number": 6}]}, "core.runner.time_echo_gitrunner": {"result": [0.0027033339720219374], "stats": [{"ci_99": [0.002480702707543969, 0.003311330685392022], "q_25": 0.0025973255978897214, "q_75": 0.0028159409412182868, "min": 0.002480702707543969, "max": 0.003311330685392022, "mean": 0.0027487902203574776, "std": 0.0002272209603960376, "repeat": 10, "number": 4}]}, "core.startup.time_help_np": {"result": [0.5970180919393897], "stats": [{"ci_99": [0.5268735652789474, 0.6394270844757557], "q_25": 0.575320057105273, "q_75": 0.629448089748621, "min": 0.5268735652789474, "max": 0.6394270844757557, "mean": 0.593591772671789, "std": 0.03885709282445656, "repeat": 10, "number": 1}]}, "core.startup.time_import": {"result": [0.1466269469819963], "stats": [{"ci_99": [0.11387289594858885, 0.19458896480500698], "q_25": 0.117579655488953, "q_75": 0.1648639994673431, "min": 0.11387289594858885, "max": 0.19458896480500698, "mean": 0.14573283940553666, "std": 0.027221062870810563, "repeat": 10, "number": 1}]}, "core.startup.time_import_api": {"result": [0.5327711775898933], "stats": [{"ci_99": [0.49937356915324926, 0.5805026981979609], "q_25": 0.509426093660295, "q_75": 0.568117821123451, "min": 0.49937356915324926, "max": 0.5805026981979609, "mean": 0.5376151314936578, "std": 0.0296769030268441, "repeat": 10, "number": 1}]}, "support.path.get_parent_paths.time_allsubmods_toplevel": {"result": [0.0077035699505358934], "stats": [{"ci_99": [0.006869838107377291, 0.008734901901334524], "q_25": 0.007318497286178172, "q_75": 0.008076522499322891, "min": 0.006869838107377291, "max": 0.008734901901334524, "mean": 0.0077327735722064975, "std": 0.0006140222373798061, "repeat": 10, "number": 2}]}, "support.path.get_parent_paths.time_allsubmods_toplevel_only": {"result": [0.006606267997995019], "stats": [{"ci_99": [0.005996193271130323, 0.007255623582750559], "q_25": 0.006322379573248327, "q_75": 0.006837616674602032, "min": 0.005996193271130323, "max": 0.007255623582750559, "mean": 0.006597438361495733, "std": 0.0004129909753932646, "repeat": 10, "number": 2}]}, "support.path.get_parent_paths.time_no_submods": {"result": [3.3217866544871663e-07], "stats": [{"ci_99": [3.061971598066595e-07, 3.5704013813836135e-07], "q_25": 3.186330204064467e-07, "q_75": 3.429339426639055e-07, "min": 3.061971598066595e-07, "max": 3.5704013813836135e-07, "mean": 3.31137785441734e-07, "std": 1.5823117182203563e-08, "repeat": 10, "number": 27035}]}, "support.path.get_parent_paths.time_one_submod_subdir": {"result": [0.006168917519971728], "stats": [{"ci_99": [0.005585145205259323, 0.006802727002650499], "q_25": 0.005880777956917882, "q_75": 0.00643534807022661,