{"results": {"api.supers.time_createadd": {"result": [1.269630535505712], "stats": [{"ci_99": [1.2541510900482535, 1.2755168974399567], "q_25": 1.259262110805139, "q_75": 1.2744497521780431, "min": 1.2541510900482535, "max": 1.2755168974399567, "mean": 1.266929037682712, "std": 0.007972036137610817, "repeat": 10, "number": 1}]}, "api.supers.time_createadd_to_dataset": {"result": [1.2180462828837335], "stats": [{"ci_99": [1.2064975090324879, 1.2433265531435609], "q_25": 1.2134947879239917, "q_75": 1.2239744456019253, "min": 1.2064975090324879, "max": 1.2433265531435609, "mean": 1.2198930912651123, "std": 0.010192889245975629, "repeat": 10, "number": 1}]}, "api.supers.time_diff": null, "api.supers.time_diff_recursive": null, "api.supers.time_installr": {"result": [5.094082307536155], "stats": [{"ci_99": [3.8164427536539733, 6.371721861418336], "q_25": 5.081305911997333, "q_75": 5.106858703074977, "min": 5.068529516458511, "max": 5.119635098613799, "mean": 5.094082307536155, "std": 0.025552791077643633, "repeat": 2, "number": 1}]}, "api.supers.time_ls": {"result": [0.185085978358984], "stats": [{"ci_99": [0.17774487473070621, 0.1969341952353716], "q_25": 0.1803443559911102, "q_75": 0.1865128818899393, "min": 0.17774487473070621, "max": 0.1969341952353716, "mean": 0.1847225575707853, "std": 0.005203107155655784, "repeat": 10, "number": 1}]}, "api.supers.time_ls_recursive": {"result": [1.810929878614843], "stats": [{"ci_99": [1.7838703356683254, 1.8307071113958955], "q_25": 1.805926897097379, "q_75": 1.8151013266760856, "min": 1.7838703356683254, "max": 1.8307071113958955, "mean": 1.808932584989816, "std": 0.012509331844957313, "repeat": 10, "number": 1}]}, "api.supers.time_ls_recursive_long_all": {"result": [1.9489757027477026], "stats": [{"ci_99": [1.9431070750579238, 1.9873555405065417], "q_25": 1.94639986124821, "q_75": 1.9613817168865353, "min": 1.9431070750579238, "max": 1.9873555405065417, "mean": 1.9573504640720785, "std": 0.016958846924197978, "repeat": 8, "number": 1}]}, "api.supers.time_remove": null, "api.supers.time_status": {"result": [0.7568083587102592], "stats": [{"ci_99": [0.7458472130820155, 0.7755492674186826], "q_25": 0.7505373337771744, "q_75": 0.7635095054283738, "min": 0.7458472130820155, "max": 0.7755492674186826, "mean": 0.7579295793548226, "std": 0.009129683211315801, "repeat": 10, "number": 1}]}, "api.supers.time_status_recursive": {"result": [1.3920960151590407], "stats": [{"ci_99": [1.3855283251032233, 1.4519446976482868], "q_25": 1.3866022871807218, "q_75": 1.4058434192556888, "min": 1.3855283251032233, "max": 1.4519446976482868, "mean": 1.4027263330295683, "std": 0.022716856061432093, "repeat": 10, "number": 1}]}, "api.supers.time_subdatasets": {"result": [0.1084140189923346], "stats": [{"ci_99": [0.10521776881068945, 0.11627899762243032], "q_25": 0.10729985171929002, "q_75": 0.11075483937747777, "min": 0.10521776881068945, "max": 0.11627899762243032, "mean": 0.10923362048342825, "std": 0.0029840977573505805, "repeat": 10, "number": 1}]}, "api.supers.time_subdatasets_recursive": {"result": [0.4403579602949321], "stats": [{"ci_99": [0.43922089599072933, 0.4516176972538233], "q_25": 0.4398775789886713, "q_75": 0.4420472886413336, "min": 0.43922089599072933, "max": 0.4516176972538233, "mean": 0.4423917578533292, "std": 0.004223529686949047, "repeat": 10, "number": 1}]}, "api.supers.time_subdatasets_recursive_first": {"result": [0.10812836000695825], "stats": [{"ci_99": [0.10639170836657286, 0.11388751398772001], "q_25": 0.10699786874465644, "q_75": 0.10999249992892146, "min": 0.10639170836657286, "max": 0.11388751398772001, "mean": 0.1089531616307795, "std": 0.0024095508371367617, "repeat": 10, "number": 1}]}, "api.supers.time_uninstall": {"result": [4.124549958389252], "stats": [{"ci_99": [4.071132158065722, 4.173435276703402], "q_25": 4.108901467407122, "q_75": 4.137932208366692, "min": 4.098199610598385, "max": 4.141835342161357, "mean": 4.122283717384562, "std": 0.01777985499457832, "repeat": 4, "number": 1}]}, "repo.gitrepo.time_get_content_info": {"result": [0.01621467899531126], "stats": [{"ci_99": [0.014824962243437767, 0.018006994388997555], "q_25": 0.01511804317124188, "q_75": 0.016977752558887005, "min": 0.014824962243437767, "max": 0.018006994388997555, "mean": 0.016214693430811167, "std": 0.0011103717636943788, "repeat": 10, "number": 1}]}, "api.testds.time_create_test_dataset1": {"result": [0.598210880998522], "stats": [{"ci_99": [0.5939157735556364, 0.6032066233456135], "q_25": 0.5961930779740214, "q_75": 0.6000364928040653, "min": 0.5939157735556364, "max": 0.6032066233456135, "mean": 0.5981870321556926, "std": 0.0027272304622979492, "repeat": 10, "number": 1}]}, "api.testds.time_create_test_dataset2x2": {"result": [3.557967261876911], "stats": [{"ci_99": [3.4927973695155066, 3.6366076386477966], "q_25": 3.55042294296436, "q_75": 3.5722468229942024, "min": 3.53359102178365, "max": 3.6092844707891345, "mean": 3.5647025040816516, "std": 0.02763006191916949, "repeat": 4, "number": 1}]}, "core.runner.time_echo": {"result": [0.00177444564178586], "stats": [{"ci_99": [0.0017049354501068592, 0.002056288377692302], "q_25": 0.0017210840014740825, "q_75": 0.001896142455128332, "min": 0.0017049354501068592, "max": 0.002056288377692302, "mean": 0.0018194240673134725, "std": 0.00011505439843133847, "repeat": 10, "number": 6}]}, "core.runner.time_echo_gitrunner": {"result": [0.0023115649819374084], "stats": [{"ci_99": [0.0021078188437968493, 0.0028869654051959515], "q_25": 0.002120993216522038, "q_75": 0.0026746669900603592, "min": 0.0021078188437968493, "max": 0.0028869654051959515, "mean": 0.002406580257229507, "std": 0.0003050513784241349, "repeat": 10, "number": 4}]}, "core.startup.time_help_np": {"result": [0.5938810198567808], "stats": [{"ci_99": [0.5373787051066756, 0.6403648545965552], "q_25": 0.5851875757798553, "q_75": 0.6010988485068083, "min": 0.5373787051066756, "max": 0.6403648545965552, "mean": 0.594829239603132, "std": 0.02708558805085645, "repeat": 10, "number": 1}]}, "core.startup.time_import": {"result": [0.15854364726692438], "stats": [{"ci_99": [0.11608325410634279, 0.20234598964452744], "q_25": 0.15302340593189, "q_75": 0.17096159444190562, "min": 0.11608325410634279, "max": 0.20234598964452744, "mean": 0.1593340310268104, "std": 0.0267077636200284, "repeat": 10, "number": 1}]}, "core.startup.time_import_api": {"result": [0.5321410619653761], "stats": [{"ci_99": [0.509217300452292, 0.6035126270726323], "q_25": 0.5219230882357806, "q_75": 0.5414485740475357, "min": 0.509217300452292, "max": 0.6035126270726323, "mean": 0.540911374706775, "std": 0.028486411561308655, "repeat": 10, "number": 1}]}, "support.path.get_parent_paths.time_allsubmods_toplevel": {"result": [0.007534402422606945], "stats": [{"ci_99": [0.0067145442590117455, 0.008674318436533213], "q_25": 0.007194141624495387, "q_75": 0.007928135804831982, "min": 0.0067145442590117455, "max": 0.008674318436533213, "mean": 0.007597169047221542, "std": 0.0005971058720876737, "repeat": 10, "number": 2}]}, "support.path.get_parent_paths.time_allsubmods_toplevel_only": {"result": [0.00632272963412106], "stats": [{"ci_99": [0.005958647932857275, 0.006949285510927439], "q_25": 0.006098105339333415, "q_75": 0.00658524758182466, "min": 0.005958647932857275, "max": 0.006949285510927439, "mean": 0.0063811577390879394, "std": 0.0003425120885018425, "repeat": 10, "number": 2}]}, "support.path.get_parent_paths.time_no_submods": {"result": [2.9193564345312205e-07], "stats": [{"ci_99": [2.770192510731319e-07, 3.3860017806050937e-07], "q_25": 2.808448272731425e-07, "q_75": 3.2500678608498854e-07, "min": 2.770192510731319e-07, "max": 3.3860017806050937e-07, "mean": 3.011137246512611e-07, "std": 2.3242330249346644e-08, "repeat": 10, "number": 39011}]}, "support.path.get_parent_paths.time_one_submod_subdir": {"result": [0.006279253400862217], "stats": [{"ci_99": [0.005661135073751211, 0.0069811115972697735], "q_25": 0.005999951856210828, "q_75": 0.00646907661575824,