{"results": {"api.supers.time_createadd": {"result": [1.272191266529262], "stats": [{"ci_99": [1.2643374456092715, 1.2963801510632038], "q_25": 1.2675337214022875, "q_75": 1.280357995070517, "min": 1.2643374456092715, "max": 1.2963801510632038, "mean": 1.2753143585287035, "std": 0.009792282395300153, "repeat": 10, "number": 1}]}, "api.supers.time_createadd_to_dataset": {"result": [1.249938185326755], "stats": [{"ci_99": [1.2264520516619086, 1.2734825918450952], "q_25": 1.2396686736028641, "q_75": 1.260557091794908, "min": 1.2264520516619086, "max": 1.2734825918450952, "mean": 1.2490839404053986, "std": 0.014738375518608904, "repeat": 10, "number": 1}]}, "api.supers.time_diff": null, "api.supers.time_diff_recursive": null, "api.supers.time_installr": {"result": [5.293125979136676], "stats": [{"ci_99": [4.85971366846934, 5.726538289804012], "q_25": 5.288791856030002, "q_75": 5.297460102243349, "min": 5.284457732923329, "max": 5.301794225350022, "mean": 5.293125979136676, "std": 0.00866824621334672, "repeat": 2, "number": 1}]}, "api.supers.time_ls": {"result": [0.18147321278229356], "stats": [{"ci_99": [0.17603604216128588, 0.18914391100406647], "q_25": 0.17766995984129608, "q_75": 0.18434743490070105, "min": 0.17603604216128588, "max": 0.18914391100406647, "mean": 0.18157071815803646, "std": 0.0042191758281234296, "repeat": 10, "number": 1}]}, "api.supers.time_ls_recursive": {"result": [1.764276981819421], "stats": [{"ci_99": [1.7377690561115742, 1.814625690691173], "q_25": 1.7584781777113676, "q_75": 1.7735090407077223, "min": 1.7377690561115742, "max": 1.814625690691173, "mean": 1.7678787931799889, "std": 0.01920991005929776, "repeat": 10, "number": 1}]}, "api.supers.time_ls_recursive_long_all": {"result": [1.915308496914804], "stats": [{"ci_99": [1.9044136460870504, 1.9959651455283165], "q_25": 1.9085068479180336, "q_75": 1.9445397071540356, "min": 1.9044136460870504, "max": 1.9959651455283165, "mean": 1.9311940376129415, "std": 0.03127071013123798, "repeat": 9, "number": 1}]}, "api.supers.time_remove": null, "api.supers.time_rev_createadd": null, "api.supers.time_rev_createadd_to_dataset": null, "api.supers.time_status": {"result": [0.7084832186810672], "stats": [{"ci_99": [0.7007848285138607, 0.7176835844293237], "q_25": 0.703442772384733, "q_75": 0.7111285494174808, "min": 0.7007848285138607, "max": 0.7176835844293237, "mean": 0.7079162220470607, "std": 0.0050346835336595765, "repeat": 10, "number": 1}]}, "api.supers.time_status_recursive": {"result": [1.3397784633561969], "stats": [{"ci_99": [1.3293110448867083, 1.3456196198239923], "q_25": 1.3345481008291245, "q_75": 1.340723687550053, "min": 1.3293110448867083, "max": 1.3456196198239923, "mean": 1.3382208916358649, "std": 0.004830238196431223, "repeat": 10, "number": 1}]}, "api.supers.time_subdatasets": {"result": [0.09422022104263306], "stats": [{"ci_99": [0.09071268420666456, 0.096128617413342], "q_25": 0.09219373180530965, "q_75": 0.09514932474121451, "min": 0.09071268420666456, "max": 0.096128617413342, "mean": 0.09368747249245643, "std": 0.0018648304191536138, "repeat": 10, "number": 1}]}, "api.supers.time_subdatasets_recursive": {"result": [0.4213422080501914], "stats": [{"ci_99": [0.4158119522035122, 0.4293897496536374], "q_25": 0.41857047053053975, "q_75": 0.4242339697666466, "min": 0.4158119522035122, "max": 0.4293897496536374, "mean": 0.4214588118717074, "std": 0.004245595686607583, "repeat": 10, "number": 1}]}, "api.supers.time_subdatasets_recursive_first": {"result": [0.09435713477432728], "stats": [{"ci_99": [0.09064885415136814, 0.10259285289794207], "q_25": 0.09219451854005456, "q_75": 0.09592609363608062, "min": 0.09064885415136814, "max": 0.10259285289794207, "mean": 0.09455891167744994, "std": 0.003257546435159671, "repeat": 10, "number": 1}]}, "api.supers.time_uninstall": {"result": [4.162850636523217], "stats": [{"ci_99": [4.137248632826214, 4.181707221686537], "q_25": 4.156940457876772, "q_75": 4.165388105902821, "min": 4.144955606199801, "max": 4.167254829779267, "mean": 4.1594779272563756, "std": 0.008681367325658138, "repeat": 4, "number": 1}]}, "repo.gitrepo.time_get_content_info": {"result": [0.015885287895798683], "stats": [{"ci_99": [0.014191437512636185, 0.017299124971032143], "q_25": 0.014976950595155358, "q_75": 0.016843117540702224, "min": 0.014191437512636185, "max": 0.017299124971032143, "mean": 0.015869801677763463, "std": 0.0010870638815937835, "repeat": 10, "number": 1}]}, "api.testds.time_create_test_dataset1": {"result": [0.6066713337786496], "stats": [{"ci_99": [0.602126176469028, 0.6180688375607133], "q_25": 0.6053735713940114, "q_75": 0.6114310505799949, "min": 0.602126176469028, "max": 0.6180688375607133, "mean": 0.6082671548239886, "std": 0.004981571625700664, "repeat": 10, "number": 1}]}, "api.testds.time_create_test_dataset2x2": {"result": [3.744849617127329], "stats": [{"ci_99": [3.7022009827370703, 3.771812719275528], "q_25": 3.7362629431299865, "q_75": 3.745593525003642, "min": 3.7116020303219557, "max": 3.746726139448583, "mean": 3.7370068510062993, "std": 0.014689757454103006, "repeat": 4, "number": 1}]}, "core.runner.time_echo": {"result": [0.001753895388295253], "stats": [{"ci_99": [0.0017396944264570873, 0.0017666489196320374], "q_25": 0.0017479479623337586, "q_75": 0.001755410999370118, "min": 0.0017396944264570873, "max": 0.0017666489196320374, "mean": 0.0017532148088018101, "std": 7.928050186649815e-06, "repeat": 10, "number": 6}]}, "core.runner.time_echo_gitrunner": {"result": [0.0028042797930538654], "stats": [{"ci_99": [0.002375224372372031, 0.003418683772906661], "q_25": 0.002591093594674021, "q_75": 0.0029024412506259978, "min": 0.002375224372372031, "max": 0.003418683772906661, "mean": 0.0027814632980152965, "std": 0.00027840946697984766, "repeat": 10, "number": 4}]}, "core.startup.time_help_np": {"result": [0.6141364648938179], "stats": [{"ci_99": [0.594545847736299, 0.6571001494303346], "q_25": 0.6091508765239269, "q_75": 0.6206598249264061, "min": 0.594545847736299, "max": 0.6571001494303346, "mean": 0.6172904684208333, "std": 0.01655183919233723, "repeat": 10, "number": 1}]}, "core.startup.time_import": {"result": [0.15426349313929677], "stats": [{"ci_99": [0.12884170841425657, 0.20772415772080421], "q_25": 0.13109101145528257, "q_75": 0.17021720414049923, "min": 0.12884170841425657, "max": 0.20772415772080421, "mean": 0.15495051993057132, "std": 0.024707528093452984, "repeat": 10, "number": 1}]}, "core.startup.time_import_api": {"result": [0.5703059453517199], "stats": [{"ci_99": [0.5309720672667027, 0.603791625238955], "q_25": 0.5461512617766857, "q_75": 0.5962667763233185, "min": 0.5309720672667027, "max": 0.603791625238955, "mean": 0.5702472153119743, "std": 0.026499857385039023, "repeat": 10, "number": 1}]}, "support.path.get_parent_paths.time_allsubmods_toplevel": {"result": [0.00692904437892139], "stats": [{"ci_99": [0.006814657244831324, 0.008642127737402916], "q_25": 0.006912897224538028, "q_75": 0.007636956055648625, "min": 0.006814657244831324, "max": 0.008642127737402916, "mean": 0.0073151025921106335, "std": 0.0005949364217261505, "repeat": 10, "number": 2}]}, "support.path.get_parent_paths.time_allsubmods_toplevel_only": {"result": [0.007171066710725427], "stats": [{"ci_99": [0.006307082716375589, 0.008376167621463537], "q_25": 0.006744289421476424, "q_75": 0.007625080063007772, "min": 0.006307082716375589, "max": 0.008376167621463537, "mean": 0.007221229234710335, "std": 0.0005946274969570472, "repeat": 10, "number": 2}]}, "support.path.get_parent_paths.time_no_submods": {"result": [3.284753302647607e-07], "stats": [{"ci_99": [3.069211305405054e-07, 3.638929354968321e-07], "q_25": 3.1868402603496625e-07, "q_75": 3.446920326379766e-07, "min": 3.069211305405054e-07, "max": 3.638929354968321e-07, "mean": 3.328190363602203e-07, "std": 1.8863119856538774e-08, "repeat": 10, "number": 28351}]}, "support.path.get_parent_paths.time_one_submod_subdir": {"result": [0.005558249773457646],