{"results": {"api.supers.time_createadd": {"result": [1.2664444809779525], "stats": [{"ci_99": [1.2579146288335323, 1.2777078496292233], "q_25": 1.2592872618697584, "q_75": 1.272475941805169, "min": 1.2579146288335323, "max": 1.2777078496292233, "mean": 1.2668926228769124, "std": 0.007583760529991994, "repeat": 10, "number": 1}]}, "api.supers.time_createadd_to_dataset": {"result": [1.2165347221307456], "stats": [{"ci_99": [1.2007158109918237, 1.2370248883962631], "q_25": 1.205702937906608, "q_75": 1.22142524830997, "min": 1.2007158109918237, "max": 1.2370248883962631, "mean": 1.2156678575091064, "std": 0.010823773487779968, "repeat": 10, "number": 1}]}, "api.supers.time_diff": null, "api.supers.time_diff_recursive": null, "api.supers.time_installr": {"result": [5.011195894796401], "stats": [{"ci_99": [4.724922352936119, 5.297469436656684], "q_25": 5.008333159377798, "q_75": 5.014058630215004, "min": 5.005470423959196, "max": 5.016921365633607, "mean": 5.011195894796401, "std": 0.005725470837205648, "repeat": 2, "number": 1}]}, "api.supers.time_ls": {"result": [0.18449406325817108], "stats": [{"ci_99": [0.17948243115097284, 0.2036221781745553], "q_25": 0.1824797261506319, "q_75": 0.19334621843881905, "min": 0.17948243115097284, "max": 0.2036221781745553, "mean": 0.18795892922207713, "std": 0.007438347790462276, "repeat": 10, "number": 1}]}, "api.supers.time_ls_recursive": {"result": [1.7816982427611947], "stats": [{"ci_99": [1.7602506913244724, 1.802698197774589], "q_25": 1.7705182707868516, "q_75": 1.7896815438289195, "min": 1.7602506913244724, "max": 1.802698197774589, "mean": 1.7804349634796381, "std": 0.013618889700822758, "repeat": 10, "number": 1}]}, "api.supers.time_ls_recursive_long_all": {"result": [1.928809644188732], "stats": [{"ci_99": [1.9172131353989244, 1.9572632713243365], "q_25": 1.924131482373923, "q_75": 1.9412716364022344, "min": 1.9172131353989244, "max": 1.9572632713243365, "mean": 1.9331468094605953, "std": 0.013406991595020198, "repeat": 8, "number": 1}]}, "api.supers.time_remove": null, "api.supers.time_status": {"result": [0.7287786919623613], "stats": [{"ci_99": [0.7213878370821476, 0.7498130491003394], "q_25": 0.7259679161943495, "q_75": 0.7345217256806791, "min": 0.7213878370821476, "max": 0.7498130491003394, "mean": 0.7319951041601598, "std": 0.009512061491458008, "repeat": 10, "number": 1}]}, "api.supers.time_status_recursive": {"result": [1.381127992644906], "stats": [{"ci_99": [1.3643001420423388, 1.415239056572318], "q_25": 1.3650768427178264, "q_75": 1.3993605892173946, "min": 1.3643001420423388, "max": 1.415239056572318, "mean": 1.3835632354952394, "std": 0.018683603252600003, "repeat": 10, "number": 1}]}, "api.supers.time_subdatasets": {"result": [0.08400251530110836], "stats": [{"ci_99": [0.08003977406769991, 0.09322764724493027], "q_25": 0.08345367386937141, "q_75": 0.08587251557037234, "min": 0.08003977406769991, "max": 0.09322764724493027, "mean": 0.08478829329833389, "std": 0.0033187560310143503, "repeat": 10, "number": 1}]}, "api.supers.time_subdatasets_recursive": {"result": [0.4153197817504406], "stats": [{"ci_99": [0.41089101135730743, 0.4207162521779537], "q_25": 0.4138919170945883, "q_75": 0.4184679863974452, "min": 0.41089101135730743, "max": 0.4207162521779537, "mean": 0.4159516581334174, "std": 0.00301524458190914, "repeat": 10, "number": 1}]}, "api.supers.time_subdatasets_recursive_first": {"result": [0.08277470851317048], "stats": [{"ci_99": [0.08026747684925795, 0.08910350780934095], "q_25": 0.08144210814498365, "q_75": 0.0852504470385611, "min": 0.08026747684925795, "max": 0.08910350780934095, "mean": 0.08354625552892685, "std": 0.0027699403568524276, "repeat": 10, "number": 1}]}, "api.supers.time_uninstall": {"result": [4.131431740242988], "stats": [{"ci_99": [4.103612794054419, 4.1614875905423165], "q_25": 4.126140254549682, "q_75": 4.137841677991673, "min": 4.119071231223643, "max": 4.148266057483852, "mean": 4.132550192298368, "std": 0.010587762129552541, "repeat": 4, "number": 1}]}, "repo.gitrepo.time_get_content_info": {"result": [0.01592520996928215], "stats": [{"ci_99": [0.014488579705357552, 0.021270944736897945], "q_25": 0.015335340751335025, "q_75": 0.01641999906860292, "min": 0.014488579705357552, "max": 0.021270944736897945, "mean": 0.016296870168298484, "std": 0.0017720250739778577, "repeat": 10, "number": 1}]}, "api.testds.time_create_test_dataset1": {"result": [0.6032475871033967], "stats": [{"ci_99": [0.5975887319073081, 0.6151924673467875], "q_25": 0.6007035612128675, "q_75": 0.6052309304941446, "min": 0.5975887319073081, "max": 0.6151924673467875, "mean": 0.6040238422341645, "std": 0.004833084732471368, "repeat": 10, "number": 1}]}, "api.testds.time_create_test_dataset2x2": {"result": [3.656340671237558], "stats": [{"ci_99": [3.6462011574777176, 3.6667581764040182], "q_25": 3.6533505208790302, "q_75": 3.659469817299396, "min": 3.652392449788749, "max": 3.660844875499606, "mean": 3.656479666940868, "std": 0.0035378419773694457, "repeat": 4, "number": 1}]}, "core.runner.time_echo": {"result": [0.0017779295643170676], "stats": [{"ci_99": [0.0017159278504550457, 0.0021250302282472453], "q_25": 0.0017318930476903915, "q_75": 0.001957242221881946, "min": 0.0017159278504550457, "max": 0.0021250302282472453, "mean": 0.0018489363137632608, "std": 0.00014519853359235972, "repeat": 10, "number": 6}]}, "core.runner.time_echo_gitrunner": {"result": [0.0024701409274712205], "stats": [{"ci_99": [0.0021633850410580635, 0.002952741226181388], "q_25": 0.002260334906168282, "q_75": 0.002674509771168232, "min": 0.0021633850410580635, "max": 0.002952741226181388, "mean": 0.0024894235422834752, "std": 0.000260252470487855, "repeat": 10, "number": 4}]}, "core.startup.time_help_np": {"result": [0.6011843220330775], "stats": [{"ci_99": [0.5357407471165061, 0.628619983792305], "q_25": 0.597204024437815, "q_75": 0.6051290584728122, "min": 0.5357407471165061, "max": 0.628619983792305, "mean": 0.5966632310301065, "std": 0.02324693718719768, "repeat": 10, "number": 1}]}, "core.startup.time_import": {"result": [0.16918335063382983], "stats": [{"ci_99": [0.12197729479521513, 0.19938389584422112], "q_25": 0.16461671912111342, "q_75": 0.18569247610867023, "min": 0.12197729479521513, "max": 0.19938389584422112, "mean": 0.17059223717078567, "std": 0.02099149842370827, "repeat": 10, "number": 1}]}, "core.startup.time_import_api": {"result": [0.5251716678030789], "stats": [{"ci_99": [0.4760514460504055, 0.560488723218441], "q_25": 0.513688444159925, "q_75": 0.5366450140718371, "min": 0.4760514460504055, "max": 0.560488723218441, "mean": 0.5246914656832814, "std": 0.023092043627844953, "repeat": 10, "number": 1}]}, "support.path.get_parent_paths.time_allsubmods_toplevel": {"result": [0.007729347795248032], "stats": [{"ci_99": [0.006910569500178099, 0.008699097204953432], "q_25": 0.0073495113756507635, "q_75": 0.008078513899818063, "min": 0.006910569500178099, "max": 0.008699097204953432, "mean": 0.007758722174912691, "std": 0.0005998701091680209, "repeat": 10, "number": 2}]}, "support.path.get_parent_paths.time_allsubmods_toplevel_only": {"result": [0.0060874056071043015], "stats": [{"ci_99": [0.006020017433911562, 0.0072051603347063065], "q_25": 0.006070306873880327, "q_75": 0.006498540751636028, "min": 0.006020017433911562, "max": 0.0072051603347063065, "mean": 0.006322746071964503, "std": 0.00038423663413026245, "repeat": 10, "number": 2}]}, "support.path.get_parent_paths.time_no_submods": {"result": [2.725391792919583e-07], "stats": [{"ci_99": [2.693868065063446e-07, 3.1353066606071597e-07], "q_25": 2.707194135639879e-07, "q_75": 2.8838264965053593e-07, "min": 2.693868065063446e-07, "max": 3.1353066606071597e-07, "mean": 2.811622712781349e-07, "std": 1.462531719232643e-08, "repeat": 10, "number": 32297}]}, "support.path.get_parent_paths.time_one_submod_subdir": {"result": [0.005351650528609753], "stats": [{"ci_99": [0.005158963147550821, 0.006298302207142115], "q_25": 0.0052608257392421365,