{"results": {"api.supers.time_createadd": {"result": [1.2989120301790535], "stats": [{"ci_99": [1.2707119891420007, 1.3429190330207348], "q_25": 1.2898099094163626, "q_75": 1.32467650459148, "min": 1.2707119891420007, "max": 1.3429190330207348, "mean": 1.305388499610126, "std": 0.023057843970185794, "repeat": 10, "number": 1}]}, "api.supers.time_createadd_to_dataset": {"result": [1.2569048213772476], "stats": [{"ci_99": [1.2338419342413545, 1.2741208421066403], "q_25": 1.2470340109430254, "q_75": 1.2625759709626436, "min": 1.2338419342413545, "max": 1.2741208421066403, "mean": 1.2553079078905285, "std": 0.012749576565464972, "repeat": 10, "number": 1}]}, "api.supers.time_diff": null, "api.supers.time_diff_recursive": null, "api.supers.time_installr": {"result": [5.305261436384171], "stats": [{"ci_99": [4.1948191043920815, 6.41570376837626], "q_25": 5.29415701306425, "q_75": 5.316365859704092, "min": 5.2830525897443295, "max": 5.327470283024013, "mean": 5.305261436384171, "std": 0.022208846639841795, "repeat": 2, "number": 1}]}, "api.supers.time_ls": {"result": [0.18272045394405723], "stats": [{"ci_99": [0.17942756321281195, 0.19135697651654482], "q_25": 0.1804177169688046, "q_75": 0.18651080876588821, "min": 0.17942756321281195, "max": 0.19135697651654482, "mean": 0.18394094482064247, "std": 0.00389630357251894, "repeat": 10, "number": 1}]}, "api.supers.time_ls_recursive": {"result": [1.7918912107124925], "stats": [{"ci_99": [1.7576618054881692, 1.8584885597229004], "q_25": 1.7843715061899275, "q_75": 1.821592039661482, "min": 1.7576618054881692, "max": 1.8584885597229004, "mean": 1.7989577715285123, "std": 0.03080999570005862, "repeat": 10, "number": 1}]}, "api.supers.time_ls_recursive_long_all": {"result": [1.9524042727425694], "stats": [{"ci_99": [1.9464438706636429, 1.970606123097241], "q_25": 1.9481400959193707, "q_75": 1.955010782694444, "min": 1.9464438706636429, "max": 1.970606123097241, "mean": 1.9535429801326245, "std": 0.0073435029399714765, "repeat": 8, "number": 1}]}, "api.supers.time_remove": null, "api.supers.time_status": {"result": [0.7261058064177632], "stats": [{"ci_99": [0.7213159296661615, 0.7342904135584831], "q_25": 0.7249151328578591, "q_75": 0.7269669529050589, "min": 0.7213159296661615, "max": 0.7342904135584831, "mean": 0.7264566835947335, "std": 0.003686132067292313, "repeat": 10, "number": 1}]}, "api.supers.time_status_recursive": {"result": [1.373096274677664], "stats": [{"ci_99": [1.365464418195188, 1.3912947913631797], "q_25": 1.3693364278879017, "q_75": 1.3757766531780362, "min": 1.365464418195188, "max": 1.3912947913631797, "mean": 1.3744157304987312, "std": 0.007150412050268908, "repeat": 10, "number": 1}]}, "api.supers.time_subdatasets": {"result": [0.09571217838674784], "stats": [{"ci_99": [0.09404060430824757, 0.09811026509851217], "q_25": 0.0948339905589819, "q_75": 0.09697125805541873, "min": 0.09404060430824757, "max": 0.09811026509851217, "mean": 0.09592678360641002, "std": 0.0013567759393942312, "repeat": 10, "number": 1}]}, "api.supers.time_subdatasets_recursive": {"result": [0.4311026996001601], "stats": [{"ci_99": [0.42568433471024036, 0.4391035297885537], "q_25": 0.42871858831495047, "q_75": 0.4341221726499498, "min": 0.42568433471024036, "max": 0.4391035297885537, "mean": 0.4319214537739754, "std": 0.004269998666523976, "repeat": 10, "number": 1}]}, "api.supers.time_subdatasets_recursive_first": {"result": [0.09640697576105595], "stats": [{"ci_99": [0.09376063011586666, 0.10250291507691145], "q_25": 0.09565168083645403, "q_75": 0.0983737779315561, "min": 0.09376063011586666, "max": 0.10250291507691145, "mean": 0.0969791698269546, "std": 0.002526271163749958, "repeat": 10, "number": 1}]}, "api.supers.time_uninstall": {"result": [4.192592678591609], "stats": [{"ci_99": [4.170911133935796, 4.2146083599011135], "q_25": 4.1865090117789805, "q_75": 4.198843413731083, "min": 4.183522328734398, "max": 4.202331301756203, "mean": 4.192759746918455, "std": 0.007562704899528228, "repeat": 4, "number": 1}]}, "repo.gitrepo.time_get_content_info": {"result": [0.016545908991247416], "stats": [{"ci_99": [0.014117145910859108, 0.018568352796137333], "q_25": 0.015164910582825541, "q_75": 0.017774700419977307, "min": 0.014117145910859108, "max": 0.018568352796137333, "mean": 0.01645880052819848, "std": 0.0014688827361418486, "repeat": 10, "number": 1}]}, "api.testds.time_create_test_dataset1": {"result": [0.6177890845574439], "stats": [{"ci_99": [0.6079967422410846, 0.6286362875252962], "q_25": 0.6153830054681748, "q_75": 0.6224111716728657, "min": 0.6079967422410846, "max": 0.6286362875252962, "mean": 0.6185668313875794, "std": 0.00603804295295404, "repeat": 10, "number": 1}]}, "api.testds.time_create_test_dataset2x2": {"result": [3.800583046860993], "stats": [{"ci_99": [3.742159442113035, 3.8407754506233407], "q_25": 3.788156900787726, "q_75": 3.8038935924414545, "min": 3.7571345139294863, "max": 3.8075691778212786, "mean": 3.7914674463681877, "std": 0.020080473869828922, "repeat": 4, "number": 1}]}, "core.runner.time_echo": {"result": [0.0017166802814851203], "stats": [{"ci_99": [0.0016986926396687825, 0.0019691199995577335], "q_25": 0.0017064051935449243, "q_75": 0.0017250421224161983, "min": 0.0016986926396687825, "max": 0.0019691199995577335, "mean": 0.0017391733049104611, "std": 7.722771370734176e-05, "repeat": 10, "number": 6}]}, "core.runner.time_echo_gitrunner": {"result": [0.002742465236224234], "stats": [{"ci_99": [0.0024996185675263405, 0.0028690537437796593], "q_25": 0.0026344528305344284, "q_75": 0.0028195473132655025, "min": 0.0024996185675263405, "max": 0.0028690537437796593, "mean": 0.0027139310026541353, "std": 0.00012668530529584692, "repeat": 10, "number": 4}]}, "core.startup.time_help_np": {"result": [0.5825083921663463], "stats": [{"ci_99": [0.5721629951149225, 0.6366731729358435], "q_25": 0.5768935724627227, "q_75": 0.5925527748186141, "min": 0.5721629951149225, "max": 0.6366731729358435, "mean": 0.589686587639153, "std": 0.0186150258195302, "repeat": 10, "number": 1}]}, "core.startup.time_import": {"result": [0.15468732779845595], "stats": [{"ci_99": [0.11467588599771261, 0.1921008611097932], "q_25": 0.13706408208236098, "q_75": 0.1875071614049375, "min": 0.11467588599771261, "max": 0.1921008611097932, "mean": 0.1583835881203413, "std": 0.027087392761588374, "repeat": 10, "number": 1}]}, "core.startup.time_import_api": {"result": [0.5388933871872723], "stats": [{"ci_99": [0.5036643575876951, 0.5706489430740476], "q_25": 0.5258543659001589, "q_75": 0.5612288059201092, "min": 0.5036643575876951, "max": 0.5706489430740476, "mean": 0.5410463457927108, "std": 0.021680437240556547, "repeat": 10, "number": 1}]}, "support.path.get_parent_paths.time_allsubmods_toplevel": {"result": [0.0075624799355864525], "stats": [{"ci_99": [0.0067177629098296165, 0.008646722882986069], "q_25": 0.007171297213062644, "q_75": 0.007910953601822257, "min": 0.0067177629098296165, "max": 0.008646722882986069, "mean": 0.007575453352183103, "std": 0.0005877836787466079, "repeat": 10, "number": 2}]}, "support.path.get_parent_paths.time_allsubmods_toplevel_only": {"result": [0.007206351263448596], "stats": [{"ci_99": [0.006386900320649147, 0.008186033926904202], "q_25": 0.0068122666561976075, "q_75": 0.007504946202971041, "min": 0.006386900320649147, "max": 0.008186033926904202, "mean": 0.007202327391132713, "std": 0.0005598739110254785, "repeat": 10, "number": 2}]}, "support.path.get_parent_paths.time_no_submods": {"result": [3.332655918091843e-07], "stats": [{"ci_99": [3.055898826606663e-07, 3.695086802668461e-07], "q_25": 3.199830418642799e-07, "q_75": 3.4571435493919506e-07, "min": 3.055898826606663e-07, "max": 3.695086802668461e-07, "mean": 3.343053404696846e-07, "std": 1.840622167293649e-08, "repeat": 10, "number": 26934}]}, "support.path.get_parent_paths.time_one_submod_subdir": {"result": [0.006107187597081065], "stats": [{"ci_99": [0.005269135348498821, 0.0071092271246016026], "q_25": 0.0058649181155487895,