{"results": {"api.supers.time_createadd": {"result": [0.9887875048443675], "stats": [{"ci_99": [0.972427237778902, 1.0120131224393845], "q_25": 0.9825007016770542, "q_75": 0.9972795434296131, "min": 0.972427237778902, "max": 1.0120131224393845, "mean": 0.9891869260929524, "std": 0.011652766786663, "repeat": 10, "number": 1}]}, "api.supers.time_createadd_to_dataset": {"result": [0.9942298014648259], "stats": [{"ci_99": [0.9664988536387682, 1.0127379316836596], "q_25": 0.9731639947276562, "q_75": 1.009712240891531, "min": 0.9664988536387682, "max": 1.0127379316836596, "mean": 0.991692163515836, "std": 0.01767888402402102, "repeat": 10, "number": 1}]}, "api.supers.time_diff": null, "api.supers.time_diff_recursive": null, "api.supers.time_installr": {"result": [3.8226483552716672], "stats": [{"ci_99": [3.7620727280394846, 3.8668041098622865], "q_25": 3.808682090835646, "q_75": 3.828404683386907, "min": 3.7799573400989175, "max": 3.83249962516129, "mean": 3.8144384189508855, "std": 0.020545838651063703, "repeat": 4, "number": 1}]}, "api.supers.time_ls": {"result": [0.6877144044265151], "stats": [{"ci_99": [0.6819397229701281, 0.7062749322503805], "q_25": 0.6834147612098604, "q_75": 0.6921750919427723, "min": 0.6819397229701281, "max": 0.7062749322503805, "mean": 0.6893751600757241, "std": 0.007244700390840856, "repeat": 10, "number": 1}]}, "api.supers.time_ls_recursive": {"result": [2.5976861100643873], "stats": [{"ci_99": [2.5901823586178043, 2.604585993103683], "q_25": 2.593638010788709, "q_75": 2.599371563177556, "min": 2.5915277544409037, "max": 2.604585993103683, "mean": 2.5972846654864647, "std": 0.004414231557956572, "repeat": 6, "number": 1}]}, "api.supers.time_ls_recursive_long_all": {"result": [2.7607465367764235], "stats": [{"ci_99": [2.749616428817993, 2.7799936085939407], "q_25": 2.759118107613176, "q_75": 2.7688422000501305, "min": 2.7518888991326094, "max": 2.7799936085939407, "mean": 2.763915272274365, "std": 0.009160837824665506, "repeat": 6, "number": 1}]}, "api.supers.time_remove": {"result": [1.8113632425665855], "stats": [{"ci_99": [1.7851973418146372, 1.8325236216187477], "q_25": 1.809656672179699, "q_75": 1.8218586000148207, "min": 1.7851973418146372, "max": 1.8325236216187477, "mean": 1.8128868468105792, "std": 0.012497592957814836, "repeat": 10, "number": 1}]}, "api.supers.time_status": {"result": [0.6857386552728713], "stats": [{"ci_99": [0.6787790097296238, 0.6958215488120914], "q_25": 0.6828903658315539, "q_75": 0.6873113703913987, "min": 0.6787790097296238, "max": 0.6958215488120914, "mean": 0.6859592846594751, "std": 0.004493950080446637, "repeat": 10, "number": 1}]}, "api.supers.time_status_recursive": {"result": [1.171411148738116], "stats": [{"ci_99": [1.1362101463600993, 1.2222010558471084], "q_25": 1.1433493548538536, "q_75": 1.1960577135905623, "min": 1.1362101463600993, "max": 1.2222010558471084, "mean": 1.1732566089369356, "std": 0.031583869492774586, "repeat": 10, "number": 1}]}, "api.supers.time_subdatasets": {"result": [0.053478599060326815], "stats": [{"ci_99": [0.0472372667863965, 0.059376975521445274], "q_25": 0.05132399732246995, "q_75": 0.05705080204643309, "min": 0.0472372667863965, "max": 0.059376975521445274, "mean": 0.05356117030605674, "std": 0.003967044379175294, "repeat": 10, "number": 1}]}, "api.supers.time_subdatasets_recursive": {"result": [0.12142839608713984], "stats": [{"ci_99": [0.11715789325535297, 0.12473825830966234], "q_25": 0.12000748980790377, "q_75": 0.12311925808899105, "min": 0.11715789325535297, "max": 0.12473825830966234, "mean": 0.12136714262887835, "std": 0.0023475532769973205, "repeat": 10, "number": 1}]}, "api.supers.time_subdatasets_recursive_first": {"result": [0.050014682579785585], "stats": [{"ci_99": [0.04518855456262827, 0.06075121182948351], "q_25": 0.049594340613111854, "q_75": 0.05173776648007333, "min": 0.04518855456262827, "max": 0.06075121182948351, "mean": 0.050658343359827995, "std": 0.003976245525809268, "repeat": 10, "number": 1}]}, "api.supers.time_uninstall": {"result": [1.7919925581663847], "stats": [{"ci_99": [1.7441254761070013, 1.850102105177939], "q_25": 1.748604706255719, "q_75": 1.8380944353993982, "min": 1.7441254761070013, "max": 1.850102105177939, "mean": 1.7945916291326285, "std": 0.04647931510845281, "repeat": 10, "number": 1}]}, "repo.gitrepo.time_get_content_info": {"result": [0.018338279332965612], "stats": [{"ci_99": [0.014808501116931438, 0.0255621075630188], "q_25": 0.015358770964667201, "q_75": 0.02174343867227435, "min": 0.014808501116931438, "max": 0.0255621075630188, "mean": 0.019183149002492426, "std": 0.003986772877383797, "repeat": 10, "number": 1}]}, "api.testds.time_create_test_dataset1": {"result": [0.455203031655401], "stats": [{"ci_99": [0.43530054669827223, 0.4790381044149399], "q_25": 0.44304161123000085, "q_75": 0.4611880206502974, "min": 0.43530054669827223, "max": 0.4790381044149399, "mean": 0.45342803141102195, "std": 0.013002438377198429, "repeat": 10, "number": 1}]}, "api.testds.time_create_test_dataset2x2": {"result": [2.8206994347274303], "stats": [{"ci_99": [2.757024133282045, 2.8856545726933684], "q_25": 2.786018480081111, "q_75": 2.848008307861164, "min": 2.776193143799901, "max": 2.878874677233398, "mean": 2.8213393529877067, "std": 0.03782502431627775, "repeat": 6, "number": 1}]}, "core.runner.time_echo": {"result": [0.0020769770490005612], "stats": [{"ci_99": [0.001742617692798376, 0.0026619136333465576], "q_25": 0.0017943309503607452, "q_75": 0.002469990635290742, "min": 0.001742617692798376, "max": 0.0026619136333465576, "mean": 0.002134595601819456, "std": 0.00035905803096296607, "repeat": 10, "number": 4}]}, "core.runner.time_echo_gitrunner": {"result": [0.002322354936040938], "stats": [{"ci_99": [0.0021214806474745274, 0.0028843700420111418], "q_25": 0.002129826636519283, "q_75": 0.0026642809389159083, "min": 0.0021214806474745274, "max": 0.0028843700420111418, "mean": 0.0024081804789602757, "std": 0.0002958578252097516, "repeat": 10, "number": 4}]}, "core.startup.time_help_np": {"result": [0.5613038782030344], "stats": [{"ci_99": [0.5078533347696066, 0.6158673986792564], "q_25": 0.5502376151271164, "q_75": 0.5672625463921577, "min": 0.5078533347696066, "max": 0.6158673986792564, "mean": 0.558034466765821, "std": 0.030610363605597615, "repeat": 10, "number": 1}]}, "core.startup.time_import": {"result": [0.1582593689672649], "stats": [{"ci_99": [0.12163043580949306, 0.20094956271350384], "q_25": 0.1360385837033391, "q_75": 0.1624762553256005, "min": 0.12163043580949306, "max": 0.20094956271350384, "mean": 0.15309688728302717, "std": 0.02252522195566525, "repeat": 10, "number": 1}]}, "core.startup.time_import_api": {"result": [0.49103581439703703], "stats": [{"ci_99": [0.44068456534296274, 0.5579238412901759], "q_25": 0.44741222634911537, "q_75": 0.513286559144035, "min": 0.44068456534296274, "max": 0.5579238412901759, "mean": 0.4863240759819746, "std": 0.03758730424048181, "repeat": 10, "number": 1}]}, "support.path.get_parent_paths.time_allsubmods_toplevel": null, "support.path.get_parent_paths.time_allsubmods_toplevel_only": null, "support.path.get_parent_paths.time_no_submods": null, "support.path.get_parent_paths.time_one_submod_subdir": null, "support.path.get_parent_paths.time_one_submod_toplevel": null, "usecases.study_forrest.time_make_studyforrest_mockup": {"result": [27.0782273854129], "stats": [{"ci_99": [23.183674820233136, 30.972779950592663], "q_25": 27.039281859761104, "q_75": 27.1171729110647, "min": 27.000336334109306, "max": 27.156118436716497, "mean": 27.0782273854129, "std": 0.0778910513035953, "repeat": 2, "number": 1}]}, "core.runner.track_overhead_100ms": 1.41, "core.runner.track_overhead_echo": 32.66, "core.runner.track_overhead_heavyout": 10.28, "core.runner.track_overhead_heavyout_online_process": 1.59, "core.runner.track_overhead_heavyout_online_through": 21.97}, "params": {"arch": "x86_64", "cpu": "Intel(R) Xeon(R) CPU E5-1607 v2 @ 3.00GHz", "machine": "drogon-neurodebian0.20200209.1",