{"results": {"api.supers.time_createadd": {"result": [1.0521653769537807], "stats": [{"ci_99": [1.039550886489451, 1.1186102610081434], "q_25": 1.0465263745281845, "q_75": 1.0549736530520022, "min": 1.039550886489451, "max": 1.1186102610081434, "mean": 1.0564218010753392, "std": 0.0215310328981004, "repeat": 10, "number": 1}]}, "api.supers.time_createadd_to_dataset": {"result": [1.0509912124834955], "stats": [{"ci_99": [1.04238464217633, 1.0753702875226736], "q_25": 1.0460536351893097, "q_75": 1.0644059518817812, "min": 1.04238464217633, "max": 1.0753702875226736, "mean": 1.055541429761797, "std": 0.011708341826075472, "repeat": 10, "number": 1}]}, "api.supers.time_diff": null, "api.supers.time_diff_recursive": null, "api.supers.time_installr": {"result": [4.046010149177164], "stats": [{"ci_99": [3.9919191294580703, 4.1053011996440585], "q_25": 4.034696948714554, "q_75": 4.059923365013674, "min": 4.023494990542531, "max": 4.078925369307399, "mean": 4.048610164551064, "std": 0.02048287544992454, "repeat": 4, "number": 1}]}, "api.supers.time_ls": {"result": [0.11840033950284123], "stats": [{"ci_99": [0.11150229908525944, 0.1284468462690711], "q_25": 0.11587477754801512, "q_75": 0.12065758043900132, "min": 0.11150229908525944, "max": 0.1284468462690711, "mean": 0.11865315670147539, "std": 0.004303885962134032, "repeat": 10, "number": 1}]}, "api.supers.time_ls_recursive": {"result": [1.0879085501655936], "stats": [{"ci_99": [1.0699439570307732, 1.1037754910066724], "q_25": 1.0852945866063237, "q_75": 1.0898305219598114, "min": 1.0699439570307732, "max": 1.1037754910066724, "mean": 1.0875940401107074, "std": 0.00818671264907288, "repeat": 10, "number": 1}]}, "api.supers.time_ls_recursive_long_all": {"result": [1.242912735324353], "stats": [{"ci_99": [1.2398140709847212, 1.2659843191504478], "q_25": 1.2425215162802488, "q_75": 1.2443885516840965, "min": 1.2398140709847212, "max": 1.2659843191504478, "mean": 1.246066086553037, "std": 0.0077483853316180585, "repeat": 10, "number": 1}]}, "api.supers.time_remove": {"result": [2.003417492378503], "stats": [{"ci_99": [1.9928357833996415, 2.0187473697587848], "q_25": 1.99514714255929, "q_75": 2.011884566396475, "min": 1.9928357833996415, "max": 2.0187473697587848, "mean": 2.0041948658181354, "std": 0.009320440133544591, "repeat": 8, "number": 1}]}, "api.supers.time_status": {"result": [0.6969158644787967], "stats": [{"ci_99": [0.6878416147083044, 0.7047410802915692], "q_25": 0.6929794566240162, "q_75": 0.6975404401309788, "min": 0.6878416147083044, "max": 0.7047410802915692, "mean": 0.6956123086623848, "std": 0.004573477290725794, "repeat": 10, "number": 1}]}, "api.supers.time_status_recursive": {"result": [1.166035555768758], "stats": [{"ci_99": [1.1587570710107684, 1.173555739223957], "q_25": 1.1621696667280048, "q_75": 1.1693613540846854, "min": 1.1587570710107684, "max": 1.173555739223957, "mean": 1.1660872315987945, "std": 0.0049761199800932455, "repeat": 10, "number": 1}]}, "api.supers.time_subdatasets": {"result": [0.06878126598894596], "stats": [{"ci_99": [0.06383947469294071, 0.08042692579329014], "q_25": 0.06591861904598773, "q_75": 0.07314619002863765, "min": 0.06383947469294071, "max": 0.08042692579329014, "mean": 0.06980355652049183, "std": 0.004932054930273475, "repeat": 10, "number": 1}]}, "api.supers.time_subdatasets_recursive": {"result": [0.24688914185389876], "stats": [{"ci_99": [0.24130875803530216, 0.2540236869826913], "q_25": 0.24527381220832467, "q_75": 0.24986736825667322, "min": 0.24130875803530216, "max": 0.2540236869826913, "mean": 0.24761078041046858, "std": 0.003963149478242175, "repeat": 10, "number": 1}]}, "api.supers.time_subdatasets_recursive_first": {"result": [0.06714131915941834], "stats": [{"ci_99": [0.058006674982607365, 0.07814923208206892], "q_25": 0.06385998125188053, "q_75": 0.07283975509926677, "min": 0.058006674982607365, "max": 0.07814923208206892, "mean": 0.06801331304013729, "std": 0.0059753970034269075, "repeat": 10, "number": 1}]}, "api.supers.time_uninstall": {"result": [1.9647060493007302], "stats": [{"ci_99": [1.9604866188019514, 1.9850909803062677], "q_25": 1.9622481893748045, "q_75": 1.9714907177258283, "min": 1.9604866188019514, "max": 1.9850909803062677, "mean": 1.968095495714806, "std": 0.008122294191267521, "repeat": 8, "number": 1}]}, "repo.gitrepo.time_get_content_info": {"result": [0.022182138171046972], "stats": [{"ci_99": [0.01735327299684286, 0.024335377849638462], "q_25": 0.021391320740804076, "q_75": 0.022940873401239514, "min": 0.01735327299684286, "max": 0.024335377849638462, "mean": 0.0216826856136322, "std": 0.0020412584349513855, "repeat": 10, "number": 1}]}, "api.testds.time_create_test_dataset1": {"result": [0.44561568927019835], "stats": [{"ci_99": [0.4335435153916478, 0.45752629451453686], "q_25": 0.43980201077647507, "q_75": 0.4522464950568974, "min": 0.4335435153916478, "max": 0.45752629451453686, "mean": 0.4462905155494809, "std": 0.007679197256023333, "repeat": 10, "number": 1}]}, "api.testds.time_create_test_dataset2x2": {"result": [2.8850336759351194], "stats": [{"ci_99": [2.8458692990243435, 2.9083755701230105], "q_25": 2.877394273178652, "q_75": 2.893474063836038, "min": 2.8458692990243435, "max": 2.9019734831526875, "mean": 2.8815075776850185, "std": 0.018118186540344493, "repeat": 6, "number": 1}]}, "core.runner.time_echo": {"result": [0.0018401689206560454], "stats": [{"ci_99": [0.0016988740923504035, 0.0023499379555384317], "q_25": 0.0017126710542167227, "q_75": 0.002127886012506982, "min": 0.0016988740923504035, "max": 0.0023499379555384317, "mean": 0.0019350242645790178, "std": 0.00024515832376384043, "repeat": 10, "number": 6}]}, "core.runner.time_echo_gitrunner": {"result": [0.002305563190020621], "stats": [{"ci_99": [0.00210272497497499, 0.002819555113092065], "q_25": 0.00212487590033561, "q_75": 0.002608147857245058, "min": 0.00210272497497499, "max": 0.002819555113092065, "mean": 0.0023835228057578206, "std": 0.00027455285272851053, "repeat": 10, "number": 4}]}, "core.startup.time_help_np": {"result": [0.5785352671518922], "stats": [{"ci_99": [0.5529979914426804, 0.6372283017262816], "q_25": 0.5608467243146151, "q_75": 0.6130178687162697, "min": 0.5529979914426804, "max": 0.6372283017262816, "mean": 0.588371731992811, "std": 0.029822292464342707, "repeat": 10, "number": 1}]}, "core.startup.time_import": {"result": [0.12657933915033937], "stats": [{"ci_99": [0.11342956125736237, 0.19398343097418547], "q_25": 0.11567883286625147, "q_75": 0.14886904251761734, "min": 0.11342956125736237, "max": 0.19398343097418547, "mean": 0.13617947921156884, "std": 0.024991203305709357, "repeat": 10, "number": 1}]}, "core.startup.time_import_api": {"result": [0.4719719407148659], "stats": [{"ci_99": [0.447712916880846, 0.5738596459850669], "q_25": 0.45384716894477606, "q_75": 0.5155966125894338, "min": 0.447712916880846, "max": 0.5738596459850669, "mean": 0.4883012079633772, "std": 0.04018609544066593, "repeat": 10, "number": 1}]}, "support.path.get_parent_paths.time_allsubmods_toplevel": {"result": [0.007051895139738917], "stats": [{"ci_99": [0.006660435814410448, 0.008616745006293058], "q_25": 0.006749328342266381, "q_75": 0.007573316339403391, "min": 0.006660435814410448, "max": 0.008616745006293058, "mean": 0.007266158564016223, "std": 0.0006237116102121392, "repeat": 10, "number": 2}]}, "support.path.get_parent_paths.time_allsubmods_toplevel_only": {"result": [0.0059751353692263365], "stats": [{"ci_99": [0.0059148408472537994, 0.0060009644366800785], "q_25": 0.005925828008912504, "q_75": 0.005981945199891925, "min": 0.0059148408472537994, "max": 0.0060009644366800785, "mean": 0.005960130458697676, "std": 3.1307347385463227e-05, "repeat": 10, "number": 2}]}, "support.path.get_parent_paths.time_no_submods": {"result": [2.8001598652268014e-07], "stats": [{"ci_99": [2.7854262118816523e-07, 2.820647621422568e-07], "q_25": 2.7871880602959777e-07, "q_75": 2.808979759055026e-07, "min": 2.7854262118816523e-07, "max": 2.820647621422568e-07,