{"results": {"api.supers.time_createadd": {"result": [1.3629165878519416], "stats": [{"ci_99": [1.3401460768654943, 1.3892139289528131], "q_25": 1.3526461985893548, "q_75": 1.3695420569274575, "min": 1.3401460768654943, "max": 1.3892139289528131, "mean": 1.3627062390558422, "std": 0.01402412190995029, "repeat": 10, "number": 1}]}, "api.supers.time_createadd_to_dataset": {"result": [1.1206657085567713], "stats": [{"ci_99": [1.1068561067804694, 1.1370477238669991], "q_25": 1.1114450867753476, "q_75": 1.1286741248331964, "min": 1.1068561067804694, "max": 1.1370477238669991, "mean": 1.120805958006531, "std": 0.010108721648042138, "repeat": 10, "number": 1}]}, "api.supers.time_diff": {"result": [0.09929550532251596], "stats": [{"ci_99": [0.09093597438186407, 0.11024124082177877], "q_25": 0.09570367308333516, "q_75": 0.10505677247419953, "min": 0.09093597438186407, "max": 0.11024124082177877, "mean": 0.10027573723345995, "std": 0.006592030459536562, "repeat": 10, "number": 1}]}, "api.supers.time_diff_recursive": {"result": [0.3106172801926732], "stats": [{"ci_99": [0.3030112702399492, 0.32247088104486465], "q_25": 0.3054660214111209, "q_75": 0.31812160555273294, "min": 0.3030112702399492, "max": 0.32247088104486465, "mean": 0.3116530849598348, "std": 0.006688234836048649, "repeat": 10, "number": 1}]}, "api.supers.time_installr": {"result": [3.83517679059878], "stats": [{"ci_99": [3.75660390916014, 3.950025009021965], "q_25": 3.8278095927089453, "q_75": 3.860681656980887, "min": 3.822574468329549, "max": 3.920329786837101, "mean": 3.8533144590910524, "std": 0.03923381356510723, "repeat": 4, "number": 1}]}, "api.supers.time_ls": {"result": [0.6965171019546688], "stats": [{"ci_99": [0.6899869637563825, 0.7086463049054146], "q_25": 0.6944836950860918, "q_75": 0.6986527759581804, "min": 0.6899869637563825, "max": 0.7086463049054146, "mean": 0.697843420971185, "std": 0.005505795255150198, "repeat": 10, "number": 1}]}, "api.supers.time_ls_recursive": {"result": [2.6536437179893255], "stats": [{"ci_99": [2.6450210915688386, 2.6641364547303605], "q_25": 2.6501040149014443, "q_75": 2.659001694759354, "min": 2.647297884337604, "max": 2.663175517693162, "mean": 2.6545787731496, "std": 0.005669769067207456, "repeat": 6, "number": 1}]}, "api.supers.time_ls_recursive_long_all": {"result": [2.814355480019003], "stats": [{"ci_99": [2.8038131752982736, 2.82602359070089], "q_25": 2.813721942016855, "q_75": 2.8200093414634466, "min": 2.8038131752982736, "max": 2.825240006670356, "mean": 2.8155281444390616, "std": 0.006785649238289855, "repeat": 6, "number": 1}]}, "api.supers.time_remove": {"result": [2.143116476945579], "stats": [{"ci_99": [2.0799616491422057, 2.262520673684776], "q_25": 2.0997340756002814, "q_75": 2.231674865819514, "min": 2.0799616491422057, "max": 2.262520673684776, "mean": 2.1613997659878805, "std": 0.06997238643894751, "repeat": 8, "number": 1}]}, "api.supers.time_status": {"result": [0.7094443668611348], "stats": [{"ci_99": [0.6838023411110044, 0.7451809477061033], "q_25": 0.6919524138793349, "q_75": 0.7298624706454575, "min": 0.6838023411110044, "max": 0.7451809477061033, "mean": 0.7109597738832235, "std": 0.021457963438966228, "repeat": 10, "number": 1}]}, "api.supers.time_status_recursive": {"result": [1.1979011758230627], "stats": [{"ci_99": [1.1428523138165474, 1.2778932163491845], "q_25": 1.1506336452439427, "q_75": 1.267788538010791, "min": 1.1428523138165474, "max": 1.2778932163491845, "mean": 1.2070665187202394, "std": 0.057345347781728666, "repeat": 10, "number": 1}]}, "api.supers.time_subdatasets": {"result": [0.055068062618374825], "stats": [{"ci_99": [0.04789032321423292, 0.06763278599828482], "q_25": 0.05159125314094126, "q_75": 0.057753541273996234, "min": 0.04789032321423292, "max": 0.06763278599828482, "mean": 0.05594095466658473, "std": 0.0056999587646709765, "repeat": 10, "number": 1}]}, "api.supers.time_subdatasets_recursive": {"result": [0.1224312074482441], "stats": [{"ci_99": [0.11823572404682636, 0.1345553444698453], "q_25": 0.121379783609882, "q_75": 0.12410096894018352, "min": 0.11823572404682636, "max": 0.1345553444698453, "mean": 0.12323185922577977, "std": 0.004208160924307986, "repeat": 10, "number": 1}]}, "api.supers.time_subdatasets_recursive_first": {"result": [0.05233929771929979], "stats": [{"ci_99": [0.04562548641115427, 0.05567885562777519], "q_25": 0.04770093131810427, "q_75": 0.05395297263748944, "min": 0.04562548641115427, "max": 0.05567885562777519, "mean": 0.051230461429804565, "std": 0.003538303126981704, "repeat": 10, "number": 1}]}, "api.supers.time_uninstall": {"result": [2.2026195502839983], "stats": [{"ci_99": [2.167132711969316, 2.2994240187108517], "q_25": 2.1703165252692997, "q_75": 2.2814859587233514, "min": 2.167132711969316, "max": 2.2994240187108517, "mean": 2.223081344855018, "std": 0.054783006953672456, "repeat": 8, "number": 1}]}, "repo.gitrepo.time_get_content_info": {"result": [0.020681038964539766], "stats": [{"ci_99": [0.016744728200137615, 0.023724225349724293], "q_25": 0.018729277420789003, "q_75": 0.022713869344443083, "min": 0.016744728200137615, "max": 0.023724225349724293, "mean": 0.020546267461031675, "std": 0.002248677535728398, "repeat": 10, "number": 1}]}, "api.testds.time_create_test_dataset1": {"result": [0.4512561964802444], "stats": [{"ci_99": [0.4459609379991889, 0.45772592443972826], "q_25": 0.44747807551175356, "q_75": 0.4537010008934885, "min": 0.4459609379991889, "max": 0.45772592443972826, "mean": 0.45118934093043206, "std": 0.003966515602885193, "repeat": 10, "number": 1}]}, "api.testds.time_create_test_dataset2x2": {"result": [3.302932506427169], "stats": [{"ci_99": [3.2538265020565125, 3.3669907432049513], "q_25": 3.299607628956437, "q_75": 3.310845057480037, "min": 3.269672967493534, "max": 3.3669907432049513, "mean": 3.310009780712426, "std": 0.03172657828059068, "repeat": 5, "number": 1}]}, "core.runner.time_echo": {"result": [0.001756768859922886], "stats": [{"ci_99": [0.001720503717660904, 0.0020264627411961554], "q_25": 0.0017280614003539086, "q_75": 0.0018708692863583566, "min": 0.001720503717660904, "max": 0.0020264627411961554, "mean": 0.0018118239380419256, "std": 0.00010424940315179146, "repeat": 10, "number": 5}]}, "core.runner.time_echo_gitrunner": {"result": [0.0026159986155107617], "stats": [{"ci_99": [0.002347285393625498, 0.002838399726897478], "q_25": 0.0025545264943502843, "q_75": 0.0027265410171821713, "min": 0.002347285393625498, "max": 0.002838399726897478, "mean": 0.002621744712814689, "std": 0.00014472497980669554, "repeat": 10, "number": 4}]}, "core.startup.time_help_np": {"result": [0.5774355968460441], "stats": [{"ci_99": [0.5234054708853364, 0.6258425731211901], "q_25": 0.5684909110423177, "q_75": 0.5962159349583089, "min": 0.5234054708853364, "max": 0.6258425731211901, "mean": 0.5778910899534822, "std": 0.027616950000779485, "repeat": 10, "number": 1}]}, "core.startup.time_import": {"result": [0.16102831065654755], "stats": [{"ci_99": [0.11448165029287338, 0.1958153983578086], "q_25": 0.1343846982344985, "q_75": 0.17072132555767894, "min": 0.11448165029287338, "max": 0.1958153983578086, "mean": 0.15563142569735647, "std": 0.024246619087128773, "repeat": 10, "number": 1}]}, "core.startup.time_import_api": {"result": [0.5036348323337734], "stats": [{"ci_99": [0.4861346548423171, 0.5628507658839226], "q_25": 0.4936938611790538, "q_75": 0.5145722615998238, "min": 0.4861346548423171, "max": 0.5628507658839226, "mean": 0.5090332276187837, "std": 0.021398947803692777, "repeat": 10, "number": 1}]}, "support.path.get_parent_paths.time_allsubmods_toplevel": null, "support.path.get_parent_paths.time_allsubmods_toplevel_only": null, "support.path.get_parent_paths.time_no_submods": null, "support.path.get_parent_paths.time_one_submod_subdir": null, "support.path.get_parent_paths.time_one_submod_toplevel": null, "usecases.study_forrest.time_make_studyforrest_mockup": {"result": [36.18326150253415],