{"results": {"api.supers.time_createadd": {"result": [1.4720019749365747], "stats": [{"ci_99": [1.4665401633828878, 1.497449953109026], "q_25": 1.4688446482177824, "q_75": 1.4765514202881604, "min": 1.4665401633828878, "max": 1.497449953109026, "mean": 1.4748857910744846, "std": 0.009112240153265977, "repeat": 10, "number": 1}]}, "api.supers.time_createadd_to_dataset": {"result": [1.3696867246180773], "stats": [{"ci_99": [1.3608459401875734, 1.3890029424801469], "q_25": 1.3632523994892836, "q_75": 1.3782792943529785, "min": 1.3608459401875734, "max": 1.3890029424801469, "mean": 1.371647149976343, "std": 0.009411298073591447, "repeat": 10, "number": 1}]}, "api.supers.time_diff": null, "api.supers.time_diff_recursive": null, "api.supers.time_installr": {"result": [8.656565341632813], "stats": [{"ci_99": [7.887719789985567, 9.425410893280059], "q_25": 8.64887688611634, "q_75": 8.664253797149286, "min": 8.641188430599868, "max": 8.671942252665758, "mean": 8.656565341632813, "std": 0.015376911032944918, "repeat": 2, "number": 1}]}, "api.supers.time_ls": {"result": [0.25882522156462073], "stats": [{"ci_99": [0.25394832249730825, 0.27111558616161346], "q_25": 0.25473821721971035, "q_75": 0.2618283103220165, "min": 0.25394832249730825, "max": 0.27111558616161346, "mean": 0.25941455373540523, "std": 0.005269931372944311, "repeat": 10, "number": 1}]}, "api.supers.time_ls_recursive": {"result": [2.616047579329461], "stats": [{"ci_99": [2.6039870104337317, 2.6439072880893946], "q_25": 2.611613839864731, "q_75": 2.617383558768779, "min": 2.6095677921548486, "max": 2.6439072880893946, "mean": 2.6189225084769228, "std": 0.01158046364571087, "repeat": 6, "number": 1}]}, "api.supers.time_ls_recursive_long_all": {"result": [2.7731790808029473], "stats": [{"ci_99": [2.761861981549918, 2.7958667427301407], "q_25": 2.7693273725453764, "q_75": 2.779424901586026, "min": 2.7670708959922194, "max": 2.7958667427301407, "mean": 2.7764743519946933, "std": 0.009778228846425516, "repeat": 6, "number": 1}]}, "api.supers.time_remove": null, "api.supers.time_status": {"result": [0.8145572398789227], "stats": [{"ci_99": [0.8104963628575206, 0.8235573740676045], "q_25": 0.8119719508104026, "q_75": 0.8174907870125026, "min": 0.8104963628575206, "max": 0.8235573740676045, "mean": 0.8153369916602969, "std": 0.004054098473534425, "repeat": 10, "number": 1}]}, "api.supers.time_status_recursive": {"result": [1.6678771651349962], "stats": [{"ci_99": [1.6558751296252012, 1.6758340215310454], "q_25": 1.6642371648922563, "q_75": 1.669038032181561, "min": 1.6558751296252012, "max": 1.6758340215310454, "mean": 1.667075677216053, "std": 0.0053916450109312225, "repeat": 10, "number": 1}]}, "api.supers.time_subdatasets": {"result": [0.2111876937560737], "stats": [{"ci_99": [0.2087383335456252, 0.2152150748297572], "q_25": 0.21061045699752867, "q_75": 0.21240124525502324, "min": 0.2087383335456252, "max": 0.2152150748297572, "mean": 0.21147320503368974, "std": 0.0019392915475762254, "repeat": 10, "number": 1}]}, "api.supers.time_subdatasets_recursive": {"result": [0.6685346504673362], "stats": [{"ci_99": [0.6651822309941053, 0.6799448085948825], "q_25": 0.6670509153045714, "q_75": 0.6741443753708154, "min": 0.6651822309941053, "max": 0.6799448085948825, "mean": 0.6708259268663823, "std": 0.004929398855701844, "repeat": 10, "number": 1}]}, "api.supers.time_subdatasets_recursive_first": {"result": [0.1861000913195312], "stats": [{"ci_99": [0.18277466762810946, 0.18947015050798655], "q_25": 0.18447375600226223, "q_75": 0.18652616278268397, "min": 0.18277466762810946, "max": 0.18947015050798655, "mean": 0.185835799574852, "std": 0.0018863340539981123, "repeat": 10, "number": 1}]}, "api.supers.time_uninstall": {"result": [6.4040462439879775], "stats": [{"ci_99": [4.413605662994087, 8.394486824981866], "q_25": 6.384141838178039, "q_75": 6.423950649797916, "min": 6.3642374323681, "max": 6.443855055607855, "mean": 6.4040462439879775, "std": 0.039808811619877815, "repeat": 2, "number": 1}]}, "repo.gitrepo.time_get_content_info": {"result": [0.014702276326715946], "stats": [{"ci_99": [0.014186241663992405, 0.01648037414997816], "q_25": 0.014487513108178973, "q_75": 0.015241007320582867, "min": 0.014186241663992405, "max": 0.01648037414997816, "mean": 0.014965614303946495, "std": 0.0006928374382060768, "repeat": 10, "number": 1}]}, "api.testds.time_create_test_dataset1": {"result": [0.7505070432089269], "stats": [{"ci_99": [0.7476544426754117, 0.7637146702036262], "q_25": 0.7493990929797292, "q_75": 0.7531007558573037, "min": 0.7476544426754117, "max": 0.7637146702036262, "mean": 0.7521970427595079, "std": 0.004465908253821221, "repeat": 10, "number": 1}]}, "api.testds.time_create_test_dataset2x2": {"result": [4.188811874482781], "stats": [{"ci_99": [4.151748621281463, 4.245203575674218], "q_25": 4.185707660391927, "q_75": 4.201580312568694, "min": 4.184867899864912, "max": 4.231412745080888, "mean": 4.19847609847784, "std": 0.019188235210898227, "repeat": 4, "number": 1}]}, "core.runner.time_echo": {"result": [0.001954104099422693], "stats": [{"ci_99": [0.0017523247748613357, 0.0021455429494380953], "q_25": 0.0018668015953153374, "q_75": 0.0019954869989305736, "min": 0.0017523247748613357, "max": 0.0021455429494380953, "mean": 0.001941006854176521, "std": 0.00011378767152816309, "repeat": 10, "number": 5}]}, "core.runner.time_echo_gitrunner": {"result": [0.002808495773933828], "stats": [{"ci_99": [0.0025168585125356913, 0.0032315151765942574], "q_25": 0.0027459888951852918, "q_75": 0.0028992414008826017, "min": 0.0025168585125356913, "max": 0.0032315151765942574, "mean": 0.0028229487827047704, "std": 0.00018756362853472507, "repeat": 10, "number": 4}]}, "core.startup.time_help_np": {"result": [0.5894146431237459], "stats": [{"ci_99": [0.5129957385361195, 0.6312883738428354], "q_25": 0.5576052006799728, "q_75": 0.6155409121420234, "min": 0.5129957385361195, "max": 0.6312883738428354, "mean": 0.5836885360069572, "std": 0.037853454991737465, "repeat": 10, "number": 1}]}, "core.startup.time_import": {"result": [0.18081852979958057], "stats": [{"ci_99": [0.12361783813685179, 0.19866513181477785], "q_25": 0.13686880376189947, "q_75": 0.19041203218512237, "min": 0.12361783813685179, "max": 0.19866513181477785, "mean": 0.16689320001751184, "std": 0.028432479179102015, "repeat": 10, "number": 1}]}, "core.startup.time_import_api": {"result": [0.49827712401747704], "stats": [{"ci_99": [0.448320965282619, 0.5518435016274452], "q_25": 0.49143806635402143, "q_75": 0.5198132474906743, "min": 0.448320965282619, "max": 0.5518435016274452, "mean": 0.5004933546297252, "std": 0.027894782255475096, "repeat": 10, "number": 1}]}, "support.path.get_parent_paths.time_allsubmods_toplevel": {"result": [0.007299235323444009], "stats": [{"ci_99": [0.0065961373038589954, 0.008738175500184298], "q_25": 0.006968732341192663, "q_75": 0.007773275137878954, "min": 0.0065961373038589954, "max": 0.008738175500184298, "mean": 0.007429043995216489, "std": 0.000629743485539549, "repeat": 10, "number": 2}]}, "support.path.get_parent_paths.time_allsubmods_toplevel_only": {"result": [0.0068219362292438745], "stats": [{"ci_99": [0.0060612536035478115, 0.007925678510218859], "q_25": 0.0065065715461969376, "q_75": 0.007265558117069304, "min": 0.0060612536035478115, "max": 0.007925678510218859, "mean": 0.006889196159318089, "std": 0.0005333757097085351, "repeat": 10, "number": 2}]}, "support.path.get_parent_paths.time_no_submods": {"result": [3.407286547229506e-07], "stats": [{"ci_99": [3.111081032714784e-07, 3.8915445992099845e-07], "q_25": 3.277710068726286e-07, "q_75": 3.534319124852421e-07, "min": 3.111081032714784e-07, "max": 3.8915445992099845e-07, "mean": 3.4342160939318947e-07, "std": 2.342446399561942e-08, "repeat": 10, "number": 28705}]}, "support.path.get_parent_paths.time_one_submod_subdir": {"result": [0.005444556707516313], "stats": [{"ci_99": [0.005192591343075037, 0.006987251807004213], "q_25": 0.005206808797083795,