{"results": {"api.supers.time_createadd": {"result": [0.9892816659994423], "stats": [{"ci_99": [0.9593161232769489, 1.007497400045395], "q_25": 0.9681895561516285, "q_75": 0.996932408073917, "min": 0.9593161232769489, "max": 1.007497400045395, "mean": 0.9845284005627036, "std": 0.016429486498604207, "repeat": 10, "number": 1}]}, "api.supers.time_createadd_to_dataset": {"result": [0.9854744346812367], "stats": [{"ci_99": [0.9546862682327628, 1.0096468701958656], "q_25": 0.9662417164072394, "q_75": 1.0046397980768234, "min": 0.9546862682327628, "max": 1.0096468701958656, "mean": 0.9850539200939238, "std": 0.020004663603592217, "repeat": 10, "number": 1}]}, "api.supers.time_diff": null, "api.supers.time_diff_recursive": null, "api.supers.time_installr": {"result": [4.166410585399717], "stats": [{"ci_99": [4.018835861130381, 4.321718355280582], "q_25": 4.128142605535686, "q_75": 4.208545088069513, "min": 4.106160924769938, "max": 4.242126337252557, "mean": 4.170277108205482, "std": 0.05295695675608734, "repeat": 4, "number": 1}]}, "api.supers.time_ls": {"result": [0.11594507563859224], "stats": [{"ci_99": [0.11052249651402235, 0.13050556182861328], "q_25": 0.1138673119712621, "q_75": 0.12337583070620894, "min": 0.11052249651402235, "max": 0.13050556182861328, "mean": 0.1185331204906106, "std": 0.006779757952642145, "repeat": 10, "number": 1}]}, "api.supers.time_ls_recursive": {"result": [1.0927117601968348], "stats": [{"ci_99": [1.0666248425841331, 1.1184282274916768], "q_25": 1.070512700593099, "q_75": 1.109576293034479, "min": 1.0666248425841331, "max": 1.1184282274916768, "mean": 1.091591452434659, "std": 0.020542550029541997, "repeat": 10, "number": 1}]}, "api.supers.time_ls_recursive_long_all": {"result": [1.2364056003279984], "stats": [{"ci_99": [1.2255534743890166, 1.252770682796836], "q_25": 1.2329923510551453, "q_75": 1.2461077701300383, "min": 1.2255534743890166, "max": 1.252770682796836, "mean": 1.238082094769925, "std": 0.008790770904980035, "repeat": 10, "number": 1}]}, "api.supers.time_remove": {"result": [2.0453050439246], "stats": [{"ci_99": [2.022052949294448, 2.0893068024888635], "q_25": 2.033188907429576, "q_75": 2.0640300458762795, "min": 2.022052949294448, "max": 2.0893068024888635, "mean": 2.049110952648334, "std": 0.02200447317369565, "repeat": 8, "number": 1}]}, "api.supers.time_status": {"result": [0.6892066425643861], "stats": [{"ci_99": [0.6760000893846154, 0.7014923198148608], "q_25": 0.6834597995039076, "q_75": 0.6920559590216726, "min": 0.6760000893846154, "max": 0.7014923198148608, "mean": 0.6883314047940076, "std": 0.006819116122453452, "repeat": 10, "number": 1}]}, "api.supers.time_status_recursive": {"result": [1.1512977201491594], "stats": [{"ci_99": [1.1410518838092685, 1.169032166711986], "q_25": 1.1445953822694719, "q_75": 1.159413174027577, "min": 1.1410518838092685, "max": 1.169032166711986, "mean": 1.153004082944244, "std": 0.009540118071115445, "repeat": 10, "number": 1}]}, "api.supers.time_subdatasets": {"result": [0.06958613405004144], "stats": [{"ci_99": [0.06376120820641518, 0.07737907487899065], "q_25": 0.06513019022531807, "q_75": 0.07238374324515462, "min": 0.06376120820641518, "max": 0.07737907487899065, "mean": 0.0692863374017179, "std": 0.004284056745395128, "repeat": 10, "number": 1}]}, "api.supers.time_subdatasets_recursive": {"result": [0.2511972039937973], "stats": [{"ci_99": [0.24511206336319447, 0.2771519050002098], "q_25": 0.25070241978392005, "q_75": 0.25591837894171476, "min": 0.24511206336319447, "max": 0.2771519050002098, "mean": 0.2556335376575589, "std": 0.009472000897906148, "repeat": 10, "number": 1}]}, "api.supers.time_subdatasets_recursive_first": {"result": [0.06524503044784069], "stats": [{"ci_99": [0.06213522329926491, 0.08627627789974213], "q_25": 0.06426643184386194, "q_75": 0.06786075350828469, "min": 0.06213522329926491, "max": 0.08627627789974213, "mean": 0.06742413155734539, "std": 0.00661151959197715, "repeat": 10, "number": 1}]}, "api.supers.time_uninstall": {"result": [2.001806974876672], "stats": [{"ci_99": [1.9892223756760359, 2.0156503850594163], "q_25": 1.9952013427391648, "q_75": 2.008682205574587, "min": 1.9892223756760359, "max": 2.0156503850594163, "mean": 2.001903859549202, "std": 0.009151016237002409, "repeat": 8, "number": 1}]}, "repo.gitrepo.time_get_content_info": {"result": [0.01930950116366148], "stats": [{"ci_99": [0.017216885462403297, 0.0266292542219162], "q_25": 0.018224601866677403, "q_75": 0.020662079332396388, "min": 0.017216885462403297, "max": 0.0266292542219162, "mean": 0.02034623371437192, "std": 0.003010147614985974, "repeat": 10, "number": 1}]}, "api.testds.time_create_test_dataset1": {"result": [0.4391985749825835], "stats": [{"ci_99": [0.4310860447585583, 0.4497445719316602], "q_25": 0.43329241476021707, "q_75": 0.44302593963220716, "min": 0.4310860447585583, "max": 0.4497445719316602, "mean": 0.43876115661114456, "std": 0.005740558900810123, "repeat": 10, "number": 1}]}, "api.testds.time_create_test_dataset2x2": {"result": [2.702592644840479], "stats": [{"ci_99": [2.6877659815137207, 2.732881026342511], "q_25": 2.6993488201405853, "q_75": 2.7060688682831824, "min": 2.6912606777623296, "max": 2.732881026342511, "mean": 2.7058036914095283, "std": 0.013075130807709648, "repeat": 6, "number": 1}]}, "core.runner.time_echo": {"result": [0.002003887319006026], "stats": [{"ci_99": [0.0017288830131292343, 0.0024885127786546946], "q_25": 0.0017674268456175923, "q_75": 0.002306644164491445, "min": 0.0017288830131292343, "max": 0.0024885127786546946, "mean": 0.002048520534299314, "std": 0.0002929153288200238, "repeat": 10, "number": 4}]}, "core.runner.time_echo_gitrunner": {"result": [0.0024039625423029065], "stats": [{"ci_99": [0.0021187863312661648, 0.002814867766574025], "q_25": 0.002157332724891603, "q_75": 0.002604560344479978, "min": 0.0021187863312661648, "max": 0.002814867766574025, "mean": 0.0024166694143787026, "std": 0.0002505724092619552, "repeat": 10, "number": 4}]}, "core.startup.time_help_np": {"result": [0.6118169408291578], "stats": [{"ci_99": [0.5443805530667305, 0.6285666320472956], "q_25": 0.5739979601930827, "q_75": 0.6221193918026984, "min": 0.5443805530667305, "max": 0.6285666320472956, "mean": 0.5971570839174092, "std": 0.030419113464428278, "repeat": 10, "number": 1}]}, "core.startup.time_import": {"result": [0.16199559066444635], "stats": [{"ci_99": [0.11610265914350748, 0.19853619299829006], "q_25": 0.11913143843412399, "q_75": 0.18260908219963312, "min": 0.11610265914350748, "max": 0.19853619299829006, "mean": 0.15484361983835698, "std": 0.03261721457560348, "repeat": 10, "number": 1}]}, "core.startup.time_import_api": {"result": [0.5302583780139685], "stats": [{"ci_99": [0.447755828499794, 0.5978520270437002], "q_25": 0.5119290961883962, "q_75": 0.5543820692691952, "min": 0.447755828499794, "max": 0.5978520270437002, "mean": 0.5244734753854573, "std": 0.044563927714639205, "repeat": 10, "number": 1}]}, "support.path.get_parent_paths.time_allsubmods_toplevel": null, "support.path.get_parent_paths.time_allsubmods_toplevel_only": null, "support.path.get_parent_paths.time_no_submods": null, "support.path.get_parent_paths.time_one_submod_subdir": null, "support.path.get_parent_paths.time_one_submod_toplevel": null, "usecases.study_forrest.time_make_studyforrest_mockup": {"result": [26.468818387016654], "stats": [{"ci_99": [25.07988017424941, 27.857756599783897], "q_25": 26.45492900488898, "q_75": 26.482707769144326, "min": 26.44103962276131, "max": 26.496597151272, "mean": 26.468818387016654, "std": 0.027778764255344868, "repeat": 2, "number": 1}]}, "core.runner.track_overhead_100ms": 1.19, "core.runner.track_overhead_echo": 35.08, "core.runner.track_overhead_heavyout": 3.49, "core.runner.track_overhead_heavyout_online_process": 4.02, "core.runner.track_overhead_heavyout_online_through": 16.68}, "params": {"arch": "x86_64", "cpu": "Intel(R) Xeon(R) CPU E5-1607 v2 @ 3.00GHz", "machine": "drogon-neurodebian0.20200209.1",