{"results": {"api.supers.time_createadd": {"result": [1.3160385014489293], "stats": [{"ci_99": [1.288356020115316, 1.376749756745994], "q_25": 1.301969232968986, "q_75": 1.3307338126469404, "min": 1.288356020115316, "max": 1.376749756745994, "mean": 1.3186389666050673, "std": 0.024538587218703122, "repeat": 10, "number": 1}]}, "api.supers.time_createadd_to_dataset": {"result": [1.2535220133140683], "stats": [{"ci_99": [1.2328636888414621, 1.2707964899018407], "q_25": 1.2446170144248754, "q_75": 1.2552216455806047, "min": 1.2328636888414621, "max": 1.2707964899018407, "mean": 1.2522140302695335, "std": 0.011148701475247998, "repeat": 10, "number": 1}]}, "api.supers.time_diff": null, "api.supers.time_diff_recursive": null, "api.supers.time_installr": {"result": [5.263685016427189], "stats": [{"ci_99": [3.916896717157215, 6.6104733156971625], "q_25": 5.250217133434489, "q_75": 5.277152899419889, "min": 5.23674925044179, "max": 5.290620782412589, "mean": 5.263685016427189, "std": 0.026935765985399485, "repeat": 2, "number": 1}]}, "api.supers.time_ls": {"result": [0.18163122469559312], "stats": [{"ci_99": [0.1784098008647561, 0.18828294146806002], "q_25": 0.18003358971327543, "q_75": 0.18350461521185935, "min": 0.1784098008647561, "max": 0.18828294146806002, "mean": 0.1823679892346263, "std": 0.003066510244253007, "repeat": 10, "number": 1}]}, "api.supers.time_ls_recursive": {"result": [1.7848024470731616], "stats": [{"ci_99": [1.7762542758136988, 1.8075192729011178], "q_25": 1.7824293875601143, "q_75": 1.7891284730285406, "min": 1.7762542758136988, "max": 1.8075192729011178, "mean": 1.7870610172860324, "std": 0.008273705988443202, "repeat": 10, "number": 1}]}, "api.supers.time_ls_recursive_long_all": {"result": [1.947380581870675], "stats": [{"ci_99": [1.9386767782270908, 1.9604893159121275], "q_25": 1.9404470645822585, "q_75": 1.954756199149415, "min": 1.9386767782270908, "max": 1.9604893159121275, "mean": 1.9481379481730983, "std": 0.007781979257181523, "repeat": 8, "number": 1}]}, "api.supers.time_remove": null, "api.supers.time_status": {"result": [0.7214184585027397], "stats": [{"ci_99": [0.7177193509414792, 0.7286188127472997], "q_25": 0.719169260468334, "q_75": 0.7242154427804053, "min": 0.7177193509414792, "max": 0.7286188127472997, "mean": 0.7221460301429034, "std": 0.0037560188077074784, "repeat": 10, "number": 1}]}, "api.supers.time_status_recursive": {"result": [1.3656898164190352], "stats": [{"ci_99": [1.3560573710128665, 1.3725723112002015], "q_25": 1.3598335867282003, "q_75": 1.368664860026911, "min": 1.3560573710128665, "max": 1.3725723112002015, "mean": 1.364454753510654, "std": 0.0052529464682287055, "repeat": 10, "number": 1}]}, "api.supers.time_subdatasets": {"result": [0.09711324889212847], "stats": [{"ci_99": [0.09369580820202827, 0.09924661461263895], "q_25": 0.09498311439529061, "q_75": 0.09772924915887415, "min": 0.09369580820202827, "max": 0.09924661461263895, "mean": 0.09656201684847474, "std": 0.0018383264542184824, "repeat": 10, "number": 1}]}, "api.supers.time_subdatasets_recursive": {"result": [0.4319082978181541], "stats": [{"ci_99": [0.42413728032261133, 0.4388411520048976], "q_25": 0.42917159222997725, "q_75": 0.43239280115813017, "min": 0.42413728032261133, "max": 0.4388411520048976, "mean": 0.43128703720867634, "std": 0.004320272869130484, "repeat": 10, "number": 1}]}, "api.supers.time_subdatasets_recursive_first": {"result": [0.09520034631714225], "stats": [{"ci_99": [0.09318069647997618, 0.11144931614398956], "q_25": 0.09483253513462842, "q_75": 0.09680141881108284, "min": 0.09318069647997618, "max": 0.11144931614398956, "mean": 0.09717295859009027, "std": 0.005032481578773349, "repeat": 10, "number": 1}]}, "api.supers.time_uninstall": {"result": [4.248556916601956], "stats": [{"ci_99": [4.238037230244057, 4.259445563627256], "q_25": 4.245345479575917, "q_75": 4.251952833961695, "min": 4.244685482233763, "max": 4.253166272304952, "mean": 4.248741396935657, "std": 0.0036740792605914107, "repeat": 4, "number": 1}]}, "repo.gitrepo.time_get_content_info": {"result": [0.015555406454950571], "stats": [{"ci_99": [0.014556851238012314, 0.02163764089345932], "q_25": 0.01514330762438476, "q_75": 0.017502758419141173, "min": 0.014556851238012314, "max": 0.02163764089345932, "mean": 0.016490209475159646, "std": 0.002100682808655382, "repeat": 10, "number": 1}]}, "api.testds.time_create_test_dataset1": {"result": [0.6158408252522349], "stats": [{"ci_99": [0.6102413907647133, 0.6253193859010935], "q_25": 0.6142181733157486, "q_75": 0.6192139708437026, "min": 0.6102413907647133, "max": 0.6253193859010935, "mean": 0.6166922290809452, "std": 0.004270640293247267, "repeat": 10, "number": 1}]}, "api.testds.time_create_test_dataset2x2": {"result": [3.788350488524884], "stats": [{"ci_99": [3.7576563159210736, 3.8172893928157037], "q_25": 3.7810346325859427, "q_75": 3.79478871030733, "min": 3.7722047278657556, "max": 3.800985712558031, "mean": 3.7874728543683887, "std": 0.010671128925029328, "repeat": 4, "number": 1}]}, "core.runner.time_echo": {"result": [0.0017175242925683658], "stats": [{"ci_99": [0.0017102210161586602, 0.0017420981700221698], "q_25": 0.0017128662051012118, "q_75": 0.001726422575302422, "min": 0.0017102210161586602, "max": 0.0017420981700221698, "mean": 0.0017215003725141286, "std": 1.0932860918550784e-05, "repeat": 10, "number": 6}]}, "core.runner.time_echo_gitrunner": {"result": [0.0027300051879137754], "stats": [{"ci_99": [0.0025231747422367334, 0.0031503711361438036], "q_25": 0.0025976835167966783, "q_75": 0.0029266058118082583, "min": 0.0025231747422367334, "max": 0.0031503711361438036, "mean": 0.002768361964263022, "std": 0.00020944311034629674, "repeat": 10, "number": 4}]}, "core.startup.time_help_np": {"result": [0.5813281056471169], "stats": [{"ci_99": [0.5212259097024798, 0.6465324079617858], "q_25": 0.573642942821607, "q_75": 0.6190686335321516, "min": 0.5212259097024798, "max": 0.6465324079617858, "mean": 0.5870128594338894, "std": 0.03858195451420321, "repeat": 10, "number": 1}]}, "core.startup.time_import": {"result": [0.17390548763796687], "stats": [{"ci_99": [0.11373138334602118, 0.2078696321696043], "q_25": 0.16076039499603212, "q_75": 0.1905267385300249, "min": 0.11373138334602118, "max": 0.2078696321696043, "mean": 0.1689480021595955, "std": 0.028775644639708095, "repeat": 10, "number": 1}]}, "core.startup.time_import_api": {"result": [0.5099830548278987], "stats": [{"ci_99": [0.46241354662925005, 0.5760929407551885], "q_25": 0.5035741126630455, "q_75": 0.5257170230615884, "min": 0.46241354662925005, "max": 0.5760929407551885, "mean": 0.5144868945702911, "std": 0.032442184642753634, "repeat": 10, "number": 1}]}, "support.path.get_parent_paths.time_allsubmods_toplevel": {"result": [0.007238998077809811], "stats": [{"ci_99": [0.006796179339289665, 0.008734548930078745], "q_25": 0.006916106445714831, "q_75": 0.007719806511886418, "min": 0.006796179339289665, "max": 0.008734548930078745, "mean": 0.0074126625433564184, "std": 0.0005969657708380422, "repeat": 10, "number": 2}]}, "support.path.get_parent_paths.time_allsubmods_toplevel_only": {"result": [0.006678212666884065], "stats": [{"ci_99": [0.00607256731018424, 0.008169509004801512], "q_25": 0.006350461975671351, "q_75": 0.007161865127272904, "min": 0.00607256731018424, "max": 0.008169509004801512, "mean": 0.0068199485540390015, "std": 0.0006191512229939348, "repeat": 10, "number": 2}]}, "support.path.get_parent_paths.time_no_submods": {"result": [2.927188659084294e-07], "stats": [{"ci_99": [2.712514999766489e-07, 3.599776650255717e-07], "q_25": 2.7445441464177854e-07, "q_75": 3.202438529079239e-07, "min": 2.712514999766489e-07, "max": 3.599776650255717e-07, "mean": 3.0152564203051266e-07, "std": 2.953179414934977e-08, "repeat": 10, "number": 40499}]}, "support.path.get_parent_paths.time_one_submod_subdir": {"result": [0.00630640983581543], "stats": [{"ci_99": [0.005700627341866493, 0.0070206280797719955], "q_25": 0.006051568780094385,