{"results": {"api.supers.time_createadd": {"result": [0.9940009047277272], "stats": [{"ci_99": [0.9757798118516803, 1.0057256519794464], "q_25": 0.9815900065004826, "q_75": 1.001410773722455, "min": 0.9757798118516803, "max": 1.0057256519794464, "mean": 0.9914922308176756, "std": 0.010892838378250577, "repeat": 10, "number": 1}]}, "api.supers.time_createadd_to_dataset": {"result": [0.9827864938415587], "stats": [{"ci_99": [0.9737909100949764, 1.0097783673554659], "q_25": 0.9766516075469553, "q_75": 0.9860611059702933, "min": 0.9737909100949764, "max": 1.0097783673554659, "mean": 0.9852533097378909, "std": 0.011415400307342633, "repeat": 10, "number": 1}]}, "api.supers.time_diff": null, "api.supers.time_diff_recursive": null, "api.supers.time_installr": {"result": [3.8140127826482058], "stats": [{"ci_99": [3.7184296990319403, 3.8983477261342787], "q_25": 3.790549724828452, "q_75": 3.8318517704028636, "min": 3.759413657709956, "max": 3.8461156273260713, "mean": 3.8083887125831097, "std": 0.03250975944543711, "repeat": 4, "number": 1}]}, "api.supers.time_ls": {"result": [0.6917538340203464], "stats": [{"ci_99": [0.6872259462252259, 0.696481111459434], "q_25": 0.6896264955867082, "q_75": 0.693081992212683, "min": 0.6872259462252259, "max": 0.696481111459434, "mean": 0.6914224326610565, "std": 0.002714150138341233, "repeat": 10, "number": 1}]}, "api.supers.time_ls_recursive": {"result": [2.5965727590955794], "stats": [{"ci_99": [2.5872354247891014, 2.6134725268930197], "q_25": 2.5938559230417013, "q_75": 2.5982046409044415, "min": 2.589027422480285, "max": 2.6134725268930197, "mean": 2.5978907300159335, "std": 0.007621959773729149, "repeat": 6, "number": 1}]}, "api.supers.time_ls_recursive_long_all": {"result": [2.765188748948276], "stats": [{"ci_99": [2.7508965730667114, 2.78700069244951], "q_25": 2.76273668394424, "q_75": 2.76811995357275, "min": 2.7508965730667114, "max": 2.78700069244951, "mean": 2.7665485190227628, "std": 0.010748794888961782, "repeat": 6, "number": 1}]}, "api.supers.time_remove": {"result": [1.8007089751772583], "stats": [{"ci_99": [1.7865971801802516, 1.8175834873691201], "q_25": 1.7931599842850119, "q_75": 1.8078665700741112, "min": 1.7865971801802516, "max": 1.8175834873691201, "mean": 1.8013527593575418, "std": 0.00949580713201733, "repeat": 10, "number": 1}]}, "api.supers.time_status": {"result": [0.6889571100473404], "stats": [{"ci_99": [0.679883892647922, 0.6981085147708654], "q_25": 0.6865452048368752, "q_75": 0.6930447246413678, "min": 0.679883892647922, "max": 0.6981085147708654, "mean": 0.6892560908570886, "std": 0.005781753791257794, "repeat": 10, "number": 1}]}, "api.supers.time_status_recursive": {"result": [1.1383566316217184], "stats": [{"ci_99": [1.1279473202303052, 1.149729749187827], "q_25": 1.1366809173487127, "q_75": 1.1453106484841555, "min": 1.1279473202303052, "max": 1.149729749187827, "mean": 1.1397567617706954, "std": 0.006265226965379543, "repeat": 10, "number": 1}]}, "api.supers.time_subdatasets": {"result": [0.052946790121495724], "stats": [{"ci_99": [0.049403177574276924, 0.05716521944850683], "q_25": 0.052213797345757484, "q_75": 0.05432782135903835, "min": 0.049403177574276924, "max": 0.05716521944850683, "mean": 0.053311226051300765, "std": 0.0020959618901288044, "repeat": 10, "number": 1}]}, "api.supers.time_subdatasets_recursive": {"result": [0.11935635237023234], "stats": [{"ci_99": [0.11453893408179283, 0.12834408786147833], "q_25": 0.11626508156768978, "q_75": 0.12340711220167577, "min": 0.11453893408179283, "max": 0.12834408786147833, "mean": 0.1201892907731235, "std": 0.004652680085246981, "repeat": 10, "number": 1}]}, "api.supers.time_subdatasets_recursive_first": {"result": [0.05011370964348316], "stats": [{"ci_99": [0.04703869950026274, 0.05984937958419323], "q_25": 0.04857110045850277, "q_75": 0.0537739519495517, "min": 0.04703869950026274, "max": 0.05984937958419323, "mean": 0.05152940824627876, "std": 0.004017510471402389, "repeat": 10, "number": 1}]}, "api.supers.time_uninstall": {"result": [1.7558628227561712], "stats": [{"ci_99": [1.7481145039200783, 1.7722016284242272], "q_25": 1.7508902752306312, "q_75": 1.7570502273738384, "min": 1.7481145039200783, "max": 1.7722016284242272, "mean": 1.755704507417977, "std": 0.006528827470838952, "repeat": 10, "number": 1}]}, "repo.gitrepo.time_get_content_info": {"result": [0.02063692221418023], "stats": [{"ci_99": [0.01580219343304634, 0.022371305152773857], "q_25": 0.018872012617066503, "q_75": 0.021135831251740456, "min": 0.01580219343304634, "max": 0.022371305152773857, "mean": 0.019982968084514142, "std": 0.0019105247822275141, "repeat": 10, "number": 1}]}, "api.testds.time_create_test_dataset1": {"result": [0.4384225248359144], "stats": [{"ci_99": [0.4308611275628209, 0.45479586999863386], "q_25": 0.43781195813789964, "q_75": 0.44247055263258517, "min": 0.4308611275628209, "max": 0.45479586999863386, "mean": 0.43992194030433895, "std": 0.006368041636316794, "repeat": 10, "number": 1}]}, "api.testds.time_create_test_dataset2x2": {"result": [2.7681871987879276], "stats": [{"ci_99": [2.7462593112244225, 2.800519281066954], "q_25": 2.760720209684223, "q_75": 2.7821421287953854, "min": 2.7529501393437386, "max": 2.800519281066954, "mean": 2.772478133905679, "std": 0.01618991519276825, "repeat": 6, "number": 1}]}, "core.runner.time_echo": {"result": [0.0017409184947609901], "stats": [{"ci_99": [0.0017268575417498748, 0.0018201338437696297], "q_25": 0.0017339390857766073, "q_75": 0.0017480542107174795, "min": 0.0017268575417498748, "max": 0.0018201338437696297, "mean": 0.0017523962538689374, "std": 2.9547011061968643e-05, "repeat": 10, "number": 6}]}, "core.runner.time_echo_gitrunner": {"result": [0.002681678277440369], "stats": [{"ci_99": [0.002318666549399495, 0.0030450508929789066], "q_25": 0.002430893830023706, "q_75": 0.002862397173885256, "min": 0.002318666549399495, "max": 0.0030450508929789066, "mean": 0.002655670838430524, "std": 0.00024068713183490536, "repeat": 10, "number": 4}]}, "core.startup.time_help_np": {"result": [0.5626955102197826], "stats": [{"ci_99": [0.5075568985193968, 0.6358409430831671], "q_25": 0.5130975367501378, "q_75": 0.5900520966388285, "min": 0.5075568985193968, "max": 0.6358409430831671, "mean": 0.5591954152099788, "std": 0.045520580444007065, "repeat": 10, "number": 1}]}, "core.startup.time_import": {"result": [0.16349709685891867], "stats": [{"ci_99": [0.11536072567105293, 0.17867971677333117], "q_25": 0.13401475199498236, "q_75": 0.16810565255582333, "min": 0.11536072567105293, "max": 0.17867971677333117, "mean": 0.15205487543717028, "std": 0.021939929110544525, "repeat": 10, "number": 1}]}, "core.startup.time_import_api": {"result": [0.5071607767604291], "stats": [{"ci_99": [0.44800245482474566, 0.5508061852306128], "q_25": 0.4814153495244682, "q_75": 0.5318055604584515, "min": 0.44800245482474566, "max": 0.5508061852306128, "mean": 0.5045289789326489, "std": 0.03265125077793504, "repeat": 10, "number": 1}]}, "support.path.get_parent_paths.time_allsubmods_toplevel": null, "support.path.get_parent_paths.time_allsubmods_toplevel_only": null, "support.path.get_parent_paths.time_no_submods": null, "support.path.get_parent_paths.time_one_submod_subdir": null, "support.path.get_parent_paths.time_one_submod_toplevel": null, "usecases.study_forrest.time_make_studyforrest_mockup": {"result": [27.08026794437319], "stats": [{"ci_99": [22.332950306124985, 31.827585582621392], "q_25": 27.03279476799071, "q_75": 27.127741120755672, "min": 26.985321591608226, "max": 27.175214297138155, "mean": 27.08026794437319, "std": 0.0949463527649641, "repeat": 2, "number": 1}]}, "core.runner.track_overhead_100ms": 2.89, "core.runner.track_overhead_echo": 33.06, "core.runner.track_overhead_heavyout": 15.61, "core.runner.track_overhead_heavyout_online_process": 4.4, "core.runner.track_overhead_heavyout_online_through": 47.72}, "params": {"arch": "x86_64", "cpu": "Intel(R) Xeon(R) CPU E5-1607 v2 @ 3.00GHz",