{"results": {"api.supers.time_createadd": {"result": [1.3799792299978435], "stats": [{"ci_99": [1.3503397852182388, 1.4007956432178617], "q_25": 1.3701779895927757, "q_75": 1.3855637107044458, "min": 1.3503397852182388, "max": 1.4007956432178617, "mean": 1.378001215495169, "std": 0.013203321638081312, "repeat": 10, "number": 1}]}, "api.supers.time_createadd_to_dataset": {"result": [1.1335306358523667], "stats": [{"ci_99": [1.1150668868795037, 1.140517933294177], "q_25": 1.1235565254464746, "q_75": 1.1387445710133761, "min": 1.1150668868795037, "max": 1.140517933294177, "mean": 1.1309237768873572, "std": 0.008629643896730627, "repeat": 10, "number": 1}]}, "api.supers.time_diff": {"result": [0.09209650894626975], "stats": [{"ci_99": [0.08806967921555042, 0.10957018658518791], "q_25": 0.088849529158324, "q_75": 0.0986603933852166, "min": 0.08806967921555042, "max": 0.10957018658518791, "mean": 0.09484109794721007, "std": 0.00695105005275223, "repeat": 10, "number": 1}]}, "api.supers.time_diff_recursive": {"result": [0.3117153220809996], "stats": [{"ci_99": [0.30127186700701714, 0.31994636822491884], "q_25": 0.30591851635836065, "q_75": 0.31549793132580817, "min": 0.30127186700701714, "max": 0.31994636822491884, "mean": 0.3108811305835843, "std": 0.005794622892059074, "repeat": 10, "number": 1}]}, "api.supers.time_installr": {"result": [3.8621989930979908], "stats": [{"ci_99": [3.821529656826108, 3.9012861743657297], "q_25": 3.8496742988936603, "q_75": 3.8739326098002493, "min": 3.844577460549772, "max": 3.8766562156379223, "mean": 3.861407915595919, "std": 0.013706021686317613, "repeat": 4, "number": 1}]}, "api.supers.time_ls": {"result": [0.700839732773602], "stats": [{"ci_99": [0.6904472634196281, 0.7248357171192765], "q_25": 0.6943671603221446, "q_75": 0.7088970593176782, "min": 0.6904472634196281, "max": 0.7248357171192765, "mean": 0.7032363363541663, "std": 0.010629388709469868, "repeat": 10, "number": 1}]}, "api.supers.time_ls_recursive": {"result": [2.648028608877212], "stats": [{"ci_99": [2.63993206761844, 2.665433917194605], "q_25": 2.6447981523815542, "q_75": 2.6508054709993303, "min": 2.644181402400136, "max": 2.665433917194605, "mean": 2.6501874937675893, "std": 0.007302693404313697, "repeat": 6, "number": 1}]}, "api.supers.time_ls_recursive_long_all": {"result": [2.825632233172655], "stats": [{"ci_99": [2.800456810160675, 2.848415124501588], "q_25": 2.8129854570142925, "q_75": 2.836361458990723, "min": 2.8040560726076365, "max": 2.8425875324755907, "mean": 2.8244359673311314, "std": 0.014082484319600049, "repeat": 6, "number": 1}]}, "api.supers.time_remove": {"result": [2.1020807810127735], "stats": [{"ci_99": [2.0878174966201186, 2.1817901199683547], "q_25": 2.0946735749021173, "q_75": 2.1171134654432535, "min": 2.0878174966201186, "max": 2.1817901199683547, "mean": 2.112495153909549, "std": 0.028582120797072917, "repeat": 8, "number": 1}]}, "api.supers.time_status": {"result": [0.6934599759988487], "stats": [{"ci_99": [0.6836316157132387, 0.7028756989166141], "q_25": 0.6901053513865918, "q_75": 0.6973420791327953, "min": 0.6836316157132387, "max": 0.7028756989166141, "mean": 0.6935471804812551, "std": 0.005495684804600051, "repeat": 10, "number": 1}]}, "api.supers.time_status_recursive": {"result": [1.1479451232589781], "stats": [{"ci_99": [1.134617525152862, 1.1620992757380009], "q_25": 1.1404435203876346, "q_75": 1.1554065104573965, "min": 1.134617525152862, "max": 1.1620992757380009, "mean": 1.1482940177433192, "std": 0.00946499764002313, "repeat": 10, "number": 1}]}, "api.supers.time_subdatasets": {"result": [0.05241770436987281], "stats": [{"ci_99": [0.04849878326058388, 0.060674783773720264], "q_25": 0.05043431464582682, "q_75": 0.055345905711874366, "min": 0.04849878326058388, "max": 0.060674783773720264, "mean": 0.053126966953277587, "std": 0.003599205393258051, "repeat": 10, "number": 1}]}, "api.supers.time_subdatasets_recursive": {"result": [0.12451410898938775], "stats": [{"ci_99": [0.11853561364114285, 0.1308715008199215], "q_25": 0.12155931233428419, "q_75": 0.12694111024029553, "min": 0.11853561364114285, "max": 0.1308715008199215, "mean": 0.12436056900769472, "std": 0.003501686455220073, "repeat": 10, "number": 1}]}, "api.supers.time_subdatasets_recursive_first": {"result": [0.056055452674627304], "stats": [{"ci_99": [0.05140823870897293, 0.07227474078536034], "q_25": 0.05260623525828123, "q_75": 0.05768455006182194, "min": 0.05140823870897293, "max": 0.07227474078536034, "mean": 0.057215956319123504, "std": 0.006234029145051283, "repeat": 10, "number": 1}]}, "api.supers.time_uninstall": {"result": [2.1800406463444233], "stats": [{"ci_99": [2.1672258591279387, 2.2835650676861405], "q_25": 2.1742466187570244, "q_75": 2.1869925095234066, "min": 2.1672258591279387, "max": 2.2835650676861405, "mean": 2.191908933687955, "std": 0.03544439827189445, "repeat": 8, "number": 1}]}, "repo.gitrepo.time_get_content_info": {"result": [0.019575491081923246], "stats": [{"ci_99": [0.01730938535183668, 0.022961762733757496], "q_25": 0.018609694205224514, "q_75": 0.02138105989433825, "min": 0.01730938535183668, "max": 0.022961762733757496, "mean": 0.020064246375113726, "std": 0.0018159600558014476, "repeat": 10, "number": 1}]}, "api.testds.time_create_test_dataset1": {"result": [0.4520299513824284], "stats": [{"ci_99": [0.4431724790483713, 0.4606322953477502], "q_25": 0.45024277130141854, "q_75": 0.45690721296705306, "min": 0.4431724790483713, "max": 0.4606322953477502, "mean": 0.45251360302791, "std": 0.005194774743736628, "repeat": 10, "number": 1}]}, "api.testds.time_create_test_dataset2x2": {"result": [3.284320319071412], "stats": [{"ci_99": [3.2582504166308413, 3.3209216129034758], "q_25": 3.277017594082281, "q_75": 3.2992652177345008, "min": 3.2625113632529974, "max": 3.3209216129034758, "mean": 3.2884839695567885, "std": 0.018997318527178397, "repeat": 6, "number": 1}]}, "core.runner.time_echo": {"result": [0.0017315888156493504], "stats": [{"ci_99": [0.001724604827662309, 0.0018300432711839676], "q_25": 0.0017265409308796127, "q_75": 0.0017436743558694918, "min": 0.001724604827662309, "max": 0.0018300432711839676, "mean": 0.001742869180937608, "std": 3.011960814747446e-05, "repeat": 10, "number": 6}]}, "core.runner.time_echo_gitrunner": {"result": [0.0028236990328878164], "stats": [{"ci_99": [0.002547480631619692, 0.0031619539950042963], "q_25": 0.0026433190796524286, "q_75": 0.002875346166547388, "min": 0.002547480631619692, "max": 0.0031619539950042963, "mean": 0.0028018307872116565, "std": 0.0001821305819545042, "repeat": 10, "number": 4}]}, "core.startup.time_help_np": {"result": [0.5733067626133561], "stats": [{"ci_99": [0.550037233158946, 0.6188940145075321], "q_25": 0.5634265497792512, "q_75": 0.5806929289828986, "min": 0.550037233158946, "max": 0.6188940145075321, "mean": 0.5750252683646977, "std": 0.01795877515384839, "repeat": 10, "number": 1}]}, "core.startup.time_import": {"result": [0.15232047345489264], "stats": [{"ci_99": [0.1178068881854415, 0.19773253332823515], "q_25": 0.12713710870593786, "q_75": 0.16621976532042027, "min": 0.1178068881854415, "max": 0.19773253332823515, "mean": 0.1512142707593739, "std": 0.025133462338101133, "repeat": 10, "number": 1}]}, "core.startup.time_import_api": {"result": [0.5145641784183681], "stats": [{"ci_99": [0.44980220682919025, 0.5416382635012269], "q_25": 0.4879576445091516, "q_75": 0.5333600430749357, "min": 0.44980220682919025, "max": 0.5416382635012269, "mean": 0.5069161164574325, "std": 0.03215320363697742, "repeat": 10, "number": 1}]}, "support.path.get_parent_paths.time_allsubmods_toplevel": null, "support.path.get_parent_paths.time_allsubmods_toplevel_only": null, "support.path.get_parent_paths.time_no_submods": null, "support.path.get_parent_paths.time_one_submod_subdir": null, "support.path.get_parent_paths.time_one_submod_toplevel": null, "usecases.study_forrest.time_make_studyforrest_mockup": {"result": [35.92392428731546],