{"results": {"api.supers.time_createadd": {"result": [1.2687764619477093], "stats": [{"ci_99": [1.2587935393676162, 1.2942798789590597], "q_25": 1.267399976029992, "q_75": 1.281335432548076, "min": 1.2587935393676162, "max": 1.2942798789590597, "mean": 1.273994718492031, "std": 0.011829702382264266, "repeat": 10, "number": 1}]}, "api.supers.time_createadd_to_dataset": {"result": [1.222263171337545], "stats": [{"ci_99": [1.1990265445783734, 1.249568399041891], "q_25": 1.2126983273774385, "q_75": 1.225875064264983, "min": 1.1990265445783734, "max": 1.249568399041891, "mean": 1.2205846613273024, "std": 0.013647086750522787, "repeat": 10, "number": 1}]}, "api.supers.time_diff": null, "api.supers.time_diff_recursive": null, "api.supers.time_installr": {"result": [5.0608844994567335], "stats": [{"ci_99": [5.006531652528793, 5.115237346384674], "q_25": 5.060340970987454, "q_75": 5.061428027926013, "min": 5.059797442518175, "max": 5.061971556395292, "mean": 5.0608844994567335, "std": 0.001087056938558817, "repeat": 2, "number": 1}]}, "api.supers.time_ls": {"result": [0.18507416173815727], "stats": [{"ci_99": [0.18097465205937624, 0.19980023242533207], "q_25": 0.18226444302126765, "q_75": 0.1918550324626267, "min": 0.18097465205937624, "max": 0.19980023242533207, "mean": 0.18742783488705755, "std": 0.006116268355272516, "repeat": 10, "number": 1}]}, "api.supers.time_ls_recursive": {"result": [1.8017936679534614], "stats": [{"ci_99": [1.7922798236832023, 1.8147629303857684], "q_25": 1.7992852861061692, "q_75": 1.8038641002494842, "min": 1.7922798236832023, "max": 1.8147629303857684, "mean": 1.8020990505814551, "std": 0.005697371358703483, "repeat": 10, "number": 1}]}, "api.supers.time_ls_recursive_long_all": {"result": [1.9588655168190598], "stats": [{"ci_99": [1.955560414120555, 1.9674783712252975], "q_25": 1.9571707246359438, "q_75": 1.963784727966413, "min": 1.955560414120555, "max": 1.9674783712252975, "mean": 1.9604293206939474, "std": 0.0042586917396657915, "repeat": 8, "number": 1}]}, "api.supers.time_remove": null, "api.supers.time_status": {"result": [0.7493915753439069], "stats": [{"ci_99": [0.7441444573923945, 0.7589262258261442], "q_25": 0.7473873137496412, "q_75": 0.7520573840010911, "min": 0.7441444573923945, "max": 0.7589262258261442, "mean": 0.7503218331374228, "std": 0.004625006852280984, "repeat": 10, "number": 1}]}, "api.supers.time_status_recursive": {"result": [1.393680991139263], "stats": [{"ci_99": [1.3895050287246704, 1.4009891282767057], "q_25": 1.3918642855715007, "q_75": 1.3973275353200734, "min": 1.3895050287246704, "max": 1.4009891282767057, "mean": 1.394336940906942, "std": 0.003530081053396187, "repeat": 10, "number": 1}]}, "api.supers.time_subdatasets": {"result": [0.10916162095963955], "stats": [{"ci_99": [0.10611509904265404, 0.11525895725935698], "q_25": 0.10731161572039127, "q_75": 0.11105800746008754, "min": 0.10611509904265404, "max": 0.11525895725935698, "mean": 0.10946711311116815, "std": 0.0027089281536174996, "repeat": 10, "number": 1}]}, "api.supers.time_subdatasets_recursive": {"result": [0.446694063488394], "stats": [{"ci_99": [0.440373320132494, 0.456888135522604], "q_25": 0.44508648943156004, "q_75": 0.4489143721293658, "min": 0.440373320132494, "max": 0.456888135522604, "mean": 0.44735779287293553, "std": 0.004202011335312423, "repeat": 10, "number": 1}]}, "api.supers.time_subdatasets_recursive_first": {"result": [0.10961805051192641], "stats": [{"ci_99": [0.10797110758721828, 0.11259146966040134], "q_25": 0.1088430960662663, "q_75": 0.11018298822455108, "min": 0.10797110758721828, "max": 0.11259146966040134, "mean": 0.10969308577477932, "std": 0.0012286890446434966, "repeat": 10, "number": 1}]}, "api.supers.time_uninstall": {"result": [4.154645127709955], "stats": [{"ci_99": [4.0903899905082195, 4.227879336774686], "q_25": 4.140089538181201, "q_75": 4.173690253170207, "min": 4.1314591988921165, "max": 4.195789200253785, "mean": 4.159134663641453, "std": 0.02460989366192487, "repeat": 4, "number": 1}]}, "repo.gitrepo.time_get_content_info": {"result": [0.016730479430407286], "stats": [{"ci_99": [0.014789862558245659, 0.018175097182393074], "q_25": 0.015148055739700794, "q_75": 0.017098558135330677, "min": 0.014789862558245659, "max": 0.018175097182393074, "mean": 0.01642049988731742, "std": 0.0011963976218130007, "repeat": 10, "number": 1}]}, "api.testds.time_create_test_dataset1": {"result": [0.6029713088646531], "stats": [{"ci_99": [0.5944296456873417, 0.6276846872642636], "q_25": 0.5962234330363572, "q_75": 0.6131610705051571, "min": 0.5944296456873417, "max": 0.6276846872642636, "mean": 0.6057766426354647, "std": 0.010705448756575978, "repeat": 10, "number": 1}]}, "api.testds.time_create_test_dataset2x2": {"result": [3.5809765900485218], "stats": [{"ci_99": [3.5271273475475104, 3.6400053928271436], "q_25": 3.56637825188227, "q_75": 3.598164708353579, "min": 3.561942370608449, "max": 3.6103699300438166, "mean": 3.5835663701873273, "std": 0.01964494679608628, "repeat": 4, "number": 1}]}, "core.runner.time_echo": {"result": [0.001872902037575841], "stats": [{"ci_99": [0.001700448493162791, 0.0023536275451382003], "q_25": 0.0017169570783153176, "q_75": 0.002142003931415578, "min": 0.001700448493162791, "max": 0.0023536275451382003, "mean": 0.0019424469831089176, "std": 0.00024360253752902825, "repeat": 10, "number": 6}]}, "core.runner.time_echo_gitrunner": {"result": [0.002118281368166208], "stats": [{"ci_99": [0.0021087978035211562, 0.0023997606709599494], "q_25": 0.0021095676813274625, "q_75": 0.002129108970984816, "min": 0.0021087978035211562, "max": 0.0023997606709599494, "mean": 0.0021540591679513454, "std": 8.672277260728112e-05, "repeat": 10, "number": 5}]}, "core.startup.time_help_np": {"result": [0.550842029042542], "stats": [{"ci_99": [0.5159951513633132, 0.6470526801422238], "q_25": 0.5240490743890405, "q_75": 0.5684598237276077, "min": 0.5159951513633132, "max": 0.6470526801422238, "mean": 0.5579330080188811, "std": 0.04055654466651951, "repeat": 10, "number": 1}]}, "core.startup.time_import": {"result": [0.11496994644403458], "stats": [{"ci_99": [0.11420819815248251, 0.20202325657010078], "q_25": 0.11476172879338264, "q_75": 0.14730451442301273, "min": 0.11420819815248251, "max": 0.20202325657010078, "mean": 0.13328803246840834, "std": 0.029688816130334784, "repeat": 10, "number": 1}]}, "core.startup.time_import_api": {"result": [0.5013886247761548], "stats": [{"ci_99": [0.4484211951494217, 0.5633084457367659], "q_25": 0.45370007189922035, "q_75": 0.5455548593308777, "min": 0.4484211951494217, "max": 0.5633084457367659, "mean": 0.5015633801929653, "std": 0.04426187801469253, "repeat": 10, "number": 1}]}, "support.path.get_parent_paths.time_allsubmods_toplevel": {"result": [0.007689462276175618], "stats": [{"ci_99": [0.006914371158927679, 0.008730953093618155], "q_25": 0.007260944345034659, "q_75": 0.008182282210327685, "min": 0.006914371158927679, "max": 0.008730953093618155, "mean": 0.007744820229709149, "std": 0.0005876806629450894, "repeat": 10, "number": 2}]}, "support.path.get_parent_paths.time_allsubmods_toplevel_only": {"result": [0.006896741921082139], "stats": [{"ci_99": [0.006119998637586832, 0.007983810268342495], "q_25": 0.006537821376696229, "q_75": 0.007314566755667329, "min": 0.006119998637586832, "max": 0.007983810268342495, "mean": 0.00695329075679183, "std": 0.0005413917384146733, "repeat": 10, "number": 2}]}, "support.path.get_parent_paths.time_no_submods": {"result": [3.3934031371422124e-07], "stats": [{"ci_99": [3.1034362766378683e-07, 3.7426600535031037e-07], "q_25": 3.257476914333571e-07, "q_75": 3.5769572262827263e-07, "min": 3.1034362766378683e-07, "max": 3.7426600535031037e-07, "mean": 3.4202190217924224e-07, "std": 2.1891176181615633e-08, "repeat": 10, "number": 28065}]}, "support.path.get_parent_paths.time_one_submod_subdir": {"result": [0.0054808310233056545], "stats": [{"ci_99": [0.005253290291875601, 0.006958343554288149], "q_25": 0.005264002364128828,