{"results": {"api.supers.time_createadd": {"result": [1.2691218089312315], "stats": [{"ci_99": [1.255845159292221, 1.2910884944722056], "q_25": 1.264391555218026, "q_75": 1.271728670457378, "min": 1.255845159292221, "max": 1.2910884944722056, "mean": 1.2696624751202763, "std": 0.009439252044786668, "repeat": 10, "number": 1}]}, "api.supers.time_createadd_to_dataset": {"result": [1.2232606098987162], "stats": [{"ci_99": [1.1988939251750708, 1.2610087217763066], "q_25": 1.2153308659326285, "q_75": 1.2331473398953676, "min": 1.1988939251750708, "max": 1.2610087217763066, "mean": 1.2248266411945223, "std": 0.0167028520272817, "repeat": 10, "number": 1}]}, "api.supers.time_diff": null, "api.supers.time_diff_recursive": null, "api.supers.time_installr": {"result": [5.093432082794607], "stats": [{"ci_99": [3.9151047402992845, 6.271759425289928], "q_25": 5.0816488093696535, "q_75": 5.10521535621956, "min": 5.0698655359447, "max": 5.116998629644513, "mean": 5.093432082794607, "std": 0.023566546849906445, "repeat": 2, "number": 1}]}, "api.supers.time_ls": {"result": [0.1815117090009153], "stats": [{"ci_99": [0.17793968319892883, 0.20742814987897873], "q_25": 0.18037365702912211, "q_75": 0.18511812016367912, "min": 0.17793968319892883, "max": 0.20742814987897873, "mean": 0.18576825382187961, "std": 0.009225655715756835, "repeat": 10, "number": 1}]}, "api.supers.time_ls_recursive": {"result": [1.7995707504451275], "stats": [{"ci_99": [1.7684229090809822, 1.8263511313125491], "q_25": 1.7922264726366848, "q_75": 1.8056481929961592, "min": 1.7684229090809822, "max": 1.8263511313125491, "mean": 1.798628805950284, "std": 0.01800905719490543, "repeat": 10, "number": 1}]}, "api.supers.time_ls_recursive_long_all": {"result": [1.9805273627862334], "stats": [{"ci_99": [1.9494719980284572, 2.057377423159778], "q_25": 1.9550678795203567, "q_75": 2.0016771198716015, "min": 1.9494719980284572, "max": 2.057377423159778, "mean": 1.9853408470517024, "std": 0.03510253256762427, "repeat": 8, "number": 1}]}, "api.supers.time_remove": null, "api.supers.time_status": {"result": [0.7501926347613335], "stats": [{"ci_99": [0.7456900598481297, 0.7685553655028343], "q_25": 0.7480286143254489, "q_75": 0.7542714066803455, "min": 0.7456900598481297, "max": 0.7685553655028343, "mean": 0.7526307621970773, "std": 0.00654637012389762, "repeat": 10, "number": 1}]}, "api.supers.time_status_recursive": {"result": [1.400011204648763], "stats": [{"ci_99": [1.392235778272152, 1.4055885151028633], "q_25": 1.3967036185786128, "q_75": 1.4035153316799551, "min": 1.392235778272152, "max": 1.4055885151028633, "mean": 1.3998746674507856, "std": 0.004058803491738221, "repeat": 10, "number": 1}]}, "api.supers.time_subdatasets": {"result": [0.10848950501531363], "stats": [{"ci_99": [0.1069646580144763, 0.10996526572853327], "q_25": 0.10774815734475851, "q_75": 0.10935584269464016, "min": 0.1069646580144763, "max": 0.10996526572853327, "mean": 0.1084591818973422, "std": 0.0010102639070077091, "repeat": 10, "number": 1}]}, "api.supers.time_subdatasets_recursive": {"result": [0.44479257613420486], "stats": [{"ci_99": [0.4398791929706931, 0.4491194747388363], "q_25": 0.4431079232599586, "q_75": 0.4480072387959808, "min": 0.4398791929706931, "max": 0.4491194747388363, "mean": 0.44495933605358007, "std": 0.0030637316680868477, "repeat": 10, "number": 1}]}, "api.supers.time_subdatasets_recursive_first": {"result": [0.10984423337504268], "stats": [{"ci_99": [0.10624294355511665, 0.11397708393633366], "q_25": 0.10863975412212312, "q_75": 0.111367346951738, "min": 0.10624294355511665, "max": 0.11397708393633366, "mean": 0.1100188941694796, "std": 0.0020875916939177936, "repeat": 10, "number": 1}]}, "api.supers.time_uninstall": {"result": [4.131092153955251], "stats": [{"ci_99": [4.118662488155632, 4.140598898779036], "q_25": 4.128537390148267, "q_75": 4.132185457274318, "min": 4.122489217668772, "max": 4.133849248290062, "mean": 4.129630693467334, "std": 0.0042909504737992776, "repeat": 4, "number": 1}]}, "repo.gitrepo.time_get_content_info": {"result": [0.01673323241993785], "stats": [{"ci_99": [0.014942441135644913, 0.020177427679300308], "q_25": 0.016172565752640367, "q_75": 0.01698845950886607, "min": 0.014942441135644913, "max": 0.020177427679300308, "mean": 0.01701020197942853, "std": 0.0016965122546147386, "repeat": 10, "number": 1}]}, "api.testds.time_create_test_dataset1": {"result": [0.6049116863869131], "stats": [{"ci_99": [0.5958885848522186, 0.6233219169080257], "q_25": 0.5974042764864862, "q_75": 0.6068185747135431, "min": 0.5958885848522186, "max": 0.6233219169080257, "mean": 0.6043215436860919, "std": 0.007771005012381672, "repeat": 10, "number": 1}]}, "api.testds.time_create_test_dataset2x2": {"result": [3.5643518175929785], "stats": [{"ci_99": [3.5339573504694672, 3.6119127660698322], "q_25": 3.5630265965592116, "q_75": 3.5742602793034166, "min": 3.5618468709290028, "max": 3.6011897269636393, "mean": 3.5729350582696497, "std": 0.016358143330112394, "repeat": 4, "number": 1}]}, "core.runner.time_echo": {"result": [0.0017289375731100638], "stats": [{"ci_99": [0.0017101188811163108, 0.0018611871637403965], "q_25": 0.0017226321312288444, "q_75": 0.0017613428256784875, "min": 0.0017101188811163108, "max": 0.0018611871637403965, "mean": 0.0017481825469682615, "std": 4.288140620773706e-05, "repeat": 10, "number": 6}]}, "core.runner.time_echo_gitrunner": {"result": [0.002678204793483019], "stats": [{"ci_99": [0.0021659035701304674, 0.003486246569082141], "q_25": 0.002319857245311141, "q_75": 0.0028102450887672603, "min": 0.0021659035701304674, "max": 0.003486246569082141, "mean": 0.002666571061126888, "std": 0.00038920969437153527, "repeat": 10, "number": 4}]}, "core.startup.time_help_np": {"result": [0.5668224589899182], "stats": [{"ci_99": [0.5550191141664982, 0.6421138793230057], "q_25": 0.5632432517595589, "q_75": 0.6011773394420743, "min": 0.5550191141664982, "max": 0.6421138793230057, "mean": 0.5822324539534748, "std": 0.028132783973938813, "repeat": 10, "number": 1}]}, "core.startup.time_import": {"result": [0.15899037988856435], "stats": [{"ci_99": [0.1169762248173356, 0.20402800664305687], "q_25": 0.1506396175827831, "q_75": 0.18094053049571812, "min": 0.1169762248173356, "max": 0.20402800664305687, "mean": 0.1621457003057003, "std": 0.026119986016739503, "repeat": 10, "number": 1}]}, "core.startup.time_import_api": {"result": [0.5472144284285605], "stats": [{"ci_99": [0.49549212493002415, 0.5848644701763988], "q_25": 0.5150883528403938, "q_75": 0.5639853104948997, "min": 0.49549212493002415, "max": 0.5848644701763988, "mean": 0.5402680713683367, "std": 0.030078257365175425, "repeat": 10, "number": 1}]}, "support.path.get_parent_paths.time_allsubmods_toplevel": {"result": [0.0069078425876796246], "stats": [{"ci_99": [0.006797024514526129, 0.008681011386215687], "q_25": 0.006836364627815783, "q_75": 0.007626795792020857, "min": 0.006797024514526129, "max": 0.008681011386215687, "mean": 0.00729051479138434, "std": 0.0006261052288628256, "repeat": 10, "number": 2}]}, "support.path.get_parent_paths.time_allsubmods_toplevel_only": {"result": [0.007435752544552088], "stats": [{"ci_99": [0.006583254784345627, 0.008574274368584156], "q_25": 0.006970733287744224, "q_75": 0.007836291915737092, "min": 0.006583254784345627, "max": 0.008574274368584156, "mean": 0.007457489054650069, "std": 0.0006091792357754705, "repeat": 10, "number": 2}]}, "support.path.get_parent_paths.time_no_submods": {"result": [2.935845339615956e-07], "stats": [{"ci_99": [2.7361861049218435e-07, 4.1691048050541507e-07], "q_25": 2.76676771334887e-07, "q_75": 3.3063054550792263e-07, "min": 2.7361861049218435e-07, "max": 4.1691048050541507e-07, "mean": 3.10828083595593e-07, "std": 4.399736858418831e-08, "repeat": 10, "number": 27691}]}, "support.path.get_parent_paths.time_one_submod_subdir": {"result": [0.0053696169052273035], "stats": [{"ci_99": [0.0052650077268481255, 0.006143044214695692], "q_25": 0.005364955519326031,