{"results": {"api.supers.time_createadd": {"result": [1.3002880467101932], "stats": [{"ci_99": [1.284488650970161, 1.326908152550459], "q_25": 1.2972782752476633, "q_75": 1.306319986237213, "min": 1.284488650970161, "max": 1.326908152550459, "mean": 1.302285972982645, "std": 0.010377262838519355, "repeat": 10, "number": 1}]}, "api.supers.time_createadd_to_dataset": {"result": [1.2417915896512568], "stats": [{"ci_99": [1.2277748109772801, 1.2484452771022916], "q_25": 1.2334824714343995, "q_75": 1.2466355338692665, "min": 1.2277748109772801, "max": 1.2484452771022916, "mean": 1.2401413623243571, "std": 0.007312969647447006, "repeat": 10, "number": 1}]}, "api.supers.time_diff": null, "api.supers.time_diff_recursive": null, "api.supers.time_installr": {"result": [5.0403989758342505], "stats": [{"ci_99": [4.880290143191814, 5.2005078084766865], "q_25": 5.038797887507826, "q_75": 5.042000064160675, "min": 5.037196799181402, "max": 5.043601152487099, "mean": 5.0403989758342505, "std": 0.0032021766528487206, "repeat": 2, "number": 1}]}, "api.supers.time_ls": {"result": [0.18358834832906723], "stats": [{"ci_99": [0.17859942559152842, 0.20584483724087477], "q_25": 0.18073871545493603, "q_75": 0.18716024700552225, "min": 0.17859942559152842, "max": 0.20584483724087477, "mean": 0.18551620217040182, "std": 0.007449257602548531, "repeat": 10, "number": 1}]}, "api.supers.time_ls_recursive": {"result": [1.7737253308296204], "stats": [{"ci_99": [1.7634849287569523, 1.78409337811172], "q_25": 1.7712666182778776, "q_75": 1.7777285743504763, "min": 1.7634849287569523, "max": 1.78409337811172, "mean": 1.774095912091434, "std": 0.005433097426555654, "repeat": 10, "number": 1}]}, "api.supers.time_ls_recursive_long_all": {"result": [1.9268999141640961], "stats": [{"ci_99": [1.9197186371311545, 1.9661516845226288], "q_25": 1.9213168111164123, "q_75": 1.9323908418882638, "min": 1.9197186371311545, "max": 1.9661516845226288, "mean": 1.9312691104132682, "std": 0.014286229756361473, "repeat": 8, "number": 1}]}, "api.supers.time_remove": null, "api.supers.time_status": {"result": [0.7215506918728352], "stats": [{"ci_99": [0.7157901367172599, 0.728507305495441], "q_25": 0.7194812623783946, "q_75": 0.7252287056762725, "min": 0.7157901367172599, "max": 0.728507305495441, "mean": 0.7221686669625342, "std": 0.004054314183782793, "repeat": 10, "number": 1}]}, "api.supers.time_status_recursive": {"result": [1.367801705840975], "stats": [{"ci_99": [1.3601631196215749, 1.3776984689757228], "q_25": 1.3629512425977737, "q_75": 1.3730188612826169, "min": 1.3601631196215749, "max": 1.3776984689757228, "mean": 1.3680745418183506, "std": 0.005720446752463719, "repeat": 10, "number": 1}]}, "api.supers.time_subdatasets": {"result": [0.08349939482286572], "stats": [{"ci_99": [0.08100921101868153, 0.08619730919599533], "q_25": 0.0826960566919297, "q_75": 0.0850788583047688, "min": 0.08100921101868153, "max": 0.08619730919599533, "mean": 0.0836196762509644, "std": 0.0016631728602168063, "repeat": 10, "number": 1}]}, "api.supers.time_subdatasets_recursive": {"result": [0.4159656800329685], "stats": [{"ci_99": [0.4126146240159869, 0.4322696775197983], "q_25": 0.4136103817727417, "q_75": 0.42059369292110205, "min": 0.4126146240159869, "max": 0.4322696775197983, "mean": 0.41791054606437683, "std": 0.0056968899656854284, "repeat": 10, "number": 1}]}, "api.supers.time_subdatasets_recursive_first": {"result": [0.08403358468785882], "stats": [{"ci_99": [0.08091462776064873, 0.08663339726626873], "q_25": 0.08193448348902166, "q_75": 0.08590302662923932, "min": 0.08091462776064873, "max": 0.08663339726626873, "mean": 0.08389094900339841, "std": 0.002023516557735274, "repeat": 10, "number": 1}]}, "api.supers.time_uninstall": {"result": [4.117479509674013], "stats": [{"ci_99": [4.1010307868294635, 4.133870390401759], "q_25": 4.114911654032767, "q_75": 4.120018444256857, "min": 4.108751852065325, "max": 4.126091483049095, "mean": 4.117450588615611, "std": 0.006141342469541, "repeat": 4, "number": 1}]}, "repo.gitrepo.time_get_content_info": {"result": [0.01540720323100686], "stats": [{"ci_99": [0.014294594526290894, 0.018952052108943462], "q_25": 0.015188348712399602, "q_75": 0.015797987347468734, "min": 0.014294594526290894, "max": 0.018952052108943462, "mean": 0.015684713236987592, "std": 0.0011890622215279935, "repeat": 10, "number": 1}]}, "api.testds.time_create_test_dataset1": {"result": [0.6228240020573139], "stats": [{"ci_99": [0.6121422126889229, 0.6473478097468615], "q_25": 0.6146521051414311, "q_75": 0.6336305716540664, "min": 0.6121422126889229, "max": 0.6473478097468615, "mean": 0.6251406587660313, "std": 0.011425268275922334, "repeat": 10, "number": 1}]}, "api.testds.time_create_test_dataset2x2": {"result": [3.810503387823701], "stats": [{"ci_99": [3.7649017050679134, 3.8428712212663783], "q_25": 3.800463352818042, "q_75": 3.8139264981728047, "min": 3.777441680431366, "max": 3.8170973965898156, "mean": 3.803886463167146, "std": 0.01559342775424833, "repeat": 4, "number": 1}]}, "core.runner.time_echo": {"result": [0.0021177432499825954], "stats": [{"ci_99": [0.001896250294521451, 0.002550451084971428], "q_25": 0.0019654061179608107, "q_75": 0.0023298697196878493, "min": 0.001896250294521451, "max": 0.002550451084971428, "mean": 0.00216035763733089, "std": 0.0002184850697921282, "repeat": 10, "number": 4}]}, "core.runner.time_echo_gitrunner": {"result": [0.002847790252417326], "stats": [{"ci_99": [0.0025554767344146967, 0.003153304336592555], "q_25": 0.002663756487891078, "q_75": 0.0029781042831018567, "min": 0.0025554767344146967, "max": 0.003153304336592555, "mean": 0.002837061742320657, "std": 0.0001875141839278896, "repeat": 10, "number": 4}]}, "core.startup.time_help_np": {"result": [0.5864701680839062], "stats": [{"ci_99": [0.5709680542349815, 0.6468776278197765], "q_25": 0.576380209531635, "q_75": 0.6106456310953945, "min": 0.5709680542349815, "max": 0.6468776278197765, "mean": 0.5965798890218139, "std": 0.02586051902029443, "repeat": 10, "number": 1}]}, "core.startup.time_import": {"result": [0.12714939657598734], "stats": [{"ci_99": [0.11327888630330563, 0.18615494389086962], "q_25": 0.11458901735022664, "q_75": 0.14341631392017007, "min": 0.11327888630330563, "max": 0.18615494389086962, "mean": 0.13261801609769464, "std": 0.02168415084266329, "repeat": 10, "number": 1}]}, "core.startup.time_import_api": {"result": [0.5705118137411773], "stats": [{"ci_99": [0.5375932333990932, 0.5922594033181667], "q_25": 0.5639352672733366, "q_75": 0.5798953338526189, "min": 0.5375932333990932, "max": 0.5922594033181667, "mean": 0.5688973066397012, "std": 0.015385878758055417, "repeat": 10, "number": 1}]}, "support.path.get_parent_paths.time_allsubmods_toplevel": {"result": [0.007775078760460019], "stats": [{"ci_99": [0.006968696601688862, 0.008826469536870718], "q_25": 0.00737036217469722, "q_75": 0.008212516317144036, "min": 0.006968696601688862, "max": 0.008826469536870718, "mean": 0.00781180914491415, "std": 0.0006167762582236476, "repeat": 10, "number": 2}]}, "support.path.get_parent_paths.time_allsubmods_toplevel_only": {"result": [0.006750078173354268], "stats": [{"ci_99": [0.006019064225256443, 0.009133267682045698], "q_25": 0.006407004897482693, "q_75": 0.007159631815738976, "min": 0.006019064225256443, "max": 0.009133267682045698, "mean": 0.007013003621250391, "std": 0.0008815274191350959, "repeat": 10, "number": 2}]}, "support.path.get_parent_paths.time_no_submods": {"result": [2.9072083982276124e-07], "stats": [{"ci_99": [2.7678676059819873e-07, 3.667070564630286e-07], "q_25": 2.781348992000115e-07, "q_75": 3.2409104521301403e-07, "min": 2.7678676059819873e-07, "max": 3.667070564630286e-07, "mean": 3.0431328726520397e-07, "std": 3.058755898526479e-08, "repeat": 10, "number": 39535}]}, "support.path.get_parent_paths.time_one_submod_subdir": {"result": [0.006359342252835631], "stats": [{"ci_99": [0.005729683209210634, 0.007061731070280075], "q_25": 0.006095766904763877,