{"results": {"api.supers.time_createadd": {"result": [1.2656619497574866], "stats": [{"ci_99": [1.2578370403498411, 1.2930235909298062], "q_25": 1.2601827078033239, "q_75": 1.2701002797111869, "min": 1.2578370403498411, "max": 1.2930235909298062, "mean": 1.2681204796768726, "std": 0.010560495601218745, "repeat": 10, "number": 1}]}, "api.supers.time_createadd_to_dataset": {"result": [1.2314092968590558], "stats": [{"ci_99": [1.2076001223176718, 1.2787087745964527], "q_25": 1.225629041204229, "q_75": 1.243709092726931, "min": 1.2076001223176718, "max": 1.2787087745964527, "mean": 1.2360210246406496, "std": 0.018532230642222855, "repeat": 10, "number": 1}]}, "api.supers.time_diff": null, "api.supers.time_diff_recursive": null, "api.supers.time_installr": {"result": [5.316110454965383], "stats": [{"ci_99": [4.598394512664527, 6.033826397266238], "q_25": 5.308933295542374, "q_75": 5.323287614388391, "min": 5.301756136119366, "max": 5.3304647738114, "mean": 5.316110454965383, "std": 0.014354318846017122, "repeat": 2, "number": 1}]}, "api.supers.time_ls": {"result": [0.1802316578105092], "stats": [{"ci_99": [0.17635584063827991, 0.19223649986088276], "q_25": 0.17823013965971768, "q_75": 0.18125188583508134, "min": 0.17635584063827991, "max": 0.19223649986088276, "mean": 0.18140689060091972, "std": 0.0046663436815952315, "repeat": 10, "number": 1}]}, "api.supers.time_ls_recursive": {"result": [1.7412150758318603], "stats": [{"ci_99": [1.731804738752544, 1.7508654650300741], "q_25": 1.7395210387185216, "q_75": 1.7425802969373763, "min": 1.731804738752544, "max": 1.7508654650300741, "mean": 1.7408916850574314, "std": 0.0050743921494861375, "repeat": 10, "number": 1}]}, "api.supers.time_ls_recursive_long_all": {"result": [1.9011304029263556], "stats": [{"ci_99": [1.8920734729617834, 1.9241310032084584], "q_25": 1.8988124229945242, "q_75": 1.9092812419403344, "min": 1.8920734729617834, "max": 1.9241310032084584, "mean": 1.9043845580890775, "std": 0.009001998688772809, "repeat": 10, "number": 1}]}, "api.supers.time_remove": null, "api.supers.time_rev_createadd": null, "api.supers.time_rev_createadd_to_dataset": null, "api.supers.time_status": {"result": [0.7063834597356617], "stats": [{"ci_99": [0.7031242828816175, 0.7108734371140599], "q_25": 0.7040569805540144, "q_75": 0.7090127973351628, "min": 0.7031242828816175, "max": 0.7108734371140599, "mean": 0.7065467953681945, "std": 0.0027339070502446516, "repeat": 10, "number": 1}]}, "api.supers.time_status_recursive": {"result": [1.3304069195874035], "stats": [{"ci_99": [1.3256483180448413, 1.344444458372891], "q_25": 1.3291084538213909, "q_75": 1.3349983275402337, "min": 1.3256483180448413, "max": 1.344444458372891, "mean": 1.3325840523466468, "std": 0.005855508769448072, "repeat": 10, "number": 1}]}, "api.supers.time_subdatasets": {"result": [0.0939919208176434], "stats": [{"ci_99": [0.09189536888152361, 0.10044809430837631], "q_25": 0.09255601838231087, "q_75": 0.09481231542304158, "min": 0.09189536888152361, "max": 0.10044809430837631, "mean": 0.09447164032608271, "std": 0.0025880737071615595, "repeat": 10, "number": 1}]}, "api.supers.time_subdatasets_recursive": {"result": [0.4163867416791618], "stats": [{"ci_99": [0.4134324509650469, 0.42460296116769314], "q_25": 0.41517867241054773, "q_75": 0.4172040889970958, "min": 0.4134324509650469, "max": 0.42460296116769314, "mean": 0.417096599098295, "std": 0.0031571852213253897, "repeat": 10, "number": 1}]}, "api.supers.time_subdatasets_recursive_first": {"result": [0.0933657311834395], "stats": [{"ci_99": [0.09098044876009226, 0.09863709658384323], "q_25": 0.091675431933254, "q_75": 0.09547930536791682, "min": 0.09098044876009226, "max": 0.09863709658384323, "mean": 0.09408255284652114, "std": 0.002725053648220647, "repeat": 10, "number": 1}]}, "api.supers.time_uninstall": {"result": [4.148407928645611], "stats": [{"ci_99": [4.116968067545287, 4.180026984125533], "q_25": 4.140586560359225, "q_75": 4.156318894121796, "min": 4.133901483379304, "max": 4.163272762671113, "mean": 4.14849752583541, "std": 0.011112286445072145, "repeat": 4, "number": 1}]}, "repo.gitrepo.time_get_content_info": {"result": [0.014775773975998163], "stats": [{"ci_99": [0.013820378109812737, 0.016727499663829803], "q_25": 0.014447707682847977, "q_75": 0.015135823749005795, "min": 0.013820378109812737, "max": 0.016727499663829803, "mean": 0.014938892982900142, "std": 0.0009010981317831168, "repeat": 10, "number": 1}]}, "api.testds.time_create_test_dataset1": {"result": [0.6079841149039567], "stats": [{"ci_99": [0.5901969624683261, 0.6422085575759411], "q_25": 0.5989118716679513, "q_75": 0.6181398367043585, "min": 0.5901969624683261, "max": 0.6422085575759411, "mean": 0.6096829583868384, "std": 0.014935999655142607, "repeat": 10, "number": 1}]}, "api.testds.time_create_test_dataset2x2": {"result": [3.7488423343747854], "stats": [{"ci_99": [3.7314099552735662, 3.7735239779882153], "q_25": 3.7464893923606724, "q_75": 3.754819908645004, "min": 3.7457678271457553, "max": 3.7664153706282377, "mean": 3.752466966630891, "std": 0.008286087749079608, "repeat": 4, "number": 1}]}, "core.runner.time_echo": {"result": [0.0018783538447072108], "stats": [{"ci_99": [0.001704638513425986, 0.0024381360659996667], "q_25": 0.0017163068211326997, "q_75": 0.002149925877650579, "min": 0.001704638513425986, "max": 0.0024381360659996667, "mean": 0.0019552673834065597, "std": 0.00026070585490972853, "repeat": 10, "number": 6}]}, "core.runner.time_echo_gitrunner": {"result": [0.002120284456759691], "stats": [{"ci_99": [0.002094702981412411, 0.0024788018316030504], "q_25": 0.0021109532099217176, "q_75": 0.0021751082967966795, "min": 0.002094702981412411, "max": 0.0024788018316030504, "mean": 0.002168433852493763, "std": 0.00010961965989145276, "repeat": 10, "number": 5}]}, "core.startup.time_help_np": {"result": [0.5907960929907858], "stats": [{"ci_99": [0.5323519567027688, 0.6439799554646015], "q_25": 0.542807117337361, "q_75": 0.6005924998316914, "min": 0.5323519567027688, "max": 0.6439799554646015, "mean": 0.5828883090056479, "std": 0.038403734109918965, "repeat": 10, "number": 1}]}, "core.startup.time_import": {"result": [0.13745715795084834], "stats": [{"ci_99": [0.11660013068467379, 0.20616858918219805], "q_25": 0.1228634500876069, "q_75": 0.16466089501045644, "min": 0.11660013068467379, "max": 0.20616858918219805, "mean": 0.14770125783979893, "std": 0.02859943297901483, "repeat": 10, "number": 1}]}, "core.startup.time_import_api": {"result": [0.5130891557782888], "stats": [{"ci_99": [0.45829094108194113, 0.56288100220263], "q_25": 0.4867457172367722, "q_75": 0.5247062488924712, "min": 0.45829094108194113, "max": 0.56288100220263, "mean": 0.5099020130932331, "std": 0.034234726953268686, "repeat": 10, "number": 1}]}, "support.path.get_parent_paths.time_allsubmods_toplevel": {"result": [0.006804679986089468], "stats": [{"ci_99": [0.006747658364474773, 0.008639132604002953], "q_25": 0.0067928413627669215, "q_75": 0.007573962211608887, "min": 0.006747658364474773, "max": 0.008639132604002953, "mean": 0.007224888121709227, "std": 0.0006233993656387148, "repeat": 10, "number": 2}]}, "support.path.get_parent_paths.time_allsubmods_toplevel_only": {"result": [0.006102376617491245], "stats": [{"ci_99": [0.006044949404895306, 0.007442587520927191], "q_25": 0.006067331065423787, "q_75": 0.006639651372097433, "min": 0.006044949404895306, "max": 0.007442587520927191, "mean": 0.006399135384708643, "std": 0.00046064723645182146, "repeat": 10, "number": 2}]}, "support.path.get_parent_paths.time_no_submods": {"result": [2.929786975272755e-07], "stats": [{"ci_99": [2.766238389253745e-07, 3.6279394624994037e-07], "q_25": 2.798173200800349e-07, "q_75": 3.207710930366072e-07, "min": 2.766238389253745e-07, "max": 3.6279394624994037e-07, "mean": 3.0384210549920375e-07, "std": 2.8731074028609806e-08, "repeat": 10, "number": 38919}]}, "support.path.get_parent_paths.time_one_submod_subdir": {"result": [0.006210364168509841],