{"results": {"api.supers.time_createadd": {"result": [1.26595488935709], "stats": [{"ci_99": [1.2590560438111424, 1.2911064540967345], "q_25": 1.2631899896077812, "q_75": 1.2697608850430697, "min": 1.2590560438111424, "max": 1.2911064540967345, "mean": 1.2688224352896214, "std": 0.009161962942557977, "repeat": 10, "number": 1}]}, "api.supers.time_createadd_to_dataset": {"result": [1.2260047937743366], "stats": [{"ci_99": [1.2160774255171418, 1.25237977784127], "q_25": 1.217479496030137, "q_75": 1.2377324986737221, "min": 1.2160774255171418, "max": 1.25237977784127, "mean": 1.22857913011685, "std": 0.01213827835300713, "repeat": 10, "number": 1}]}, "api.supers.time_diff": null, "api.supers.time_diff_recursive": null, "api.supers.time_installr": {"result": [5.0611885455437005], "stats": [{"ci_99": [4.723320012446493, 5.399057078640908], "q_25": 5.057809860212728, "q_75": 5.0645672308746725, "min": 5.054431174881756, "max": 5.067945916205645, "mean": 5.0611885455437005, "std": 0.006757370661944151, "repeat": 2, "number": 1}]}, "api.supers.time_ls": {"result": [0.1923387567512691], "stats": [{"ci_99": [0.17752850335091352, 0.20451876055449247], "q_25": 0.1822209304664284, "q_75": 0.19510956737212837, "min": 0.17752850335091352, "max": 0.20451876055449247, "mean": 0.19068333487957717, "std": 0.009166423582804886, "repeat": 10, "number": 1}]}, "api.supers.time_ls_recursive": {"result": [1.780458452180028], "stats": [{"ci_99": [1.7490360150113702, 1.8347845487296581], "q_25": 1.7777094433549792, "q_75": 1.7921573594212532, "min": 1.7490360150113702, "max": 1.8347845487296581, "mean": 1.7849475829862058, "std": 0.020730999425477185, "repeat": 10, "number": 1}]}, "api.supers.time_ls_recursive_long_all": {"result": [1.9494025469757617], "stats": [{"ci_99": [1.9170923996716738, 2.0083929682150483], "q_25": 1.9353380871471018, "q_75": 1.999344376847148, "min": 1.9170923996716738, "max": 2.0083929682150483, "mean": 1.9617033932590857, "std": 0.03440717936565512, "repeat": 8, "number": 1}]}, "api.supers.time_remove": null, "api.supers.time_status": {"result": [0.7222394226118922], "stats": [{"ci_99": [0.7166123334318399, 0.7304456941783428], "q_25": 0.7214195968117565, "q_75": 0.7266337545588613, "min": 0.7166123334318399, "max": 0.7304456941783428, "mean": 0.723547013476491, "std": 0.004014329050893429, "repeat": 10, "number": 1}]}, "api.supers.time_status_recursive": {"result": [1.3679114519618452], "stats": [{"ci_99": [1.3592338701710105, 1.3839016323909163], "q_25": 1.3655657512135804, "q_75": 1.3697827130090445, "min": 1.3592338701710105, "max": 1.3839016323909163, "mean": 1.3684529386460782, "std": 0.0062754762272266475, "repeat": 10, "number": 1}]}, "api.supers.time_subdatasets": {"result": [0.08397419285029173], "stats": [{"ci_99": [0.08125678449869156, 0.0855424776673317], "q_25": 0.08368778531439602, "q_75": 0.08433325332589447, "min": 0.08125678449869156, "max": 0.0855424776673317, "mean": 0.08382536703720689, "std": 0.0011688337948545717, "repeat": 10, "number": 1}]}, "api.supers.time_subdatasets_recursive": {"result": [0.4174935747869313], "stats": [{"ci_99": [0.414729586802423, 0.42000551894307137], "q_25": 0.41647729463875294, "q_75": 0.4187274225987494, "min": 0.414729586802423, "max": 0.42000551894307137, "mean": 0.4174266651272774, "std": 0.00176999069210222, "repeat": 10, "number": 1}]}, "api.supers.time_subdatasets_recursive_first": {"result": [0.08325585536658764], "stats": [{"ci_99": [0.08020494692027569, 0.08501873258501291], "q_25": 0.08230728656053543, "q_75": 0.08404109487310052, "min": 0.08020494692027569, "max": 0.08501873258501291, "mean": 0.08299067644402384, "std": 0.0015546493171250079, "repeat": 10, "number": 1}]}, "api.supers.time_uninstall": {"result": [4.133982439991087], "stats": [{"ci_99": [4.105503531075954, 4.169015022557289], "q_25": 4.127801922382787, "q_75": 4.143439794424921, "min": 4.125900278799236, "max": 4.155171948485076, "mean": 4.137259276816621, "std": 0.011542273524273767, "repeat": 4, "number": 1}]}, "repo.gitrepo.time_get_content_info": {"result": [0.015860697254538536], "stats": [{"ci_99": [0.014864129945635796, 0.017492739483714104], "q_25": 0.01511368970386684, "q_75": 0.01704922504723072, "min": 0.014864129945635796, "max": 0.017492739483714104, "mean": 0.01604072507470846, "std": 0.0009880131346614136, "repeat": 10, "number": 1}]}, "api.testds.time_create_test_dataset1": {"result": [0.6035575424320996], "stats": [{"ci_99": [0.5971420519053936, 0.6129175331443548], "q_25": 0.6006088198628277, "q_75": 0.6073869122192264, "min": 0.5971420519053936, "max": 0.6129175331443548, "mean": 0.6042547975666821, "std": 0.00498908405930544, "repeat": 10, "number": 1}]}, "api.testds.time_create_test_dataset2x2": {"result": [3.6622265805490315], "stats": [{"ci_99": [3.653352269487717, 3.6708252895117917], "q_25": 3.6608934758696705, "q_75": 3.6634218841791153, "min": 3.6573179103434086, "max": 3.6665840465575457, "mean": 3.6620887794997543, "std": 0.0032804915611431493, "repeat": 4, "number": 1}]}, "core.runner.time_echo": {"result": [0.001767949511607488], "stats": [{"ci_99": [0.001720087757954995, 0.0021574506536126137], "q_25": 0.0017221607655907671, "q_75": 0.001953540563893815, "min": 0.001720087757954995, "max": 0.0021574506536126137, "mean": 0.001843284194668134, "std": 0.00014889382078241332, "repeat": 10, "number": 6}]}, "core.runner.time_echo_gitrunner": {"result": [0.0024504843167960644], "stats": [{"ci_99": [0.0021081215236335993, 0.0029248204082250595], "q_25": 0.0021580547909252346, "q_75": 0.002758272225037217, "min": 0.0021081215236335993, "max": 0.0029248204082250595, "mean": 0.0024689760291948916, "std": 0.00030983556324253026, "repeat": 10, "number": 4}]}, "core.startup.time_help_np": {"result": [0.593501219060272], "stats": [{"ci_99": [0.535072953440249, 0.6412464193999767], "q_25": 0.5628270751331002, "q_75": 0.6166722422931343, "min": 0.535072953440249, "max": 0.6412464193999767, "mean": 0.5892778945155441, "std": 0.0357842572247118, "repeat": 10, "number": 1}]}, "core.startup.time_import": {"result": [0.1726882099173963], "stats": [{"ci_99": [0.13593884743750095, 0.19567003566771746], "q_25": 0.15893028350546956, "q_75": 0.18159819906577468, "min": 0.13593884743750095, "max": 0.19567003566771746, "mean": 0.1701545763760805, "std": 0.017282361304412634, "repeat": 10, "number": 1}]}, "core.startup.time_import_api": {"result": [0.5560654196888208], "stats": [{"ci_99": [0.4771443083882332, 0.5709741208702326], "q_25": 0.5332490303553641, "q_75": 0.5597427100874484, "min": 0.4771443083882332, "max": 0.5709741208702326, "mean": 0.5439849335700273, "std": 0.0269513874447353, "repeat": 10, "number": 1}]}, "support.path.get_parent_paths.time_allsubmods_toplevel": {"result": [0.009038902819156647], "stats": [{"ci_99": [0.008283920586109161, 0.009921201504766941], "q_25": 0.008678357815369964, "q_75": 0.009369450621306896, "min": 0.008283920586109161, "max": 0.009921201504766941, "mean": 0.009048076625913382, "std": 0.00048424280579120385, "repeat": 10, "number": 1}]}, "support.path.get_parent_paths.time_allsubmods_toplevel_only": {"result": [0.007091011619195342], "stats": [{"ci_99": [0.00640180753543973, 0.008096360135823488], "q_25": 0.006740091601386666, "q_75": 0.00750704959500581, "min": 0.00640180753543973, "max": 0.008096360135823488, "mean": 0.0071389948483556506, "std": 0.0004996778221771778, "repeat": 10, "number": 2}]}, "support.path.get_parent_paths.time_no_submods": {"result": [3.0571897518745025e-07], "stats": [{"ci_99": [2.731501868501461e-07, 3.7765209186553205e-07], "q_25": 2.7588851890612275e-07, "q_75": 3.4246695219309527e-07, "min": 2.731501868501461e-07, "max": 3.7765209186553205e-07, "mean": 3.12680328353146e-07, "std": 3.8193331640081516e-08, "repeat": 10, "number": 25415}]}, "support.path.get_parent_paths.time_one_submod_subdir": {"result": [0.005761876702308655], "stats": [{"ci_99": [0.0055181169882416725, 0.007281314115971327], "q_25": 0.005532387061975896,