{"results": {"api.supers.time_createadd": {"result": [1.274045039433986], "stats": [{"ci_99": [1.2610656060278416, 1.2931109238415956], "q_25": 1.2671630014665425, "q_75": 1.2788323175627738, "min": 1.2610656060278416, "max": 1.2931109238415956, "mean": 1.2739271706901492, "std": 0.009265978364102487, "repeat": 10, "number": 1}]}, "api.supers.time_createadd_to_dataset": {"result": [1.2070971722714603], "stats": [{"ci_99": [1.2007732661440969, 1.2477599699050188], "q_25": 1.205565558746457, "q_75": 1.2208819224033505, "min": 1.2007732661440969, "max": 1.2477599699050188, "mean": 1.2142222837544978, "std": 0.014163033835826273, "repeat": 10, "number": 1}]}, "api.supers.time_diff": null, "api.supers.time_diff_recursive": null, "api.supers.time_installr": {"result": [5.071228742599487], "stats": [{"ci_99": [4.613102227449417, 5.5293552577495575], "q_25": 5.066647477447987, "q_75": 5.075810007750988, "min": 5.062066212296486, "max": 5.080391272902489, "mean": 5.071228742599487, "std": 0.009162530303001404, "repeat": 2, "number": 1}]}, "api.supers.time_ls": {"result": [0.1824938473291695], "stats": [{"ci_99": [0.17949265707284212, 0.18952875025570393], "q_25": 0.1802124863024801, "q_75": 0.1858182328287512, "min": 0.17949265707284212, "max": 0.18952875025570393, "mean": 0.18330167289823293, "std": 0.003464875313309891, "repeat": 10, "number": 1}]}, "api.supers.time_ls_recursive": {"result": [1.7977746622636914], "stats": [{"ci_99": [1.7942072357982397, 1.8168623503297567], "q_25": 1.7962322975508869, "q_75": 1.8016164291184396, "min": 1.7942072357982397, "max": 1.8168623503297567, "mean": 1.8004305694252252, "std": 0.006531851373900482, "repeat": 10, "number": 1}]}, "api.supers.time_ls_recursive_long_all": {"result": [1.962183701340109], "stats": [{"ci_99": [1.9438284076750278, 1.9687889898195863], "q_25": 1.9583689300343394, "q_75": 1.964099699864164, "min": 1.9438284076750278, "max": 1.9687889898195863, "mean": 1.960136219044216, "std": 0.007216946104727007, "repeat": 8, "number": 1}]}, "api.supers.time_remove": null, "api.supers.time_status": {"result": [0.751566612161696], "stats": [{"ci_99": [0.7455267272889614, 0.7602101257070899], "q_25": 0.7488578532356769, "q_75": 0.7548449160531163, "min": 0.7455267272889614, "max": 0.7602101257070899, "mean": 0.7522971017286182, "std": 0.004951507385665411, "repeat": 10, "number": 1}]}, "api.supers.time_status_recursive": {"result": [1.39622913999483], "stats": [{"ci_99": [1.389896155335009, 1.4045609589666128], "q_25": 1.3931036388967186, "q_75": 1.400051664793864, "min": 1.389896155335009, "max": 1.4045609589666128, "mean": 1.3966158075258135, "std": 0.004662211592584161, "repeat": 10, "number": 1}]}, "api.supers.time_subdatasets": {"result": [0.10816676588729024], "stats": [{"ci_99": [0.1058516213670373, 0.1100336266681552], "q_25": 0.10754962265491486, "q_75": 0.10871224431321025, "min": 0.1058516213670373, "max": 0.1100336266681552, "mean": 0.10817525666207076, "std": 0.0011517697324104153, "repeat": 10, "number": 1}]}, "api.supers.time_subdatasets_recursive": {"result": [0.4420099537819624], "stats": [{"ci_99": [0.43942531663924456, 0.451866639778018], "q_25": 0.4405264302622527, "q_75": 0.4433666041586548, "min": 0.43942531663924456, "max": 0.451866639778018, "mean": 0.44278245838359, "std": 0.0034276956588744864, "repeat": 10, "number": 1}]}, "api.supers.time_subdatasets_recursive_first": {"result": [0.111028166487813], "stats": [{"ci_99": [0.10646582767367363, 0.11597487702965736], "q_25": 0.10764065617695451, "q_75": 0.11199442390352488, "min": 0.10646582767367363, "max": 0.11597487702965736, "mean": 0.11038052272051573, "std": 0.0028391721399527938, "repeat": 10, "number": 1}]}, "api.supers.time_uninstall": {"result": [4.1235180255025625], "stats": [{"ci_99": [4.110637652087561, 4.132634090859838], "q_25": 4.12021204829216, "q_75": 4.124941848684102, "min": 4.114539380185306, "max": 4.124968054704368, "mean": 4.1216358714737, "std": 0.004258919712314656, "repeat": 4, "number": 1}]}, "repo.gitrepo.time_get_content_info": {"result": [0.01566236838698387], "stats": [{"ci_99": [0.014376905746757984, 0.018897613510489464], "q_25": 0.014956283150240779, "q_75": 0.016329474980011582, "min": 0.014376905746757984, "max": 0.018897613510489464, "mean": 0.015978578571230174, "std": 0.0013401239390314382, "repeat": 10, "number": 1}]}, "api.testds.time_create_test_dataset1": {"result": [0.6003773482516408], "stats": [{"ci_99": [0.5954689495265484, 0.627261876128614], "q_25": 0.5977969684172422, "q_75": 0.6061808818485588, "min": 0.5954689495265484, "max": 0.627261876128614, "mean": 0.6043538059107959, "std": 0.00969544021016561, "repeat": 10, "number": 1}]}, "api.testds.time_create_test_dataset2x2": {"result": [3.571190495043993], "stats": [{"ci_99": [3.540940091824416, 3.6007423998133503], "q_25": 3.5636071285698563, "q_75": 3.57842461229302, "min": 3.5565175563097, "max": 3.5844664368778467, "mean": 3.570841245818883, "std": 0.010554126345916391, "repeat": 4, "number": 1}]}, "core.runner.time_echo": {"result": [0.0017207532655447721], "stats": [{"ci_99": [0.001692351574699084, 0.0017912887657682102], "q_25": 0.0017052609473466873, "q_75": 0.0017371894015620153, "min": 0.001692351574699084, "max": 0.0017912887657682102, "mean": 0.0017245433603723845, "std": 2.7701805866679738e-05, "repeat": 10, "number": 6}]}, "core.runner.time_echo_gitrunner": {"result": [0.0025810851948335767], "stats": [{"ci_99": [0.0023733992129564285, 0.0029264569748193026], "q_25": 0.002492836501915008, "q_75": 0.002701388206332922, "min": 0.0023733992129564285, "max": 0.0029264569748193026, "mean": 0.002609146060422063, "std": 0.00015404167308951205, "repeat": 10, "number": 4}]}, "core.startup.time_help_np": {"result": [0.5600664871744812], "stats": [{"ci_99": [0.5124869830906391, 0.6055912980809808], "q_25": 0.5304544046521187, "q_75": 0.5738952746614814, "min": 0.5124869830906391, "max": 0.6055912980809808, "mean": 0.5541312150657177, "std": 0.028483289766733696, "repeat": 10, "number": 1}]}, "core.startup.time_import": {"result": [0.14324919041246176], "stats": [{"ci_99": [0.11756237130612135, 0.19855949562042952], "q_25": 0.13291208702139556, "q_75": 0.16306052380241454, "min": 0.11756237130612135, "max": 0.19855949562042952, "mean": 0.15061540761962533, "std": 0.02418282265222079, "repeat": 10, "number": 1}]}, "core.startup.time_import_api": {"result": [0.5053464281372726], "stats": [{"ci_99": [0.4482288407161832, 0.5678668227046728], "q_25": 0.46462313598021865, "q_75": 0.548756554024294, "min": 0.4482288407161832, "max": 0.5678668227046728, "mean": 0.5079969204962254, "std": 0.04356212494621458, "repeat": 10, "number": 1}]}, "support.path.get_parent_paths.time_allsubmods_toplevel": {"result": [0.007332436740398407], "stats": [{"ci_99": [0.007088775280863047, 0.008843556512147188], "q_25": 0.007128572673536837, "q_75": 0.007757056853733957, "min": 0.007088775280863047, "max": 0.008843556512147188, "mean": 0.007568826386705041, "std": 0.0005684474478755348, "repeat": 10, "number": 2}]}, "support.path.get_parent_paths.time_allsubmods_toplevel_only": {"result": [0.007243299391120672], "stats": [{"ci_99": [0.006558004766702652, 0.00815641414374113], "q_25": 0.00690536096226424, "q_75": 0.0077190789161249995, "min": 0.006558004766702652, "max": 0.00815641414374113, "mean": 0.007314960192888975, "std": 0.0005181639484653775, "repeat": 10, "number": 2}]}, "support.path.get_parent_paths.time_no_submods": {"result": [3.0038040595996063e-07], "stats": [{"ci_99": [2.744349184824186e-07, 3.7517153871940246e-07], "q_25": 2.7532267865934403e-07, "q_75": 3.4053260086550795e-07, "min": 2.744349184824186e-07, "max": 3.7517153871940246e-07, "mean": 3.1121890752070255e-07, "std": 3.81731691908837e-08, "repeat": 10, "number": 25254}]}, "support.path.get_parent_paths.time_one_submod_subdir": {"result": [0.005610296968370676], "stats": [{"ci_99": [0.0055673327296972275, 0.0064796144142746925], "q_25": 0.005592767032794654, "q_75": 0.005892070941627026,