{"results": {"api.supers.time_createadd": {"result": [0.9821858368813992], "stats": [{"ci_99": [0.9712988054379821, 1.0164092285558581], "q_25": 0.9739509292412549, "q_75": 0.9909634962677956, "min": 0.9712988054379821, "max": 1.0164092285558581, "mean": 0.9846919550560415, "std": 0.013032088886860525, "repeat": 10, "number": 1}]}, "api.supers.time_createadd_to_dataset": {"result": [0.9844772149808705], "stats": [{"ci_99": [0.9753134325146675, 1.0084749646484852], "q_25": 0.9803199872840196, "q_75": 0.9966115020215511, "min": 0.9753134325146675, "max": 1.0084749646484852, "mean": 0.9881273443810642, "std": 0.010141278413248434, "repeat": 10, "number": 1}]}, "api.supers.time_diff": null, "api.supers.time_diff_recursive": null, "api.supers.time_installr": {"result": [3.8101095142774284], "stats": [{"ci_99": [3.7349252090447926, 3.8886363408869715], "q_25": 3.7895268748980016, "q_75": 3.832363414345309, "min": 3.7800790779292583, "max": 3.846824993379414, "mean": 3.8117807749658823, "std": 0.026676422654372242, "repeat": 4, "number": 1}]}, "api.supers.time_ls": {"result": [0.6919359136372805], "stats": [{"ci_99": [0.6872471896931529, 0.6977194827049971], "q_25": 0.6886535712983459, "q_75": 0.693029991351068, "min": 0.6872471896931529, "max": 0.6977194827049971, "mean": 0.6917725033126771, "std": 0.0033864920407260927, "repeat": 10, "number": 1}]}, "api.supers.time_ls_recursive": {"result": [2.5982628338970244], "stats": [{"ci_99": [2.58540423664647, 2.6153573078717027], "q_25": 2.592503829859197, "q_75": 2.606616440694779, "min": 2.5911892540752888, "max": 2.614584573544562, "mean": 2.6003807722590864, "std": 0.008858952622444134, "repeat": 6, "number": 1}]}, "api.supers.time_ls_recursive_long_all": {"result": [2.7584246788173914], "stats": [{"ci_99": [2.6992374638583314, 2.95810978859663], "q_25": 2.748135535279289, "q_75": 2.7850897253956646, "min": 2.744671318680048, "max": 2.95810978859663, "mean": 2.79305239332219, "std": 0.07549800217093015, "repeat": 6, "number": 1}]}, "api.supers.time_remove": {"result": [1.8391201733611524], "stats": [{"ci_99": [1.7861497439444065, 1.9026718698441982], "q_25": 1.7956084662582725, "q_75": 1.88468220224604, "min": 1.7861497439444065, "max": 1.9026718698441982, "mean": 1.8407506549730897, "std": 0.047569324104954666, "repeat": 10, "number": 1}]}, "api.supers.time_status": {"result": [0.7025574399158359], "stats": [{"ci_99": [0.6829500095918775, 0.7211967129260302], "q_25": 0.6883555660024285, "q_75": 0.7110612993128598, "min": 0.6829500095918775, "max": 0.7211967129260302, "mean": 0.7008860807865858, "std": 0.012931573414250323, "repeat": 10, "number": 1}]}, "api.supers.time_status_recursive": {"result": [1.1571455532684922], "stats": [{"ci_99": [1.1298148389905691, 1.2190181575715542], "q_25": 1.1368093679193407, "q_75": 1.1831863971892744, "min": 1.1298148389905691, "max": 1.2190181575715542, "mean": 1.1629112417809666, "std": 0.029380413681571713, "repeat": 10, "number": 1}]}, "api.supers.time_subdatasets": {"result": [0.04761274252086878], "stats": [{"ci_99": [0.04610230401158333, 0.07116761058568954], "q_25": 0.046647971495985985, "q_75": 0.05473359301686287, "min": 0.04610230401158333, "max": 0.07116761058568954, "mean": 0.05147800669074058, "std": 0.007677312263824576, "repeat": 10, "number": 1}]}, "api.supers.time_subdatasets_recursive": {"result": [0.12338969949632883], "stats": [{"ci_99": [0.11620240937918425, 0.1355640534311533], "q_25": 0.11973812757059932, "q_75": 0.12767041800543666, "min": 0.11620240937918425, "max": 0.1355640534311533, "mean": 0.12388571882620454, "std": 0.005660797474138969, "repeat": 10, "number": 1}]}, "api.supers.time_subdatasets_recursive_first": {"result": [0.047677997034043074], "stats": [{"ci_99": [0.04411066137254238, 0.05968453176319599], "q_25": 0.04516821540892124, "q_75": 0.05112094362266362, "min": 0.04411066137254238, "max": 0.05968453176319599, "mean": 0.04916950026527047, "std": 0.004925948753303812, "repeat": 10, "number": 1}]}, "api.supers.time_uninstall": {"result": [1.7478827689774334], "stats": [{"ci_99": [1.7389828143641353, 1.8270811159163713], "q_25": 1.7431156791280955, "q_75": 1.7527469876222312, "min": 1.7389828143641353, "max": 1.8270811159163713, "mean": 1.761276828031987, "std": 0.031383762281275644, "repeat": 10, "number": 1}]}, "repo.gitrepo.time_get_content_info": {"result": [0.019887889735400677], "stats": [{"ci_99": [0.01729816198348999, 0.022518928162753582], "q_25": 0.018160451436415315, "q_75": 0.02133817388676107, "min": 0.01729816198348999, "max": 0.022518928162753582, "mean": 0.019845090992748737, "std": 0.0017929199456512626, "repeat": 10, "number": 1}]}, "api.testds.time_create_test_dataset1": {"result": [0.43631812976673245], "stats": [{"ci_99": [0.4309301720932126, 0.44347596168518066], "q_25": 0.43430621665902436, "q_75": 0.4392203495372087, "min": 0.4309301720932126, "max": 0.44347596168518066, "mean": 0.436990956030786, "std": 0.003690368911137162, "repeat": 10, "number": 1}]}, "api.testds.time_create_test_dataset2x2": {"result": [2.7725752973929048], "stats": [{"ci_99": [2.7405328128484623, 2.8114015368126095], "q_25": 2.7655950922053307, "q_75": 2.7901217555627227, "min": 2.7408160008490086, "max": 2.81059752125293, "mean": 2.775967174830536, "std": 0.022363480087282103, "repeat": 6, "number": 1}]}, "core.runner.time_echo": {"result": [0.0017883324064314366], "stats": [{"ci_99": [0.0017149688675999642, 0.002102049253880978], "q_25": 0.0017257925122976302, "q_75": 0.0019504536874592302, "min": 0.0017149688675999642, "max": 0.002102049253880978, "mean": 0.0018484919518232344, "std": 0.0001412023925708444, "repeat": 10, "number": 5}]}, "core.runner.time_echo_gitrunner": {"result": [0.002412131754681468], "stats": [{"ci_99": [0.002101400401443243, 0.0028678313829004765], "q_25": 0.0021472868975251913, "q_75": 0.002627231937367469, "min": 0.002101400401443243, "max": 0.0028678313829004765, "mean": 0.0024191418197005987, "std": 0.0002683026049545199, "repeat": 10, "number": 4}]}, "core.startup.time_help_np": {"result": [0.5653895111754537], "stats": [{"ci_99": [0.5436600595712662, 0.588895944878459], "q_25": 0.5584063495043665, "q_75": 0.5705840815789998, "min": 0.5436600595712662, "max": 0.588895944878459, "mean": 0.5648256244137884, "std": 0.011547551808554735, "repeat": 10, "number": 1}]}, "core.startup.time_import": {"result": [0.1520827836357057], "stats": [{"ci_99": [0.130290855653584, 0.2023409716784954], "q_25": 0.14724946673959494, "q_75": 0.17094389419071376, "min": 0.130290855653584, "max": 0.2023409716784954, "mean": 0.1599826323799789, "std": 0.021257033236836146, "repeat": 10, "number": 1}]}, "core.startup.time_import_api": {"result": [0.5022988100536168], "stats": [{"ci_99": [0.44349187426269054, 0.570530497469008], "q_25": 0.49301226646639407, "q_75": 0.5596848404966295, "min": 0.44349187426269054, "max": 0.570530497469008, "mean": 0.5134942611679435, "std": 0.04526604232455878, "repeat": 10, "number": 1}]}, "support.path.get_parent_paths.time_allsubmods_toplevel": null, "support.path.get_parent_paths.time_allsubmods_toplevel_only": null, "support.path.get_parent_paths.time_no_submods": null, "support.path.get_parent_paths.time_one_submod_subdir": null, "support.path.get_parent_paths.time_one_submod_toplevel": null, "usecases.study_forrest.time_make_studyforrest_mockup": {"result": [26.96106170397252], "stats": [{"ci_99": [26.69485022407025, 27.227273183874786], "q_25": 26.958399589173496, "q_75": 26.96372381877154, "min": 26.955737474374473, "max": 26.966385933570564, "mean": 26.96106170397252, "std": 0.005324229598045349, "repeat": 2, "number": 1}]}, "core.runner.track_overhead_100ms": 1.4, "core.runner.track_overhead_echo": 34.45, "core.runner.track_overhead_heavyout": 12.84, "core.runner.track_overhead_heavyout_online_process": 20.93, "core.runner.track_overhead_heavyout_online_through": 31.22}, "params": {"arch": "x86_64", "cpu": "Intel(R) Xeon(R) CPU E5-1607 v2 @ 3.00GHz",