{"results": {"api.supers.time_createadd": {"result": [0.9907511449418962], "stats": [{"ci_99": [0.9740996332839131, 1.0097608771175146], "q_25": 0.9842728453222662, "q_75": 0.9987183380872011, "min": 0.9740996332839131, "max": 1.0097608771175146, "mean": 0.9915865698829294, "std": 0.010058831611617426, "repeat": 10, "number": 1}]}, "api.supers.time_createadd_to_dataset": {"result": [0.831803425680846], "stats": [{"ci_99": [0.8191874539479613, 0.8489891830831766], "q_25": 0.823482085717842, "q_75": 0.8437249900307506, "min": 0.8191874539479613, "max": 0.8489891830831766, "mean": 0.8333722582086921, "std": 0.01130255508933402, "repeat": 10, "number": 1}]}, "api.supers.time_diff": null, "api.supers.time_diff_recursive": null, "api.supers.time_installr": {"result": [3.795523026958108], "stats": [{"ci_99": [3.759185385980839, 3.834778051732844], "q_25": 3.7879028795287013, "q_75": 3.804601866286248, "min": 3.779902213253081, "max": 3.8169786082580686, "mean": 3.7969817188568413, "std": 0.013646521575347403, "repeat": 4, "number": 1}]}, "api.supers.time_ls": {"result": [0.6907263188622892], "stats": [{"ci_99": [0.6828451193869114, 0.6951797911897302], "q_25": 0.685790081974119, "q_75": 0.6930110161192715, "min": 0.6828451193869114, "max": 0.6951797911897302, "mean": 0.6894772096537054, "std": 0.004319743838941785, "repeat": 10, "number": 1}]}, "api.supers.time_ls_recursive": {"result": [2.5986724104732275], "stats": [{"ci_99": [2.584924571632096, 2.6215359019115567], "q_25": 2.5937115054111928, "q_75": 2.6100583320949227, "min": 2.5916140703484416, "max": 2.6215359019115567, "mean": 2.6027343838165202, "std": 0.011131408578920237, "repeat": 6, "number": 1}]}, "api.supers.time_ls_recursive_long_all": {"result": [2.7609291868284345], "stats": [{"ci_99": [2.716256863425014, 2.8878295570611954], "q_25": 2.7488980090711266, "q_75": 2.7690112846903503, "min": 2.7424697801470757, "max": 2.8878295570611954, "mean": 2.778125107443581, "std": 0.05006529169454772, "repeat": 6, "number": 1}]}, "api.supers.time_remove": {"result": [2.1051164623349905], "stats": [{"ci_99": [2.0600908491760492, 2.188214319758117], "q_25": 2.077025786275044, "q_75": 2.1453627243172377, "min": 2.0600908491760492, "max": 2.188214319758117, "mean": 2.1145642119226977, "std": 0.045118533088813195, "repeat": 8, "number": 1}]}, "api.supers.time_status": {"result": [0.7024465119466186], "stats": [{"ci_99": [0.6822690833359957, 0.7346550719812512], "q_25": 0.6900319966953248, "q_75": 0.7104461037088186, "min": 0.6822690833359957, "max": 0.7346550719812512, "mean": 0.7019524577073752, "std": 0.015394034830600575, "repeat": 10, "number": 1}]}, "api.supers.time_status_recursive": {"result": [1.165649545378983], "stats": [{"ci_99": [1.1321744015440345, 1.2065224153921008], "q_25": 1.1405835293699056, "q_75": 1.1908663418143988, "min": 1.1321744015440345, "max": 1.2065224153921008, "mean": 1.1669760033488275, "std": 0.027640546881186414, "repeat": 10, "number": 1}]}, "api.supers.time_subdatasets": {"result": [0.04820742132142186], "stats": [{"ci_99": [0.04478507488965988, 0.0599824758246541], "q_25": 0.046098591992631555, "q_75": 0.05365102621726692, "min": 0.04478507488965988, "max": 0.0599824758246541, "mean": 0.050031961873173714, "std": 0.005071154137353325, "repeat": 10, "number": 1}]}, "api.supers.time_subdatasets_recursive": {"result": [0.11801230441778898], "stats": [{"ci_99": [0.11621695663779974, 0.13024553749710321], "q_25": 0.11664868425577879, "q_75": 0.12200927408412099, "min": 0.11621695663779974, "max": 0.13024553749710321, "mean": 0.1201353520154953, "std": 0.004519526359792832, "repeat": 10, "number": 1}]}, "api.supers.time_subdatasets_recursive_first": {"result": [0.053261006250977516], "stats": [{"ci_99": [0.04753195680677891, 0.05619935318827629], "q_25": 0.051389551255851984, "q_75": 0.05448377109132707, "min": 0.04753195680677891, "max": 0.05619935318827629, "mean": 0.05284049771726131, "std": 0.0025388656697382384, "repeat": 10, "number": 1}]}, "api.supers.time_uninstall": {"result": [2.1379849575459957], "stats": [{"ci_99": [2.120770455338061, 2.211932643316686], "q_25": 2.1239340836182237, "q_75": 2.168065957725048, "min": 2.120770455338061, "max": 2.211932643316686, "mean": 2.1523808748461306, "std": 0.03480638797805563, "repeat": 8, "number": 1}]}, "repo.gitrepo.time_get_content_info": {"result": [0.020732562988996506], "stats": [{"ci_99": [0.01676767412573099, 0.024610694497823715], "q_25": 0.01994098420254886, "q_75": 0.022205354180186987, "min": 0.01676767412573099, "max": 0.024610694497823715, "mean": 0.020915944781154393, "std": 0.0019920133002573888, "repeat": 10, "number": 1}]}, "api.testds.time_create_test_dataset1": {"result": [0.43632419081404805], "stats": [{"ci_99": [0.4330812841653824, 0.45638072583824396], "q_25": 0.43462529103271663, "q_75": 0.4391218167729676, "min": 0.4330812841653824, "max": 0.45638072583824396, "mean": 0.43841886771842836, "std": 0.006495587957106942, "repeat": 10, "number": 1}]}, "api.testds.time_create_test_dataset2x2": {"result": [2.7765804403461516], "stats": [{"ci_99": [2.756433973271988, 2.810287198983133], "q_25": 2.769711797591299, "q_75": 2.79049916472286, "min": 2.7643530685454607, "max": 2.810287198983133, "mean": 2.7817270229570568, "std": 0.016013166699432483, "repeat": 6, "number": 1}]}, "core.runner.time_echo": {"result": [0.0023713759146630764], "stats": [{"ci_99": [0.0020478814840316772, 0.002822853159159422], "q_25": 0.002198684262111783, "q_75": 0.0024652169668115675, "min": 0.0020478814840316772, "max": 0.002822853159159422, "mean": 0.00235786356497556, "std": 0.00021898123841411298, "repeat": 10, "number": 4}]}, "core.runner.time_echo_gitrunner": {"result": [0.002349358797073364], "stats": [{"ci_99": [0.002159170061349869, 0.002847553975880146], "q_25": 0.0022676403168588877, "q_75": 0.0024249918758869173, "min": 0.002159170061349869, "max": 0.002847553975880146, "mean": 0.0023964611440896984, "std": 0.00019452609731646068, "repeat": 10, "number": 5}]}, "core.startup.time_help_np": {"result": [0.5724548622965813], "stats": [{"ci_99": [0.5500064827501774, 0.640821561217308], "q_25": 0.5675852056592703, "q_75": 0.5859489210415632, "min": 0.5500064827501774, "max": 0.640821561217308, "mean": 0.5789309500716626, "std": 0.0242199681199633, "repeat": 10, "number": 1}]}, "core.startup.time_import": {"result": [0.16695137042552233], "stats": [{"ci_99": [0.11345230787992477, 0.212771057151258], "q_25": 0.11906391894444823, "q_75": 0.19177519716322422, "min": 0.11345230787992477, "max": 0.212771057151258, "mean": 0.15919181294739246, "std": 0.03704692623309521, "repeat": 10, "number": 1}]}, "core.startup.time_import_api": {"result": [0.5491321575827897], "stats": [{"ci_99": [0.4947055000811815, 0.5743792289867997], "q_25": 0.5029377129394561, "q_75": 0.5645608820486814, "min": 0.4947055000811815, "max": 0.5743792289867997, "mean": 0.5370246465317905, "std": 0.03159907326847189, "repeat": 10, "number": 1}]}, "support.path.get_parent_paths.time_allsubmods_toplevel": null, "support.path.get_parent_paths.time_allsubmods_toplevel_only": null, "support.path.get_parent_paths.time_no_submods": null, "support.path.get_parent_paths.time_one_submod_subdir": null, "support.path.get_parent_paths.time_one_submod_toplevel": null, "usecases.study_forrest.time_make_studyforrest_mockup": {"result": [29.741751388181], "stats": [{"ci_99": [27.906405375804752, 31.57709740055725], "q_25": 29.72339792805724, "q_75": 29.760104848304763, "min": 29.705044467933476, "max": 29.778458308428526, "mean": 29.741751388181, "std": 0.03670692024752498, "repeat": 2, "number": 1}]}, "core.runner.track_overhead_100ms": 2.46, "core.runner.track_overhead_echo": 37.16, "core.runner.track_overhead_heavyout": 6.63, "core.runner.track_overhead_heavyout_online_process": 12.63, "core.runner.track_overhead_heavyout_online_through": 7.24}, "params": {"arch": "x86_64", "cpu": "Intel(R) Xeon(R) CPU E5-1607 v2 @ 3.00GHz", "machine": "drogon-neurodebian0.20200209.1",