{"results": {"api.supers.time_createadd": {"result": [1.3563120504841208], "stats": [{"ci_99": [1.3456041775643826, 1.386455894447863], "q_25": 1.348690289305523, "q_75": 1.3631071345880628, "min": 1.3456041775643826, "max": 1.386455894447863, "mean": 1.3594587902538477, "std": 0.012759777645315254, "repeat": 10, "number": 1}]}, "api.supers.time_createadd_to_dataset": {"result": [1.1177460155449808], "stats": [{"ci_99": [1.107339016161859, 1.1500045452266932], "q_25": 1.1158401924185455, "q_75": 1.1228521254379302, "min": 1.107339016161859, "max": 1.1500045452266932, "mean": 1.1208223824389278, "std": 0.011377935721261409, "repeat": 10, "number": 1}]}, "api.supers.time_diff": {"result": [0.09889600705355406], "stats": [{"ci_99": [0.0931917205452919, 0.11095033958554268], "q_25": 0.09627428278326988, "q_75": 0.10228036111220717, "min": 0.0931917205452919, "max": 0.11095033958554268, "mean": 0.09991697939112783, "std": 0.005630740254157917, "repeat": 10, "number": 1}]}, "api.supers.time_diff_recursive": {"result": [0.3088810592889786], "stats": [{"ci_99": [0.30010746512562037, 0.31845737155526876], "q_25": 0.30535315768793225, "q_75": 0.312299863435328, "min": 0.30010746512562037, "max": 0.31845737155526876, "mean": 0.308660673443228, "std": 0.005164674445924644, "repeat": 10, "number": 1}]}, "api.supers.time_installr": {"result": [3.8818012648262084], "stats": [{"ci_99": [3.818294157693144, 3.925397773785535], "q_25": 3.8687561235856265, "q_75": 3.8848911069799215, "min": 3.8343357648700476, "max": 3.889445568434894, "mean": 3.8718459657393396, "std": 0.021908431895968843, "repeat": 4, "number": 1}]}, "api.supers.time_ls": {"result": [0.7026137840002775], "stats": [{"ci_99": [0.6962260641157627, 0.7161430576816201], "q_25": 0.6980896645691246, "q_75": 0.7042808991391212, "min": 0.6962260641157627, "max": 0.7161430576816201, "mean": 0.7029213369823992, "std": 0.005702183668523766, "repeat": 10, "number": 1}]}, "api.supers.time_ls_recursive": {"result": [2.658705165144056], "stats": [{"ci_99": [2.650866542942822, 2.663665492070497], "q_25": 2.6566866165958345, "q_75": 2.6605306351557374, "min": 2.650866542942822, "max": 2.662324035540223, "mean": 2.6579589668350914, "std": 0.003720530115493409, "repeat": 6, "number": 1}]}, "api.supers.time_ls_recursive_long_all": {"result": [2.8109381492249668], "stats": [{"ci_99": [2.802341616249935, 2.8187815818594335], "q_25": 2.8067415482364595, "q_75": 2.8133289620745927, "min": 2.803598060272634, "max": 2.818426654674113, "mean": 2.8105615990546844, "std": 0.0049684816089309485, "repeat": 6, "number": 1}]}, "api.supers.time_remove": {"result": [2.107751226052642], "stats": [{"ci_99": [2.0815649293363094, 2.181329474784434], "q_25": 2.0909794012550265, "q_75": 2.1268156548030674, "min": 2.0815649293363094, "max": 2.181329474784434, "mean": 2.115811496740207, "std": 0.03238942044452773, "repeat": 8, "number": 1}]}, "api.supers.time_status": null, "api.supers.time_status_recursive": null, "api.supers.time_subdatasets": {"result": [0.053147644735872746], "stats": [{"ci_99": [0.04835958406329155, 0.06684903241693974], "q_25": 0.05070685292594135, "q_75": 0.055924589978531, "min": 0.04835958406329155, "max": 0.06684903241693974, "mean": 0.054081918112933634, "std": 0.005246410777482246, "repeat": 10, "number": 1}]}, "api.supers.time_subdatasets_recursive": {"result": [0.12337544653564692], "stats": [{"ci_99": [0.11970528401434422, 0.12607312016189098], "q_25": 0.12164155766367912, "q_75": 0.12490320741198957, "min": 0.11970528401434422, "max": 0.12607312016189098, "mean": 0.12315882742404938, "std": 0.002073185033630001, "repeat": 10, "number": 1}]}, "api.supers.time_subdatasets_recursive_first": {"result": [0.05480588227510452], "stats": [{"ci_99": [0.04898822959512472, 0.05950123630464077], "q_25": 0.052305680233985186, "q_75": 0.05818724702112377, "min": 0.04898822959512472, "max": 0.05950123630464077, "mean": 0.05482283849269152, "std": 0.0034406095070608385, "repeat": 10, "number": 1}]}, "api.supers.time_uninstall": {"result": [2.1947330092079937], "stats": [{"ci_99": [2.1751702800393105, 2.200185554102063], "q_25": 2.1821883730590343, "q_75": 2.197843240108341, "min": 2.1751702800393105, "max": 2.200185554102063, "mean": 2.1905534194083884, "std": 0.009028462781098614, "repeat": 8, "number": 1}]}, "repo.gitrepo.time_get_content_info": {"result": [0.02102850191295147], "stats": [{"ci_99": [0.014969967305660248, 0.02432137541472912], "q_25": 0.018492129631340504, "q_75": 0.02207353594712913, "min": 0.014969967305660248, "max": 0.02432137541472912, "mean": 0.02024461207911372, "std": 0.002713643313901704, "repeat": 10, "number": 1}]}, "api.testds.time_create_test_dataset1": {"result": [0.4339997316710651], "stats": [{"ci_99": [0.42841616086661816, 0.4686867017298937], "q_25": 0.431210714392364, "q_75": 0.44302169838920236, "min": 0.42841616086661816, "max": 0.4686867017298937, "mean": 0.43898183275014163, "std": 0.011685046775392716, "repeat": 10, "number": 1}]}, "api.testds.time_create_test_dataset2x2": {"result": [3.273981678299606], "stats": [{"ci_99": [3.2386958623882354, 3.326992335729301], "q_25": 3.2595103373751044, "q_75": 3.2915360222104937, "min": 3.2510403683409095, "max": 3.326992335729301, "mean": 3.2796783479861915, "std": 0.025767379982613536, "repeat": 6, "number": 1}]}, "core.runner.time_echo": {"result": [0.0020896457135677338], "stats": [{"ci_99": [0.001829455979168415, 0.002387244068086147], "q_25": 0.0019451538100838661, "q_75": 0.0022346928250044583, "min": 0.001829455979168415, "max": 0.002387244068086147, "mean": 0.0020910717919468877, "std": 0.00018241401036033685, "repeat": 10, "number": 5}]}, "core.runner.time_echo_gitrunner": {"result": [0.0026451064040884376], "stats": [{"ci_99": [0.002303082961589098, 0.0032897954806685448], "q_25": 0.0024753021425567567, "q_75": 0.002837457519490272, "min": 0.002303082961589098, "max": 0.0032897954806685448, "mean": 0.0026857279473915694, "std": 0.0002842943978122258, "repeat": 10, "number": 4}]}, "core.startup.time_help_np": {"result": [0.5566996047273278], "stats": [{"ci_99": [0.49828063510358334, 0.6137839267030358], "q_25": 0.5515743137802929, "q_75": 0.5696150350850075, "min": 0.49828063510358334, "max": 0.6137839267030358, "mean": 0.5613464763388037, "std": 0.029390534685320647, "repeat": 10, "number": 1}]}, "core.startup.time_import": {"result": [0.1685249931178987], "stats": [{"ci_99": [0.14821620471775532, 0.21753293462097645], "q_25": 0.15511888614855707, "q_75": 0.18055044068023562, "min": 0.14821620471775532, "max": 0.21753293462097645, "mean": 0.1734426244162023, "std": 0.021671707738477188, "repeat": 10, "number": 1}]}, "core.startup.time_import_api": {"result": [0.4928086972795427], "stats": [{"ci_99": [0.45821118261665106, 0.556277284398675], "q_25": 0.482884417520836, "q_75": 0.5238793613389134, "min": 0.45821118261665106, "max": 0.556277284398675, "mean": 0.5046742654405534, "std": 0.031143310798681045, "repeat": 10, "number": 1}]}, "support.path.get_parent_paths.time_allsubmods_toplevel": null, "support.path.get_parent_paths.time_allsubmods_toplevel_only": null, "support.path.get_parent_paths.time_no_submods": null, "support.path.get_parent_paths.time_one_submod_subdir": null, "support.path.get_parent_paths.time_one_submod_toplevel": null, "usecases.study_forrest.time_make_studyforrest_mockup": {"result": [36.307396633550525], "stats": [{"ci_99": [10.181372925639153, 62.433420341461876], "q_25": 36.04613639647141, "q_75": 36.56865687062964, "min": 35.7848761593923, "max": 36.82991710770875, "mean": 36.307396633550525, "std": 0.5225204741582274, "repeat": 2, "number": 1}]}, "core.runner.track_overhead_100ms": 1.96, "core.runner.track_overhead_echo": 32.76, "core.runner.track_overhead_heavyout": -3.82, "core.runner.track_overhead_heavyout_online_process": 1923.03, "core.runner.track_overhead_heavyout_online_through": 12.56}, "params": {"arch": "x86_64", "cpu": "Intel(R) Xeon(R) CPU E5-1607 v2 @ 3.00GHz",