{"results": {"api.supers.time_createadd": {"result": [1.4734010030515492], "stats": [{"ci_99": [1.4619864048436284, 1.4983303882181644], "q_25": 1.4651468908414245, "q_75": 1.4809978655539453, "min": 1.4619864048436284, "max": 1.4983303882181644, "mean": 1.4755097195506095, "std": 0.012011459242834364, "repeat": 10, "number": 1}]}, "api.supers.time_createadd_to_dataset": {"result": [1.3649983662180603], "stats": [{"ci_99": [1.3538840981200337, 1.3881500354036689], "q_25": 1.3620544529985636, "q_75": 1.3721133968792856, "min": 1.3538840981200337, "max": 1.3881500354036689, "mean": 1.3683480631560088, "std": 0.010585765171299461, "repeat": 10, "number": 1}]}, "api.supers.time_diff": null, "api.supers.time_diff_recursive": null, "api.supers.time_installr": {"result": [8.661505483090878], "stats": [{"ci_99": [7.846694761887193, 9.476316204294562], "q_25": 8.65335737587884, "q_75": 8.669653590302914, "min": 8.645209268666804, "max": 8.677801697514951, "mean": 8.661505483090878, "std": 0.016296214424073696, "repeat": 2, "number": 1}]}, "api.supers.time_ls": {"result": [0.2560158306732774], "stats": [{"ci_99": [0.2536616874858737, 0.26149441581219435], "q_25": 0.25432004360482097, "q_75": 0.25754327652975917, "min": 0.2536616874858737, "max": 0.26149441581219435, "mean": 0.25646811705082656, "std": 0.0024936020418120626, "repeat": 10, "number": 1}]}, "api.supers.time_ls_recursive": {"result": [2.612349180970341], "stats": [{"ci_99": [2.5819179175793803, 2.664325399324298], "q_25": 2.602234198944643, "q_75": 2.630588185042143, "min": 2.5938089229166508, "max": 2.664325399324298, "mean": 2.619727179252853, "std": 0.023968202216167484, "repeat": 6, "number": 1}]}, "api.supers.time_ls_recursive_long_all": {"result": [2.765787601005286], "stats": [{"ci_99": [2.7455894438202324, 2.7907905913616076], "q_25": 2.7577642812393606, "q_75": 2.778539747465402, "min": 2.750971711240709, "max": 2.7887128880247474, "mean": 2.76819001759092, "std": 0.013423755221738951, "repeat": 6, "number": 1}]}, "api.supers.time_remove": {"result": [6.977616507094353], "stats": [{"ci_99": [3.7703970917500556, 10.184835922438648], "q_25": 6.9455443129409105, "q_75": 7.009688701247796, "min": 6.9134721187874675, "max": 7.041760895401239, "mean": 6.977616507094353, "std": 0.06414438830688596, "repeat": 2, "number": 1}]}, "api.supers.time_status": {"result": [0.8293218743056059], "stats": [{"ci_99": [0.8074827492237091, 0.8530778540298343], "q_25": 0.8179048406891525, "q_75": 0.8396064983680844, "min": 0.8074827492237091, "max": 0.8530778540298343, "mean": 0.8287563532590866, "std": 0.013967151007388824, "repeat": 10, "number": 1}]}, "api.supers.time_status_recursive": {"result": [1.6645475667901337], "stats": [{"ci_99": [1.6590414214879274, 1.6774509567767382], "q_25": 1.663774958346039, "q_75": 1.6658674883656204, "min": 1.6590414214879274, "max": 1.6774509567767382, "mean": 1.6654567928053439, "std": 0.005026000528514351, "repeat": 10, "number": 1}]}, "api.supers.time_subdatasets": {"result": [0.21218183357268572], "stats": [{"ci_99": [0.20922153070569038, 0.21538852993398905], "q_25": 0.21083514322526753, "q_75": 0.212625817861408, "min": 0.20922153070569038, "max": 0.21538852993398905, "mean": 0.212115812394768, "std": 0.0018149128841021113, "repeat": 10, "number": 1}]}, "api.supers.time_subdatasets_recursive": {"result": [0.670597449876368], "stats": [{"ci_99": [0.6663350202143192, 0.6757469661533833], "q_25": 0.6682472871616483, "q_75": 0.6749180229380727, "min": 0.6663350202143192, "max": 0.6757469661533833, "mean": 0.6711686172522604, "std": 0.0035006233873710914, "repeat": 10, "number": 1}]}, "api.supers.time_subdatasets_recursive_first": {"result": [0.18516460666432977], "stats": [{"ci_99": [0.18309307470917702, 0.19252180866897106], "q_25": 0.18420980242080986, "q_75": 0.18658387870527804, "min": 0.18309307470917702, "max": 0.19252180866897106, "mean": 0.18587806522846223, "std": 0.0026715697634559226, "repeat": 10, "number": 1}]}, "api.supers.time_uninstall": {"result": [6.714828155469149], "stats": [{"ci_99": [6.271243753377348, 7.1584125575609505], "q_25": 6.710392311448231, "q_75": 6.719263999490067, "min": 6.705956467427313, "max": 6.723699843510985, "mean": 6.714828155469149, "std": 0.008871688041836023, "repeat": 2, "number": 1}]}, "repo.gitrepo.time_get_content_info": {"result": [0.015069669112563133], "stats": [{"ci_99": [0.01445754524320364, 0.01636885665357113], "q_25": 0.014743185602128506, "q_75": 0.015488203149288893, "min": 0.01445754524320364, "max": 0.01636885665357113, "mean": 0.01520419241860509, "std": 0.0005761219166928934, "repeat": 10, "number": 1}]}, "api.testds.time_create_test_dataset1": {"result": [0.7564139850437641], "stats": [{"ci_99": [0.7481295736506581, 0.7750996770337224], "q_25": 0.7512033900711685, "q_75": 0.7615997118409723, "min": 0.7481295736506581, "max": 0.7750996770337224, "mean": 0.7572531423531472, "std": 0.007851506119347882, "repeat": 10, "number": 1}]}, "api.testds.time_create_test_dataset2x2": {"result": [4.198045710101724], "stats": [{"ci_99": [4.177967944320233, 4.218469751861004], "q_25": 4.191427947720513, "q_75": 4.20483661047183, "min": 4.19106271956116, "max": 4.205721252597868, "mean": 4.198218848090619, "std": 0.006927350599800353, "repeat": 4, "number": 1}]}, "core.runner.time_echo": {"result": [0.0017055625406404338], "stats": [{"ci_99": [0.001687246219565471, 0.0018329018106063206], "q_25": 0.0016995295494173963, "q_75": 0.0017095146079858143, "min": 0.001687246219565471, "max": 0.0018329018106063206, "mean": 0.0017173601003984608, "std": 3.9937954684345684e-05, "repeat": 10, "number": 6}]}, "core.runner.time_echo_gitrunner": {"result": [0.0026778323808684945], "stats": [{"ci_99": [0.002367116045206785, 0.0030504364985972643], "q_25": 0.0025323855224996805, "q_75": 0.002796734683215618, "min": 0.002367116045206785, "max": 0.0030504364985972643, "mean": 0.002687811409123242, "std": 0.00020098489440455487, "repeat": 10, "number": 4}]}, "core.startup.time_help_np": {"result": [0.5810257671400905], "stats": [{"ci_99": [0.5155528532341123, 0.621453432366252], "q_25": 0.5613251018803567, "q_75": 0.5961849922314286, "min": 0.5155528532341123, "max": 0.621453432366252, "mean": 0.5788808316923678, "std": 0.02989922110302325, "repeat": 10, "number": 1}]}, "core.startup.time_import": {"result": [0.15346897207200527], "stats": [{"ci_99": [0.1259693456813693, 0.1879151426255703], "q_25": 0.14660346298478544, "q_75": 0.1596252005547285, "min": 0.1259693456813693, "max": 0.1879151426255703, "mean": 0.15496478732675315, "std": 0.01625539356668828, "repeat": 10, "number": 1}]}, "core.startup.time_import_api": {"result": [0.5029953070916235], "stats": [{"ci_99": [0.4508391683921218, 0.5663251420482993], "q_25": 0.48687311029061675, "q_75": 0.5473852215800434, "min": 0.4508391683921218, "max": 0.5663251420482993, "mean": 0.5087688682600856, "std": 0.04073271074090271, "repeat": 10, "number": 1}]}, "support.path.get_parent_paths.time_allsubmods_toplevel": {"result": [0.007168907206505537], "stats": [{"ci_99": [0.006822698283940554, 0.008692326489835978], "q_25": 0.0069230926455929875, "q_75": 0.007722155307419598, "min": 0.006822698283940554, "max": 0.008692326489835978, "mean": 0.007415769109502435, "std": 0.0005997668134079397, "repeat": 10, "number": 2}]}, "support.path.get_parent_paths.time_allsubmods_toplevel_only": {"result": [0.006172854453325272], "stats": [{"ci_99": [0.006109338719397783, 0.006214914843440056], "q_25": 0.006152047077193856, "q_75": 0.006195030524395406, "min": 0.006109338719397783, "max": 0.006214914843440056, "mean": 0.006171647366136313, "std": 3.014013218451164e-05, "repeat": 10, "number": 2}]}, "support.path.get_parent_paths.time_no_submods": {"result": [2.9107121536792193e-07], "stats": [{"ci_99": [2.6933094430858165e-07, 3.562751418549167e-07], "q_25": 2.7203974040662013e-07, "q_75": 3.3305547722735e-07, "min": 2.6933094430858165e-07, "max": 3.562751418549167e-07, "mean": 3.022931812898526e-07,