{"results": {"api.supers.time_createadd": {"result": [1.0581753561273217], "stats": [{"ci_99": [1.028216346167028, 1.151336775161326], "q_25": 1.0319470902904868, "q_75": 1.0954911336302757, "min": 1.028216346167028, "max": 1.151336775161326, "mean": 1.071410152129829, "std": 0.044028388271411895, "repeat": 10, "number": 1}]}, "api.supers.time_createadd_to_dataset": {"result": [1.0344497272744775], "stats": [{"ci_99": [1.0225588539615273, 1.0568581260740757], "q_25": 1.025716884760186, "q_75": 1.0421744845807552, "min": 1.0225588539615273, "max": 1.0568581260740757, "mean": 1.035859660897404, "std": 0.011254516067146269, "repeat": 10, "number": 1}]}, "api.supers.time_diff": null, "api.supers.time_diff_recursive": null, "api.supers.time_installr": {"result": [4.354374804534018], "stats": [{"ci_99": [4.197690714179466, 4.490934629430135], "q_25": 4.313854288542643, "q_75": 4.3848331877961755, "min": 4.265358530916274, "max": 4.403142547234893, "mean": 4.344312671804801, "std": 0.05263924712619669, "repeat": 4, "number": 1}]}, "api.supers.time_ls": {"result": [0.11868142196908593], "stats": [{"ci_99": [0.1141545595601201, 0.12614698335528374], "q_25": 0.11564549361355603, "q_75": 0.12253904668614268, "min": 0.1141545595601201, "max": 0.12614698335528374, "mean": 0.11953371660783887, "std": 0.0042333249808876455, "repeat": 10, "number": 1}]}, "api.supers.time_ls_recursive": {"result": [1.1237289202399552], "stats": [{"ci_99": [1.08430718164891, 1.1997824357822537], "q_25": 1.0961017617955804, "q_75": 1.1636455988045782, "min": 1.08430718164891, "max": 1.1997824357822537, "mean": 1.1334585869684815, "std": 0.04066977187948129, "repeat": 10, "number": 1}]}, "api.supers.time_ls_recursive_long_all": {"result": [1.2890670988708735], "stats": [{"ci_99": [1.2149256905540824, 1.3800777196884155], "q_25": 1.2244725513737649, "q_75": 1.3601080998778343, "min": 1.2149256905540824, "max": 1.3800777196884155, "mean": 1.2939145951531827, "std": 0.07114819584636366, "repeat": 10, "number": 1}]}, "api.supers.time_remove": {"result": [2.1075991289690137], "stats": [{"ci_99": [1.964315915480256, 2.2708739461377263], "q_25": 1.9715231321752071, "q_75": 2.258743962040171, "min": 1.964315915480256, "max": 2.2708739461377263, "mean": 2.1143335152883083, "std": 0.14386807876185628, "repeat": 8, "number": 1}]}, "api.supers.time_status": {"result": [0.7118303785100579], "stats": [{"ci_99": [0.680339440703392, 0.7924245055764914], "q_25": 0.6935567082837224, "q_75": 0.7840853524394333, "min": 0.680339440703392, "max": 0.7924245055764914, "mean": 0.732282008510083, "std": 0.044374004111233996, "repeat": 10, "number": 1}]}, "api.supers.time_status_recursive": {"result": [1.151321872137487], "stats": [{"ci_99": [1.1341766817495227, 1.321409747004509], "q_25": 1.1370528868865222, "q_75": 1.2916663000360131, "min": 1.1341766817495227, "max": 1.321409747004509, "mean": 1.206454757694155, "std": 0.08073675333451501, "repeat": 10, "number": 1}]}, "api.supers.time_subdatasets": {"result": [0.05978204682469368], "stats": [{"ci_99": [0.05807074159383774, 0.06799865700304508], "q_25": 0.05861125187948346, "q_75": 0.060922980774194, "min": 0.05807074159383774, "max": 0.06799865700304508, "mean": 0.06081843366846442, "std": 0.003125501085390007, "repeat": 10, "number": 1}]}, "api.supers.time_subdatasets_recursive": {"result": [0.24191979505121708], "stats": [{"ci_99": [0.2333255484700203, 0.2637037616223097], "q_25": 0.23774873767979443, "q_75": 0.24377971608191729, "min": 0.2333255484700203, "max": 0.2637037616223097, "mean": 0.24237581929191948, "std": 0.008168393258406216, "repeat": 10, "number": 1}]}, "api.supers.time_subdatasets_recursive_first": {"result": [0.059566400945186615], "stats": [{"ci_99": [0.05721142515540123, 0.06733165867626667], "q_25": 0.059242792427539825, "q_75": 0.060780382016673684, "min": 0.05721142515540123, "max": 0.06733165867626667, "mean": 0.060218446888029575, "std": 0.0026819125588503612, "repeat": 10, "number": 1}]}, "api.supers.time_uninstall": {"result": [2.1187920793890953], "stats": [{"ci_99": [1.957992042414844, 2.1972950026392937], "q_25": 1.9879069379530847, "q_75": 2.185256690485403, "min": 1.957992042414844, "max": 2.1972950026392937, "mean": 2.0909717630129308, "std": 0.10043480452990267, "repeat": 8, "number": 1}]}, "repo.gitrepo.time_get_content_info": {"result": [0.01643472909927368], "stats": [{"ci_99": [0.01487672422081232, 0.023735493421554565], "q_25": 0.016081543639302254, "q_75": 0.017796989297494292, "min": 0.01487672422081232, "max": 0.023735493421554565, "mean": 0.01718637840822339, "std": 0.002410063800254997, "repeat": 10, "number": 1}]}, "api.testds.time_create_test_dataset1": {"result": [0.48048671847209334], "stats": [{"ci_99": [0.4525664420798421, 0.5033620959147811], "q_25": 0.46819803467951715, "q_75": 0.48861109698191285, "min": 0.4525664420798421, "max": 0.5033620959147811, "mean": 0.4785282066091895, "std": 0.016289754467105802, "repeat": 10, "number": 1}]}, "api.testds.time_create_test_dataset2x2": {"result": [2.991737561300397], "stats": [{"ci_99": [2.7936346540733092, 3.14232366992693], "q_25": 2.876739548286423, "q_75": 3.0418830369599164, "min": 2.8193707382306457, "max": 3.108024038374424, "mean": 2.9679791620001197, "std": 0.10583113454554087, "repeat": 6, "number": 1}]}, "core.runner.time_echo": {"result": [0.001765368894363443], "stats": [{"ci_99": [0.0016782406407097976, 0.0019099591299891472], "q_25": 0.0017112141164640586, "q_75": 0.0018030109349638224, "min": 0.0016782406407097976, "max": 0.0019099591299891472, "mean": 0.001765075217311581, "std": 6.716447690189534e-05, "repeat": 10, "number": 6}]}, "core.runner.time_echo_gitrunner": {"result": [0.0021544525399804114], "stats": [{"ci_99": [0.002076468802988529, 0.002366773225367069], "q_25": 0.0021009060088545083, "q_75": 0.002227453701198101, "min": 0.002076468802988529, "max": 0.002366773225367069, "mean": 0.00217669365927577, "std": 9.08670220247939e-05, "repeat": 10, "number": 5}]}, "core.startup.time_help_np": {"result": [0.5178035427816212], "stats": [{"ci_99": [0.5102350693196058, 0.5533204209059477], "q_25": 0.5112128220498562, "q_75": 0.5225553214550018, "min": 0.5102350693196058, "max": 0.5533204209059477, "mean": 0.5207454276271164, "std": 0.012546865502520167, "repeat": 10, "number": 1}]}, "core.startup.time_import": {"result": [0.11937660118564963], "stats": [{"ci_99": [0.11547126062214375, 0.1433406649157405], "q_25": 0.11749088484793901, "q_75": 0.1347216279245913, "min": 0.11547126062214375, "max": 0.1433406649157405, "mean": 0.12503158207982779, "std": 0.010239201219441187, "repeat": 10, "number": 1}]}, "core.startup.time_import_api": {"result": [0.45688079204410315], "stats": [{"ci_99": [0.44660650566220284, 0.499840066768229], "q_25": 0.44875621190294623, "q_75": 0.4675618230830878, "min": 0.44660650566220284, "max": 0.499840066768229, "mean": 0.4617807854898274, "std": 0.016292671054789494, "repeat": 10, "number": 1}]}, "support.path.get_parent_paths.time_allsubmods_toplevel": {"result": [0.007100196089595556], "stats": [{"ci_99": [0.007025051396340132, 0.007133915554732084], "q_25": 0.007082897936925292, "q_75": 0.007116483640857041, "min": 0.007025051396340132, "max": 0.007133915554732084, "mean": 0.007093805633485317, "std": 3.496753302777315e-05, "repeat": 10, "number": 2}]}, "support.path.get_parent_paths.time_allsubmods_toplevel_only": {"result": [0.0065069610718637705], "stats": [{"ci_99": [0.006428207736462355, 0.007391061168164015], "q_25": 0.006492464104667306, "q_75": 0.006644083419814706, "min": 0.006428207736462355, "max": 0.007391061168164015, "mean": 0.006640473706647753, "std": 0.00028396909222973624, "repeat": 10, "number": 2}]}, "support.path.get_parent_paths.time_no_submods": {"result": [2.7751932870430484e-07], "stats": [{"ci_99": [2.710566636994241e-07, 3.237356211698289e-07], "q_25": 2.73278747744372e-07, "q_75": 2.9810279754849013e-07, "min": 2.710566636994241e-07, "max": 3.237356211698289e-07,