{"results": {"api.supers.time_createadd": {"result": [0.9687920301221311], "stats": [{"ci_99": [0.9524516891688108, 1.0019016675651073], "q_25": 0.9615136585198343, "q_75": 0.9720359146595001, "min": 0.9524516891688108, "max": 1.0019016675651073, "mean": 0.9690845215693116, "std": 0.012582460165257115, "repeat": 10, "number": 1}]}, "api.supers.time_createadd_to_dataset": {"result": [0.9782502041198313], "stats": [{"ci_99": [0.9502254659309983, 0.9871792867779732], "q_25": 0.9645770273637027, "q_75": 0.9847036122810096, "min": 0.9502254659309983, "max": 0.9871792867779732, "mean": 0.9741164688020945, "std": 0.012262274143054001, "repeat": 10, "number": 1}]}, "api.supers.time_diff": null, "api.supers.time_diff_recursive": null, "api.supers.time_installr": {"result": [4.1092297225259244], "stats": [{"ci_99": [4.042469813703069, 4.180091665377399], "q_25": 4.09158857120201, "q_75": 4.128921890864149, "min": 4.082896617241204, "max": 4.143766895867884, "mean": 4.111280739540234, "std": 0.02400095485680746, "repeat": 4, "number": 1}]}, "api.supers.time_ls": {"result": [0.12021703273057938], "stats": [{"ci_99": [0.11263614986091852, 0.12924435921013355], "q_25": 0.11809147312305868, "q_75": 0.1230013167951256, "min": 0.11263614986091852, "max": 0.12924435921013355, "mean": 0.1204752448014915, "std": 0.004490950697732939, "repeat": 10, "number": 1}]}, "api.supers.time_ls_recursive": {"result": [1.0805080514401197], "stats": [{"ci_99": [1.0622426895424724, 1.138492688536644], "q_25": 1.07293729390949, "q_75": 1.1205396484583616, "min": 1.0622426895424724, "max": 1.138492688536644, "mean": 1.0934615485370158, "std": 0.027669595143158008, "repeat": 10, "number": 1}]}, "api.supers.time_ls_recursive_long_all": {"result": [1.2584422123618424], "stats": [{"ci_99": [1.2277238173410296, 1.3002630854025483], "q_25": 1.2387485885992646, "q_75": 1.2759274519048631, "min": 1.2277238173410296, "max": 1.3002630854025483, "mean": 1.2597597694024443, "std": 0.023186091673006882, "repeat": 10, "number": 1}]}, "api.supers.time_remove": {"result": [2.0798313529230654], "stats": [{"ci_99": [2.019147696904838, 2.1201759558171034], "q_25": 2.025227358797565, "q_75": 2.116479312069714, "min": 2.019147696904838, "max": 2.1201759558171034, "mean": 2.072806484415196, "std": 0.044144133427124775, "repeat": 8, "number": 1}]}, "api.supers.time_status": {"result": [0.7061460078693926], "stats": [{"ci_99": [0.6874863673001528, 0.7364061512053013], "q_25": 0.688438378740102, "q_75": 0.7194532048888505, "min": 0.6874863673001528, "max": 0.7364061512053013, "mean": 0.7064685557037592, "std": 0.017530325872520236, "repeat": 10, "number": 1}]}, "api.supers.time_status_recursive": {"result": [1.1612957334145904], "stats": [{"ci_99": [1.1392909875139594, 1.2248978447169065], "q_25": 1.1463247244246304, "q_75": 1.1961793305817991, "min": 1.1392909875139594, "max": 1.2248978447169065, "mean": 1.1712535358965397, "std": 0.028833611988809998, "repeat": 10, "number": 1}]}, "api.supers.time_subdatasets": {"result": [0.06327580008655787], "stats": [{"ci_99": [0.061746799387037754, 0.07954990398138762], "q_25": 0.06197740975767374, "q_75": 0.07343099894933403, "min": 0.061746799387037754, "max": 0.07954990398138762, "mean": 0.06723959054797887, "std": 0.006819076494130477, "repeat": 10, "number": 1}]}, "api.supers.time_subdatasets_recursive": {"result": [0.24856216320768], "stats": [{"ci_99": [0.24303404707461596, 0.2504237489774823], "q_25": 0.24379577836953104, "q_75": 0.2501620431430638, "min": 0.24303404707461596, "max": 0.2504237489774823, "mean": 0.24723885860294104, "std": 0.003102197929849178, "repeat": 10, "number": 1}]}, "api.supers.time_subdatasets_recursive_first": {"result": [0.06352828303351998], "stats": [{"ci_99": [0.061017340049147606, 0.07082992140203714], "q_25": 0.061545269563794136, "q_75": 0.06746680987998843, "min": 0.061017340049147606, "max": 0.07082992140203714, "mean": 0.06451526759192347, "std": 0.003430838801048049, "repeat": 10, "number": 1}]}, "api.supers.time_uninstall": {"result": [1.993811683729291], "stats": [{"ci_99": [1.9774401634931564, 2.024161245673895], "q_25": 1.9833611706271768, "q_75": 1.9992342768236995, "min": 1.9774401634931564, "max": 2.024161245673895, "mean": 1.9946117505896837, "std": 0.014365434089197132, "repeat": 8, "number": 1}]}, "repo.gitrepo.time_get_content_info": {"result": [0.02007027855142951], "stats": [{"ci_99": [0.01644234638661146, 0.024447781033813953], "q_25": 0.019491192419081926, "q_75": 0.021298319334164262, "min": 0.01644234638661146, "max": 0.024447781033813953, "mean": 0.020475716423243286, "std": 0.0020789734208027455, "repeat": 10, "number": 1}]}, "api.testds.time_create_test_dataset1": {"result": [0.4347365302965045], "stats": [{"ci_99": [0.42933327052742243, 0.4444501791149378], "q_25": 0.4320270107127726, "q_75": 0.4405257690232247, "min": 0.42933327052742243, "max": 0.4444501791149378, "mean": 0.4359042214229703, "std": 0.0051373219678674175, "repeat": 10, "number": 1}]}, "api.testds.time_create_test_dataset2x2": {"result": [2.6985089452937245], "stats": [{"ci_99": [2.675734448914228, 2.731130413711071], "q_25": 2.6956805328372866, "q_75": 2.71244422881864, "min": 2.6762180998921394, "max": 2.731130413711071, "mean": 2.702698909367124, "std": 0.017303064440237062, "repeat": 6, "number": 1}]}, "core.runner.time_echo": {"result": [0.0019414229318499565], "stats": [{"ci_99": [0.0017230411370595296, 0.002298367985834678], "q_25": 0.0017384793997431796, "q_75": 0.0021199805196374655, "min": 0.0017230411370595296, "max": 0.002298367985834678, "mean": 0.0019507894292473793, "std": 0.00020713877745708856, "repeat": 10, "number": 6}]}, "core.runner.time_echo_gitrunner": {"result": [0.0022233427735045552], "stats": [{"ci_99": [0.002119939774274826, 0.0024108770303428173], "q_25": 0.0021750510204583406, "q_75": 0.002324885397683829, "min": 0.002119939774274826, "max": 0.0024108770303428173, "mean": 0.002250734716653824, "std": 9.875458349174262e-05, "repeat": 10, "number": 4}]}, "core.startup.time_help_np": {"result": [0.56984649784863], "stats": [{"ci_99": [0.5191729692742229, 0.6296457033604383], "q_25": 0.5620106614660472, "q_75": 0.6036445589270443, "min": 0.5191729692742229, "max": 0.6296457033604383, "mean": 0.5755677882581949, "std": 0.03559595338005009, "repeat": 10, "number": 1}]}, "core.startup.time_import": {"result": [0.16812754422426224], "stats": [{"ci_99": [0.14897398836910725, 0.19428159669041634], "q_25": 0.1629589565563947, "q_75": 0.172231403645128, "min": 0.14897398836910725, "max": 0.19428159669041634, "mean": 0.17023277804255485, "std": 0.013532238187495545, "repeat": 10, "number": 1}]}, "core.startup.time_import_api": {"result": [0.4968917965888977], "stats": [{"ci_99": [0.4575160061940551, 0.5737228104844689], "q_25": 0.493578617926687, "q_75": 0.5324241067282856, "min": 0.4575160061940551, "max": 0.5737228104844689, "mean": 0.511009792983532, "std": 0.03438657600330011, "repeat": 10, "number": 1}]}, "support.path.get_parent_paths.time_allsubmods_toplevel": null, "support.path.get_parent_paths.time_allsubmods_toplevel_only": null, "support.path.get_parent_paths.time_no_submods": null, "support.path.get_parent_paths.time_one_submod_subdir": null, "support.path.get_parent_paths.time_one_submod_toplevel": null, "usecases.study_forrest.time_make_studyforrest_mockup": {"result": [26.411050951573998], "stats": [{"ci_99": [25.128898627590388, 27.693203275557607], "q_25": 26.39822942833416, "q_75": 26.423872474813834, "min": 26.385407905094326, "max": 26.43669399805367, "mean": 26.411050951573998, "std": 0.025643046479672194, "repeat": 2, "number": 1}]}, "core.runner.track_overhead_100ms": 1.65, "core.runner.track_overhead_echo": 29.23, "core.runner.track_overhead_heavyout": 8.79, "core.runner.track_overhead_heavyout_online_process": 21.78, "core.runner.track_overhead_heavyout_online_through": 11.9}, "params": {"arch": "x86_64", "cpu": "Intel(R) Xeon(R) CPU E5-1607 v2 @ 3.00GHz",