{"results": {"api.supers.time_createadd": {"result": [1.2992737051099539], "stats": [{"ci_99": [1.2917800014838576, 1.313467213883996], "q_25": 1.296457387972623, "q_75": 1.306550565175712, "min": 1.2917800014838576, "max": 1.313467213883996, "mean": 1.3010805221274495, "std": 0.006978704572736149, "repeat": 10, "number": 1}]}, "api.supers.time_createadd_to_dataset": {"result": [1.2470053732395172], "stats": [{"ci_99": [1.2255495097488165, 1.2686601830646396], "q_25": 1.2409098718781024, "q_75": 1.255974718136713, "min": 1.2255495097488165, "max": 1.2686601830646396, "mean": 1.246613778360188, "std": 0.012439621022538927, "repeat": 10, "number": 1}]}, "api.supers.time_diff": null, "api.supers.time_diff_recursive": null, "api.supers.time_installr": {"result": [5.371254430618137], "stats": [{"ci_99": [5.299260937143117, 5.443247924093157], "q_25": 5.370534495683387, "q_75": 5.371974365552887, "min": 5.369814560748637, "max": 5.3726943004876375, "mean": 5.371254430618137, "std": 0.0014398698695003986, "repeat": 2, "number": 1}]}, "api.supers.time_ls": {"result": [0.18539932975545526], "stats": [{"ci_99": [0.18019196391105652, 0.2014526752755046], "q_25": 0.18119272077456117, "q_75": 0.18851267616264522, "min": 0.18019196391105652, "max": 0.2014526752755046, "mean": 0.1863093444146216, "std": 0.0061813924131860105, "repeat": 10, "number": 1}]}, "api.supers.time_ls_recursive": {"result": [1.8011022759601474], "stats": [{"ci_99": [1.782103955745697, 1.8558230018243194], "q_25": 1.788899574894458, "q_75": 1.834157803794369, "min": 1.782103955745697, "max": 1.8558230018243194, "mean": 1.8107056690379977, "std": 0.02611030473361563, "repeat": 10, "number": 1}]}, "api.supers.time_ls_recursive_long_all": {"result": [1.9437641180120409], "stats": [{"ci_99": [1.9011122351512313, 1.9664570717141032], "q_25": 1.9107413727324456, "q_75": 1.9548756796866655, "min": 1.9011122351512313, "max": 1.9664570717141032, "mean": 1.9358678918797523, "std": 0.02317496488758129, "repeat": 8, "number": 1}]}, "api.supers.time_remove": null, "api.supers.time_status": {"result": [0.7242299509234726], "stats": [{"ci_99": [0.7167466022074223, 0.7382963476702571], "q_25": 0.7217881474643946, "q_75": 0.7284264550544322, "min": 0.7167466022074223, "max": 0.7382963476702571, "mean": 0.7250360854901373, "std": 0.005923184641897811, "repeat": 10, "number": 1}]}, "api.supers.time_status_recursive": {"result": [1.3696189522743225], "stats": [{"ci_99": [1.361170832067728, 1.379243210889399], "q_25": 1.3676598747260869, "q_75": 1.373045889660716, "min": 1.361170832067728, "max": 1.379243210889399, "mean": 1.3700489174574613, "std": 0.004819486967494273, "repeat": 10, "number": 1}]}, "api.supers.time_subdatasets": {"result": [0.09552600421011448], "stats": [{"ci_99": [0.09384809620678425, 0.1168015031144023], "q_25": 0.09454946918413043, "q_75": 0.09969368460588157, "min": 0.09384809620678425, "max": 0.1168015031144023, "mean": 0.0985313132405281, "std": 0.006790873487586094, "repeat": 10, "number": 1}]}, "api.supers.time_subdatasets_recursive": {"result": [0.4315973864868283], "stats": [{"ci_99": [0.4244664339348674, 0.4399610636755824], "q_25": 0.43064379203133285, "q_75": 0.4326281116809696, "min": 0.4244664339348674, "max": 0.4399610636755824, "mean": 0.43234736621379855, "std": 0.004260301193048373, "repeat": 10, "number": 1}]}, "api.supers.time_subdatasets_recursive_first": {"result": [0.09680528519675136], "stats": [{"ci_99": [0.09273858461529016, 0.10566420946270227], "q_25": 0.09471557079814374, "q_75": 0.09800302260555327, "min": 0.09273858461529016, "max": 0.10566420946270227, "mean": 0.09702762495726347, "std": 0.0034378084202461657, "repeat": 10, "number": 1}]}, "api.supers.time_uninstall": {"result": [4.206165718380362], "stats": [{"ci_99": [4.088295386615716, 4.331322601087815], "q_25": 4.17076713568531, "q_75": 4.245207576546818, "min": 4.165041834115982, "max": 4.261862704530358, "mean": 4.209808993851766, "std": 0.041783413087627515, "repeat": 4, "number": 1}]}, "repo.gitrepo.time_get_content_info": {"result": [0.01627191575244069], "stats": [{"ci_99": [0.014381814748048782, 0.020064184442162514], "q_25": 0.01611226098611951, "q_75": 0.016619982896372676, "min": 0.014381814748048782, "max": 0.020064184442162514, "mean": 0.016495593078434467, "std": 0.0013940362139021065, "repeat": 10, "number": 1}]}, "api.testds.time_create_test_dataset1": {"result": [0.6219281330704689], "stats": [{"ci_99": [0.6143251843750477, 0.6325393049046397], "q_25": 0.6167334734927863, "q_75": 0.6249417858198285, "min": 0.6143251843750477, "max": 0.6325393049046397, "mean": 0.6216207408346236, "std": 0.005718566387456916, "repeat": 10, "number": 1}]}, "api.testds.time_create_test_dataset2x2": {"result": [3.8237580726854503], "stats": [{"ci_99": [3.8029859401626127, 3.8477091854097702], "q_25": 3.8201953629031777, "q_75": 3.8289102725684643, "min": 3.8155810413882136, "max": 3.8382930643856525, "mean": 3.8253475627861917, "std": 0.008309963009865895, "repeat": 4, "number": 1}]}, "core.runner.time_echo": {"result": [0.0018130565062165261], "stats": [{"ci_99": [0.0017177311703562737, 0.002403632737696171], "q_25": 0.0017746437806636097, "q_75": 0.001888727629557252, "min": 0.0017177311703562737, "max": 0.002403632737696171, "mean": 0.0018778200447559356, "std": 0.00019054924065452602, "repeat": 10, "number": 5}]}, "core.runner.time_echo_gitrunner": {"result": [0.0022840151796117425], "stats": [{"ci_99": [0.002102139638736844, 0.0028150263242423534], "q_25": 0.0021213284926488996, "q_75": 0.0025444210041314363, "min": 0.002102139638736844, "max": 0.0028150263242423534, "mean": 0.0023605966242030265, "std": 0.00025864740860454563, "repeat": 10, "number": 4}]}, "core.startup.time_help_np": {"result": [0.6115217851474881], "stats": [{"ci_99": [0.5594304092228413, 0.6359754959121346], "q_25": 0.5990976789034903, "q_75": 0.6214501205831766, "min": 0.5594304092228413, "max": 0.6359754959121346, "mean": 0.6065018739551306, "std": 0.02331902740637021, "repeat": 10, "number": 1}]}, "core.startup.time_import": {"result": [0.18330984143540263], "stats": [{"ci_99": [0.13046100083738565, 0.21796840522438288], "q_25": 0.17528251744806767, "q_75": 0.20680697332136333, "min": 0.13046100083738565, "max": 0.21796840522438288, "mean": 0.1845440904609859, "std": 0.02686604819779858, "repeat": 10, "number": 1}]}, "core.startup.time_import_api": {"result": [0.5516574322246015], "stats": [{"ci_99": [0.48536940664052963, 0.606581729836762], "q_25": 0.5434233567211777, "q_75": 0.5986687808763236, "min": 0.48536940664052963, "max": 0.606581729836762, "mean": 0.5571953661739826, "std": 0.04239190009858171, "repeat": 10, "number": 1}]}, "support.path.get_parent_paths.time_allsubmods_toplevel": {"result": [0.0068743659649044275], "stats": [{"ci_99": [0.006767009850591421, 0.008478184696286917], "q_25": 0.006843937444500625, "q_75": 0.007480754633434117, "min": 0.006767009850591421, "max": 0.008478184696286917, "mean": 0.007225574040785432, "std": 0.0005611598709475478, "repeat": 10, "number": 2}]}, "support.path.get_parent_paths.time_allsubmods_toplevel_only": {"result": [0.007236213656142354], "stats": [{"ci_99": [0.006471169646829367, 0.008226573467254639], "q_25": 0.006875624065287411, "q_75": 0.0076339609222486615, "min": 0.006471169646829367, "max": 0.008226573467254639, "mean": 0.0072607162874192, "std": 0.0005574297040520522, "repeat": 10, "number": 2}]}, "support.path.get_parent_paths.time_no_submods": {"result": [3.3655558385562923e-07], "stats": [{"ci_99": [3.1271035620590113e-07, 3.657469969399634e-07], "q_25": 3.2486413560545325e-07, "q_75": 3.493162673926519e-07, "min": 3.1271035620590113e-07, "max": 3.657469969399634e-07, "mean": 3.374145974352656e-07, "std": 1.684842467939562e-08, "repeat": 10, "number": 25869}]}, "support.path.get_parent_paths.time_one_submod_subdir": {"result": [0.0062305957544595], "stats": [{"ci_99": [0.005566817708313465, 0.00698492769151926], "q_25": 0.005955482367426157,