{"results": {"api.supers.time_createadd": {"result": [1.3490394079126418], "stats": [{"ci_99": [1.3301595896482468, 1.3779209777712822], "q_25": 1.342364447657019, "q_75": 1.3534190128557384, "min": 1.3301595896482468, "max": 1.3779209777712822, "mean": 1.34954163627699, "std": 0.012731437011426813, "repeat": 10, "number": 1}]}, "api.supers.time_createadd_to_dataset": {"result": [1.113481744658202], "stats": [{"ci_99": [1.1041523274034262, 1.1343152886256576], "q_25": 1.1091495382133871, "q_75": 1.1198366777971387, "min": 1.1041523274034262, "max": 1.1343152886256576, "mean": 1.1151138151995839, "std": 0.008298328057421884, "repeat": 10, "number": 1}]}, "api.supers.time_diff": {"result": [0.1019577938131988], "stats": [{"ci_99": [0.09169170912355185, 0.1192466365173459], "q_25": 0.10057545127347112, "q_75": 0.11039117258042097, "min": 0.09169170912355185, "max": 0.1192466365173459, "mean": 0.10443043997511267, "std": 0.008875781670225747, "repeat": 10, "number": 1}]}, "api.supers.time_diff_recursive": {"result": [0.3071495550684631], "stats": [{"ci_99": [0.3018360072746873, 0.31724487617611885], "q_25": 0.30554282758384943, "q_75": 0.3157462084200233, "min": 0.3018360072746873, "max": 0.31724487617611885, "mean": 0.309477670956403, "std": 0.005608200654118779, "repeat": 10, "number": 1}]}, "api.supers.time_installr": {"result": [3.8569050380028784], "stats": [{"ci_99": [3.7709294854616355, 3.917925501805769], "q_25": 3.8349986621178687, "q_75": 3.866333869518712, "min": 3.7969169756397605, "max": 3.8669829228892922, "mean": 3.8444274936337024, "std": 0.028491729176567154, "repeat": 4, "number": 1}]}, "api.supers.time_ls": {"result": [0.7032022099010646], "stats": [{"ci_99": [0.6916117779910564, 0.7144464738667011], "q_25": 0.6983374345581979, "q_75": 0.707887859782204, "min": 0.6916117779910564, "max": 0.7144464738667011, "mean": 0.7026745527051389, "std": 0.007207305236171463, "repeat": 10, "number": 1}]}, "api.supers.time_ls_recursive": {"result": [2.647439867723733], "stats": [{"ci_99": [2.6264067099497868, 2.659147032871231], "q_25": 2.6348145434167236, "q_75": 2.6499545932747424, "min": 2.626714777201414, "max": 2.6536677787080407, "mean": 2.642776871410509, "std": 0.01010706137482843, "repeat": 6, "number": 1}]}, "api.supers.time_ls_recursive_long_all": {"result": [2.800951591692865], "stats": [{"ci_99": [2.7899022959662267, 2.8139933384465388], "q_25": 2.7969609012361616, "q_75": 2.806692441692576, "min": 2.7917565079405904, "max": 2.813790482468903, "mean": 2.8019478172063828, "std": 0.00741547458132697, "repeat": 6, "number": 1}]}, "api.supers.time_remove": {"result": [2.113124086521566], "stats": [{"ci_99": [2.0769698722288013, 2.124278623610735], "q_25": 2.0887996417004615, "q_75": 2.116095762932673, "min": 2.0769698722288013, "max": 2.124278623610735, "mean": 2.1044035403756425, "std": 0.0169190853194368, "repeat": 8, "number": 1}]}, "api.supers.time_status": {"result": [0.6876576370559633], "stats": [{"ci_99": [0.6797926053404808, 0.7053981646895409], "q_25": 0.6848592637106776, "q_75": 0.6930411646608263, "min": 0.6797926053404808, "max": 0.7053981646895409, "mean": 0.6900124424137175, "std": 0.007485380961212911, "repeat": 10, "number": 1}]}, "api.supers.time_status_recursive": {"result": [1.1481361198239028], "stats": [{"ci_99": [1.1350140664726496, 1.1606347430497408], "q_25": 1.1435162206180394, "q_75": 1.1497760138008744, "min": 1.1350140664726496, "max": 1.1606347430497408, "mean": 1.147062815912068, "std": 0.006336983199098157, "repeat": 10, "number": 1}]}, "api.supers.time_subdatasets": {"result": [0.05199288949370384], "stats": [{"ci_99": [0.04696307145059109, 0.057879638858139515], "q_25": 0.0493503725156188, "q_75": 0.05477984668686986, "min": 0.04696307145059109, "max": 0.057879638858139515, "mean": 0.05215066373348236, "std": 0.0035504669427942003, "repeat": 10, "number": 1}]}, "api.supers.time_subdatasets_recursive": {"result": [0.1264099539257586], "stats": [{"ci_99": [0.11884636245667934, 0.14044362027198076], "q_25": 0.12109881266951561, "q_75": 0.12980755744501948, "min": 0.11884636245667934, "max": 0.14044362027198076, "mean": 0.1269672641530633, "std": 0.006691465680084449, "repeat": 10, "number": 1}]}, "api.supers.time_subdatasets_recursive_first": {"result": [0.052684576250612736], "stats": [{"ci_99": [0.05006735771894455, 0.06449269782751799], "q_25": 0.051739724818617105, "q_75": 0.05624105711467564, "min": 0.05006735771894455, "max": 0.06449269782751799, "mean": 0.054517632257193326, "std": 0.004214263856788492, "repeat": 10, "number": 1}]}, "api.supers.time_uninstall": {"result": [2.1772748013027012], "stats": [{"ci_99": [2.1648946963250637, 2.229249161668122], "q_25": 2.1693733076099306, "q_75": 2.189177962485701, "min": 2.1648946963250637, "max": 2.229249161668122, "mean": 2.185051680658944, "std": 0.021559966804347578, "repeat": 8, "number": 1}]}, "repo.gitrepo.time_get_content_info": {"result": [0.02135613188147545], "stats": [{"ci_99": [0.01806644257158041, 0.022381026297807693], "q_25": 0.019592331489548087, "q_75": 0.02204641979187727, "min": 0.01806644257158041, "max": 0.022381026297807693, "mean": 0.020790913514792918, "std": 0.0014508795598964618, "repeat": 10, "number": 1}]}, "api.testds.time_create_test_dataset1": {"result": [0.441470748744905], "stats": [{"ci_99": [0.4357019905000925, 0.45262861251831055], "q_25": 0.4385300544090569, "q_75": 0.4429003109689802, "min": 0.4357019905000925, "max": 0.45262861251831055, "mean": 0.4421240005642176, "std": 0.005010888486426383, "repeat": 10, "number": 1}]}, "api.testds.time_create_test_dataset2x2": {"result": [2.7692054300569], "stats": [{"ci_99": [2.7541765443722435, 2.7857032995308413], "q_25": 2.761993207735941, "q_75": 2.7786470053251833, "min": 2.757783758454025, "max": 2.782061582431197, "mean": 2.769939921951542, "std": 0.009385530332826103, "repeat": 6, "number": 1}]}, "core.runner.time_echo": {"result": [0.0021366949658840895], "stats": [{"ci_99": [0.0017535996157675982, 0.00241555692628026], "q_25": 0.0019322197185829282, "q_75": 0.0022217792575247586, "min": 0.0017535996157675982, "max": 0.00241555692628026, "mean": 0.0020917432848364115, "std": 0.0002085092368547162, "repeat": 10, "number": 4}]}, "core.runner.time_echo_gitrunner": {"result": [0.002228642231784761], "stats": [{"ci_99": [0.0020937169902026653, 0.0027353239711374044], "q_25": 0.002109602850396186, "q_75": 0.00248660339275375, "min": 0.0020937169902026653, "max": 0.0027353239711374044, "mean": 0.002319243154488504, "std": 0.00023439964319709144, "repeat": 10, "number": 4}]}, "core.startup.time_help_np": {"result": [0.5647802334278822], "stats": [{"ci_99": [0.5214969394728541, 0.6452080933377147], "q_25": 0.5606735467445105, "q_75": 0.57915666163899, "min": 0.5214969394728541, "max": 0.6452080933377147, "mean": 0.571580548491329, "std": 0.029463549382762612, "repeat": 10, "number": 1}]}, "core.startup.time_import": {"result": [0.15963964816182852], "stats": [{"ci_99": [0.11375239305198193, 0.18814940098673105], "q_25": 0.1486879545263946, "q_75": 0.16686378768645227, "min": 0.11375239305198193, "max": 0.18814940098673105, "mean": 0.15720670027658343, "std": 0.02201867136348874, "repeat": 10, "number": 1}]}, "core.startup.time_import_api": {"result": [0.5076119811274111], "stats": [{"ci_99": [0.4600839866325259, 0.5446694502606988], "q_25": 0.4940198140684515, "q_75": 0.5206634090282023, "min": 0.4600839866325259, "max": 0.5446694502606988, "mean": 0.5074066272005439, "std": 0.02359259104527225, "repeat": 10, "number": 1}]}, "support.path.get_parent_paths.time_allsubmods_toplevel": null, "support.path.get_parent_paths.time_allsubmods_toplevel_only": null, "support.path.get_parent_paths.time_no_submods": null, "support.path.get_parent_paths.time_one_submod_subdir": null, "support.path.get_parent_paths.time_one_submod_toplevel": null, "usecases.study_forrest.time_make_studyforrest_mockup": {"result": [36.12055769376457], "stats": [{"ci_99": [2.5259201899170876, 69.71519519761202],