{"results": {"api.supers.time_createadd": {"result": [1.0579825923778117], "stats": [{"ci_99": [1.047043090686202, 1.0892037758603692], "q_25": 1.0529393488541245, "q_75": 1.0601224615238607, "min": 1.047043090686202, "max": 1.0892037758603692, "mean": 1.0597905267961323, "std": 0.01184465991832973, "repeat": 10, "number": 1}]}, "api.supers.time_createadd_to_dataset": {"result": [1.0598432789556682], "stats": [{"ci_99": [1.0497295083478093, 1.0730379959568381], "q_25": 1.055128026055172, "q_75": 1.0677827796898782, "min": 1.0497295083478093, "max": 1.0730379959568381, "mean": 1.0613256790675223, "std": 0.007578043394839377, "repeat": 10, "number": 1}]}, "api.supers.time_diff": null, "api.supers.time_diff_recursive": null, "api.supers.time_installr": {"result": [4.026410527992994], "stats": [{"ci_99": [3.9678371512472257, 4.087332242526896], "q_25": 4.017362301936373, "q_75": 4.0366329229436815, "min": 3.9973245710134506, "max": 4.060193160548806, "mean": 4.027584696887061, "std": 0.022321338562130266, "repeat": 4, "number": 1}]}, "api.supers.time_ls": {"result": [0.11884158523753285], "stats": [{"ci_99": [0.11352234520018101, 0.12136744521558285], "q_25": 0.1150201940909028, "q_75": 0.11994806258007884, "min": 0.11352234520018101, "max": 0.12136744521558285, "mean": 0.11777267912402749, "std": 0.002739866898591599, "repeat": 10, "number": 1}]}, "api.supers.time_ls_recursive": {"result": [1.0806231340393424], "stats": [{"ci_99": [1.0610950263217092, 1.1147231785580516], "q_25": 1.0749178738333285, "q_75": 1.09064691956155, "min": 1.0610950263217092, "max": 1.1147231785580516, "mean": 1.0844999429769815, "std": 0.015621768403703978, "repeat": 10, "number": 1}]}, "api.supers.time_ls_recursive_long_all": {"result": [1.2399038970470428], "stats": [{"ci_99": [1.2214074851945043, 1.2636392395943403], "q_25": 1.2348749553784728, "q_75": 1.2493226977530867, "min": 1.2214074851945043, "max": 1.2636392395943403, "mean": 1.2428533437661826, "std": 0.012391829274058859, "repeat": 10, "number": 1}]}, "api.supers.time_remove": {"result": [1.9997242935933173], "stats": [{"ci_99": [1.9975344762206078, 2.0177777158096433], "q_25": 1.998372824396938, "q_75": 2.0060401652008295, "min": 1.9975344762206078, "max": 2.0177777158096433, "mean": 2.0032579293474555, "std": 0.006755471391445637, "repeat": 8, "number": 1}]}, "api.supers.time_status": {"result": [0.6977597367949784], "stats": [{"ci_99": [0.6896079303696752, 0.7100731311365962], "q_25": 0.6937473986763507, "q_75": 0.7019213095773011, "min": 0.6896079303696752, "max": 0.7100731311365962, "mean": 0.6980298016220331, "std": 0.0061470675699045975, "repeat": 10, "number": 1}]}, "api.supers.time_status_recursive": {"result": [1.1636553728021681], "stats": [{"ci_99": [1.1522767087444663, 1.170451826415956], "q_25": 1.1612347431946546, "q_75": 1.1650727917440236, "min": 1.1522767087444663, "max": 1.170451826415956, "mean": 1.162914904486388, "std": 0.005481468832671529, "repeat": 10, "number": 1}]}, "api.supers.time_subdatasets": {"result": [0.0671526831574738], "stats": [{"ci_99": [0.06023338809609413, 0.07761556468904018], "q_25": 0.06288998620584607, "q_75": 0.06813855445943773, "min": 0.06023338809609413, "max": 0.07761556468904018, "mean": 0.06669377414509654, "std": 0.004753255962727596, "repeat": 10, "number": 1}]}, "api.supers.time_subdatasets_recursive": {"result": [0.24558702809736133], "stats": [{"ci_99": [0.2397927436977625, 0.25568974018096924], "q_25": 0.24302511988207698, "q_75": 0.2504584384150803, "min": 0.2397927436977625, "max": 0.25568974018096924, "mean": 0.24666721103712916, "std": 0.004820464745850145, "repeat": 10, "number": 1}]}, "api.supers.time_subdatasets_recursive_first": {"result": [0.06663803895935416], "stats": [{"ci_99": [0.060973978601396084, 0.0764565272256732], "q_25": 0.06493932567536831, "q_75": 0.06934826192446053, "min": 0.060973978601396084, "max": 0.0764565272256732, "mean": 0.06745949257165193, "std": 0.00400236660939439, "repeat": 10, "number": 1}]}, "api.supers.time_uninstall": {"result": [1.9634499847888947], "stats": [{"ci_99": [1.9467510785907507, 1.993938290514052], "q_25": 1.96266478439793, "q_75": 1.9704789649695158, "min": 1.9467510785907507, "max": 1.993938290514052, "mean": 1.9671738153556362, "std": 0.012765721024496501, "repeat": 8, "number": 1}]}, "repo.gitrepo.time_get_content_info": {"result": [0.021372477989643812], "stats": [{"ci_99": [0.017438052222132683, 0.024879610165953636], "q_25": 0.020146600203588605, "q_75": 0.02198645193129778, "min": 0.017438052222132683, "max": 0.024879610165953636, "mean": 0.021056167129427195, "std": 0.0019353391061472408, "repeat": 10, "number": 1}]}, "api.testds.time_create_test_dataset1": {"result": [0.44141038460657], "stats": [{"ci_99": [0.43546490743756294, 0.45068254321813583], "q_25": 0.43854155554436147, "q_75": 0.44515530834905803, "min": 0.43546490743756294, "max": 0.45068254321813583, "mean": 0.4419598969630897, "std": 0.004384361298126735, "repeat": 10, "number": 1}]}, "api.testds.time_create_test_dataset2x2": {"result": [2.8698464217595756], "stats": [{"ci_99": [2.844391251146988, 2.8934083110563997], "q_25": 2.8556224405765533, "q_75": 2.8819405445829034, "min": 2.850638753734529, "max": 2.88621405698359, "mean": 2.868899781101694, "std": 0.014162630034744684, "repeat": 6, "number": 1}]}, "core.runner.time_echo": {"result": [0.001795156393200159], "stats": [{"ci_99": [0.0017097858712077142, 0.0020683156326413155], "q_25": 0.0017198313958942891, "q_75": 0.0019232607912272215, "min": 0.0017097858712077142, "max": 0.0020683156326413155, "mean": 0.0018335697986185551, "std": 0.00012748793646440995, "repeat": 10, "number": 5}]}, "core.runner.time_echo_gitrunner": {"result": [0.002494234312325716], "stats": [{"ci_99": [0.0020848093554377556, 0.0034359902143478393], "q_25": 0.0021555614192038776, "q_75": 0.0029764224309474234, "min": 0.0020848093554377556, "max": 0.0034359902143478393, "mean": 0.0026058221980929373, "std": 0.000495533640968555, "repeat": 10, "number": 5}]}, "core.startup.time_help_np": {"result": [0.5874236519448459], "stats": [{"ci_99": [0.5251471158117056, 0.6166694592684507], "q_25": 0.5697023747488856, "q_75": 0.6054207177367061, "min": 0.5251471158117056, "max": 0.6166694592684507, "mean": 0.5841989699751139, "std": 0.026627014328787123, "repeat": 10, "number": 1}]}, "core.startup.time_import": {"result": [0.15815963223576546], "stats": [{"ci_99": [0.11395851895213127, 0.20615442283451557], "q_25": 0.1371211614459753, "q_75": 0.18794281966984272, "min": 0.11395851895213127, "max": 0.20615442283451557, "mean": 0.1596630083397031, "std": 0.030553006850365515, "repeat": 10, "number": 1}]}, "core.startup.time_import_api": {"result": [0.5103765702806413], "stats": [{"ci_99": [0.458841516636312, 0.5502446070313454], "q_25": 0.5036540406290442, "q_75": 0.5440776282921433, "min": 0.458841516636312, "max": 0.5502446070313454, "mean": 0.514158958569169, "std": 0.03038647895447046, "repeat": 10, "number": 1}]}, "support.path.get_parent_paths.time_allsubmods_toplevel": {"result": [0.007221901323646307], "stats": [{"ci_99": [0.006885498762130737, 0.008626899216324091], "q_25": 0.006944786757230759, "q_75": 0.00765209854580462, "min": 0.006885498762130737, "max": 0.008626899216324091, "mean": 0.007412233436480164, "std": 0.0005528475800229296, "repeat": 10, "number": 2}]}, "support.path.get_parent_paths.time_allsubmods_toplevel_only": {"result": [0.006799683207646012], "stats": [{"ci_99": [0.006185184698551893, 0.007552959956228733], "q_25": 0.006447231280617416, "q_75": 0.007118126493878663, "min": 0.006185184698551893, "max": 0.007552959956228733, "mean": 0.006801043311133981, "std": 0.0004367016079982209, "repeat": 10, "number": 2}]}, "support.path.get_parent_paths.time_no_submods": {"result": [2.815441760790259e-07], "stats": [{"ci_99": [2.67229019198384e-07, 3.5482214065177293e-07], "q_25": 2.680459588096744e-07, "q_75": 3.144950556604242e-07, "min": 2.67229019198384e-07, "max": 3.5482214065177293e-07,