{"results": {"api.supers.time_createadd": {"result": [1.2649402632378042], "stats": [{"ci_99": [1.2523747570812702, 1.3004254680126905], "q_25": 1.2588410042226315, "q_75": 1.2680611677933484, "min": 1.2523747570812702, "max": 1.3004254680126905, "mean": 1.2670098766684532, "std": 0.012679069732208089, "repeat": 10, "number": 1}]}, "api.supers.time_createadd_to_dataset": {"result": [1.219162390101701], "stats": [{"ci_99": [1.2044837353751063, 1.2300845878198743], "q_25": 1.2059715508949012, "q_75": 1.224622902693227, "min": 1.2044837353751063, "max": 1.2300845878198743, "mean": 1.2167977672070265, "std": 0.00977056776297695, "repeat": 10, "number": 1}]}, "api.supers.time_diff": null, "api.supers.time_diff_recursive": null, "api.supers.time_installr": {"result": [5.044890638906509], "stats": [{"ci_99": [4.79431715933606, 5.295464118476957], "q_25": 5.042384904110804, "q_75": 5.047396373702213, "min": 5.0398791693151, "max": 5.049902108497918, "mean": 5.044890638906509, "std": 0.005011469591408968, "repeat": 2, "number": 1}]}, "api.supers.time_ls": {"result": [0.18589215027168393], "stats": [{"ci_99": [0.18113833013921976, 0.20793393719941378], "q_25": 0.18226187024265528, "q_75": 0.19003331544809043, "min": 0.18113833013921976, "max": 0.20793393719941378, "mean": 0.18813407476991414, "std": 0.007744063447490826, "repeat": 10, "number": 1}]}, "api.supers.time_ls_recursive": {"result": [1.7817400437779725], "stats": [{"ci_99": [1.7698751790449023, 1.7896473724395037], "q_25": 1.774442594498396, "q_75": 1.784061781829223, "min": 1.7698751790449023, "max": 1.7896473724395037, "mean": 1.780285462923348, "std": 0.0064531499525376035, "repeat": 10, "number": 1}]}, "api.supers.time_ls_recursive_long_all": {"result": [1.9431503475643694], "stats": [{"ci_99": [1.9274427713826299, 1.955141194164753], "q_25": 1.9306362008210272, "q_75": 1.945435663452372, "min": 1.9274427713826299, "max": 1.955141194164753, "mean": 1.940256717381999, "std": 0.009554156588802444, "repeat": 8, "number": 1}]}, "api.supers.time_remove": null, "api.supers.time_status": {"result": [0.7262827511876822], "stats": [{"ci_99": [0.7184943063184619, 0.7350726202130318], "q_25": 0.7229420156218112, "q_75": 0.7285688265692443, "min": 0.7184943063184619, "max": 0.7350726202130318, "mean": 0.7258747277781368, "std": 0.004694992660778539, "repeat": 10, "number": 1}]}, "api.supers.time_status_recursive": {"result": [1.3713755011558533], "stats": [{"ci_99": [1.3660125099122524, 1.3795558465644717], "q_25": 1.3672134252265096, "q_75": 1.3736061854287982, "min": 1.3660125099122524, "max": 1.3795558465644717, "mean": 1.3711348848417402, "std": 0.004071196076482966, "repeat": 10, "number": 1}]}, "api.supers.time_subdatasets": {"result": [0.08275708090513945], "stats": [{"ci_99": [0.0800289073958993, 0.08638305030763149], "q_25": 0.08132143691182137, "q_75": 0.08420906425453722, "min": 0.0800289073958993, "max": 0.08638305030763149, "mean": 0.08285008473321795, "std": 0.0018847531768862607, "repeat": 10, "number": 1}]}, "api.supers.time_subdatasets_recursive": {"result": [0.41576872346922755], "stats": [{"ci_99": [0.41116391494870186, 0.41935484297573566], "q_25": 0.41348889865912497, "q_75": 0.41739786975085735, "min": 0.41116391494870186, "max": 0.41935484297573566, "mean": 0.4155408235266805, "std": 0.0025851324417250354, "repeat": 10, "number": 1}]}, "api.supers.time_subdatasets_recursive_first": {"result": [0.08493015030398965], "stats": [{"ci_99": [0.08091986458748579, 0.09234419837594032], "q_25": 0.08370095351710916, "q_75": 0.0864612115547061, "min": 0.08091986458748579, "max": 0.09234419837594032, "mean": 0.08529884545132518, "std": 0.003108275488954906, "repeat": 10, "number": 1}]}, "api.supers.time_uninstall": {"result": [4.139097215142101], "stats": [{"ci_99": [4.111357737630317, 4.174849605355701], "q_25": 4.13626688090153, "q_75": 4.145934005733579, "min": 4.13048723526299, "max": 4.163733020424843, "mean": 4.143103671493009, "std": 0.012434644573164537, "repeat": 4, "number": 1}]}, "repo.gitrepo.time_get_content_info": {"result": [0.015353731345385313], "stats": [{"ci_99": [0.014476661570370197, 0.017479538917541504], "q_25": 0.014662805711850524, "q_75": 0.016536532435566187, "min": 0.014476661570370197, "max": 0.017479538917541504, "mean": 0.01563404258340597, "std": 0.0010429098919260435, "repeat": 10, "number": 1}]}, "api.testds.time_create_test_dataset1": {"result": [0.6055232877843082], "stats": [{"ci_99": [0.5935654137283564, 0.6208208631724119], "q_25": 0.5991173321381211, "q_75": 0.6141887281555682, "min": 0.5935654137283564, "max": 0.6208208631724119, "mean": 0.606607003416866, "std": 0.008578794505598453, "repeat": 10, "number": 1}]}, "api.testds.time_create_test_dataset2x2": {"result": [3.6885364619083703], "stats": [{"ci_99": [3.6413216394033108, 3.7206670121628966], "q_25": 3.678454033564776, "q_75": 3.691076754126698, "min": 3.6532114669680595, "max": 3.6936929123476148, "mean": 3.6809943257831037, "std": 0.016220935740958512, "repeat": 4, "number": 1}]}, "core.runner.time_echo": {"result": [0.0020297492854297163], "stats": [{"ci_99": [0.0017139606177806854, 0.0025064632296562194], "q_25": 0.0018048626836389304, "q_75": 0.002208271902054548, "min": 0.0017139606177806854, "max": 0.0025064632296562194, "mean": 0.002054507993161678, "std": 0.00026679394937671394, "repeat": 10, "number": 5}]}, "core.runner.time_echo_gitrunner": {"result": [0.002601412869989872], "stats": [{"ci_99": [0.0021563582122325897, 0.003341534547507763], "q_25": 0.0023078626953065397, "q_75": 0.0027659145649522546, "min": 0.0021563582122325897, "max": 0.003341534547507763, "mean": 0.0025961143895983693, "std": 0.00033952220647794925, "repeat": 10, "number": 5}]}, "core.startup.time_help_np": {"result": [0.59206902096048], "stats": [{"ci_99": [0.5328610818833113, 0.6207830375060439], "q_25": 0.5833289832808077, "q_75": 0.5948083698749542, "min": 0.5328610818833113, "max": 0.6207830375060439, "mean": 0.582894169446081, "std": 0.026686181650754707, "repeat": 10, "number": 1}]}, "core.startup.time_import": {"result": [0.16494952188804746], "stats": [{"ci_99": [0.11883835680782795, 0.19162478111684322], "q_25": 0.14959868346340954, "q_75": 0.17528124526143074, "min": 0.11883835680782795, "max": 0.19162478111684322, "mean": 0.16158161824569106, "std": 0.020864086485954118, "repeat": 10, "number": 1}]}, "core.startup.time_import_api": {"result": [0.479346860665828], "stats": [{"ci_99": [0.46739571262151003, 0.584492820315063], "q_25": 0.4708704899530858, "q_75": 0.5267965563107282, "min": 0.46739571262151003, "max": 0.584492820315063, "mean": 0.5006025286391378, "std": 0.037550207536028626, "repeat": 10, "number": 1}]}, "support.path.get_parent_paths.time_allsubmods_toplevel": {"result": [0.007054537767544389], "stats": [{"ci_99": [0.006914245896041393, 0.008904118090867996], "q_25": 0.007029342465102673, "q_75": 0.007803391315974295, "min": 0.006914245896041393, "max": 0.008904118090867996, "mean": 0.007462716894224286, "std": 0.0006555467536683994, "repeat": 10, "number": 2}]}, "support.path.get_parent_paths.time_allsubmods_toplevel_only": {"result": [0.006360867526382208], "stats": [{"ci_99": [0.00625614495947957, 0.007254403084516525], "q_25": 0.006334167788736522, "q_75": 0.006574399885721505, "min": 0.00625614495947957, "max": 0.007254403084516525, "mean": 0.00650785774923861, "std": 0.0002985834356513494, "repeat": 10, "number": 2}]}, "support.path.get_parent_paths.time_no_submods": {"result": [2.901152312983169e-07], "stats": [{"ci_99": [2.7820496397004325e-07, 3.344028217332995e-07], "q_25": 2.7836918922366794e-07, "q_75": 3.1150635346605745e-07, "min": 2.7820496397004325e-07, "max": 3.344028217332995e-07, "mean": 2.9671157788005904e-07, "std": 1.9751063820269372e-08, "repeat": 10, "number": 29071}]}, "support.path.get_parent_paths.time_one_submod_subdir": {"result": [0.0055353299248963594], "stats": [{"ci_99": [0.005380340851843357, 0.006302861962467432], "q_25": 0.005504233646206558,