{"results": {"api.supers.time_createadd": {"result": [1.4744354477152228], "stats": [{"ci_99": [1.4633110873401165, 1.511651693843305], "q_25": 1.471400125650689, "q_75": 1.4787955107167363, "min": 1.4633110873401165, "max": 1.511651693843305, "mean": 1.4775020903907716, "std": 0.013050694991275397, "repeat": 10, "number": 1}]}, "api.supers.time_createadd_to_dataset": {"result": [1.3634420121088624], "stats": [{"ci_99": [1.3555389633402228, 1.3813869412988424], "q_25": 1.3601571924518794, "q_75": 1.3735434680711478, "min": 1.3555389633402228, "max": 1.3813869412988424, "mean": 1.3668744495138525, "std": 0.008880845701159759, "repeat": 10, "number": 1}]}, "api.supers.time_diff": null, "api.supers.time_diff_recursive": null, "api.supers.time_installr": {"result": [8.610481864772737], "stats": [{"ci_99": [8.409838520921767, 8.811125208623707], "q_25": 8.608475431334227, "q_75": 8.612488298211247, "min": 8.606468997895718, "max": 8.614494731649756, "mean": 8.610481864772737, "std": 0.004012866877019405, "repeat": 2, "number": 1}]}, "api.supers.time_ls": {"result": [0.25659710727632046], "stats": [{"ci_99": [0.2536359801888466, 0.2594714919105172], "q_25": 0.2552901995368302, "q_75": 0.25855497480370104, "min": 0.2536359801888466, "max": 0.2594714919105172, "mean": 0.25670047383755445, "std": 0.001965618641249245, "repeat": 10, "number": 1}]}, "api.supers.time_ls_recursive": {"result": [2.608464848715812], "stats": [{"ci_99": [2.599237208542041, 2.623878199607134], "q_25": 2.605252308305353, "q_75": 2.613558037439361, "min": 2.6026803525164723, "max": 2.623878199607134, "mean": 2.610487579678496, "std": 0.0071550944740738885, "repeat": 6, "number": 1}]}, "api.supers.time_ls_recursive_long_all": {"result": [2.7739775497466326], "stats": [{"ci_99": [2.740275788394574, 2.8282140866289898], "q_25": 2.7624271309468895, "q_75": 2.806454669451341, "min": 2.7566620223224163, "max": 2.8249951358884573, "mean": 2.7842449375117817, "std": 0.02649447355477608, "repeat": 6, "number": 1}]}, "api.supers.time_remove": null, "api.supers.time_status": {"result": [0.8222804274410009], "stats": [{"ci_99": [0.8094986043870449, 0.8393112989142537], "q_25": 0.8150922723580152, "q_75": 0.8296399817336351, "min": 0.8094986043870449, "max": 0.8393112989142537, "mean": 0.8224564066156745, "std": 0.00923403569635256, "repeat": 10, "number": 1}]}, "api.supers.time_status_recursive": {"result": [1.6631942158564925], "stats": [{"ci_99": [1.6503521502017975, 1.693550136871636], "q_25": 1.6596089673694223, "q_75": 1.6672853734344244, "min": 1.6503521502017975, "max": 1.693550136871636, "mean": 1.664542929455638, "std": 0.011427494071078886, "repeat": 10, "number": 1}]}, "api.supers.time_subdatasets": {"result": [0.21485382970422506], "stats": [{"ci_99": [0.21006029285490513, 0.22174949292093515], "q_25": 0.2131022138055414, "q_75": 0.21806569513864815, "min": 0.21006029285490513, "max": 0.22174949292093515, "mean": 0.21547720897942782, "std": 0.0037527346429943533, "repeat": 10, "number": 1}]}, "api.supers.time_subdatasets_recursive": {"result": [0.6742085963487625], "stats": [{"ci_99": [0.6656515151262283, 0.699620726518333], "q_25": 0.6720986790023744, "q_75": 0.6765633567702025, "min": 0.6656515151262283, "max": 0.699620726518333, "mean": 0.6773838163353503, "std": 0.00961017381012174, "repeat": 10, "number": 1}]}, "api.supers.time_subdatasets_recursive_first": {"result": [0.1890220302157104], "stats": [{"ci_99": [0.18471958674490452, 0.19941610284149647], "q_25": 0.18549908651039004, "q_75": 0.19371109222993255, "min": 0.18471958674490452, "max": 0.19941610284149647, "mean": 0.1901861415244639, "std": 0.005120889967331232, "repeat": 10, "number": 1}]}, "api.supers.time_uninstall": {"result": [6.407680811360478], "stats": [{"ci_99": [5.468893546611071, 7.346468076109885], "q_25": 6.398292938712984, "q_75": 6.4170686840079725, "min": 6.38890506606549, "max": 6.426456556655467, "mean": 6.407680811360478, "std": 0.018775745294988155, "repeat": 2, "number": 1}]}, "repo.gitrepo.time_get_content_info": {"result": [0.015182970557361841], "stats": [{"ci_99": [0.01409592479467392, 0.017071778886020184], "q_25": 0.014398368773981929, "q_75": 0.01605414506047964, "min": 0.01409592479467392, "max": 0.017071778886020184, "mean": 0.015287292376160621, "std": 0.0009944075736626975, "repeat": 10, "number": 1}]}, "api.testds.time_create_test_dataset1": {"result": [0.7564179711043835], "stats": [{"ci_99": [0.7457807678729296, 0.7784178517758846], "q_25": 0.7505289460532367, "q_75": 0.7603256774600595, "min": 0.7457807678729296, "max": 0.7784178517758846, "mean": 0.7567786820232868, "std": 0.009050419697873029, "repeat": 10, "number": 1}]}, "api.testds.time_create_test_dataset2x2": {"result": [4.173193082679063], "stats": [{"ci_99": [4.12856183929596, 4.2366354355379565], "q_25": 4.167329829419032, "q_75": 4.18846189067699, "min": 4.165441920980811, "max": 4.218566463328898, "mean": 4.182598637416959, "std": 0.021329292147926785, "repeat": 4, "number": 1}]}, "core.runner.time_echo": {"result": [0.001706633639211456], "stats": [{"ci_99": [0.0016938884121676285, 0.0017300968368848164], "q_25": 0.001702396470742921, "q_75": 0.0017122551410769422, "min": 0.0016938884121676285, "max": 0.0017300968368848164, "mean": 0.0017080314612636966, "std": 9.34439019728146e-06, "repeat": 10, "number": 6}]}, "core.runner.time_echo_gitrunner": {"result": [0.002730400301516056], "stats": [{"ci_99": [0.0024231155402958393, 0.002874546218663454], "q_25": 0.0026626367471180856, "q_75": 0.0027697987388819456, "min": 0.0024231155402958393, "max": 0.002874546218663454, "mean": 0.0027073235483840107, "std": 0.00012009381996734658, "repeat": 10, "number": 4}]}, "core.startup.time_help_np": {"result": [0.5870707002468407], "stats": [{"ci_99": [0.5158195495605469, 0.6134774414822459], "q_25": 0.569397461367771, "q_75": 0.6067163008265197, "min": 0.5158195495605469, "max": 0.6134774414822459, "mean": 0.5831221723929048, "std": 0.02814938336436007, "repeat": 10, "number": 1}]}, "core.startup.time_import": {"result": [0.17093596188351512], "stats": [{"ci_99": [0.12209389358758926, 0.19849335961043835], "q_25": 0.15172291779890656, "q_75": 0.17748602712526917, "min": 0.12209389358758926, "max": 0.19849335961043835, "mean": 0.16468315273523332, "std": 0.021739388659240053, "repeat": 10, "number": 1}]}, "core.startup.time_import_api": {"result": [0.4914098526351154], "stats": [{"ci_99": [0.44433581829071045, 0.5475359642878175], "q_25": 0.46416275831870735, "q_75": 0.5147626369725913, "min": 0.44433581829071045, "max": 0.5475359642878175, "mean": 0.4904858927242458, "std": 0.033079230441898894, "repeat": 10, "number": 1}]}, "support.path.get_parent_paths.time_allsubmods_toplevel": {"result": [0.007989902514964342], "stats": [{"ci_99": [0.006977360229939222, 0.009559062775224447], "q_25": 0.007479892112314701, "q_75": 0.00858517352025956, "min": 0.006977360229939222, "max": 0.009559062775224447, "mean": 0.008082599053159356, "std": 0.0007421386196682148, "repeat": 10, "number": 2}]}, "support.path.get_parent_paths.time_allsubmods_toplevel_only": {"result": [0.006250882521271706], "stats": [{"ci_99": [0.006165788043290377, 0.007416887674480677], "q_25": 0.0062139746733009815, "q_75": 0.0066907277796417475, "min": 0.006165788043290377, "max": 0.007416887674480677, "mean": 0.006498538190498948, "std": 0.0004079943776751094, "repeat": 10, "number": 2}]}, "support.path.get_parent_paths.time_no_submods": {"result": [2.850219028553108e-07], "stats": [{"ci_99": [2.7537252234476194e-07, 3.412204276346121e-07], "q_25": 2.77726151285781e-07, "q_75": 3.089642596775107e-07, "min": 2.7537252234476194e-07, "max": 3.412204276346121e-07, "mean": 2.95693757468078e-07, "std": 2.1997577276540138e-08, "repeat": 10, "number": 39261}]}, "support.path.get_parent_paths.time_one_submod_subdir": {"result": [0.005984467221423984], "stats": [{"ci_99": [0.005357392132282257, 0.007344009820371866], "q_25": 0.005558910197578371, "q_75": 0.006500318762846291,