{"results": {"api.supers.time_createadd": {"result": [1.3091443800367415], "stats": [{"ci_99": [1.2946461969986558, 1.3203164469450712], "q_25": 1.3023434865754098, "q_75": 1.3143558539450169, "min": 1.2946461969986558, "max": 1.3203164469450712, "mean": 1.3084021299146116, "std": 0.007800008881626689, "repeat": 10, "number": 1}]}, "api.supers.time_createadd_to_dataset": {"result": [1.2363690002821386], "stats": [{"ci_99": [1.2241673078387976, 1.2561322515830398], "q_25": 1.2284399310592562, "q_75": 1.2491261302493513, "min": 1.2241673078387976, "max": 1.2561322515830398, "mean": 1.2392143117263914, "std": 0.011434022037510044, "repeat": 10, "number": 1}]}, "api.supers.time_diff": null, "api.supers.time_diff_recursive": null, "api.supers.time_installr": {"result": [5.590263171587139], "stats": [{"ci_99": [3.258805255871266, 7.921721087303011], "q_25": 5.566948592429981, "q_75": 5.613577750744298, "min": 5.543634013272822, "max": 5.636892329901457, "mean": 5.590263171587139, "std": 0.046629158314317465, "repeat": 2, "number": 1}]}, "api.supers.time_ls": {"result": [0.1836200407706201], "stats": [{"ci_99": [0.1783033385872841, 0.18743513152003288], "q_25": 0.18290053051896393, "q_75": 0.18688377924263477, "min": 0.1783033385872841, "max": 0.18743513152003288, "mean": 0.18419874664396046, "std": 0.002779532602427173, "repeat": 10, "number": 1}]}, "api.supers.time_ls_recursive": {"result": [1.7782867844216526], "stats": [{"ci_99": [1.7626906037330627, 1.798582997173071], "q_25": 1.7748781223781407, "q_75": 1.7811606670729816, "min": 1.7626906037330627, "max": 1.798582997173071, "mean": 1.7785249876789748, "std": 0.008605810561886208, "repeat": 10, "number": 1}]}, "api.supers.time_ls_recursive_long_all": {"result": [1.9387165778316557], "stats": [{"ci_99": [1.9345255475491285, 1.9597642589360476], "q_25": 1.935671212617308, "q_75": 1.9466549698263407, "min": 1.9345255475491285, "max": 1.9597642589360476, "mean": 1.9423867558361962, "std": 0.008551606438496258, "repeat": 8, "number": 1}]}, "api.supers.time_remove": null, "api.supers.time_status": {"result": [0.7230972149409354], "stats": [{"ci_99": [0.7173269474878907, 0.7327321050688624], "q_25": 0.7199430984910578, "q_75": 0.7279837427195162, "min": 0.7173269474878907, "max": 0.7327321050688624, "mean": 0.7242219040170312, "std": 0.005259269381018997, "repeat": 10, "number": 1}]}, "api.supers.time_status_recursive": {"result": [1.3641097056679428], "stats": [{"ci_99": [1.357376572676003, 1.376871019601822], "q_25": 1.3600125445518643, "q_75": 1.3707001628354192, "min": 1.357376572676003, "max": 1.376871019601822, "mean": 1.3653023445047439, "std": 0.006294712433721773, "repeat": 10, "number": 1}]}, "api.supers.time_subdatasets": {"result": [0.0956150065176189], "stats": [{"ci_99": [0.0935076205059886, 0.09979614149779081], "q_25": 0.09422630863264203, "q_75": 0.09649491310119629, "min": 0.0935076205059886, "max": 0.09979614149779081, "mean": 0.09573672926053405, "std": 0.001800613891645375, "repeat": 10, "number": 1}]}, "api.supers.time_subdatasets_recursive": {"result": [0.4270593994297087], "stats": [{"ci_99": [0.4213891848921776, 0.4298985581845045], "q_25": 0.4249933867249638, "q_75": 0.42852047993801534, "min": 0.4213891848921776, "max": 0.4298985581845045, "mean": 0.4266034895554185, "std": 0.002590269950087411, "repeat": 10, "number": 1}]}, "api.supers.time_subdatasets_recursive_first": {"result": [0.09631771268323064], "stats": [{"ci_99": [0.09236049838364124, 0.10088213160634041], "q_25": 0.09462260268628597, "q_75": 0.09692031121812761, "min": 0.09236049838364124, "max": 0.10088213160634041, "mean": 0.09621031824499368, "std": 0.0025471715212850555, "repeat": 10, "number": 1}]}, "api.supers.time_uninstall": {"result": [4.224887452088296], "stats": [{"ci_99": [4.20855574306681, 4.245863028367765], "q_25": 4.2225629216991365, "q_75": 4.229533916106448, "min": 4.220054113306105, "max": 4.239008525386453, "mean": 4.227209385717288, "std": 0.0071699060824784045, "repeat": 4, "number": 1}]}, "repo.gitrepo.time_get_content_info": {"result": [0.01521560875698924], "stats": [{"ci_99": [0.014309488236904144, 0.01668771542608738], "q_25": 0.015028323512524366, "q_75": 0.01608676719479263, "min": 0.014309488236904144, "max": 0.01668771542608738, "mean": 0.015449178405106068, "std": 0.0007836782264228491, "repeat": 10, "number": 1}]}, "api.testds.time_create_test_dataset1": {"result": [0.6161918304860592], "stats": [{"ci_99": [0.610564611852169, 0.6317628500983119], "q_25": 0.6124283890239894, "q_75": 0.6191422997508198, "min": 0.610564611852169, "max": 0.6317628500983119, "mean": 0.6170383179560304, "std": 0.005886709875241907, "repeat": 10, "number": 1}]}, "api.testds.time_create_test_dataset2x2": {"result": [3.769432384055108], "stats": [{"ci_99": [3.743617960217733, 3.7995203771038466], "q_25": 3.7635276520159096, "q_75": 3.777473900699988, "min": 3.7608038345351815, "max": 3.7866080719977617, "mean": 3.7715691686607897, "std": 0.010014097656145724, "repeat": 4, "number": 1}]}, "core.runner.time_echo": {"result": [0.001931081642396748], "stats": [{"ci_99": [0.001700323075056076, 0.0024776048958301544], "q_25": 0.0017125015147030354, "q_75": 0.002283431589603424, "min": 0.001700323075056076, "max": 0.0024776048958301544, "mean": 0.002005494339391589, "std": 0.00030391780549229305, "repeat": 10, "number": 4}]}, "core.runner.time_echo_gitrunner": {"result": [0.002308602328412235], "stats": [{"ci_99": [0.0021047601476311684, 0.0030772811733186245], "q_25": 0.0021216327440924942, "q_75": 0.0028032813570462167, "min": 0.0021047601476311684, "max": 0.0030772811733186245, "mean": 0.002458234876394272, "std": 0.00037448490517583475, "repeat": 10, "number": 4}]}, "core.startup.time_help_np": {"result": [0.5997660281136632], "stats": [{"ci_99": [0.5791401574388146, 0.6405913513153791], "q_25": 0.5903640131000429, "q_75": 0.6143087432719767, "min": 0.5791401574388146, "max": 0.6405913513153791, "mean": 0.6040771075524389, "std": 0.019398240934212423, "repeat": 10, "number": 1}]}, "core.startup.time_import": {"result": [0.1465241122059524], "stats": [{"ci_99": [0.11439166404306889, 0.17650068271905184], "q_25": 0.11661059083417058, "q_75": 0.16588696069084108, "min": 0.11439166404306889, "max": 0.17650068271905184, "mean": 0.14316003331914545, "std": 0.025272526455483224, "repeat": 10, "number": 1}]}, "core.startup.time_import_api": {"result": [0.5082724513486028], "stats": [{"ci_99": [0.4683203585445881, 0.5570999924093485], "q_25": 0.49334155628457665, "q_75": 0.5340334784705192, "min": 0.4683203585445881, "max": 0.5570999924093485, "mean": 0.5110750292427838, "std": 0.028606739333453965, "repeat": 10, "number": 1}]}, "support.path.get_parent_paths.time_allsubmods_toplevel": {"result": [0.007606891915202141], "stats": [{"ci_99": [0.006955742835998535, 0.00882640853524208], "q_25": 0.007174344267696142, "q_75": 0.008109922870062292, "min": 0.006955742835998535, "max": 0.00882640853524208, "mean": 0.007683906378224492, "std": 0.0005770586865069838, "repeat": 10, "number": 2}]}, "support.path.get_parent_paths.time_allsubmods_toplevel_only": {"result": [0.006318541942164302], "stats": [{"ci_99": [0.006258890964090824, 0.00729279313236475], "q_25": 0.006270721205510199, "q_75": 0.0065645669819787145, "min": 0.006258890964090824, "max": 0.00729279313236475, "mean": 0.006493970192968846, "std": 0.0003369247448187197, "repeat": 10, "number": 2}]}, "support.path.get_parent_paths.time_no_submods": {"result": [3.0214685520364913e-07], "stats": [{"ci_99": [2.773272348303801e-07, 3.569410745897438e-07], "q_25": 2.791435722304235e-07, "q_75": 3.214768836307164e-07, "min": 2.773272348303801e-07, "max": 3.569410745897438e-07, "mean": 3.051571798105913e-07, "std": 2.6759811978414926e-08, "repeat": 10, "number": 39469}]}, "support.path.get_parent_paths.time_one_submod_subdir": {"result": [0.006509934086352587], "stats": [{"ci_99": [0.005892425309866667, 0.00732215354219079], "q_25": 0.006177056580781937,