{"results": {"api.supers.time_createadd": {"result": [1.3040728480555117], "stats": [{"ci_99": [1.287677894346416, 1.3331686221063137], "q_25": 1.2924204631708562, "q_75": 1.313738419674337, "min": 1.287677894346416, "max": 1.3331686221063137, "mean": 1.306304263137281, "std": 0.015649381387230515, "repeat": 10, "number": 1}]}, "api.supers.time_createadd_to_dataset": {"result": [1.2502015284262598], "stats": [{"ci_99": [1.2358233500272036, 1.2738523250445724], "q_25": 1.2476398607250303, "q_75": 1.2549635716713965, "min": 1.2358233500272036, "max": 1.2738523250445724, "mean": 1.2518685978837312, "std": 0.009733988557628493, "repeat": 10, "number": 1}]}, "api.supers.time_diff": null, "api.supers.time_diff_recursive": null, "api.supers.time_installr": {"result": [5.289540475700051], "stats": [{"ci_99": [4.805739515926689, 5.773341435473412], "q_25": 5.284702466102317, "q_75": 5.294378485297784, "min": 5.279864456504583, "max": 5.299216494895518, "mean": 5.289540475700051, "std": 0.009676019195467234, "repeat": 2, "number": 1}]}, "api.supers.time_ls": {"result": [0.18306944239884615], "stats": [{"ci_99": [0.17850999999791384, 0.19612625893205404], "q_25": 0.18084950605407357, "q_75": 0.18872916791588068, "min": 0.17850999999791384, "max": 0.19612625893205404, "mean": 0.18505487469956278, "std": 0.0053224956513371145, "repeat": 10, "number": 1}]}, "api.supers.time_ls_recursive": {"result": [1.783110719639808], "stats": [{"ci_99": [1.7729389416053891, 1.8057702975347638], "q_25": 1.7812287886627018, "q_75": 1.7889957244042307, "min": 1.7729389416053891, "max": 1.8057702975347638, "mean": 1.7861339403316379, "std": 0.009055806165718881, "repeat": 10, "number": 1}]}, "api.supers.time_ls_recursive_long_all": {"result": [1.9448450496420264], "stats": [{"ci_99": [1.93301990814507, 2.0059209233149886], "q_25": 1.9414256794843823, "q_75": 1.9650442912243307, "min": 1.93301990814507, "max": 2.0059209233149886, "mean": 1.9562530289404094, "std": 0.023898388217422975, "repeat": 8, "number": 1}]}, "api.supers.time_remove": null, "api.supers.time_status": {"result": [0.7211588378995657], "stats": [{"ci_99": [0.7168604945763946, 0.7314160568639636], "q_25": 0.7199993717949837, "q_75": 0.727995942812413, "min": 0.7168604945763946, "max": 0.7314160568639636, "mean": 0.7232668806798757, "std": 0.004854788065931872, "repeat": 10, "number": 1}]}, "api.supers.time_status_recursive": {"result": [1.3698354559019208], "stats": [{"ci_99": [1.3515311805531383, 1.3974243272095919], "q_25": 1.3641516061034054, "q_75": 1.3731496755499393, "min": 1.3515311805531383, "max": 1.3974243272095919, "mean": 1.3715644114650787, "std": 0.012512802237468057, "repeat": 10, "number": 1}]}, "api.supers.time_subdatasets": {"result": [0.09777885349467397], "stats": [{"ci_99": [0.09390535112470388, 0.1022567292675376], "q_25": 0.09710017335601151, "q_75": 0.0994137586094439, "min": 0.09390535112470388, "max": 0.1022567292675376, "mean": 0.09815765107050538, "std": 0.002335742740803352, "repeat": 10, "number": 1}]}, "api.supers.time_subdatasets_recursive": {"result": [0.42799886502325535], "stats": [{"ci_99": [0.4233609437942505, 0.43488313537091017], "q_25": 0.42489651776850224, "q_75": 0.42997127235867083, "min": 0.4233609437942505, "max": 0.43488313537091017, "mean": 0.42802629368379713, "std": 0.003460824112624848, "repeat": 10, "number": 1}]}, "api.supers.time_subdatasets_recursive_first": {"result": [0.09456122480332851], "stats": [{"ci_99": [0.0930297328159213, 0.09900958277285099], "q_25": 0.09353554807603359, "q_75": 0.09575499827042222, "min": 0.0930297328159213, "max": 0.09900958277285099, "mean": 0.09490105882287025, "std": 0.0017068605918366792, "repeat": 10, "number": 1}]}, "api.supers.time_uninstall": {"result": [4.293867940548807], "stats": [{"ci_99": [4.101525269977227, 4.5067801465583575], "q_25": 4.243213415378705, "q_75": 4.354807233437896, "min": 4.226098380051553, "max": 4.402776571922004, "mean": 4.304152708267793, "std": 0.07083716368937988, "repeat": 4, "number": 1}]}, "repo.gitrepo.time_get_content_info": {"result": [0.016107214149087667], "stats": [{"ci_99": [0.014942998066544533, 0.018620125949382782], "q_25": 0.015508332755416632, "q_75": 0.017137995222583413, "min": 0.014942998066544533, "max": 0.018620125949382782, "mean": 0.016386367753148078, "std": 0.0011729661410762756, "repeat": 10, "number": 1}]}, "api.testds.time_create_test_dataset1": {"result": [0.6202300977893174], "stats": [{"ci_99": [0.6103749061003327, 0.6335406918078661], "q_25": 0.6163397475611418, "q_75": 0.6275223803240806, "min": 0.6103749061003327, "max": 0.6335406918078661, "mean": 0.6214194426313042, "std": 0.007149923323671792, "repeat": 10, "number": 1}]}, "api.testds.time_create_test_dataset2x2": {"result": [3.7923519173637033], "stats": [{"ci_99": [3.7666941479154765, 3.826030814710176], "q_25": 3.789624576922506, "q_75": 3.7990898217540234, "min": 3.7849356243386865, "max": 3.815810466185212, "mean": 3.7963624813128263, "std": 0.011658450510487623, "repeat": 4, "number": 1}]}, "core.runner.time_echo": {"result": [0.0017193448729813099], "stats": [{"ci_99": [0.001703844095269839, 0.001965856645256281], "q_25": 0.001709065749309957, "q_75": 0.0018024701857939363, "min": 0.001703844095269839, "max": 0.001965856645256281, "mean": 0.0017690682473282021, "std": 8.561884821464104e-05, "repeat": 10, "number": 6}]}, "core.runner.time_echo_gitrunner": {"result": [0.002758354297839105], "stats": [{"ci_99": [0.002408494707196951, 0.002985842991620302], "q_25": 0.0026526128640398383, "q_75": 0.002908846829086542, "min": 0.002408494707196951, "max": 0.002985842991620302, "mean": 0.0027489632135257124, "std": 0.00017820289951411307, "repeat": 10, "number": 4}]}, "core.startup.time_help_np": {"result": [0.5935041336342692], "stats": [{"ci_99": [0.5318193128332496, 0.641282475553453], "q_25": 0.5840751654468477, "q_75": 0.6113470364362001, "min": 0.5318193128332496, "max": 0.641282475553453, "mean": 0.5907121216878295, "std": 0.032152209220334495, "repeat": 10, "number": 1}]}, "core.startup.time_import": {"result": [0.16829050472006202], "stats": [{"ci_99": [0.13418440613895655, 0.20287132821977139], "q_25": 0.15137304994277656, "q_75": 0.19490251503884792, "min": 0.13418440613895655, "max": 0.20287132821977139, "mean": 0.17130189770832657, "std": 0.022957563570105942, "repeat": 10, "number": 1}]}, "core.startup.time_import_api": {"result": [0.5317637347616255], "stats": [{"ci_99": [0.4619529750198126, 0.5761703392490745], "q_25": 0.5209375200793147, "q_75": 0.5586173410993069, "min": 0.4619529750198126, "max": 0.5761703392490745, "mean": 0.5339487921446562, "std": 0.03150148598436947, "repeat": 10, "number": 1}]}, "support.path.get_parent_paths.time_allsubmods_toplevel": {"result": [0.007036065217107534], "stats": [{"ci_99": [0.006878993473947048, 0.00882616639137268], "q_25": 0.006978950696066022, "q_75": 0.007750630145892501, "min": 0.006878993473947048, "max": 0.00882616639137268, "mean": 0.007403068942949176, "std": 0.0006213984554626794, "repeat": 10, "number": 2}]}, "support.path.get_parent_paths.time_allsubmods_toplevel_only": {"result": [0.006436106050387025], "stats": [{"ci_99": [0.006142675876617432, 0.008331821765750647], "q_25": 0.006294622085988522, "q_75": 0.007297600619494915, "min": 0.006142675876617432, "max": 0.008331821765750647, "mean": 0.006811396358534694, "std": 0.0007098036177912565, "repeat": 10, "number": 2}]}, "support.path.get_parent_paths.time_no_submods": {"result": [2.8352426957671224e-07], "stats": [{"ci_99": [2.6949945697290915e-07, 3.554744870083374e-07], "q_25": 2.7060534157360754e-07, "q_75": 3.194923370552107e-07, "min": 2.6949945697290915e-07, "max": 3.554744870083374e-07, "mean": 2.976487418552709e-07, "std": 3.107956799002306e-08, "repeat": 10, "number": 39151}]}, "support.path.get_parent_paths.time_one_submod_subdir": {"result": [0.0063578125555068254], "stats": [{"ci_99": [0.005639112088829279, 0.007041726261377335], "q_25": 0.006053389050066471,