{"results": {"api.supers.time_createadd": {"result": [1.2670048605650663], "stats": [{"ci_99": [1.2560856826603413, 1.286957897245884], "q_25": 1.2600849247537553, "q_75": 1.2722628300543875, "min": 1.2560856826603413, "max": 1.286957897245884, "mean": 1.2678186462260783, "std": 0.009487524896388497, "repeat": 10, "number": 1}]}, "api.supers.time_createadd_to_dataset": {"result": [1.217337277252227], "stats": [{"ci_99": [1.2090988773852587, 1.230069370009005], "q_25": 1.2127309110946953, "q_75": 1.2228769569192082, "min": 1.2090988773852587, "max": 1.230069370009005, "mean": 1.2182229911908506, "std": 0.006694206069046436, "repeat": 10, "number": 1}]}, "api.supers.time_diff": null, "api.supers.time_diff_recursive": null, "api.supers.time_installr": {"result": [5.475121875293553], "stats": [{"ci_99": [5.352031950838864, 5.598211799748242], "q_25": 5.473890976049006, "q_75": 5.4763527745381, "min": 5.472660076804459, "max": 5.477583673782647, "mean": 5.475121875293553, "std": 0.0024617984890937805, "repeat": 2, "number": 1}]}, "api.supers.time_ls": {"result": [0.19500081008300185], "stats": [{"ci_99": [0.1879642717540264, 0.21956127230077982], "q_25": 0.19172033062204719, "q_75": 0.19905640301294625, "min": 0.1879642717540264, "max": 0.21956127230077982, "mean": 0.19768421035259962, "std": 0.009443095069943144, "repeat": 10, "number": 1}]}, "api.supers.time_ls_recursive": {"result": [1.8962581381201744], "stats": [{"ci_99": [1.8881036983802915, 1.908937968313694], "q_25": 1.8931687204167247, "q_75": 1.8997613817919046, "min": 1.8881036983802915, "max": 1.908937968313694, "mean": 1.8968224555253983, "std": 0.005655937188956536, "repeat": 10, "number": 1}]}, "api.supers.time_ls_recursive_long_all": {"result": [2.062795676290989], "stats": [{"ci_99": [2.055185506120324, 2.1256861109286547], "q_25": 2.059835300548002, "q_75": 2.068126004654914, "min": 2.055185506120324, "max": 2.1256861109286547, "mean": 2.070216947584413, "std": 0.021427163193295073, "repeat": 8, "number": 1}]}, "api.supers.time_remove": null, "api.supers.time_status": {"result": [0.7460475554689765], "stats": [{"ci_99": [0.739316513761878, 0.7625382440164685], "q_25": 0.7412049709819257, "q_75": 0.7480512040201575, "min": 0.739316513761878, "max": 0.7625382440164685, "mean": 0.7466076846234501, "std": 0.006539612773543514, "repeat": 10, "number": 1}]}, "api.supers.time_status_recursive": {"result": [1.3949999660253525], "stats": [{"ci_99": [1.3892497308552265, 1.4295352017506957], "q_25": 1.3912700917571783, "q_75": 1.412356069078669, "min": 1.3892497308552265, "max": 1.4295352017506957, "mean": 1.4016617137938738, "std": 0.013313304595306283, "repeat": 10, "number": 1}]}, "api.supers.time_subdatasets": {"result": [0.1074970131739974], "stats": [{"ci_99": [0.1056608036160469, 0.12903446331620216], "q_25": 0.10699549037963152, "q_75": 0.11013417085632682, "min": 0.1056608036160469, "max": 0.12903446331620216, "mean": 0.11016365364193917, "std": 0.006565617042366404, "repeat": 10, "number": 1}]}, "api.supers.time_subdatasets_recursive": {"result": [0.44119360484182835], "stats": [{"ci_99": [0.43771227821707726, 0.4458143711090088], "q_25": 0.43928314256481826, "q_75": 0.4422354260459542, "min": 0.43771227821707726, "max": 0.4458143711090088, "mean": 0.4411301050335169, "std": 0.002474359414988435, "repeat": 10, "number": 1}]}, "api.supers.time_subdatasets_recursive_first": {"result": [0.10943727986887097], "stats": [{"ci_99": [0.1068793386220932, 0.1298481235280633], "q_25": 0.10831460542976856, "q_75": 0.11166063509881496, "min": 0.1068793386220932, "max": 0.1298481235280633, "mean": 0.11149440910667181, "std": 0.0063957338279509845, "repeat": 10, "number": 1}]}, "api.supers.time_uninstall": {"result": [4.147564529441297], "stats": [{"ci_99": [3.9053800606763422, 4.404244042221598], "q_25": 4.07175796944648, "q_75": 4.230618611443788, "min": 4.067139551974833, "max": 4.256979594938457, "mean": 4.154812051448971, "std": 0.08552912929224067, "repeat": 4, "number": 1}]}, "repo.gitrepo.time_get_content_info": {"result": [0.014957789797335863], "stats": [{"ci_99": [0.014588369987905025, 0.015913046896457672], "q_25": 0.01480560633353889, "q_75": 0.015370013425126672, "min": 0.014588369987905025, "max": 0.015913046896457672, "mean": 0.015085840132087469, "std": 0.00040382012478317424, "repeat": 10, "number": 1}]}, "api.testds.time_create_test_dataset1": {"result": [0.5941175417974591], "stats": [{"ci_99": [0.5880682682618499, 0.6102748550474644], "q_25": 0.5928787286393344, "q_75": 0.5968245842959732, "min": 0.5880682682618499, "max": 0.6102748550474644, "mean": 0.595499241631478, "std": 0.0055591127425404, "repeat": 10, "number": 1}]}, "api.testds.time_create_test_dataset2x2": {"result": [3.551503812894225], "stats": [{"ci_99": [3.515568023893047, 3.5881353934565596], "q_25": 3.5451035774312913, "q_75": 3.558251944137737, "min": 3.53341893479228, "max": 3.570980274118483, "mean": 3.5518517086748034, "std": 0.013402097177880516, "repeat": 4, "number": 1}]}, "core.runner.time_echo": {"result": [0.0018339344300329686], "stats": [{"ci_99": [0.0017011268064379692, 0.002404387667775154], "q_25": 0.0017065265215933324, "q_75": 0.0020918692927807568, "min": 0.0017011268064379692, "max": 0.002404387667775154, "mean": 0.0019324283115565778, "std": 0.00025507933926632615, "repeat": 10, "number": 5}]}, "core.runner.time_echo_gitrunner": {"result": [0.002396189793944359], "stats": [{"ci_99": [0.002085777372121811, 0.003177610971033573], "q_25": 0.002112522441893816, "q_75": 0.0026594513095915314, "min": 0.002085777372121811, "max": 0.003177610971033573, "mean": 0.0024428201094269754, "std": 0.0003487788776638941, "repeat": 10, "number": 5}]}, "core.startup.time_help_np": {"result": [0.5766374189406633], "stats": [{"ci_99": [0.5392984161153436, 0.6213362067937851], "q_25": 0.5613860816229135, "q_75": 0.5879388058092445, "min": 0.5392984161153436, "max": 0.6213362067937851, "mean": 0.5766204888001084, "std": 0.02543268144838857, "repeat": 10, "number": 1}]}, "core.startup.time_import": {"result": [0.15481245331466198], "stats": [{"ci_99": [0.1118256701156497, 0.20223197154700756], "q_25": 0.12414848245680332, "q_75": 0.15656082704663277, "min": 0.1118256701156497, "max": 0.20223197154700756, "mean": 0.15078795552253724, "std": 0.03018786632503205, "repeat": 10, "number": 1}]}, "core.startup.time_import_api": {"result": [0.5114680072292686], "stats": [{"ci_99": [0.4818476941436529, 0.5681584998965263], "q_25": 0.5069398614577949, "q_75": 0.5224983179941773, "min": 0.4818476941436529, "max": 0.5681584998965263, "mean": 0.5173879371024668, "std": 0.02398606300563608, "repeat": 10, "number": 1}]}, "support.path.get_parent_paths.time_allsubmods_toplevel": {"result": [0.00722698587924242], "stats": [{"ci_99": [0.006806723307818174, 0.008756515104323626], "q_25": 0.0069031440652906895, "q_75": 0.007685870165005326, "min": 0.006806723307818174, "max": 0.008756515104323626, "mean": 0.007417069375514984, "std": 0.0006208349870085757, "repeat": 10, "number": 2}]}, "support.path.get_parent_paths.time_allsubmods_toplevel_only": {"result": [0.006987444125115871], "stats": [{"ci_99": [0.006187055725604296, 0.008305036462843418], "q_25": 0.006640940089710057, "q_75": 0.0073530098889023066, "min": 0.006187055725604296, "max": 0.008305036462843418, "mean": 0.007062441948801279, "std": 0.0006154387150691935, "repeat": 10, "number": 2}]}, "support.path.get_parent_paths.time_no_submods": {"result": [3.367890016132545e-07], "stats": [{"ci_99": [3.1056877377774317e-07, 3.541816793809692e-07], "q_25": 3.2183595603367276e-07, "q_75": 3.454312208271539e-07, "min": 3.1056877377774317e-07, "max": 3.541816793809692e-07, "mean": 3.3396934875422676e-07, "std": 1.542896781637357e-08, "repeat": 10, "number": 27082}]}, "support.path.get_parent_paths.time_one_submod_subdir": {"result": [0.006461319047957659], "stats": [{"ci_99": [0.0057907141745090485, 0.0073175253346562386], "q_25": 0.0061604512156918645, "q_75": 0.006848415592685342,