{"results": {"api.supers.time_createadd": {"result": [1.35677680792287], "stats": [{"ci_99": [1.3292379649356008, 1.3923369348049164], "q_25": 1.3471869556233287, "q_75": 1.3660929703619331, "min": 1.3292379649356008, "max": 1.3923369348049164, "mean": 1.3581104138866067, "std": 0.018418874482254776, "repeat": 10, "number": 1}]}, "api.supers.time_createadd_to_dataset": {"result": [1.117295864969492], "stats": [{"ci_99": [1.0915023563429713, 1.1467052595689893], "q_25": 1.1003911839798093, "q_75": 1.1345505942590535, "min": 1.0915023563429713, "max": 1.1467052595689893, "mean": 1.1178458019159734, "std": 0.019023127950959066, "repeat": 10, "number": 1}]}, "api.supers.time_diff": {"result": [0.09345486247912049], "stats": [{"ci_99": [0.08922046329826117, 0.11712323594838381], "q_25": 0.09074484370648861, "q_75": 0.11151817836798728, "min": 0.08922046329826117, "max": 0.11712323594838381, "mean": 0.09962791856378317, "std": 0.011175264231854757, "repeat": 10, "number": 1}]}, "api.supers.time_diff_recursive": {"result": [0.30786799546331167], "stats": [{"ci_99": [0.3019012724980712, 0.34227954037487507], "q_25": 0.30511048226617277, "q_75": 0.31039288151077926, "min": 0.3019012724980712, "max": 0.34227954037487507, "mean": 0.31061960877850653, "std": 0.011013797658848775, "repeat": 10, "number": 1}]}, "api.supers.time_installr": {"result": [3.8518622047267854], "stats": [{"ci_99": [3.8325284363359104, 3.8724967779003197], "q_25": 3.847965257242322, "q_75": 3.8564095546025783, "min": 3.8432079013437033, "max": 3.863118117675185, "mean": 3.852512607118115, "std": 0.007255745853388149, "repeat": 4, "number": 1}]}, "api.supers.time_ls": {"result": [0.6919321599416435], "stats": [{"ci_99": [0.688967876136303, 0.718688890337944], "q_25": 0.6911869349423796, "q_75": 0.694462567800656, "min": 0.688967876136303, "max": 0.718688890337944, "mean": 0.6947788611985743, "std": 0.008242344354107858, "repeat": 10, "number": 1}]}, "api.supers.time_ls_recursive": {"result": [2.6386876204051077], "stats": [{"ci_99": [2.6254145047778144, 2.6514898343011737], "q_25": 2.633147117914632, "q_75": 2.6411395892500877, "min": 2.6257810117676854, "max": 2.6514898343011737, "mean": 2.637983880471438, "std": 0.008033335001448061, "repeat": 6, "number": 1}]}, "api.supers.time_ls_recursive_long_all": {"result": [2.78937156079337], "stats": [{"ci_99": [2.779218614536163, 2.8215451603755355], "q_25": 2.787562469718978, "q_75": 2.791463791159913, "min": 2.7854028418660164, "max": 2.8215451603755355, "mean": 2.7941352940785387, "std": 0.012433117606473199, "repeat": 6, "number": 1}]}, "api.supers.time_remove": {"result": [2.0831984695978463], "stats": [{"ci_99": [2.0626124646514654, 2.100879224948585], "q_25": 2.0800692630000412, "q_75": 2.0894119150470942, "min": 2.0626124646514654, "max": 2.100879224948585, "mean": 2.084493695409037, "std": 0.011392146427193977, "repeat": 8, "number": 1}]}, "api.supers.time_status": {"result": [0.6860782713629305], "stats": [{"ci_99": [0.681361305527389, 0.6992331622168422], "q_25": 0.6852599899284542, "q_75": 0.6911401639226824, "min": 0.681361305527389, "max": 0.6992331622168422, "mean": 0.6882043628953397, "std": 0.0048950329802858765, "repeat": 10, "number": 1}]}, "api.supers.time_status_recursive": {"result": [1.1470134714618325], "stats": [{"ci_99": [1.133361496962607, 1.1546703344210982], "q_25": 1.1403773650527, "q_75": 1.1491816747002304, "min": 1.133361496962607, "max": 1.1546703344210982, "mean": 1.1452556623145937, "std": 0.006318177630699324, "repeat": 10, "number": 1}]}, "api.supers.time_subdatasets": {"result": [0.05124168237671256], "stats": [{"ci_99": [0.04691054578870535, 0.06264601089060307], "q_25": 0.04963463172316551, "q_75": 0.05454063368961215, "min": 0.04691054578870535, "max": 0.06264601089060307, "mean": 0.052253568172454835, "std": 0.004357287765656027, "repeat": 10, "number": 1}]}, "api.supers.time_subdatasets_recursive": {"result": [0.12254861276596785], "stats": [{"ci_99": [0.11647981312125921, 0.1338941529393196], "q_25": 0.12114357412792742, "q_75": 0.12396827316842973, "min": 0.11647981312125921, "max": 0.1338941529393196, "mean": 0.12323869308456778, "std": 0.004958031956870514, "repeat": 10, "number": 1}]}, "api.supers.time_subdatasets_recursive_first": {"result": [0.05274725332856178], "stats": [{"ci_99": [0.04822747781872749, 0.0628353226929903], "q_25": 0.049558018101379275, "q_75": 0.054763204185292125, "min": 0.04822747781872749, "max": 0.0628353226929903, "mean": 0.05318444035947323, "std": 0.004297535046307101, "repeat": 10, "number": 1}]}, "api.supers.time_uninstall": {"result": [2.155089949257672], "stats": [{"ci_99": [2.1472649667412043, 2.1819174205884337], "q_25": 2.1521959137171507, "q_75": 2.163421686505899, "min": 2.1472649667412043, "max": 2.1819174205884337, "mean": 2.158848005812615, "std": 0.010461510947329946, "repeat": 8, "number": 1}]}, "repo.gitrepo.time_get_content_info": {"result": [0.018931740429252386], "stats": [{"ci_99": [0.017763197422027588, 0.0244845999404788], "q_25": 0.018342853989452124, "q_75": 0.02081092563457787, "min": 0.017763197422027588, "max": 0.0244845999404788, "mean": 0.019817293155938387, "std": 0.002026608377386379, "repeat": 10, "number": 1}]}, "api.testds.time_create_test_dataset1": {"result": [0.43863730458542705], "stats": [{"ci_99": [0.43587616365402937, 0.4608849538490176], "q_25": 0.43724949774332345, "q_75": 0.44527415558695793, "min": 0.43587616365402937, "max": 0.4608849538490176, "mean": 0.44274325026199224, "std": 0.008340647159148442, "repeat": 10, "number": 1}]}, "api.testds.time_create_test_dataset2x2": {"result": [2.8080474990420043], "stats": [{"ci_99": [2.721486416076548, 2.9317865607118336], "q_25": 2.7728944758418947, "q_75": 2.8880886661354452, "min": 2.7594424951821566, "max": 2.9083355804905295, "mean": 2.826636488394191, "std": 0.0617276080589226, "repeat": 6, "number": 1}]}, "core.runner.time_echo": {"result": [0.0018951396457850933], "stats": [{"ci_99": [0.0017285782843828202, 0.002343078516423702], "q_25": 0.0017405147664248943, "q_75": 0.0021330696064978836, "min": 0.0017285782843828202, "max": 0.002343078516423702, "mean": 0.0019499947503209118, "std": 0.00022127485724313808, "repeat": 10, "number": 5}]}, "core.runner.time_echo_gitrunner": {"result": [0.0025208394043147566], "stats": [{"ci_99": [0.0021300967782735825, 0.002827023342251778], "q_25": 0.002356965374201536, "q_75": 0.0025295941624790433, "min": 0.0021300967782735825, "max": 0.002827023342251778, "mean": 0.002455760221928358, "std": 0.00020352020975117295, "repeat": 10, "number": 5}]}, "core.startup.time_help_np": {"result": [0.5657202186994255], "stats": [{"ci_99": [0.5197737812995911, 0.5850284257903695], "q_25": 0.5264495711307973, "q_75": 0.5780153705272824, "min": 0.5197737812995911, "max": 0.5850284257903695, "mean": 0.5548750172369182, "std": 0.025666636567272024, "repeat": 10, "number": 1}]}, "core.startup.time_import": {"result": [0.1626312155276537], "stats": [{"ci_99": [0.11521049588918686, 0.18887195736169815], "q_25": 0.1393582047894597, "q_75": 0.16849077306687832, "min": 0.11521049588918686, "max": 0.18887195736169815, "mean": 0.15569266583770514, "std": 0.024810041159397195, "repeat": 10, "number": 1}]}, "core.startup.time_import_api": {"result": [0.48720002733170986], "stats": [{"ci_99": [0.4548341976478696, 0.514914458617568], "q_25": 0.47569610131904483, "q_75": 0.49576220847666264, "min": 0.4548341976478696, "max": 0.514914458617568, "mean": 0.4858304253779352, "std": 0.018584084108030977, "repeat": 10, "number": 1}]}, "support.path.get_parent_paths.time_allsubmods_toplevel": null, "support.path.get_parent_paths.time_allsubmods_toplevel_only": null, "support.path.get_parent_paths.time_no_submods": null, "support.path.get_parent_paths.time_one_submod_subdir": null, "support.path.get_parent_paths.time_one_submod_toplevel": null, "usecases.study_forrest.time_make_studyforrest_mockup": {"result": [35.486378100235015],