{"results": {"api.supers.time_createadd": {"result": [1.2792772985994816], "stats": [{"ci_99": [1.267092363908887, 1.2922793347388506], "q_25": 1.2733519154135138, "q_75": 1.2834972476121038, "min": 1.267092363908887, "max": 1.2922793347388506, "mean": 1.2788847184740006, "std": 0.007313663546825558, "repeat": 10, "number": 1}]}, "api.supers.time_createadd_to_dataset": {"result": [1.2241870844736695], "stats": [{"ci_99": [1.2126692337915301, 1.2359099630266428], "q_25": 1.2192123148124665, "q_75": 1.2315432983450592, "min": 1.2126692337915301, "max": 1.2359099630266428, "mean": 1.2251246583648026, "std": 0.007578879070869047, "repeat": 10, "number": 1}]}, "api.supers.time_diff": null, "api.supers.time_diff_recursive": null, "api.supers.time_installr": {"result": [5.2299913773313165], "stats": [{"ci_99": [5.068667029030621, 5.391315725632012], "q_25": 5.2283781338483095, "q_75": 5.231604620814323, "min": 5.226764890365303, "max": 5.23321786429733, "mean": 5.2299913773313165, "std": 0.0032264869660139084, "repeat": 2, "number": 1}]}, "api.supers.time_ls": {"result": [0.18422577204182744], "stats": [{"ci_99": [0.17823524307459593, 0.19636308960616589], "q_25": 0.18045997084118426, "q_75": 0.19202618533745408, "min": 0.17823524307459593, "max": 0.19636308960616589, "mean": 0.18610366024076938, "std": 0.006433106124640632, "repeat": 10, "number": 1}]}, "api.supers.time_ls_recursive": {"result": [1.7417340259999037], "stats": [{"ci_99": [1.7329667462036014, 1.7639121068641543], "q_25": 1.7388948376756161, "q_75": 1.7477708312217146, "min": 1.7329667462036014, "max": 1.7639121068641543, "mean": 1.7441772434860467, "std": 0.008912796144949501, "repeat": 10, "number": 1}]}, "api.supers.time_ls_recursive_long_all": {"result": [1.8967325016856194], "stats": [{"ci_99": [1.8877300517633557, 1.933768142014742], "q_25": 1.8926324751228094, "q_75": 1.9190112613141537, "min": 1.8877300517633557, "max": 1.933768142014742, "mean": 1.9045867329049442, "std": 0.015392544296306737, "repeat": 9, "number": 1}]}, "api.supers.time_remove": null, "api.supers.time_status": {"result": [0.7033499516546726], "stats": [{"ci_99": [0.699544521048665, 0.7076030280441046], "q_25": 0.7014074695762247, "q_75": 0.7057237650733441, "min": 0.699544521048665, "max": 0.7076030280441046, "mean": 0.7036611884832382, "std": 0.002626440990237564, "repeat": 10, "number": 1}]}, "api.supers.time_status_recursive": {"result": [1.3364960048347712], "stats": [{"ci_99": [1.3284777626395226, 1.3530534729361534], "q_25": 1.3327164181973785, "q_75": 1.340334702981636, "min": 1.3284777626395226, "max": 1.3530534729361534, "mean": 1.3373484471812844, "std": 0.0068342681170480545, "repeat": 10, "number": 1}]}, "api.supers.time_subdatasets": {"result": [0.09417565260082483], "stats": [{"ci_99": [0.09107435960322618, 0.10443833190947771], "q_25": 0.09265251038596034, "q_75": 0.09557561809197068, "min": 0.09107435960322618, "max": 0.10443833190947771, "mean": 0.0950104090385139, "std": 0.0037015329505118767, "repeat": 10, "number": 1}]}, "api.supers.time_subdatasets_recursive": {"result": [0.41729527805000544], "stats": [{"ci_99": [0.41526172682642937, 0.4242183556780219], "q_25": 0.4169472763314843, "q_75": 0.41949064773507416, "min": 0.41526172682642937, "max": 0.4242183556780219, "mean": 0.4182551828213036, "std": 0.002575679986020284, "repeat": 10, "number": 1}]}, "api.supers.time_subdatasets_recursive_first": {"result": [0.09477905835956335], "stats": [{"ci_99": [0.09148278553038836, 0.10482600703835487], "q_25": 0.09198604291304946, "q_75": 0.09671060694381595, "min": 0.09148278553038836, "max": 0.10482600703835487, "mean": 0.09520847918465733, "std": 0.0038185408876660735, "repeat": 10, "number": 1}]}, "api.supers.time_uninstall": {"result": [4.140197228174657], "stats": [{"ci_99": [4.125606594020554, 4.158827042793801], "q_25": 4.138619415462017, "q_75": 4.1437946311198175, "min": 4.1355485850945115, "max": 4.152924232184887, "mean": 4.142216818407178, "std": 0.006478537947632327, "repeat": 4, "number": 1}]}, "repo.gitrepo.time_get_content_info": {"result": [0.014791207388043404], "stats": [{"ci_99": [0.0140830771997571, 0.016613323241472244], "q_25": 0.014288607984781265, "q_75": 0.015479121590033174, "min": 0.0140830771997571, "max": 0.016613323241472244, "mean": 0.014978456310927868, "std": 0.0008229569233648727, "repeat": 10, "number": 1}]}, "api.testds.time_create_test_dataset1": {"result": [0.607939655892551], "stats": [{"ci_99": [0.6004708306863904, 0.6431268975138664], "q_25": 0.6015446274541318, "q_75": 0.6237326676491648, "min": 0.6004708306863904, "max": 0.6431268975138664, "mean": 0.6135813466273248, "std": 0.0141825895536054, "repeat": 10, "number": 1}]}, "api.testds.time_create_test_dataset2x2": {"result": [3.7678432702086866], "stats": [{"ci_99": [3.587791891490583, 3.9513676481307405], "q_25": 3.7181793011259288, "q_75": 3.8192437388934195, "min": 3.692161059938371, "max": 3.8504714788869023, "mean": 3.7695797698106617, "std": 0.06305496939719613, "repeat": 4, "number": 1}]}, "core.runner.time_echo": {"result": [0.0018236367808034024], "stats": [{"ci_99": [0.0016798566405971844, 0.0022454604816933474], "q_25": 0.001696698445205887, "q_75": 0.002125284712140759, "min": 0.0016798566405971844, "max": 0.0022454604816933474, "mean": 0.0019034343926856915, "std": 0.00022601984363803028, "repeat": 10, "number": 6}]}, "core.runner.time_echo_gitrunner": {"result": [0.0022505871020257473], "stats": [{"ci_99": [0.0020800307393074036, 0.0024510808289051056], "q_25": 0.0021765268174931407, "q_75": 0.0023569814511574805, "min": 0.0020800307393074036, "max": 0.0024510808289051056, "mean": 0.0022555220406502486, "std": 0.00011517903475260715, "repeat": 10, "number": 4}]}, "core.startup.time_help_np": {"result": [0.5804754425771534], "stats": [{"ci_99": [0.5321464771404862, 0.6403690073639154], "q_25": 0.5771383699029684, "q_75": 0.6190077899955213, "min": 0.5321464771404862, "max": 0.6403690073639154, "mean": 0.5922517349012196, "std": 0.032243195302804305, "repeat": 10, "number": 1}]}, "core.startup.time_import": {"result": [0.15095384372398257], "stats": [{"ci_99": [0.1147984191775322, 0.20668883342295885], "q_25": 0.1370441580656916, "q_75": 0.18516866210848093, "min": 0.1147984191775322, "max": 0.20668883342295885, "mean": 0.1577418392524123, "std": 0.029297619516320057, "repeat": 10, "number": 1}]}, "core.startup.time_import_api": {"result": [0.49757410679012537], "stats": [{"ci_99": [0.45260573737323284, 0.5452116448432207], "q_25": 0.46496922546066344, "q_75": 0.5043327179737389, "min": 0.45260573737323284, "max": 0.5452116448432207, "mean": 0.4905709638260305, "std": 0.027594899949312995, "repeat": 10, "number": 1}]}, "support.path.get_parent_paths.time_allsubmods_toplevel": {"result": [0.006874191341921687], "stats": [{"ci_99": [0.006713573820888996, 0.007121045608073473], "q_25": 0.006816237117163837, "q_75": 0.006900925887748599, "min": 0.006713573820888996, "max": 0.007121045608073473, "mean": 0.006874437537044286, "std": 0.00010046996055207532, "repeat": 10, "number": 2}]}, "support.path.get_parent_paths.time_allsubmods_toplevel_only": {"result": [0.006306528579443693], "stats": [{"ci_99": [0.006034033372998238, 0.007951291278004646], "q_25": 0.006179191288538277, "q_75": 0.007044116617180407, "min": 0.006034033372998238, "max": 0.007951291278004646, "mean": 0.006641277112066746, "std": 0.000625180503954515, "repeat": 10, "number": 2}]}, "support.path.get_parent_paths.time_no_submods": {"result": [3.0475075764195443e-07], "stats": [{"ci_99": [2.7714208519578393e-07, 3.766785808325624e-07], "q_25": 2.779670516851194e-07, "q_75": 3.4660119082606906e-07, "min": 2.7714208519578393e-07, "max": 3.766785808325624e-07, "mean": 3.1483545273927574e-07, "std": 3.862870664937951e-08, "repeat": 10, "number": 25611}]}, "support.path.get_parent_paths.time_one_submod_subdir": {"result": [0.005667408462613821], "stats": [{"ci_99": [0.00518815079703927, 0.007257973309606314], "q_25": 0.005364216980524361,