{"results": {"api.supers.time_createadd": {"result": [1.2866930230520666], "stats": [{"ci_99": [1.278767017647624, 1.295655039139092], "q_25": 1.283701195847243, "q_75": 1.289795886958018, "min": 1.278767017647624, "max": 1.295655039139092, "mean": 1.2872176754288376, "std": 0.005262597862034666, "repeat": 10, "number": 1}]}, "api.supers.time_createadd_to_dataset": {"result": [1.2350911083631217], "stats": [{"ci_99": [1.2265501245856285, 1.2720193825662136], "q_25": 1.2335696178488433, "q_75": 1.237421042053029, "min": 1.2265501245856285, "max": 1.2720193825662136, "mean": 1.2391099292784928, "std": 0.012054679299505643, "repeat": 10, "number": 1}]}, "api.supers.time_diff": null, "api.supers.time_diff_recursive": null, "api.supers.time_installr": {"result": [5.5401821988634765], "stats": [{"ci_99": [5.496318186167628, 5.5840462115593255], "q_25": 5.539743558736518, "q_75": 5.540620838990435, "min": 5.5393049186095595, "max": 5.5410594791173935, "mean": 5.5401821988634765, "std": 0.0008772802539169788, "repeat": 2, "number": 1}]}, "api.supers.time_ls": {"result": [0.1857452210970223], "stats": [{"ci_99": [0.179121439345181, 0.19182746298611164], "q_25": 0.18257156875915825, "q_75": 0.18776148813776672, "min": 0.179121439345181, "max": 0.19182746298611164, "mean": 0.1855406836606562, "std": 0.004113090035805781, "repeat": 10, "number": 1}]}, "api.supers.time_ls_recursive": {"result": [1.7817383827641606], "stats": [{"ci_99": [1.7761317063122988, 1.7892397809773684], "q_25": 1.7797446309123188, "q_75": 1.7859038293827325, "min": 1.7761317063122988, "max": 1.7892397809773684, "mean": 1.782605465594679, "std": 0.003835310480899881, "repeat": 10, "number": 1}]}, "api.supers.time_ls_recursive_long_all": {"result": [1.9443884985521436], "stats": [{"ci_99": [1.937916030175984, 1.9641934549435973], "q_25": 1.940060295863077, "q_75": 1.9552291189320385, "min": 1.937916030175984, "max": 1.9641934549435973, "mean": 1.9480592791223899, "std": 0.009485022315566059, "repeat": 8, "number": 1}]}, "api.supers.time_remove": null, "api.supers.time_status": {"result": [0.7192596974782646], "stats": [{"ci_99": [0.7127420119941235, 0.7262998567894101], "q_25": 0.7179190572351217, "q_75": 0.7213843844365329, "min": 0.7127420119941235, "max": 0.7262998567894101, "mean": 0.71948794266209, "std": 0.0033779553006582303, "repeat": 10, "number": 1}]}, "api.supers.time_status_recursive": {"result": [1.362124363426119], "stats": [{"ci_99": [1.3553997296839952, 1.3754207696765661], "q_25": 1.3578791187610477, "q_75": 1.3696919686626643, "min": 1.3553997296839952, "max": 1.3754207696765661, "mean": 1.3638626932166518, "std": 0.006548935628317431, "repeat": 10, "number": 1}]}, "api.supers.time_subdatasets": {"result": [0.09708041744306684], "stats": [{"ci_99": [0.09330957569181919, 0.10174329951405525], "q_25": 0.09567570593208075, "q_75": 0.09856754052452743, "min": 0.09330957569181919, "max": 0.10174329951405525, "mean": 0.09725697031244636, "std": 0.0023599645376392612, "repeat": 10, "number": 1}]}, "api.supers.time_subdatasets_recursive": {"result": [0.4264775183983147], "stats": [{"ci_99": [0.42208866868168116, 0.4435984715819359], "q_25": 0.42498493823222816, "q_75": 0.4271670978050679, "min": 0.42208866868168116, "max": 0.4435984715819359, "mean": 0.4283366346731782, "std": 0.006623573922068017, "repeat": 10, "number": 1}]}, "api.supers.time_subdatasets_recursive_first": {"result": [0.09446652326732874], "stats": [{"ci_99": [0.09306722786277533, 0.0997554250061512], "q_25": 0.09364637406542897, "q_75": 0.09539837227202952, "min": 0.09306722786277533, "max": 0.0997554250061512, "mean": 0.09494547629728914, "std": 0.0018485376528148052, "repeat": 10, "number": 1}]}, "api.supers.time_uninstall": {"result": [4.228407661430538], "stats": [{"ci_99": [4.218185539380256, 4.239342549792882], "q_25": 4.225753112463281, "q_75": 4.231418593553826, "min": 4.224402815103531, "max": 4.23383804038167, "mean": 4.228764044586569, "std": 0.00369928952973098, "repeat": 4, "number": 1}]}, "repo.gitrepo.time_get_content_info": {"result": [0.01648084819316864], "stats": [{"ci_99": [0.01430769544094801, 0.018216882832348347], "q_25": 0.014941725879907608, "q_75": 0.01689073070883751, "min": 0.01430769544094801, "max": 0.018216882832348347, "mean": 0.01608403455466032, "std": 0.0012272065415397946, "repeat": 10, "number": 1}]}, "api.testds.time_create_test_dataset1": {"result": [0.6154572973027825], "stats": [{"ci_99": [0.6111964173614979, 0.6335909944027662], "q_25": 0.6140318321995437, "q_75": 0.626394263934344, "min": 0.6111964173614979, "max": 0.6335909944027662, "mean": 0.6198763871565461, "std": 0.0082128429521196, "repeat": 10, "number": 1}]}, "api.testds.time_create_test_dataset2x2": {"result": [3.80624339915812], "stats": [{"ci_99": [3.7575570156279183, 3.8518563208688814], "q_25": 3.7941541424952447, "q_75": 3.8167959249112755, "min": 3.7808190220966935, "max": 3.8255208525806665, "mean": 3.8047066682484, "std": 0.01677379715941132, "repeat": 4, "number": 1}]}, "core.runner.time_echo": {"result": [0.001800615739609514], "stats": [{"ci_99": [0.0016709141699331148, 0.0022476392665079664], "q_25": 0.001675317995250225, "q_75": 0.0020187185145914555, "min": 0.0016709141699331148, "max": 0.0022476392665079664, "mean": 0.0018708323128521442, "std": 0.0002105437950267218, "repeat": 10, "number": 7}]}, "core.runner.time_echo_gitrunner": {"result": [0.002115943375974894], "stats": [{"ci_99": [0.002090330049395561, 0.002219233103096485], "q_25": 0.002102545788511634, "q_75": 0.0021285571623593565, "min": 0.002090330049395561, "max": 0.002219233103096485, "mean": 0.002123697809875011, "std": 3.5179743843233505e-05, "repeat": 10, "number": 5}]}, "core.startup.time_help_np": {"result": [0.5648323246277869], "stats": [{"ci_99": [0.5218317080289125, 0.6515109781175852], "q_25": 0.5246647787280381, "q_75": 0.571313536260277, "min": 0.5218317080289125, "max": 0.6515109781175852, "mean": 0.5623917563818395, "std": 0.04012338463972221, "repeat": 10, "number": 1}]}, "core.startup.time_import": {"result": [0.16531353909522295], "stats": [{"ci_99": [0.11452575400471687, 0.19666153471916914], "q_25": 0.13395882910117507, "q_75": 0.16991917486302555, "min": 0.11452575400471687, "max": 0.19666153471916914, "mean": 0.15766055583953859, "std": 0.026918597715971576, "repeat": 10, "number": 1}]}, "core.startup.time_import_api": {"result": [0.5151310781948268], "stats": [{"ci_99": [0.45740771014243364, 0.5933778025209904], "q_25": 0.4747679247520864, "q_75": 0.5633084792643785, "min": 0.45740771014243364, "max": 0.5933778025209904, "mean": 0.5197165915742517, "std": 0.048670333076651424, "repeat": 10, "number": 1}]}, "support.path.get_parent_paths.time_allsubmods_toplevel": {"result": [0.006901141721755266], "stats": [{"ci_99": [0.006671994924545288, 0.008689322974532843], "q_25": 0.00682891346514225, "q_75": 0.007624590885825455, "min": 0.006671994924545288, "max": 0.008689322974532843, "mean": 0.007257381593808532, "std": 0.0006349305046671297, "repeat": 10, "number": 2}]}, "support.path.get_parent_paths.time_allsubmods_toplevel_only": {"result": [0.006320709595456719], "stats": [{"ci_99": [0.006048364564776421, 0.007915310095995665], "q_25": 0.006163790239952505, "q_75": 0.007027978426776826, "min": 0.006048364564776421, "max": 0.007915310095995665, "mean": 0.006630791537463665, "std": 0.0006153202332603195, "repeat": 10, "number": 2}]}, "support.path.get_parent_paths.time_no_submods": {"result": [2.9249365669959465e-07], "stats": [{"ci_99": [2.9079611179782596e-07, 2.954424456679635e-07], "q_25": 2.9210566799942883e-07, "q_75": 2.933809754115034e-07, "min": 2.9079611179782596e-07, "max": 2.954424456679635e-07, "mean": 2.928656193863177e-07, "std": 1.4028305968709941e-09, "repeat": 10, "number": 37329}]}, "support.path.get_parent_paths.time_one_submod_subdir": {"result": [0.005351606989279389], "stats": [{"ci_99": [0.005182707216590643, 0.005587494000792503], "q_25": 0.0053357642609626055,