{"results": {"api.supers.time_createadd": {"result": [1.3835655539296567], "stats": [{"ci_99": [1.356977678835392, 1.4297828655689955], "q_25": 1.3651905180886388, "q_75": 1.403798922430724, "min": 1.356977678835392, "max": 1.4297828655689955, "mean": 1.385761322453618, "std": 0.023074693889631584, "repeat": 10, "number": 1}]}, "api.supers.time_createadd_to_dataset": {"result": [1.1329080243594944], "stats": [{"ci_99": [1.1090816715732217, 1.1566776102408767], "q_25": 1.1235907163936645, "q_75": 1.1465945462696254, "min": 1.1090816715732217, "max": 1.1566776102408767, "mean": 1.134558667615056, "std": 0.014722385931367852, "repeat": 10, "number": 1}]}, "api.supers.time_diff": null, "api.supers.time_diff_recursive": null, "api.supers.time_installr": {"result": [3.8721717190928757], "stats": [{"ci_99": [3.801712468700484, 3.9287275132108475], "q_25": 3.860131060006097, "q_75": 3.8772606500424445, "min": 3.8247461607679725, "max": 3.891790364868939, "mean": 3.8652199909556657, "std": 0.024702679398806705, "repeat": 4, "number": 1}]}, "api.supers.time_ls": {"result": [0.7090658005326986], "stats": [{"ci_99": [0.6829402297735214, 0.7399306250736117], "q_25": 0.6866734845098108, "q_75": 0.7263459970708936, "min": 0.6829402297735214, "max": 0.7399306250736117, "mean": 0.7086053530685603, "std": 0.02194438695942806, "repeat": 10, "number": 1}]}, "api.supers.time_ls_recursive": {"result": [2.5977413221262395], "stats": [{"ci_99": [2.5807900980672844, 2.615454533205767], "q_25": 2.5902626421302557, "q_75": 2.6053512773942202, "min": 2.583615559153259, "max": 2.6139780124649405, "mean": 2.5981223156365254, "std": 0.010375382652389235, "repeat": 6, "number": 1}]}, "api.supers.time_ls_recursive_long_all": {"result": [2.75954252993688], "stats": [{"ci_99": [2.736572073497326, 2.8207782208919525], "q_25": 2.75398604827933, "q_75": 2.7634772900491953, "min": 2.747175137512386, "max": 2.8207782208919525, "mean": 2.7673268637930355, "std": 0.024541689924119012, "repeat": 6, "number": 1}]}, "api.supers.time_remove": {"result": [2.0607926342636347], "stats": [{"ci_99": [2.0467282915487885, 2.0849007107317448], "q_25": 2.0562320887111127, "q_75": 2.071891538100317, "min": 2.0467282915487885, "max": 2.0849007107317448, "mean": 2.064019823912531, "std": 0.011720096421886523, "repeat": 8, "number": 1}]}, "api.supers.time_status": {"result": [0.6864178739488125], "stats": [{"ci_99": [0.6803429163992405, 0.700871154665947], "q_25": 0.6854099764022976, "q_75": 0.6947519625537097, "min": 0.6803429163992405, "max": 0.700871154665947, "mean": 0.6888263375498355, "std": 0.006755035791240756, "repeat": 10, "number": 1}]}, "api.supers.time_status_recursive": {"result": [1.1401287922635674], "stats": [{"ci_99": [1.131520939990878, 1.1499546933919191], "q_25": 1.1352542378008366, "q_75": 1.1420238993596286, "min": 1.131520939990878, "max": 1.1499546933919191, "mean": 1.139519032370299, "std": 0.00524724463586584, "repeat": 10, "number": 1}]}, "api.supers.time_subdatasets": {"result": [0.05269976891577244], "stats": [{"ci_99": [0.04811049811542034, 0.06439889315515757], "q_25": 0.05013655102811754, "q_75": 0.0575980416033417, "min": 0.04811049811542034, "max": 0.06439889315515757, "mean": 0.05412874678149819, "std": 0.004975559487488676, "repeat": 10, "number": 1}]}, "api.supers.time_subdatasets_recursive": {"result": [0.11986765637993813], "stats": [{"ci_99": [0.11347303353250027, 0.12373018264770508], "q_25": 0.11741638858802617, "q_75": 0.12274205521680415, "min": 0.11347303353250027, "max": 0.12373018264770508, "mean": 0.11967462124302983, "std": 0.0031858859010576264, "repeat": 10, "number": 1}]}, "api.supers.time_subdatasets_recursive_first": {"result": [0.051158232614398], "stats": [{"ci_99": [0.04699154570698738, 0.05805786605924368], "q_25": 0.04909253353253007, "q_75": 0.05274577089585364, "min": 0.04699154570698738, "max": 0.05805786605924368, "mean": 0.05137616079300642, "std": 0.0031819543982491098, "repeat": 10, "number": 1}]}, "api.supers.time_uninstall": {"result": [2.1334728342480958], "stats": [{"ci_99": [2.1182386027649045, 2.1640088967978954], "q_25": 2.129045839421451, "q_75": 2.1474861949682236, "min": 2.1182386027649045, "max": 2.1640088967978954, "mean": 2.1374071915633976, "std": 0.01385581819632056, "repeat": 8, "number": 1}]}, "repo.gitrepo.time_get_content_info": {"result": [0.021348505280911922], "stats": [{"ci_99": [0.016883553005754948, 0.025390385650098324], "q_25": 0.019859546329826117, "q_75": 0.022744875866919756, "min": 0.016883553005754948, "max": 0.025390385650098324, "mean": 0.02130247140303254, "std": 0.0022487661810802356, "repeat": 10, "number": 1}]}, "api.testds.time_create_test_dataset1": {"result": [0.4371756394393742], "stats": [{"ci_99": [0.4320166241377592, 0.45609120931476355], "q_25": 0.43340376229025424, "q_75": 0.44282005704008043, "min": 0.4320166241377592, "max": 0.45609120931476355, "mean": 0.4394736647605896, "std": 0.007399427818883413, "repeat": 10, "number": 1}]}, "api.testds.time_create_test_dataset2x2": {"result": [2.768332766368985], "stats": [{"ci_99": [2.741925558591281, 2.7981692171773367], "q_25": 2.7559542127419263, "q_75": 2.779957742197439, "min": 2.749978508800268, "max": 2.7979795234277844, "mean": 2.770047387884309, "std": 0.01684711757523752, "repeat": 6, "number": 1}]}, "core.runner.time_echo": {"result": [0.0019515040330588818], "stats": [{"ci_99": [0.0017642153427004815, 0.002096061781048775], "q_25": 0.0018179143778979778, "q_75": 0.0020054314751178025, "min": 0.0017642153427004815, "max": 0.002096061781048775, "mean": 0.00192770441994071, "std": 0.00011153183521747709, "repeat": 10, "number": 5}]}, "core.runner.time_echo_gitrunner": {"result": [0.002265251614153385], "stats": [{"ci_99": [0.0021264966577291488, 0.0029095329344272615], "q_25": 0.0021390614099800584, "q_75": 0.0025728818960487846, "min": 0.0021264966577291488, "max": 0.0029095329344272615, "mean": 0.002380909826606512, "std": 0.00027173688037582575, "repeat": 10, "number": 5}]}, "core.startup.time_help_np": {"result": [0.5766698266379535], "stats": [{"ci_99": [0.5304568111896515, 0.6482425546273589], "q_25": 0.5557890776544809, "q_75": 0.6298389590810984, "min": 0.5304568111896515, "max": 0.6482425546273589, "mean": 0.5887043905444443, "std": 0.03986121212633316, "repeat": 10, "number": 1}]}, "core.startup.time_import": {"result": [0.17246947484090924], "stats": [{"ci_99": [0.1237414488568902, 0.20866575371474028], "q_25": 0.16600872809067369, "q_75": 0.1878569540567696, "min": 0.1237414488568902, "max": 0.20866575371474028, "mean": 0.1728379956446588, "std": 0.023277648474695354, "repeat": 10, "number": 1}]}, "core.startup.time_import_api": {"result": [0.507129954174161], "stats": [{"ci_99": [0.4502937849611044, 0.5304981265217066], "q_25": 0.46346218627877533, "q_75": 0.5179134986829013, "min": 0.4502937849611044, "max": 0.5304981265217066, "mean": 0.49362310888245703, "std": 0.02957187637608733, "repeat": 10, "number": 1}]}, "support.path.get_parent_paths.time_allsubmods_toplevel": null, "support.path.get_parent_paths.time_allsubmods_toplevel_only": null, "support.path.get_parent_paths.time_no_submods": null, "support.path.get_parent_paths.time_one_submod_subdir": null, "support.path.get_parent_paths.time_one_submod_toplevel": null, "usecases.study_forrest.time_make_studyforrest_mockup": {"result": [36.01692589093], "stats": [{"ci_99": [34.719682672061026, 37.31416910979897], "q_25": 36.00395345874131, "q_75": 36.02989832311869, "min": 35.99098102655262, "max": 36.042870755307376, "mean": 36.01692589093, "std": 0.025944864377379417, "repeat": 2, "number": 1}]}, "core.runner.track_overhead_100ms": 1.85, "core.runner.track_overhead_echo": 37.84, "core.runner.track_overhead_heavyout": -1.48, "core.runner.track_overhead_heavyout_online_process": -2.53, "core.runner.track_overhead_heavyout_online_through": 25.02}, "params": {"arch": "x86_64", "cpu": "Intel(R) Xeon(R) CPU E5-1607 v2 @ 3.00GHz", "machine": "drogon-neurodebian0.20200209.1",