{"results": {"api.supers.time_createadd": {"result": [1.3652140055783093], "stats": [{"ci_99": [1.3437527790665627, 1.4101111413910985], "q_25": 1.357524803141132, "q_75": 1.3707488186191767, "min": 1.3437527790665627, "max": 1.4101111413910985, "mean": 1.3675715242512525, "std": 0.01690291303019223, "repeat": 10, "number": 1}]}, "api.supers.time_createadd_to_dataset": {"result": [1.1114359200000763], "stats": [{"ci_99": [1.1000104900449514, 1.145929230377078], "q_25": 1.1061821663752198, "q_75": 1.1165178176015615, "min": 1.1000104900449514, "max": 1.145929230377078, "mean": 1.1161123476922512, "std": 0.01512742182443984, "repeat": 10, "number": 1}]}, "api.supers.time_diff": {"result": [0.10220596008002758], "stats": [{"ci_99": [0.08841299638152122, 0.12118314392864704], "q_25": 0.09757834346964955, "q_75": 0.11282660253345966, "min": 0.08841299638152122, "max": 0.12118314392864704, "mean": 0.10465307729318737, "std": 0.009983925714169672, "repeat": 10, "number": 1}]}, "api.supers.time_diff_recursive": {"result": [0.3064102972857654], "stats": [{"ci_99": [0.2972511211410165, 0.31609134282916784], "q_25": 0.300245339050889, "q_75": 0.30845501902513206, "min": 0.2972511211410165, "max": 0.31609134282916784, "mean": 0.3057323515415192, "std": 0.006152499678684375, "repeat": 10, "number": 1}]}, "api.supers.time_installr": {"result": [3.8252215897664428], "stats": [{"ci_99": [3.7463783708270806, 3.9143340212423183], "q_25": 3.816320074722171, "q_75": 3.8392577110789716, "min": 3.7909622695297003, "max": 3.880019335076213, "mean": 3.8303561960346997, "std": 0.031903919172744266, "repeat": 4, "number": 1}]}, "api.supers.time_ls": {"result": [0.6944178491830826], "stats": [{"ci_99": [0.6867934912443161, 0.7050804514437914], "q_25": 0.691115575376898, "q_75": 0.6993904267437756, "min": 0.6867934912443161, "max": 0.7050804514437914, "mean": 0.6950590059161186, "std": 0.0056244294317750595, "repeat": 10, "number": 1}]}, "api.supers.time_ls_recursive": {"result": [2.6364201181568205], "stats": [{"ci_99": [2.617589984621299, 2.652003948975908], "q_25": 2.627347795292735, "q_75": 2.64150839461945, "min": 2.6184827936813235, "max": 2.6499305963516235, "mean": 2.6347969667986035, "std": 0.010569544591696248, "repeat": 6, "number": 1}]}, "api.supers.time_ls_recursive_long_all": {"result": [2.7898293607868254], "stats": [{"ci_99": [2.7756277807056904, 2.805619568609983], "q_25": 2.7876568727660924, "q_75": 2.7965684353839606, "min": 2.7756277807056904, "max": 2.805468987673521, "mean": 2.791083832271397, "std": 0.009347888318100451, "repeat": 6, "number": 1}]}, "api.supers.time_remove": {"result": [2.0899794255383313], "stats": [{"ci_99": [2.0636694552376866, 2.108429679647088], "q_25": 2.0815741289407015, "q_75": 2.1024207978043705, "min": 2.0636694552376866, "max": 2.108429679647088, "mean": 2.089934632764198, "std": 0.014379943638295367, "repeat": 8, "number": 1}]}, "api.supers.time_status": {"result": [0.6821811213158071], "stats": [{"ci_99": [0.6769123570993543, 0.6952010449022055], "q_25": 0.6798586451914161, "q_75": 0.683017416857183, "min": 0.6769123570993543, "max": 0.6952010449022055, "mean": 0.6832966653630137, "std": 0.005840662545128745, "repeat": 10, "number": 1}]}, "api.supers.time_status_recursive": {"result": [1.1459584455005825], "stats": [{"ci_99": [1.132964864373207, 1.1516250176355243], "q_25": 1.1421119831502438, "q_75": 1.148964265594259, "min": 1.132964864373207, "max": 1.1516250176355243, "mean": 1.1447507637552916, "std": 0.0054026465189603076, "repeat": 10, "number": 1}]}, "api.supers.time_subdatasets": {"result": [0.05285769794136286], "stats": [{"ci_99": [0.046600946225225925, 0.05860679317265749], "q_25": 0.049281576881185174, "q_75": 0.05495207873173058, "min": 0.046600946225225925, "max": 0.05860679317265749, "mean": 0.05256876703351736, "std": 0.003793362465406709, "repeat": 10, "number": 1}]}, "api.supers.time_subdatasets_recursive": {"result": [0.12158238980919123], "stats": [{"ci_99": [0.11576545424759388, 0.13033703994005919], "q_25": 0.11960361362434924, "q_75": 0.12581551168113947, "min": 0.11576545424759388, "max": 0.13033703994005919, "mean": 0.12241424657404423, "std": 0.004566225991625353, "repeat": 10, "number": 1}]}, "api.supers.time_subdatasets_recursive_first": {"result": [0.05241798562929034], "stats": [{"ci_99": [0.04883096273988485, 0.05677934177219868], "q_25": 0.051474428502842784, "q_75": 0.05347328190691769, "min": 0.04883096273988485, "max": 0.05677934177219868, "mean": 0.05278739826753735, "std": 0.002274122823522507, "repeat": 10, "number": 1}]}, "api.supers.time_uninstall": {"result": [2.1648436998948455], "stats": [{"ci_99": [2.1555739426985383, 2.1741601172834635], "q_25": 2.159494227031246, "q_75": 2.1680941593367606, "min": 2.1555739426985383, "max": 2.1741601172834635, "mean": 2.1641827401472256, "std": 0.006136230332640782, "repeat": 8, "number": 1}]}, "repo.gitrepo.time_get_content_info": {"result": [0.020506429951637983], "stats": [{"ci_99": [0.016414683312177658, 0.024448244832456112], "q_25": 0.019012247677892447, "q_75": 0.021366353379562497, "min": 0.016414683312177658, "max": 0.024448244832456112, "mean": 0.02044362248852849, "std": 0.0021356343442049323, "repeat": 10, "number": 1}]}, "api.testds.time_create_test_dataset1": {"result": [0.4401046549901366], "stats": [{"ci_99": [0.4375262949615717, 0.4562715943902731], "q_25": 0.4383701500482857, "q_75": 0.44467161502689123, "min": 0.4375262949615717, "max": 0.4562715943902731, "mean": 0.4427102141082287, "std": 0.005902772839746677, "repeat": 10, "number": 1}]}, "api.testds.time_create_test_dataset2x2": {"result": [2.7721225265413523], "stats": [{"ci_99": [2.7430243883281946, 2.8061929615214467], "q_25": 2.766751885181293, "q_75": 2.7830277434550226, "min": 2.7430243883281946, "max": 2.8061929615214467, "mean": 2.7741811483477554, "std": 0.019318199574324686, "repeat": 6, "number": 1}]}, "core.runner.time_echo": {"result": [0.0019230639562010767], "stats": [{"ci_99": [0.0017268592491745949, 0.0023350296542048454], "q_25": 0.0017406641039997338, "q_75": 0.002279397379606962, "min": 0.0017268592491745949, "max": 0.0023350296542048454, "mean": 0.0019929704815149305, "std": 0.0002641537332545048, "repeat": 10, "number": 5}]}, "core.runner.time_echo_gitrunner": {"result": [0.002719116397202015], "stats": [{"ci_99": [0.002550326054915786, 0.0030423866119235754], "q_25": 0.0026746959192678332, "q_75": 0.0028708838508464396, "min": 0.002550326054915786, "max": 0.0030423866119235754, "mean": 0.0027592891361564397, "std": 0.00014705991496949053, "repeat": 10, "number": 4}]}, "core.startup.time_help_np": {"result": [0.5785712311044335], "stats": [{"ci_99": [0.5553594827651978, 0.6329355984926224], "q_25": 0.5710133810061961, "q_75": 0.6104753999970853, "min": 0.5553594827651978, "max": 0.6329355984926224, "mean": 0.5898279065266252, "std": 0.026568138853634696, "repeat": 10, "number": 1}]}, "core.startup.time_import": {"result": [0.15045890072360635], "stats": [{"ci_99": [0.11357558984309435, 0.19450202491134405], "q_25": 0.12793559534475207, "q_75": 0.17339498084038496, "min": 0.11357558984309435, "max": 0.19450202491134405, "mean": 0.15218742275610567, "std": 0.028159499017977298, "repeat": 10, "number": 1}]}, "core.startup.time_import_api": {"result": [0.4945553713478148], "stats": [{"ci_99": [0.45279614068567753, 0.5530756721273065], "q_25": 0.4676182484254241, "q_75": 0.5379816074855626, "min": 0.45279614068567753, "max": 0.5530756721273065, "mean": 0.5001546832732856, "std": 0.037452903404039194, "repeat": 10, "number": 1}]}, "support.path.get_parent_paths.time_allsubmods_toplevel": null, "support.path.get_parent_paths.time_allsubmods_toplevel_only": null, "support.path.get_parent_paths.time_no_submods": null, "support.path.get_parent_paths.time_one_submod_subdir": null, "support.path.get_parent_paths.time_one_submod_toplevel": null, "usecases.study_forrest.time_make_studyforrest_mockup": {"result": [35.84961855597794],