{"results": {"api.supers.time_createadd": {"result": [1.487541516777128], "stats": [{"ci_99": [1.4690637877210975, 1.5316723231226206], "q_25": 1.4753354135900736, "q_75": 1.5110613650176674, "min": 1.4690637877210975, "max": 1.5316723231226206, "mean": 1.4934260764159262, "std": 0.020626539709380158, "repeat": 10, "number": 1}]}, "api.supers.time_createadd_to_dataset": {"result": [1.3666118583641946], "stats": [{"ci_99": [1.3502291915938258, 1.4109147749841213], "q_25": 1.3577242908068001, "q_75": 1.3750072801485658, "min": 1.3502291915938258, "max": 1.4109147749841213, "mean": 1.3691951474174857, "std": 0.017108562705586704, "repeat": 10, "number": 1}]}, "api.supers.time_diff": null, "api.supers.time_diff_recursive": null, "api.supers.time_installr": {"result": [8.692076307255775], "stats": [{"ci_99": [7.519252778496593, 9.864899836014954], "q_25": 8.680348071968183, "q_75": 8.703804542543367, "min": 8.668619836680591, "max": 8.715532777830958, "mean": 8.692076307255775, "std": 0.02345647057518363, "repeat": 2, "number": 1}]}, "api.supers.time_ls": {"result": [0.25861818669363856], "stats": [{"ci_99": [0.25532459653913975, 0.2674203673377633], "q_25": 0.25615080003626645, "q_75": 0.26421931223012507, "min": 0.25532459653913975, "max": 0.2674203673377633, "mean": 0.25999650498852134, "std": 0.0044749872724134596, "repeat": 10, "number": 1}]}, "api.supers.time_ls_recursive": {"result": [2.608391837682575], "stats": [{"ci_99": [2.592928976863837, 2.6358225913718343], "q_25": 2.606011437950656, "q_75": 2.618558138376102, "min": 2.5960156554356217, "max": 2.6358225913718343, "mean": 2.61263113313665, "std": 0.012769684334315896, "repeat": 6, "number": 1}]}, "api.supers.time_ls_recursive_long_all": {"result": [2.7703922376967967], "stats": [{"ci_99": [2.7546987201237556, 2.781736952579133], "q_25": 2.7621030365116894, "q_75": 2.7755717409309, "min": 2.7556430138647556, "max": 2.7762413173913956, "mean": 2.7682178363514445, "std": 0.007995628791660445, "repeat": 6, "number": 1}]}, "api.supers.time_remove": {"result": [6.984368992503732], "stats": [{"ci_99": [3.6325428881682456, 10.336195096839216], "q_25": 6.950850731460378, "q_75": 7.017887253547087, "min": 6.917332470417023, "max": 7.051405514590442, "mean": 6.984368992503732, "std": 0.06703652208670974, "repeat": 2, "number": 1}]}, "api.supers.time_status": {"result": [0.8156705414876342], "stats": [{"ci_99": [0.8110134741291404, 0.8333573490381241], "q_25": 0.8129018107429147, "q_75": 0.8237192535307258, "min": 0.8110134741291404, "max": 0.8333573490381241, "mean": 0.8185295860283077, "std": 0.007480305609097414, "repeat": 10, "number": 1}]}, "api.supers.time_status_recursive": {"result": [1.6704929759725928], "stats": [{"ci_99": [1.660877331160009, 1.677284830249846], "q_25": 1.6630930353421718, "q_75": 1.6736254796851426, "min": 1.660877331160009, "max": 1.677284830249846, "mean": 1.6688538766466081, "std": 0.005730697779537054, "repeat": 10, "number": 1}]}, "api.supers.time_subdatasets": {"result": [0.21282748319208622], "stats": [{"ci_99": [0.20957774575799704, 0.21620095800608397], "q_25": 0.21142218494787812, "q_75": 0.2139570526778698, "min": 0.20957774575799704, "max": 0.21620095800608397, "mean": 0.212652225792408, "std": 0.001954955974955125, "repeat": 10, "number": 1}]}, "api.supers.time_subdatasets_recursive": {"result": [0.6753673483617604], "stats": [{"ci_99": [0.6670817760750651, 0.693195759318769], "q_25": 0.6696662232279778, "q_75": 0.6828870445024222, "min": 0.6670817760750651, "max": 0.693195759318769, "mean": 0.6768695829436183, "std": 0.008167025281714146, "repeat": 10, "number": 1}]}, "api.supers.time_subdatasets_recursive_first": {"result": [0.18887454457581043], "stats": [{"ci_99": [0.18369612749665976, 0.19458683766424656], "q_25": 0.18520462000742555, "q_75": 0.1913944291882217, "min": 0.18369612749665976, "max": 0.19458683766424656, "mean": 0.18865544814616442, "std": 0.003618890654102854, "repeat": 10, "number": 1}]}, "api.supers.time_uninstall": {"result": [6.730410980060697], "stats": [{"ci_99": [6.415787583217025, 7.045034376904368], "q_25": 6.72726474609226, "q_75": 6.733557214029133, "min": 6.724118512123823, "max": 6.73670344799757, "mean": 6.730410980060697, "std": 0.006292467936873436, "repeat": 2, "number": 1}]}, "repo.gitrepo.time_get_content_info": {"result": [0.015089577995240688], "stats": [{"ci_99": [0.013996691443026066, 0.01594675239175558], "q_25": 0.014506644802168012, "q_75": 0.015503146918490529, "min": 0.013996691443026066, "max": 0.01594675239175558, "mean": 0.015008883830159903, "std": 0.000624751219143974, "repeat": 10, "number": 1}]}, "api.testds.time_create_test_dataset1": {"result": [0.7548748711124063], "stats": [{"ci_99": [0.7483977563679218, 0.7737026754766703], "q_25": 0.7535727960057557, "q_75": 0.7555128971580416, "min": 0.7483977563679218, "max": 0.7737026754766703, "mean": 0.7559077010490001, "std": 0.006485097675088495, "repeat": 10, "number": 1}]}, "api.testds.time_create_test_dataset2x2": {"result": [4.201684015803039], "stats": [{"ci_99": [4.16237593041783, 4.235206306725239], "q_25": 4.1898452586028725, "q_75": 4.210629875771701, "min": 4.180653639137745, "max": 4.211142803542316, "mean": 4.198791118571535, "std": 0.012769760869172612, "repeat": 4, "number": 1}]}, "core.runner.time_echo": {"result": [0.001705076933527986], "stats": [{"ci_99": [0.001685232234497865, 0.0017371789241830509], "q_25": 0.0016938433982431889, "q_75": 0.0017109682084992528, "min": 0.001685232234497865, "max": 0.0017371789241830509, "mean": 0.0017053463496267795, "std": 1.4935267220803213e-05, "repeat": 10, "number": 6}]}, "core.runner.time_echo_gitrunner": {"result": [0.002690104069188237], "stats": [{"ci_99": [0.002507268451154232, 0.0028732577338814735], "q_25": 0.002567836025264114, "q_75": 0.0028083788929507136, "min": 0.002507268451154232, "max": 0.0028732577338814735, "mean": 0.0026888896012678743, "std": 0.00012773804492337504, "repeat": 10, "number": 4}]}, "core.startup.time_help_np": {"result": [0.5959225525148213], "stats": [{"ci_99": [0.5399582460522652, 0.6296430770307779], "q_25": 0.5598491060081869, "q_75": 0.6175989003386348, "min": 0.5399582460522652, "max": 0.6296430770307779, "mean": 0.5898398119956255, "std": 0.03157499080045598, "repeat": 10, "number": 1}]}, "core.startup.time_import": {"result": [0.168865033891052], "stats": [{"ci_99": [0.1133457301184535, 0.2072351472452283], "q_25": 0.15356639563106, "q_75": 0.17920751380734146, "min": 0.1133457301184535, "max": 0.2072351472452283, "mean": 0.1657658482901752, "std": 0.02434792208107236, "repeat": 10, "number": 1}]}, "core.startup.time_import_api": {"result": [0.5089843249879777], "stats": [{"ci_99": [0.4601548118516803, 0.5393267907202244], "q_25": 0.5005021819379181, "q_75": 0.5146782505325973, "min": 0.4601548118516803, "max": 0.5393267907202244, "mean": 0.5058866885490716, "std": 0.020267366893568166, "repeat": 10, "number": 1}]}, "support.path.get_parent_paths.time_allsubmods_toplevel": {"result": [0.008952390402555466], "stats": [{"ci_99": [0.00813725683838129, 0.009935976006090641], "q_25": 0.008603019174188375, "q_75": 0.009385965298861265, "min": 0.00813725683838129, "max": 0.009935976006090641, "mean": 0.008990891743451357, "std": 0.0005191503122732245, "repeat": 10, "number": 1}]}, "support.path.get_parent_paths.time_allsubmods_toplevel_only": {"result": [0.006839429959654808], "stats": [{"ci_99": [0.006220001261681318, 0.008042581379413605], "q_25": 0.006510050850920379, "q_75": 0.007184957852587104, "min": 0.006220001261681318, "max": 0.008042581379413605, "mean": 0.006915323296561837, "std": 0.0005596542798107483, "repeat": 10, "number": 2}]}, "support.path.get_parent_paths.time_no_submods": {"result": [3.225600742092325e-07], "stats": [{"ci_99": [2.8931084805662573e-07, 3.714969601659152e-07], "q_25": 3.1026543299937223e-07, "q_75": 3.398112602446939e-07, "min": 2.8931084805662573e-07, "max": 3.714969601659152e-07, "mean": 3.256286712084993e-07,