{"results": {"api.supers.time_createadd": {"result": [1.0116914855316281], "stats": [{"ci_99": [0.9756030282005668, 1.0296822795644403], "q_25": 0.9867656142450869, "q_75": 1.01645392854698, "min": 0.9756030282005668, "max": 1.0296822795644403, "mean": 1.003968481440097, "std": 0.017889496036841947, "repeat": 10, "number": 1}]}, "api.supers.time_createadd_to_dataset": {"result": [0.9913631482049823], "stats": [{"ci_99": [0.9772306913509965, 1.0222592521458864], "q_25": 0.9819345758296549, "q_75": 1.0012832023203373, "min": 0.9772306913509965, "max": 1.0222592521458864, "mean": 0.9934989207424223, "std": 0.013733317196056997, "repeat": 10, "number": 1}]}, "api.supers.time_diff": null, "api.supers.time_diff_recursive": null, "api.supers.time_installr": {"result": [3.8041902449913323], "stats": [{"ci_99": [3.7744195393263484, 3.833921314033202], "q_25": 3.8001624294556677, "q_75": 3.8081982422154397, "min": 3.7883441289886832, "max": 3.8199570877477527, "mean": 3.804170426679775, "std": 0.011177061046911569, "repeat": 4, "number": 1}]}, "api.supers.time_ls": {"result": [0.6911874497309327], "stats": [{"ci_99": [0.6845359373837709, 0.6982601145282388], "q_25": 0.6871800816152245, "q_75": 0.6923968680202961, "min": 0.6845359373837709, "max": 0.6982601145282388, "mean": 0.6905602819286287, "std": 0.003949757094973829, "repeat": 10, "number": 1}]}, "api.supers.time_ls_recursive": {"result": [2.601537982467562], "stats": [{"ci_99": [2.585943531244993, 2.6196279413998127], "q_25": 2.596689230296761, "q_75": 2.6051528158131987, "min": 2.585943531244993, "max": 2.6196279413998127, "mean": 2.6016796962358057, "std": 0.010263615556903607, "repeat": 6, "number": 1}]}, "api.supers.time_ls_recursive_long_all": {"result": [2.753645751159638], "stats": [{"ci_99": [2.7383915629835593, 2.7739903703331947], "q_25": 2.74950482416898, "q_75": 2.758329328848049, "min": 2.7387370048090816, "max": 2.7739903703331947, "mean": 2.7546723190074167, "std": 0.0107430933303302, "repeat": 6, "number": 1}]}, "api.supers.time_remove": {"result": [1.7912460453808308], "stats": [{"ci_99": [1.7780650313943624, 1.8067330112680793], "q_25": 1.789915325352922, "q_75": 1.798214465379715, "min": 1.7780650313943624, "max": 1.8067330112680793, "mean": 1.7928007333539426, "std": 0.008534316288852036, "repeat": 10, "number": 1}]}, "api.supers.time_status": {"result": [0.6861636554822326], "stats": [{"ci_99": [0.6789307398721576, 0.6959300814196467], "q_25": 0.6842267937026918, "q_75": 0.6890451940707862, "min": 0.6789307398721576, "max": 0.6959300814196467, "mean": 0.6862630787305534, "std": 0.004804993889500524, "repeat": 10, "number": 1}]}, "api.supers.time_status_recursive": {"result": [1.1405268474482], "stats": [{"ci_99": [1.1316910544410348, 1.1455957684665918], "q_25": 1.1382888932712376, "q_75": 1.1427750627044588, "min": 1.1316910544410348, "max": 1.1455957684665918, "mean": 1.1399852487258613, "std": 0.003955387110627703, "repeat": 10, "number": 1}]}, "api.supers.time_subdatasets": {"result": [0.05022394144907594], "stats": [{"ci_99": [0.04679636377841234, 0.054546996019780636], "q_25": 0.049502204870805144, "q_75": 0.052902152528986335, "min": 0.04679636377841234, "max": 0.054546996019780636, "mean": 0.05085000125691295, "std": 0.0023917717011530453, "repeat": 10, "number": 1}]}, "api.supers.time_subdatasets_recursive": {"result": [0.12088556541129947], "stats": [{"ci_99": [0.11552540957927704, 0.1279480680823326], "q_25": 0.11711142933927476, "q_75": 0.12518915184773505, "min": 0.11552540957927704, "max": 0.1279480680823326, "mean": 0.12141443872824312, "std": 0.0044558897359220076, "repeat": 10, "number": 1}]}, "api.supers.time_subdatasets_recursive_first": {"result": [0.05156387249007821], "stats": [{"ci_99": [0.046408467926084995, 0.05758391134440899], "q_25": 0.04916097573004663, "q_75": 0.05410257540643215, "min": 0.046408467926084995, "max": 0.05758391134440899, "mean": 0.05180195616558194, "std": 0.0035682286716025953, "repeat": 10, "number": 1}]}, "api.supers.time_uninstall": {"result": [1.7540691220201552], "stats": [{"ci_99": [1.7464851308614016, 1.774632084183395], "q_25": 1.7504840369801968, "q_75": 1.758924663066864, "min": 1.7464851308614016, "max": 1.774632084183395, "mean": 1.755542174819857, "std": 0.008071884649074936, "repeat": 10, "number": 1}]}, "repo.gitrepo.time_get_content_info": {"result": [0.020968937780708075], "stats": [{"ci_99": [0.018732412718236446, 0.027297641150653362], "q_25": 0.019601288717240095, "q_75": 0.022550162160769105, "min": 0.018732412718236446, "max": 0.027297641150653362, "mean": 0.021477893088012935, "std": 0.0023985464487438477, "repeat": 10, "number": 1}]}, "api.testds.time_create_test_dataset1": {"result": [0.4349916549399495], "stats": [{"ci_99": [0.43306367099285126, 0.4754111049696803], "q_25": 0.43371453671716154, "q_75": 0.4388027142267674, "min": 0.43306367099285126, "max": 0.4754111049696803, "mean": 0.439576446544379, "std": 0.01216380134287944, "repeat": 10, "number": 1}]}, "api.testds.time_create_test_dataset2x2": {"result": [2.7811990957707167], "stats": [{"ci_99": [2.728145294721553, 2.859599874354899], "q_25": 2.7616723841056228, "q_75": 2.810172571334988, "min": 2.746809889562428, "max": 2.859599874354899, "mean": 2.7906336386998496, "std": 0.038598018152852874, "repeat": 6, "number": 1}]}, "core.runner.time_echo": {"result": [0.002076964173465967], "stats": [{"ci_99": [0.0018916221335530282, 0.0023020021617412567], "q_25": 0.0019540075212717057, "q_75": 0.0021682741586118936, "min": 0.0018916221335530282, "max": 0.0023020021617412567, "mean": 0.002072881795465946, "std": 0.00013129022482724016, "repeat": 10, "number": 5}]}, "core.runner.time_echo_gitrunner": {"result": [0.002574541256763041], "stats": [{"ci_99": [0.0021019242703914642, 0.0029486496932804585], "q_25": 0.002371362061239779, "q_75": 0.0028501598280854523, "min": 0.0021019242703914642, "max": 0.0029486496932804585, "mean": 0.0025710716843605043, "std": 0.0002985128794199724, "repeat": 10, "number": 4}]}, "core.startup.time_help_np": {"result": [0.5691791800782084], "stats": [{"ci_99": [0.5107073793187737, 0.6271643415093422], "q_25": 0.5605152731295675, "q_75": 0.606672631110996, "min": 0.5107073793187737, "max": 0.6271643415093422, "mean": 0.572652239445597, "std": 0.03810844624200608, "repeat": 10, "number": 1}]}, "core.startup.time_import": {"result": [0.1418141438625753], "stats": [{"ci_99": [0.11564870830625296, 0.18934095464646816], "q_25": 0.11771979229524732, "q_75": 0.17371090105734766, "min": 0.11564870830625296, "max": 0.18934095464646816, "mean": 0.14589825738221407, "std": 0.029250721334694557, "repeat": 10, "number": 1}]}, "core.startup.time_import_api": {"result": [0.48990046698600054], "stats": [{"ci_99": [0.45162404980510473, 0.5130671849474311], "q_25": 0.4650843085255474, "q_75": 0.501452453667298, "min": 0.45162404980510473, "max": 0.5130671849474311, "mean": 0.4846607746556401, "std": 0.02162745429051169, "repeat": 10, "number": 1}]}, "support.path.get_parent_paths.time_allsubmods_toplevel": null, "support.path.get_parent_paths.time_allsubmods_toplevel_only": null, "support.path.get_parent_paths.time_no_submods": null, "support.path.get_parent_paths.time_one_submod_subdir": null, "support.path.get_parent_paths.time_one_submod_toplevel": null, "usecases.study_forrest.time_make_studyforrest_mockup": {"result": [26.995197576005012], "stats": [{"ci_99": [26.04683931870386, 27.943555833306164], "q_25": 26.985713993432, "q_75": 27.004681158578023, "min": 26.97623041085899, "max": 27.014164741151035, "mean": 26.995197576005012, "std": 0.018967165146023035, "repeat": 2, "number": 1}]}, "core.runner.track_overhead_100ms": 1.6, "core.runner.track_overhead_echo": 33.44, "core.runner.track_overhead_heavyout": -8.42, "core.runner.track_overhead_heavyout_online_process": -6.12, "core.runner.track_overhead_heavyout_online_through": 16.47}, "params": {"arch": "x86_64", "cpu": "Intel(R) Xeon(R) CPU E5-1607 v2 @ 3.00GHz",