{"results": {"api.supers.time_createadd": {"result": [0.9892338872887194], "stats": [{"ci_99": [0.9766330057755113, 1.00147411134094], "q_25": 0.9858672900591046, "q_75": 0.9966692083980888, "min": 0.9766330057755113, "max": 1.00147411134094, "mean": 0.9900224443525076, "std": 0.007570617619267655, "repeat": 10, "number": 1}]}, "api.supers.time_createadd_to_dataset": {"result": [0.9932780158706009], "stats": [{"ci_99": [0.9822319522500038, 1.0180813372135162], "q_25": 0.9897843520157039, "q_75": 0.9943264310713857, "min": 0.9822319522500038, "max": 1.0180813372135162, "mean": 0.9952367733232677, "std": 0.00989901298387819, "repeat": 10, "number": 1}]}, "api.supers.time_diff": null, "api.supers.time_diff_recursive": null, "api.supers.time_installr": {"result": [4.125132493674755], "stats": [{"ci_99": [3.915456376449158, 4.363229253849994], "q_25": 4.071042050141841, "q_75": 4.193433258682489, "min": 4.0557520324364305, "max": 4.251354240812361, "mean": 4.1393428151495755, "std": 0.07864258403224397, "repeat": 4, "number": 1}]}, "api.supers.time_ls": {"result": [0.7037217561155558], "stats": [{"ci_99": [0.6901246532797813, 0.742059662938118], "q_25": 0.6955889267846942, "q_75": 0.7151916131842881, "min": 0.6901246532797813, "max": 0.742059662938118, "mean": 0.7078689636662603, "std": 0.01573432025935486, "repeat": 10, "number": 1}]}, "api.supers.time_ls_recursive": {"result": [2.757108446676284], "stats": [{"ci_99": [2.6874097427520036, 2.846960311755538], "q_25": 2.7257927937898785, "q_75": 2.7882266980595887, "min": 2.713374076411128, "max": 2.846960311755538, "mean": 2.764750828811278, "std": 0.04706282279872074, "repeat": 6, "number": 1}]}, "api.supers.time_ls_recursive_long_all": {"result": [2.935743559151888], "stats": [{"ci_99": [2.8259952848492373, 3.0509084403178774], "q_25": 2.8785162849817425, "q_75": 3.0025996835902333, "min": 2.8609942803159356, "max": 3.0139041915535927, "mean": 2.9384518625835576, "std": 0.0644406120231936, "repeat": 6, "number": 1}]}, "api.supers.time_remove": {"result": [2.0193808656185865], "stats": [{"ci_99": [2.012673992663622, 2.0346669992432], "q_25": 2.0176260543521494, "q_75": 2.0279408432543278, "min": 2.012673992663622, "max": 2.0346669992432, "mean": 2.0222930766176432, "std": 0.006963771368905384, "repeat": 8, "number": 1}]}, "api.supers.time_status": {"result": [0.6891997121274471], "stats": [{"ci_99": [0.6782914688810706, 0.7007544441148639], "q_25": 0.6811905589420348, "q_75": 0.6901039693038911, "min": 0.6782914688810706, "max": 0.7007544441148639, "mean": 0.6872229469940067, "std": 0.006562084268554188, "repeat": 10, "number": 1}]}, "api.supers.time_status_recursive": {"result": [1.1377923749387264], "stats": [{"ci_99": [1.1316763097420335, 1.1556342113763094], "q_25": 1.1357275492046028, "q_75": 1.1433082863222808, "min": 1.1316763097420335, "max": 1.1556342113763094, "mean": 1.1397620160132647, "std": 0.0066295051111532, "repeat": 10, "number": 1}]}, "api.supers.time_subdatasets": {"result": [0.0703786164522171], "stats": [{"ci_99": [0.062425848096609116, 0.07360060885548592], "q_25": 0.06838911166414618, "q_75": 0.07143320050090551, "min": 0.062425848096609116, "max": 0.07360060885548592, "mean": 0.06948905177414418, "std": 0.003330833181355121, "repeat": 10, "number": 1}]}, "api.supers.time_subdatasets_recursive": {"result": [0.245730334892869], "stats": [{"ci_99": [0.241302321664989, 0.255376766435802], "q_25": 0.24421428120695055, "q_75": 0.25060047837905586, "min": 0.241302321664989, "max": 0.255376766435802, "mean": 0.2473720089532435, "std": 0.0046282910143766055, "repeat": 10, "number": 1}]}, "api.supers.time_subdatasets_recursive_first": {"result": [0.06684283539652824], "stats": [{"ci_99": [0.06325537152588367, 0.07261082343757153], "q_25": 0.06473358883522451, "q_75": 0.07047184673137963, "min": 0.06325537152588367, "max": 0.07261082343757153, "mean": 0.0674117598682642, "std": 0.0032048492328670647, "repeat": 10, "number": 1}]}, "api.supers.time_uninstall": {"result": [1.971908203791827], "stats": [{"ci_99": [1.9580645337700844, 2.0332548385486007], "q_25": 1.9653518765699118, "q_75": 1.996697559254244, "min": 1.9580645337700844, "max": 2.0332548385486007, "mean": 1.9846854326315224, "std": 0.028546719425672756, "repeat": 8, "number": 1}]}, "repo.gitrepo.time_get_content_info": {"result": [0.020942178089171648], "stats": [{"ci_99": [0.017101786099374294, 0.02706870064139366], "q_25": 0.018835001857951283, "q_75": 0.022715110797435045, "min": 0.017101786099374294, "max": 0.02706870064139366, "mean": 0.021101006586104632, "std": 0.0030272850021976737, "repeat": 10, "number": 1}]}, "api.testds.time_create_test_dataset1": {"result": [0.43801600439473987], "stats": [{"ci_99": [0.433279225602746, 0.44725214410573244], "q_25": 0.4349922356195748, "q_75": 0.44258278934285045, "min": 0.433279225602746, "max": 0.44725214410573244, "mean": 0.43923084242269395, "std": 0.00496522665292214, "repeat": 10, "number": 1}]}, "api.testds.time_create_test_dataset2x2": {"result": [2.7772175641730428], "stats": [{"ci_99": [2.757314102216528, 2.8060021745041013], "q_25": 2.7684752927161753, "q_75": 2.782721476163715, "min": 2.7626661164686084, "max": 2.8060021745041013, "mean": 2.7788701225072145, "std": 0.014195481474612606, "repeat": 6, "number": 1}]}, "core.runner.time_echo": {"result": [0.0017181933702280123], "stats": [{"ci_99": [0.0017109094187617302, 0.0019194983566800754], "q_25": 0.0017142657889053226, "q_75": 0.001722560574611028, "min": 0.0017109094187617302, "max": 0.0019194983566800754, "mean": 0.0017556402056167525, "std": 7.789622068118504e-05, "repeat": 10, "number": 6}]}, "core.runner.time_echo_gitrunner": {"result": [0.002693494316190481], "stats": [{"ci_99": [0.0024822046980261803, 0.0029179237317293882], "q_25": 0.0025588968419469893, "q_75": 0.002779449976515025, "min": 0.0024822046980261803, "max": 0.0029179237317293882, "mean": 0.002676987648010254, "std": 0.00013743619730205683, "repeat": 10, "number": 4}]}, "core.startup.time_help_np": {"result": [0.5613772212527692], "stats": [{"ci_99": [0.5081034163013101, 0.6228769179433584], "q_25": 0.5386489734519273, "q_75": 0.5681525191757828, "min": 0.5081034163013101, "max": 0.6228769179433584, "mean": 0.5585700709372758, "std": 0.029328427761355715, "repeat": 10, "number": 1}]}, "core.startup.time_import": {"result": [0.16716342233121395], "stats": [{"ci_99": [0.11620679125189781, 0.21296105440706015], "q_25": 0.16006241529248655, "q_75": 0.17162246257066727, "min": 0.11620679125189781, "max": 0.21296105440706015, "mean": 0.16801515817642212, "std": 0.024425236209915956, "repeat": 10, "number": 1}]}, "core.startup.time_import_api": {"result": [0.5030284244567156], "stats": [{"ci_99": [0.44693439453840256, 0.5766027038916945], "q_25": 0.48117782874032855, "q_75": 0.5470410082489252, "min": 0.44693439453840256, "max": 0.5766027038916945, "mean": 0.5082652693614363, "std": 0.042648831397387246, "repeat": 10, "number": 1}]}, "support.path.get_parent_paths.time_allsubmods_toplevel": null, "support.path.get_parent_paths.time_allsubmods_toplevel_only": null, "support.path.get_parent_paths.time_no_submods": null, "support.path.get_parent_paths.time_one_submod_subdir": null, "support.path.get_parent_paths.time_one_submod_toplevel": null, "usecases.study_forrest.time_make_studyforrest_mockup": {"result": [27.290983605198562], "stats": [{"ci_99": [11.989665511064231, 42.59230169933288], "q_25": 27.13797042425722, "q_75": 27.443996786139905, "min": 26.984957243315876, "max": 27.59700996708125, "mean": 27.290983605198562, "std": 0.3060263618826866, "repeat": 2, "number": 1}]}, "core.runner.track_overhead_100ms": 2.46, "core.runner.track_overhead_echo": 31.84, "core.runner.track_overhead_heavyout": 1.63, "core.runner.track_overhead_heavyout_online_process": 25.13, "core.runner.track_overhead_heavyout_online_through": 26.8}, "params": {"arch": "x86_64", "cpu": "Intel(R) Xeon(R) CPU E5-1607 v2 @ 3.00GHz", "machine": "drogon-neurodebian0.20200209.1",