{"results": {"api.supers.time_createadd": {"result": [1.0424932087771595], "stats": [{"ci_99": [1.0327468821778893, 1.0634424798190594], "q_25": 1.0372225530445576, "q_75": 1.0437136837281287, "min": 1.0327468821778893, "max": 1.0634424798190594, "mean": 1.0428746826015414, "std": 0.008357098203218286, "repeat": 10, "number": 1}]}, "api.supers.time_createadd_to_dataset": {"result": [1.0485268300399184], "stats": [{"ci_99": [1.0250715650618076, 1.1034840531647205], "q_25": 1.0382266766391695, "q_75": 1.0861474911216646, "min": 1.0250715650618076, "max": 1.1034840531647205, "mean": 1.059351536165923, "std": 0.026721105708323624, "repeat": 10, "number": 1}]}, "api.supers.time_diff": null, "api.supers.time_diff_recursive": null, "api.supers.time_installr": {"result": [4.016253761947155], "stats": [{"ci_99": [3.856481745784442, 4.18047593027233], "q_25": 3.9652255021501333, "q_75": 4.069507097825408, "min": 3.95967769715935, "max": 4.081730131059885, "mean": 4.018478838028386, "std": 0.05546473782541198, "repeat": 4, "number": 1}]}, "api.supers.time_ls": {"result": [0.1196608622558415], "stats": [{"ci_99": [0.11315061245113611, 0.13205274287611246], "q_25": 0.11599730281159282, "q_75": 0.12764672958292067, "min": 0.11315061245113611, "max": 0.13205274287611246, "mean": 0.12154802177101373, "std": 0.006759721572227477, "repeat": 10, "number": 1}]}, "api.supers.time_ls_recursive": {"result": [1.0853237472474575], "stats": [{"ci_99": [1.054815306328237, 1.1248699687421322], "q_25": 1.0626025509554893, "q_75": 1.104984130943194, "min": 1.054815306328237, "max": 1.1248699687421322, "mean": 1.0860671025700868, "std": 0.02418082859699906, "repeat": 10, "number": 1}]}, "api.supers.time_ls_recursive_long_all": {"result": [1.2515137866139412], "stats": [{"ci_99": [1.2146750390529633, 1.2845909111201763], "q_25": 1.2291026816237718, "q_75": 1.2590699885040522, "min": 1.2146750390529633, "max": 1.2845909111201763, "mean": 1.2464567059651017, "std": 0.021441461416198297, "repeat": 10, "number": 1}]}, "api.supers.time_remove": {"result": [1.9728016378358006], "stats": [{"ci_99": [1.9590548807755113, 2.0192225528880954], "q_25": 1.9684261183720082, "q_75": 1.9806421380490065, "min": 1.9590548807755113, "max": 2.0192225528880954, "mean": 1.9775739087490365, "std": 0.017504487370540806, "repeat": 8, "number": 1}]}, "api.supers.time_status": {"result": [0.6817603530362248], "stats": [{"ci_99": [0.6764821745455265, 0.6886546174064279], "q_25": 0.6805306712631136, "q_75": 0.6832841483410448, "min": 0.6764821745455265, "max": 0.6886546174064279, "mean": 0.6822137575596571, "std": 0.003524005467806935, "repeat": 10, "number": 1}]}, "api.supers.time_status_recursive": {"result": [1.1415593274869025], "stats": [{"ci_99": [1.131411975249648, 1.1673499960452318], "q_25": 1.1363432770594954, "q_75": 1.1457403299864382, "min": 1.131411975249648, "max": 1.1673499960452318, "mean": 1.1431280819699168, "std": 0.009745908173665895, "repeat": 10, "number": 1}]}, "api.supers.time_subdatasets": {"result": [0.06456918874755502], "stats": [{"ci_99": [0.06165880989283323, 0.07316610589623451], "q_25": 0.06333025498315692, "q_75": 0.06692710891366005, "min": 0.06165880989283323, "max": 0.07316610589623451, "mean": 0.06593052819371223, "std": 0.003616634636318984, "repeat": 10, "number": 1}]}, "api.supers.time_subdatasets_recursive": {"result": [0.24275495717301965], "stats": [{"ci_99": [0.23647164180874825, 0.25301057659089565], "q_25": 0.23847902473062277, "q_75": 0.2498563160188496, "min": 0.23647164180874825, "max": 0.25301057659089565, "mean": 0.24400501679629089, "std": 0.005911981945006659, "repeat": 10, "number": 1}]}, "api.supers.time_subdatasets_recursive_first": {"result": [0.06295851524919271], "stats": [{"ci_99": [0.059081751853227615, 0.06761785130947828], "q_25": 0.06236456474289298, "q_75": 0.06643646210432053, "min": 0.059081751853227615, "max": 0.06761785130947828, "mean": 0.06381593104451895, "std": 0.002608919120685274, "repeat": 10, "number": 1}]}, "api.supers.time_uninstall": {"result": [1.9317425196059048], "stats": [{"ci_99": [1.9175598360598087, 1.94193834066391], "q_25": 1.930106948595494, "q_75": 1.9390458480920643, "min": 1.9175598360598087, "max": 1.94193834066391, "mean": 1.9325919954106212, "std": 0.007087391844427501, "repeat": 10, "number": 1}]}, "repo.gitrepo.time_get_content_info": {"result": [0.02008507400751114], "stats": [{"ci_99": [0.016018851660192013, 0.02581098861992359], "q_25": 0.019531380385160446, "q_75": 0.022920751478523016, "min": 0.016018851660192013, "max": 0.02581098861992359, "mean": 0.020900829788297416, "std": 0.0028109222291980824, "repeat": 10, "number": 1}]}, "api.testds.time_create_test_dataset1": {"result": [0.4335007583722472], "stats": [{"ci_99": [0.43036009930074215, 0.4521982967853546], "q_25": 0.430744985351339, "q_75": 0.44515152531675994, "min": 0.43036009930074215, "max": 0.4521982967853546, "mean": 0.4376422301866114, "std": 0.008385217084287959, "repeat": 10, "number": 1}]}, "api.testds.time_create_test_dataset2x2": {"result": [2.8520431560464203], "stats": [{"ci_99": [2.827480331974047, 2.875082146086477], "q_25": 2.838986318325624, "q_75": 2.8648274624720216, "min": 2.83347337692976, "max": 2.86640480812639, "mean": 2.851281239030262, "std": 0.01366773560770792, "repeat": 6, "number": 1}]}, "core.runner.time_echo": {"result": [0.001951402798295021], "stats": [{"ci_99": [0.0018192963674664498, 0.0021448735147714614], "q_25": 0.0018916021566838027, "q_75": 0.0020078179426491257, "min": 0.0018192963674664498, "max": 0.0021448735147714614, "mean": 0.0019635269790887833, "std": 9.879324357449003e-05, "repeat": 10, "number": 5}]}, "core.runner.time_echo_gitrunner": {"result": [0.0027193283895030618], "stats": [{"ci_99": [0.0024842226412147284, 0.0032256622798740864], "q_25": 0.002601507178042084, "q_75": 0.002865490154363215, "min": 0.0024842226412147284, "max": 0.0032256622798740864, "mean": 0.0027607286581769587, "std": 0.0002125367315615061, "repeat": 10, "number": 4}]}, "core.startup.time_help_np": {"result": [0.5933853229507804], "stats": [{"ci_99": [0.5422519035637379, 0.6377394441515207], "q_25": 0.57682477356866, "q_75": 0.6215740805491805, "min": 0.5422519035637379, "max": 0.6377394441515207, "mean": 0.5949016381055117, "std": 0.030455233057598088, "repeat": 10, "number": 1}]}, "core.startup.time_import": {"result": [0.15851640049368143], "stats": [{"ci_99": [0.11669560894370079, 0.20886030979454517], "q_25": 0.15482231136411428, "q_75": 0.19575692061334848, "min": 0.11669560894370079, "max": 0.20886030979454517, "mean": 0.1658088183030486, "std": 0.03069436858765985, "repeat": 10, "number": 1}]}, "core.startup.time_import_api": {"result": [0.5430256412364542], "stats": [{"ci_99": [0.5043563470244408, 0.56903559807688], "q_25": 0.5141719332896173, "q_75": 0.5615949018392712, "min": 0.5043563470244408, "max": 0.56903559807688, "mean": 0.5384368691593409, "std": 0.024770797444176783, "repeat": 10, "number": 1}]}, "support.path.get_parent_paths.time_allsubmods_toplevel": {"result": [0.007246782770380378], "stats": [{"ci_99": [0.0068042343482375145, 0.008850291837006807], "q_25": 0.006864294060505927, "q_75": 0.007733393693342805, "min": 0.0068042343482375145, "max": 0.008850291837006807, "mean": 0.0074345915578305725, "std": 0.000658712768666228, "repeat": 10, "number": 2}]}, "support.path.get_parent_paths.time_allsubmods_toplevel_only": {"result": [0.006878898944705725], "stats": [{"ci_99": [0.006093702744692564, 0.00822473643347621], "q_25": 0.006542938179336488, "q_75": 0.007283397484570742, "min": 0.006093702744692564, "max": 0.00822473643347621, "mean": 0.006969512673094869, "std": 0.000620284412642431, "repeat": 10, "number": 2}]}, "support.path.get_parent_paths.time_no_submods": {"result": [3.3286936887848235e-07], "stats": [{"ci_99": [2.911556863559867e-07, 3.984310435798933e-07], "q_25": 3.168070896514284e-07, "q_75": 3.61677636208706e-07, "min": 2.911556863559867e-07, "max": 3.984310435798933e-07,