{"results": {"api.supers.time_createadd": {"result": [1.3056902256794274], "stats": [{"ci_99": [1.2812405796721578, 1.3330528559163213], "q_25": 1.3007787954993546, "q_75": 1.3108884843531996, "min": 1.2812405796721578, "max": 1.3330528559163213, "mean": 1.3047784226946533, "std": 0.013881315615393311, "repeat": 10, "number": 1}]}, "api.supers.time_createadd_to_dataset": {"result": [1.2462662644684315], "stats": [{"ci_99": [1.2321437243372202, 1.2629952877759933], "q_25": 1.241517122136429, "q_75": 1.2493031637277454, "min": 1.2321437243372202, "max": 1.2629952877759933, "mean": 1.2464850237593055, "std": 0.008239010807001308, "repeat": 10, "number": 1}]}, "api.supers.time_diff": null, "api.supers.time_diff_recursive": null, "api.supers.time_installr": {"result": [5.52259936183691], "stats": [{"ci_99": [5.319775698706508, 5.725423024967313], "q_25": 5.520571125205606, "q_75": 5.524627598468214, "min": 5.518542888574302, "max": 5.526655835099518, "mean": 5.52259936183691, "std": 0.004056473262608051, "repeat": 2, "number": 1}]}, "api.supers.time_ls": {"result": [0.18287345161661506], "stats": [{"ci_99": [0.17736673820763826, 0.19301526807248592], "q_25": 0.18193726474419236, "q_75": 0.18553451192565262, "min": 0.17736673820763826, "max": 0.19301526807248592, "mean": 0.184197601955384, "std": 0.00442544731968227, "repeat": 10, "number": 1}]}, "api.supers.time_ls_recursive": {"result": [1.7832135148346424], "stats": [{"ci_99": [1.7787402337417006, 1.7951771151274443], "q_25": 1.7821251114364713, "q_75": 1.7858896059915423, "min": 1.7787402337417006, "max": 1.7951771151274443, "mean": 1.7849825284443797, "std": 0.0049546891375655926, "repeat": 10, "number": 1}]}, "api.supers.time_ls_recursive_long_all": {"result": [1.9410774186253548], "stats": [{"ci_99": [1.934862295165658, 1.9748253868892789], "q_25": 1.9389347319956869, "q_75": 1.9465025945100933, "min": 1.934862295165658, "max": 1.9748253868892789, "mean": 1.9453816894674674, "std": 0.011788134626612644, "repeat": 8, "number": 1}]}, "api.supers.time_remove": null, "api.supers.time_status": {"result": [0.724375915247947], "stats": [{"ci_99": [0.7214347841218114, 0.7456475757062435], "q_25": 0.7228296434041113, "q_75": 0.7255557151511312, "min": 0.7214347841218114, "max": 0.7456475757062435, "mean": 0.7277824624441565, "std": 0.008564746534336243, "repeat": 10, "number": 1}]}, "api.supers.time_status_recursive": {"result": [1.3662845212966204], "stats": [{"ci_99": [1.348368225619197, 1.383663390763104], "q_25": 1.3591567943803966, "q_75": 1.3709568590857089, "min": 1.348368225619197, "max": 1.383663390763104, "mean": 1.3646840893663466, "std": 0.010023025442799108, "repeat": 10, "number": 1}]}, "api.supers.time_subdatasets": {"result": [0.09575977642089128], "stats": [{"ci_99": [0.09414688311517239, 0.1014809301123023], "q_25": 0.09518625284545124, "q_75": 0.09695243020541966, "min": 0.09414688311517239, "max": 0.1014809301123023, "mean": 0.09647270534187555, "std": 0.002154936185207326, "repeat": 10, "number": 1}]}, "api.supers.time_subdatasets_recursive": {"result": [0.432968782261014], "stats": [{"ci_99": [0.4252047296613455, 0.44044314976781607], "q_25": 0.42715879064053297, "q_75": 0.4364104976411909, "min": 0.4252047296613455, "max": 0.44044314976781607, "mean": 0.4322395917028189, "std": 0.0050067351189037376, "repeat": 10, "number": 1}]}, "api.supers.time_subdatasets_recursive_first": {"result": [0.09544303081929684], "stats": [{"ci_99": [0.0928801903501153, 0.09974322374910116], "q_25": 0.09419235936366022, "q_75": 0.09663663059473038, "min": 0.0928801903501153, "max": 0.09974322374910116, "mean": 0.09564633499830962, "std": 0.0019140524557948418, "repeat": 10, "number": 1}]}, "api.supers.time_uninstall": {"result": [4.259382822085172], "stats": [{"ci_99": [4.167792804029855, 4.38096145637977], "q_25": 4.242527119349688, "q_75": 4.291232832940295, "min": 4.239196426235139, "max": 4.3395464504137635, "mean": 4.274377130204812, "std": 0.040094327959865464, "repeat": 4, "number": 1}]}, "repo.gitrepo.time_get_content_info": {"result": [0.014887209516018629], "stats": [{"ci_99": [0.014012603089213371, 0.017345892265439034], "q_25": 0.014326711185276508, "q_75": 0.01606795401312411, "min": 0.014012603089213371, "max": 0.017345892265439034, "mean": 0.015259953401982784, "std": 0.0011003936478705028, "repeat": 10, "number": 1}]}, "api.testds.time_create_test_dataset1": {"result": [0.6251414902508259], "stats": [{"ci_99": [0.6115692127496004, 0.6405478781089187], "q_25": 0.6162554470356554, "q_75": 0.6319907107390463, "min": 0.6115692127496004, "max": 0.6405478781089187, "mean": 0.6249994048848748, "std": 0.009400473821761414, "repeat": 10, "number": 1}]}, "api.testds.time_create_test_dataset2x2": {"result": [3.799229616764933], "stats": [{"ci_99": [3.7254539215715545, 3.8981321035174705], "q_25": 3.791953513165936, "q_75": 3.8190691161435097, "min": 3.7794688940048218, "max": 3.8692439226433635, "mean": 3.8117930125445127, "std": 0.03420721617543231, "repeat": 4, "number": 1}]}, "core.runner.time_echo": {"result": [0.0018467964449276528], "stats": [{"ci_99": [0.0016885396714011829, 0.0023275919569035373], "q_25": 0.0017092801087225478, "q_75": 0.0020984946362053356, "min": 0.0016885396714011829, "max": 0.0023275919569035373, "mean": 0.001917671225965023, "std": 0.00022968641032432906, "repeat": 10, "number": 6}]}, "core.runner.time_echo_gitrunner": {"result": [0.002305129892192781], "stats": [{"ci_99": [0.002088963519781828, 0.0029358509927988052], "q_25": 0.002111830865032971, "q_75": 0.002614791679661721, "min": 0.002088963519781828, "max": 0.0029358509927988052, "mean": 0.0023917377227917315, "std": 0.00030484447681093847, "repeat": 10, "number": 4}]}, "core.startup.time_help_np": {"result": [0.5819391836412251], "stats": [{"ci_99": [0.5234051747247577, 0.6510459864512086], "q_25": 0.5450069755315781, "q_75": 0.5888037162367254, "min": 0.5234051747247577, "max": 0.6510459864512086, "mean": 0.5745862087234854, "std": 0.036953410875579795, "repeat": 10, "number": 1}]}, "core.startup.time_import": {"result": [0.15808510268107057], "stats": [{"ci_99": [0.11251349840313196, 0.2105895448476076], "q_25": 0.11689445446245372, "q_75": 0.19103321060538292, "min": 0.11251349840313196, "max": 0.2105895448476076, "mean": 0.15657942639663816, "std": 0.03777544164952922, "repeat": 10, "number": 1}]}, "core.startup.time_import_api": {"result": [0.5022623036056757], "stats": [{"ci_99": [0.4639687752351165, 0.5825012354180217], "q_25": 0.4898040962871164, "q_75": 0.5162490140646696, "min": 0.4639687752351165, "max": 0.5825012354180217, "mean": 0.5125826105475426, "std": 0.03679929746643608, "repeat": 10, "number": 1}]}, "support.path.get_parent_paths.time_allsubmods_toplevel": {"result": [0.006720953620970249], "stats": [{"ci_99": [0.006633793003857136, 0.008283972274512053], "q_25": 0.006711501162499189, "q_75": 0.007266736123710871, "min": 0.006633793003857136, "max": 0.008283972274512053, "mean": 0.007063786825165152, "std": 0.0005413302346134474, "repeat": 10, "number": 2}]}, "support.path.get_parent_paths.time_allsubmods_toplevel_only": {"result": [0.006154730916023254], "stats": [{"ci_99": [0.005938183981925249, 0.0077346679754555225], "q_25": 0.006021156441420317, "q_75": 0.0067925130715593696, "min": 0.005938183981925249, "max": 0.0077346679754555225, "mean": 0.006466373056173325, "std": 0.0005931574966441464, "repeat": 10, "number": 2}]}, "support.path.get_parent_paths.time_no_submods": {"result": [2.9273323272749534e-07], "stats": [{"ci_99": [2.709883633516939e-07, 3.551195130951829e-07], "q_25": 2.7351129548834626e-07, "q_75": 3.2390172509108224e-07, "min": 2.709883633516939e-07, "max": 3.551195130951829e-07, "mean": 3.020127078960255e-07, "std": 3.0853410903393166e-08, "repeat": 10, "number": 28320}]}, "support.path.get_parent_paths.time_one_submod_subdir": {"result": [0.006149559514597058], "stats": [{"ci_99": [0.005598103161901236, 0.006946883630007505], "q_25": 0.005872812937013805,