{"results": {"api.supers.time_createadd": {"result": [1.2708252519369125], "stats": [{"ci_99": [1.2583766747266054, 1.295296880416572], "q_25": 1.2620311749633402, "q_75": 1.2757352946791798, "min": 1.2583766747266054, "max": 1.295296880416572, "mean": 1.2710042789578437, "std": 0.010456624241217707, "repeat": 10, "number": 1}]}, "api.supers.time_createadd_to_dataset": {"result": [1.2397510288283229], "stats": [{"ci_99": [1.2287162626162171, 1.267251955345273], "q_25": 1.2363448203541338, "q_75": 1.2438830838073045, "min": 1.2287162626162171, "max": 1.267251955345273, "mean": 1.240988320764154, "std": 0.0101941112239408, "repeat": 10, "number": 1}]}, "api.supers.time_diff": null, "api.supers.time_diff_recursive": null, "api.supers.time_installr": {"result": [5.311354947742075], "stats": [{"ci_99": [4.68812861898914, 5.934581276495009], "q_25": 5.305122684454545, "q_75": 5.317587211029604, "min": 5.298890421167016, "max": 5.323819474317133, "mean": 5.311354947742075, "std": 0.012464526575058699, "repeat": 2, "number": 1}]}, "api.supers.time_ls": {"result": [0.1803806941024959], "stats": [{"ci_99": [0.17877319920808077, 0.19035826064646244], "q_25": 0.17912626871839166, "q_75": 0.18384468089789152, "min": 0.17877319920808077, "max": 0.19035826064646244, "mean": 0.18201878620311618, "std": 0.003656983702477079, "repeat": 10, "number": 1}]}, "api.supers.time_ls_recursive": {"result": [1.7457147310487926], "stats": [{"ci_99": [1.7266470482572913, 1.7500471668317914], "q_25": 1.7379510996397585, "q_75": 1.7478462264407426, "min": 1.7266470482572913, "max": 1.7500471668317914, "mean": 1.7421411454677582, "std": 0.007937263419036476, "repeat": 10, "number": 1}]}, "api.supers.time_ls_recursive_long_all": {"result": [1.9038832020014524], "stats": [{"ci_99": [1.893623503856361, 1.9517452577129006], "q_25": 1.8980538863688707, "q_75": 1.9299458833411336, "min": 1.893623503856361, "max": 1.9517452577129006, "mean": 1.9157646694738004, "std": 0.020511015819376397, "repeat": 9, "number": 1}]}, "api.supers.time_remove": null, "api.supers.time_rev_createadd": null, "api.supers.time_rev_createadd_to_dataset": null, "api.supers.time_status": {"result": [0.7076001265086234], "stats": [{"ci_99": [0.7013798020780087, 0.7328298781067133], "q_25": 0.7032729231286794, "q_75": 0.7249041886534542, "min": 0.7013798020780087, "max": 0.7328298781067133, "mean": 0.7130022394470871, "std": 0.012588794696003137, "repeat": 10, "number": 1}]}, "api.supers.time_status_recursive": {"result": [1.3316580378450453], "stats": [{"ci_99": [1.3236382137984037, 1.337425041012466], "q_25": 1.3288559666834772, "q_75": 1.3362129793968052, "min": 1.3236382137984037, "max": 1.337425041012466, "mean": 1.3318313171155751, "std": 0.004407142028412446, "repeat": 10, "number": 1}]}, "api.supers.time_subdatasets": {"result": [0.09371795365586877], "stats": [{"ci_99": [0.09066534228622913, 0.10507588926702738], "q_25": 0.09180304757319391, "q_75": 0.09500831598415971, "min": 0.09066534228622913, "max": 0.10507588926702738, "mean": 0.09427931606769561, "std": 0.003940938201804686, "repeat": 10, "number": 1}]}, "api.supers.time_subdatasets_recursive": {"result": [0.41924906242638826], "stats": [{"ci_99": [0.413613636046648, 0.4255283949896693], "q_25": 0.41712601063773036, "q_75": 0.42458581971004605, "min": 0.413613636046648, "max": 0.4255283949896693, "mean": 0.4202130147255957, "std": 0.004037862745134537, "repeat": 10, "number": 1}]}, "api.supers.time_subdatasets_recursive_first": {"result": [0.0925124972127378], "stats": [{"ci_99": [0.09105708543211222, 0.10704517085105181], "q_25": 0.09213234833441675, "q_75": 0.09657565271481872, "min": 0.09105708543211222, "max": 0.10704517085105181, "mean": 0.09487063176929951, "std": 0.00462419932177432, "repeat": 10, "number": 1}]}, "api.supers.time_uninstall": {"result": [4.14740575151518], "stats": [{"ci_99": [4.112340555651469, 4.187059587208199], "q_25": 4.137207737658173, "q_75": 4.159898085286841, "min": 4.137165407650173, "max": 4.166823375038803, "mean": 4.149700071429834, "std": 0.01292552635025478, "repeat": 4, "number": 1}]}, "repo.gitrepo.time_get_content_info": {"result": [0.015287581365555525], "stats": [{"ci_99": [0.014181168749928474, 0.017155401408672333], "q_25": 0.014958321582525969, "q_75": 0.015518862288445234, "min": 0.014181168749928474, "max": 0.017155401408672333, "mean": 0.015334355179220438, "std": 0.0007239639861523467, "repeat": 10, "number": 1}]}, "api.testds.time_create_test_dataset1": {"result": [0.6033601583912969], "stats": [{"ci_99": [0.5982592515647411, 0.6169208297505975], "q_25": 0.6012962136883289, "q_75": 0.6065211829263717, "min": 0.5982592515647411, "max": 0.6169208297505975, "mean": 0.6051436161622405, "std": 0.005831691389472984, "repeat": 10, "number": 1}]}, "api.testds.time_create_test_dataset2x2": {"result": [3.7201634347438812], "stats": [{"ci_99": [3.703228949383638, 3.739940926152476], "q_25": 3.716408983571455, "q_75": 3.7253393889404833, "min": 3.714420228265226, "max": 3.7315926533192396, "mean": 3.721584937768057, "std": 0.006607645644193441, "repeat": 4, "number": 1}]}, "core.runner.time_echo": {"result": [0.0017252935407062373], "stats": [{"ci_99": [0.0016984140189985435, 0.0019382227522631486], "q_25": 0.0017113054636865854, "q_75": 0.0017932614622016747, "min": 0.0016984140189985435, "max": 0.0019382227522631486, "mean": 0.0017691271224369609, "std": 8.390548849234056e-05, "repeat": 10, "number": 6}]}, "core.runner.time_echo_gitrunner": {"result": [0.0027684048982337117], "stats": [{"ci_99": [0.002563613001257181, 0.00334165315143764], "q_25": 0.0026766632217913866, "q_75": 0.002922665444202721, "min": 0.002563613001257181, "max": 0.00334165315143764, "mean": 0.0028251998824998736, "std": 0.00021901555981876147, "repeat": 10, "number": 4}]}, "core.startup.time_help_np": {"result": [0.5895526818931103], "stats": [{"ci_99": [0.5283649126067758, 0.632028117775917], "q_25": 0.5715726488269866, "q_75": 0.6014410303905606, "min": 0.5283649126067758, "max": 0.632028117775917, "mean": 0.5847391963936388, "std": 0.032933749944863526, "repeat": 10, "number": 1}]}, "core.startup.time_import": {"result": [0.16330551216378808], "stats": [{"ci_99": [0.11553040891885757, 0.19196706917136908], "q_25": 0.15937132388353348, "q_75": 0.1714687191415578, "min": 0.11553040891885757, "max": 0.19196706917136908, "mean": 0.16194609366357327, "std": 0.01908549096649343, "repeat": 10, "number": 1}]}, "core.startup.time_import_api": {"result": [0.5176761392503977], "stats": [{"ci_99": [0.4595753559842706, 0.588814739137888], "q_25": 0.5028256606310606, "q_75": 0.5255902220960706, "min": 0.4595753559842706, "max": 0.588814739137888, "mean": 0.5144118770956994, "std": 0.03475876643190025, "repeat": 10, "number": 1}]}, "support.path.get_parent_paths.time_allsubmods_toplevel": {"result": [0.007837029406800866], "stats": [{"ci_99": [0.007084202487021685, 0.008864476345479488], "q_25": 0.00751773314550519, "q_75": 0.008190007880330086, "min": 0.007084202487021685, "max": 0.008864476345479488, "mean": 0.007930727396160363, "std": 0.0005486098231159422, "repeat": 10, "number": 2}]}, "support.path.get_parent_paths.time_allsubmods_toplevel_only": {"result": [0.007411888102069497], "stats": [{"ci_99": [0.0066179027780890465, 0.008622523862868547], "q_25": 0.006993236485868692, "q_75": 0.007922474760562181, "min": 0.0066179027780890465, "max": 0.008622523862868547, "mean": 0.007480060355737806, "std": 0.0006067671333889031, "repeat": 10, "number": 2}]}, "support.path.get_parent_paths.time_no_submods": {"result": [3.397795596086299e-07], "stats": [{"ci_99": [3.1541888293759016e-07, 3.791801497420229e-07], "q_25": 3.3015472711679406e-07, "q_75": 3.5516310091618946e-07, "min": 3.1541888293759016e-07, "max": 3.791801497420229e-07, "mean": 3.4207429897885024e-07, "std": 1.8714348233923656e-08, "repeat": 10, "number": 26627}]}, "support.path.get_parent_paths.time_one_submod_subdir": {"result": [0.005769449984654784],