{"results": {"api.supers.time_createadd": {"result": [1.274259566795081], "stats": [{"ci_99": [1.2554863449186087, 1.290584396570921], "q_25": 1.2655621676240116, "q_75": 1.2819529657717794, "min": 1.2554863449186087, "max": 1.290584396570921, "mean": 1.2739313050173222, "std": 0.011571090904813496, "repeat": 10, "number": 1}]}, "api.supers.time_createadd_to_dataset": {"result": [1.2392770745791495], "stats": [{"ci_99": [1.2004404896870255, 1.261694266460836], "q_25": 1.2311455502640456, "q_75": 1.243447155226022, "min": 1.2004404896870255, "max": 1.261694266460836, "mean": 1.2372042032890023, "std": 0.015399428143160445, "repeat": 10, "number": 1}]}, "api.supers.time_diff": null, "api.supers.time_diff_recursive": null, "api.supers.time_installr": {"result": [5.345003722701222], "stats": [{"ci_99": [4.121441041585058, 6.5685664038173845], "q_25": 5.33276809589006, "q_75": 5.357239349512383, "min": 5.320532469078898, "max": 5.369474976323545, "mean": 5.345003722701222, "std": 0.024471253622323275, "repeat": 2, "number": 1}]}, "api.supers.time_ls": {"result": [0.18084704130887985], "stats": [{"ci_99": [0.17679984867572784, 0.19938370492309332], "q_25": 0.17883278452791274, "q_75": 0.18521702475845814, "min": 0.17679984867572784, "max": 0.19938370492309332, "mean": 0.18305848482996226, "std": 0.006411580495120984, "repeat": 10, "number": 1}]}, "api.supers.time_ls_recursive": {"result": [1.7424563569948077], "stats": [{"ci_99": [1.7309941686689854, 1.757133623585105], "q_25": 1.7356579273473471, "q_75": 1.7503784261643887, "min": 1.7309941686689854, "max": 1.757133623585105, "mean": 1.7430069541558624, "std": 0.008307199246765106, "repeat": 10, "number": 1}]}, "api.supers.time_ls_recursive_long_all": {"result": [1.893571823835373], "stats": [{"ci_99": [1.8877211902290583, 1.90965820197016], "q_25": 1.8910026676021516, "q_75": 1.9011901798658073, "min": 1.8877211902290583, "max": 1.90965820197016, "mean": 1.8962145338766276, "std": 0.007057794988843565, "repeat": 10, "number": 1}]}, "api.supers.time_remove": null, "api.supers.time_rev_createadd": null, "api.supers.time_rev_createadd_to_dataset": null, "api.supers.time_status": {"result": [0.7039506044238806], "stats": [{"ci_99": [0.6996517479419708, 0.7098613642156124], "q_25": 0.7010759110562503, "q_75": 0.7065561607014388, "min": 0.6996517479419708, "max": 0.7098613642156124, "mean": 0.7040202083066106, "std": 0.00321187370967674, "repeat": 10, "number": 1}]}, "api.supers.time_status_recursive": {"result": [1.3333426341414452], "stats": [{"ci_99": [1.3243017187342048, 1.34559540823102], "q_25": 1.3305873004719615, "q_75": 1.336214565904811, "min": 1.3243017187342048, "max": 1.34559540823102, "mean": 1.3335731300525366, "std": 0.0055827934144361815, "repeat": 10, "number": 1}]}, "api.supers.time_subdatasets": {"result": [0.0936326258815825], "stats": [{"ci_99": [0.0915926368907094, 0.10060919914394617], "q_25": 0.09310795762576163, "q_75": 0.09438030212186277, "min": 0.0915926368907094, "max": 0.10060919914394617, "mean": 0.09424416553229094, "std": 0.0023189485524277628, "repeat": 10, "number": 1}]}, "api.supers.time_subdatasets_recursive": {"result": [0.4170830654911697], "stats": [{"ci_99": [0.4122495297342539, 0.42616581823676825], "q_25": 0.4159320523031056, "q_75": 0.41874491423368454, "min": 0.4122495297342539, "max": 0.42616581823676825, "mean": 0.4176611972972751, "std": 0.0034001332201851644, "repeat": 10, "number": 1}]}, "api.supers.time_subdatasets_recursive_first": {"result": [0.09418102027848363], "stats": [{"ci_99": [0.09074813406914473, 0.09515738859772682], "q_25": 0.09333823760971427, "q_75": 0.09470430016517639, "min": 0.09074813406914473, "max": 0.09515738859772682, "mean": 0.09371180357411504, "std": 0.0013794827735221333, "repeat": 10, "number": 1}]}, "api.supers.time_uninstall": {"result": [4.13837035279721], "stats": [{"ci_99": [4.027541528388517, 4.26321809745614], "q_25": 4.1247416054829955, "q_75": 4.159008560236543, "min": 4.090018205344677, "max": 4.214760340750217, "mean": 4.145379812922329, "std": 0.04468017019699153, "repeat": 4, "number": 1}]}, "repo.gitrepo.time_get_content_info": {"result": [0.014323902316391468], "stats": [{"ci_99": [0.013763051480054855, 0.018006501719355583], "q_25": 0.014192892471328378, "q_75": 0.015242469729855657, "min": 0.013763051480054855, "max": 0.018006501719355583, "mean": 0.01489747129380703, "std": 0.0012216294003090232, "repeat": 10, "number": 1}]}, "api.testds.time_create_test_dataset1": {"result": [0.6026892676018178], "stats": [{"ci_99": [0.5946729397401214, 0.6090603265911341], "q_25": 0.5976774324662983, "q_75": 0.604228185955435, "min": 0.5946729397401214, "max": 0.6090603265911341, "mean": 0.6012580816633999, "std": 0.004467408447296417, "repeat": 10, "number": 1}]}, "api.testds.time_create_test_dataset2x2": {"result": [3.724457333330065], "stats": [{"ci_99": [3.665397032843488, 3.805614379486484], "q_25": 3.715706076938659, "q_75": 3.744256962556392, "min": 3.712223802693188, "max": 3.7808843553066254, "mean": 3.735505706164986, "std": 0.02720585066196473, "repeat": 4, "number": 1}]}, "core.runner.time_echo": {"result": [0.0017343778939296803], "stats": [{"ci_99": [0.0016882927156984806, 0.0020096952406068644], "q_25": 0.0017244860452289383, "q_75": 0.001809198680954675, "min": 0.0016882927156984806, "max": 0.0020096952406068644, "mean": 0.0017888927832245827, "std": 0.0001108840641046969, "repeat": 10, "number": 6}]}, "core.runner.time_echo_gitrunner": {"result": [0.0022470897529274225], "stats": [{"ci_99": [0.002090712310746312, 0.0027200598269701004], "q_25": 0.0021104387706145644, "q_75": 0.002516345994081348, "min": 0.002090712310746312, "max": 0.0027200598269701004, "mean": 0.0023259707726538182, "std": 0.00023394497215636114, "repeat": 10, "number": 4}]}, "core.startup.time_help_np": {"result": [0.5611417656764388], "stats": [{"ci_99": [0.5282025840133429, 0.6464323662221432], "q_25": 0.5345252675469965, "q_75": 0.5866231373511255, "min": 0.5282025840133429, "max": 0.6464323662221432, "mean": 0.5690251663327217, "std": 0.04045392236276943, "repeat": 10, "number": 1}]}, "core.startup.time_import": {"result": [0.11450620787218213], "stats": [{"ci_99": [0.11291009187698364, 0.16033077612519264], "q_25": 0.1136622631456703, "q_75": 0.14497891766950488, "min": 0.11291009187698364, "max": 0.16033077612519264, "mean": 0.1273981651291251, "std": 0.02031372093464926, "repeat": 10, "number": 1}]}, "core.startup.time_import_api": {"result": [0.4852048815228045], "stats": [{"ci_99": [0.4578806571662426, 0.5809718603268266], "q_25": 0.45863162516616285, "q_75": 0.5257141734473407, "min": 0.4578806571662426, "max": 0.5809718603268266, "mean": 0.49859484005719423, "std": 0.04448829581132168, "repeat": 10, "number": 1}]}, "support.path.get_parent_paths.time_allsubmods_toplevel": {"result": [0.007011014502495527], "stats": [{"ci_99": [0.0068384506739676, 0.008766113314777613], "q_25": 0.006874397164210677, "q_75": 0.0076965701300650835, "min": 0.0068384506739676, "max": 0.008766113314777613, "mean": 0.007375195669010281, "std": 0.0006552359096225699, "repeat": 10, "number": 2}]}, "support.path.get_parent_paths.time_allsubmods_toplevel_only": {"result": [0.006227055797353387], "stats": [{"ci_99": [0.006187251303344965, 0.006280798465013504], "q_25": 0.006214080844074488, "q_75": 0.006244229502044618, "min": 0.006187251303344965, "max": 0.006280798465013504, "mean": 0.006228508939966559, "std": 2.6121919763426862e-05, "repeat": 10, "number": 2}]}, "support.path.get_parent_paths.time_no_submods": {"result": [2.807654349774923e-07], "stats": [{"ci_99": [2.7816997848155404e-07, 3.1045548589220423e-07], "q_25": 2.8009990304136093e-07, "q_75": 2.819021493578079e-07, "min": 2.7816997848155404e-07, "max": 3.1045548589220423e-07, "mean": 2.836655615501001e-07, "std": 9.060719611602855e-09, "repeat": 10, "number": 39050}]}, "support.path.get_parent_paths.time_one_submod_subdir": {"result": [0.005466958275064826],