{"results": {"api.supers.time_createadd": {"result": [1.2989335153251886], "stats": [{"ci_99": [1.2781620845198631, 1.3241770919412374], "q_25": 1.2907656233292073, "q_75": 1.307924197986722, "min": 1.2781620845198631, "max": 1.3241770919412374, "mean": 1.3004739043302833, "std": 0.01355899448574013, "repeat": 10, "number": 1}]}, "api.supers.time_createadd_to_dataset": {"result": [1.25589997228235], "stats": [{"ci_99": [1.2366925328969955, 1.2697728127241135], "q_25": 1.2423715982586145, "q_75": 1.2619856027886271, "min": 1.2366925328969955, "max": 1.2697728127241135, "mean": 1.2530058142729104, "std": 0.011194920657142067, "repeat": 10, "number": 1}]}, "api.supers.time_diff": null, "api.supers.time_diff_recursive": null, "api.supers.time_installr": {"result": [5.06057207332924], "stats": [{"ci_99": [3.91469003027305, 6.206454116385429], "q_25": 5.049113252898678, "q_75": 5.072030893759802, "min": 5.037654432468116, "max": 5.083489714190364, "mean": 5.06057207332924, "std": 0.0229176408611238, "repeat": 2, "number": 1}]}, "api.supers.time_ls": {"result": [0.18724557477980852], "stats": [{"ci_99": [0.180653833784163, 0.1969885341823101], "q_25": 0.18437715340405703, "q_75": 0.19174635922536254, "min": 0.180653833784163, "max": 0.1969885341823101, "mean": 0.18801322001963855, "std": 0.004942641347087631, "repeat": 10, "number": 1}]}, "api.supers.time_ls_recursive": {"result": [1.7735616290010512], "stats": [{"ci_99": [1.761490248143673, 1.8285601390525699], "q_25": 1.7705228256527334, "q_75": 1.7770206693094224, "min": 1.761490248143673, "max": 1.8285601390525699, "mean": 1.7817341257818042, "std": 0.021123421339471656, "repeat": 10, "number": 1}]}, "api.supers.time_ls_recursive_long_all": {"result": [1.9332490735687315], "stats": [{"ci_99": [1.9263343308120966, 1.9550598142668605], "q_25": 1.9265085170045495, "q_75": 1.9421624634414911, "min": 1.9263343308120966, "max": 1.9550598142668605, "mean": 1.9357931865379214, "std": 0.010086274950732223, "repeat": 8, "number": 1}]}, "api.supers.time_remove": null, "api.supers.time_status": {"result": [0.7231521913781762], "stats": [{"ci_99": [0.7164112208411098, 0.7377466568723321], "q_25": 0.721933331573382, "q_75": 0.7275958911050111, "min": 0.7164112208411098, "max": 0.7377466568723321, "mean": 0.725613686721772, "std": 0.006364171471761191, "repeat": 10, "number": 1}]}, "api.supers.time_status_recursive": {"result": [1.3641094425693154], "stats": [{"ci_99": [1.3577762488275766, 1.3751767883077264], "q_25": 1.3600000648293644, "q_75": 1.3696336548309773, "min": 1.3577762488275766, "max": 1.3751767883077264, "mean": 1.3649717427790165, "std": 0.005837265905687686, "repeat": 10, "number": 1}]}, "api.supers.time_subdatasets": {"result": [0.08194681815803051], "stats": [{"ci_99": [0.08046540804207325, 0.08841302804648876], "q_25": 0.08096083579584956, "q_75": 0.08401112584397197, "min": 0.08046540804207325, "max": 0.08841302804648876, "mean": 0.08273513168096543, "std": 0.0023952763682848783, "repeat": 10, "number": 1}]}, "api.supers.time_subdatasets_recursive": {"result": [0.41404071217402816], "stats": [{"ci_99": [0.4101419569924474, 0.4260614402592182], "q_25": 0.41308674053288996, "q_75": 0.4161108813714236, "min": 0.4101419569924474, "max": 0.4260614402592182, "mean": 0.4153829270042479, "std": 0.004490892188161918, "repeat": 10, "number": 1}]}, "api.supers.time_subdatasets_recursive_first": {"result": [0.08258427167311311], "stats": [{"ci_99": [0.0806918079033494, 0.08677023183554411], "q_25": 0.08182198111899197, "q_75": 0.08334368676878512, "min": 0.0806918079033494, "max": 0.08677023183554411, "mean": 0.08283065324649215, "std": 0.0017463862464901208, "repeat": 10, "number": 1}]}, "api.supers.time_uninstall": {"result": [4.131094226613641], "stats": [{"ci_99": [4.102262163025534, 4.15823720912149], "q_25": 4.122952171601355, "q_75": 4.1383917410857975, "min": 4.117171689867973, "max": 4.1416386011987925, "mean": 4.130249686073512, "std": 0.009739429941514248, "repeat": 4, "number": 1}]}, "repo.gitrepo.time_get_content_info": {"result": [0.01602997910231352], "stats": [{"ci_99": [0.014679511077702045, 0.016515259630978107], "q_25": 0.015562504064291716, "q_75": 0.016337891574949026, "min": 0.014679511077702045, "max": 0.016515259630978107, "mean": 0.015883445274084806, "std": 0.0005783692078644617, "repeat": 10, "number": 1}]}, "api.testds.time_create_test_dataset1": {"result": [0.615884913597256], "stats": [{"ci_99": [0.6103655714541674, 0.633512225933373], "q_25": 0.6147976843640208, "q_75": 0.6172221882734448, "min": 0.6103655714541674, "max": 0.633512225933373, "mean": 0.6177551435306669, "std": 0.006302841954766222, "repeat": 10, "number": 1}]}, "api.testds.time_create_test_dataset2x2": {"result": [3.7983600245788693], "stats": [{"ci_99": [3.757624958198918, 3.85582154148777], "q_25": 3.7943663413170725, "q_75": 3.810716933105141, "min": 3.789963146671653, "max": 3.840209803543985, "mean": 3.806723249843344, "std": 0.019716099226497738, "repeat": 4, "number": 1}]}, "core.runner.time_echo": {"result": [0.0018738481216132642], "stats": [{"ci_99": [0.0017093000933527946, 0.002397291176021099], "q_25": 0.0017161240335553884, "q_75": 0.0021949500776827333, "min": 0.0017093000933527946, "max": 0.002397291176021099, "mean": 0.0019590147957205773, "std": 0.0002596491300935941, "repeat": 10, "number": 5}]}, "core.runner.time_echo_gitrunner": {"result": [0.0023789402097463604], "stats": [{"ci_99": [0.0020971227437257766, 0.003230021893978119], "q_25": 0.002105431444942951, "q_75": 0.00286845862865448, "min": 0.0020971227437257766, "max": 0.003230021893978119, "mean": 0.002504390627145767, "std": 0.00042007665975717524, "repeat": 10, "number": 5}]}, "core.startup.time_help_np": {"result": [0.5919411513023078], "stats": [{"ci_99": [0.5461004599928856, 0.6456701951101422], "q_25": 0.5807731649838388, "q_75": 0.6062870593741536, "min": 0.5461004599928856, "max": 0.6456701951101422, "mean": 0.596091846190393, "std": 0.028953005160663004, "repeat": 10, "number": 1}]}, "core.startup.time_import": {"result": [0.16966682579368353], "stats": [{"ci_99": [0.11325681488960981, 0.20861897431313992], "q_25": 0.1373098234180361, "q_75": 0.18550277082249522, "min": 0.11325681488960981, "max": 0.20861897431313992, "mean": 0.16306428629904984, "std": 0.03175434022709948, "repeat": 10, "number": 1}]}, "core.startup.time_import_api": {"result": [0.5278593152761459], "stats": [{"ci_99": [0.46846200060099363, 0.5844431668519974], "q_25": 0.5143044244032353, "q_75": 0.5436149542219937, "min": 0.46846200060099363, "max": 0.5844431668519974, "mean": 0.5294755946844816, "std": 0.03367550944561222, "repeat": 10, "number": 1}]}, "support.path.get_parent_paths.time_allsubmods_toplevel": {"result": [0.007097311317920685], "stats": [{"ci_99": [0.007050186395645142, 0.008778053801506758], "q_25": 0.007072384119965136, "q_75": 0.0077655663480982184, "min": 0.007050186395645142, "max": 0.008778053801506758, "mean": 0.007470350572839379, "std": 0.0005732257133134969, "repeat": 10, "number": 2}]}, "support.path.get_parent_paths.time_allsubmods_toplevel_only": {"result": [0.007287480169907212], "stats": [{"ci_99": [0.0065464116632938385, 0.008135449141263962], "q_25": 0.006995453150011599, "q_75": 0.007585103274323046, "min": 0.0065464116632938385, "max": 0.008135449141263962, "mean": 0.007354302424937486, "std": 0.00048209354523375144, "repeat": 10, "number": 2}]}, "support.path.get_parent_paths.time_no_submods": {"result": [3.223998739751227e-07], "stats": [{"ci_99": [2.939606742719043e-07, 3.531745218050086e-07], "q_25": 3.1302050925110146e-07, "q_75": 3.350957538286676e-07, "min": 2.939606742719043e-07, "max": 3.531745218050086e-07, "mean": 3.231334591487792e-07, "std": 1.6815418052724604e-08, "repeat": 10, "number": 28233}]}, "support.path.get_parent_paths.time_one_submod_subdir": {"result": [0.005567854968830943], "stats": [{"ci_99": [0.00539126293733716, 0.0069849202409386635], "q_25": 0.005404645809903741, "q_75": 0.006297103362157941,