{"results": {"api.supers.time_createadd": {"result": [1.26217269198969], "stats": [{"ci_99": [1.2541642598807812, 1.2897408297285438], "q_25": 1.2572470614686608, "q_75": 1.2742613623850048, "min": 1.2541642598807812, "max": 1.2897408297285438, "mean": 1.2662388164550067, "std": 0.011487859494742809, "repeat": 10, "number": 1}]}, "api.supers.time_createadd_to_dataset": {"result": [1.208289809525013], "stats": [{"ci_99": [1.199931944720447, 1.2513885498046875], "q_25": 1.2022402728907764, "q_75": 1.2173011782579124, "min": 1.199931944720447, "max": 1.2513885498046875, "mean": 1.213149884995073, "std": 0.014826585668245025, "repeat": 10, "number": 1}]}, "api.supers.time_diff": null, "api.supers.time_diff_recursive": null, "api.supers.time_installr": {"result": [5.157769775018096], "stats": [{"ci_99": [4.630297912284732, 5.68524163775146], "q_25": 5.152495056390762, "q_75": 5.16304449364543, "min": 5.147220337763429, "max": 5.168319212272763, "mean": 5.157769775018096, "std": 0.010549437254667282, "repeat": 2, "number": 1}]}, "api.supers.time_ls": {"result": [0.18151901522651315], "stats": [{"ci_99": [0.17959256004542112, 0.19165224861353636], "q_25": 0.18048657500185072, "q_75": 0.1848246087320149, "min": 0.17959256004542112, "max": 0.19165224861353636, "mean": 0.1830681510269642, "std": 0.003583806065746603, "repeat": 10, "number": 1}]}, "api.supers.time_ls_recursive": {"result": [1.798617547377944], "stats": [{"ci_99": [1.7922974582761526, 1.812425646930933], "q_25": 1.793339701835066, "q_75": 1.803036424331367, "min": 1.7922974582761526, "max": 1.812425646930933, "mean": 1.7994050515815616, "std": 0.006419665381550224, "repeat": 10, "number": 1}]}, "api.supers.time_ls_recursive_long_all": {"result": [1.9599816659465432], "stats": [{"ci_99": [1.946958509273827, 1.9713886063545942], "q_25": 1.950589245185256, "q_75": 1.9652598856482655, "min": 1.946958509273827, "max": 1.9713886063545942, "mean": 1.9588108668103814, "std": 0.00836719051873654, "repeat": 8, "number": 1}]}, "api.supers.time_remove": null, "api.supers.time_status": {"result": [0.7527422290295362], "stats": [{"ci_99": [0.7457942767068744, 0.7634056145325303], "q_25": 0.7502012490294874, "q_75": 0.7554209947120398, "min": 0.7457942767068744, "max": 0.7634056145325303, "mean": 0.7530464524403214, "std": 0.004909262212607728, "repeat": 10, "number": 1}]}, "api.supers.time_status_recursive": {"result": [1.4038155497983098], "stats": [{"ci_99": [1.3752921363338828, 1.4295873856171966], "q_25": 1.39115118724294, "q_75": 1.4091765061020851, "min": 1.3752921363338828, "max": 1.4295873856171966, "mean": 1.40168466726318, "std": 0.014259772367983708, "repeat": 10, "number": 1}]}, "api.supers.time_subdatasets": {"result": [0.10873967409133911], "stats": [{"ci_99": [0.10668068286031485, 0.11531031969934702], "q_25": 0.10768266953527927, "q_75": 0.11036045150831342, "min": 0.10668068286031485, "max": 0.11531031969934702, "mean": 0.1094758671708405, "std": 0.0024103833947388274, "repeat": 10, "number": 1}]}, "api.supers.time_subdatasets_recursive": {"result": [0.44315798953175545], "stats": [{"ci_99": [0.43745825719088316, 0.4518052116036415], "q_25": 0.43973569036461413, "q_75": 0.44782494218088686, "min": 0.43745825719088316, "max": 0.4518052116036415, "mean": 0.44403800256550313, "std": 0.004952620935465403, "repeat": 10, "number": 1}]}, "api.supers.time_subdatasets_recursive_first": {"result": [0.1088397060520947], "stats": [{"ci_99": [0.10650954488664865, 0.11713333055377007], "q_25": 0.10743484483100474, "q_75": 0.11087304912507534, "min": 0.10650954488664865, "max": 0.11713333055377007, "mean": 0.10957824615761638, "std": 0.003025576735866164, "repeat": 10, "number": 1}]}, "api.supers.time_uninstall": {"result": [4.125471493694931], "stats": [{"ci_99": [4.051476394079723, 4.23380300144469], "q_25": 4.119805759051815, "q_75": 4.148305432405323, "min": 4.1131442142650485, "max": 4.206471589393914, "mean": 4.142639697762206, "std": 0.037275083754307305, "repeat": 4, "number": 1}]}, "repo.gitrepo.time_get_content_info": {"result": [0.0153469517827034], "stats": [{"ci_99": [0.014117029495537281, 0.018864146433770657], "q_25": 0.014619650784879923, "q_75": 0.016246222890913486, "min": 0.014117029495537281, "max": 0.018864146433770657, "mean": 0.0156817059032619, "std": 0.0014063016769407673, "repeat": 10, "number": 1}]}, "api.testds.time_create_test_dataset1": {"result": [0.6003919211216271], "stats": [{"ci_99": [0.5937784900888801, 0.6204195776954293], "q_25": 0.5973608598578721, "q_75": 0.613007543142885, "min": 0.5937784900888801, "max": 0.6204195776954293, "mean": 0.6043463182635606, "std": 0.009661492382530609, "repeat": 10, "number": 1}]}, "api.testds.time_create_test_dataset2x2": {"result": [3.567536786198616], "stats": [{"ci_99": [3.4871524322377936, 3.682488076242576], "q_25": 3.5607341344002634, "q_75": 3.5916229060385376, "min": 3.551906568929553, "max": 3.652300875633955, "mean": 3.584820254240185, "std": 0.03957329492962691, "repeat": 4, "number": 1}]}, "core.runner.time_echo": {"result": [0.001903314422816038], "stats": [{"ci_99": [0.0017100417986512183, 0.0022924600169062616], "q_25": 0.001738610723987222, "q_75": 0.0020922681316733363, "min": 0.0017100417986512183, "max": 0.0022924600169062616, "mean": 0.0019363440759480003, "std": 0.00020303969995629962, "repeat": 10, "number": 5}]}, "core.runner.time_echo_gitrunner": {"result": [0.002639087149873376], "stats": [{"ci_99": [0.0023451100569218397, 0.0031373000238090754], "q_25": 0.002524071605876088, "q_75": 0.0027745695551857352, "min": 0.0023451100569218397, "max": 0.0031373000238090754, "mean": 0.0026719882152974606, "std": 0.00022972394203851952, "repeat": 10, "number": 4}]}, "core.startup.time_help_np": {"result": [0.5757519281469285], "stats": [{"ci_99": [0.513495672494173, 0.6180141204968095], "q_25": 0.5504234645050019, "q_75": 0.6081654636655003, "min": 0.513495672494173, "max": 0.6180141204968095, "mean": 0.5725290967151523, "std": 0.03710837945296006, "repeat": 10, "number": 1}]}, "core.startup.time_import": {"result": [0.17080173268914223], "stats": [{"ci_99": [0.1462515825405717, 0.18754278868436813], "q_25": 0.16130032460205257, "q_75": 0.18438066774979234, "min": 0.1462515825405717, "max": 0.18754278868436813, "mean": 0.1708075270988047, "std": 0.013465292303719394, "repeat": 10, "number": 1}]}, "core.startup.time_import_api": {"result": [0.5112996841780841], "stats": [{"ci_99": [0.45364368613809347, 0.5893476475030184], "q_25": 0.4885574309155345, "q_75": 0.5403933573979884, "min": 0.45364368613809347, "max": 0.5893476475030184, "mean": 0.516511312033981, "std": 0.039994662212814266, "repeat": 10, "number": 1}]}, "support.path.get_parent_paths.time_allsubmods_toplevel": {"result": [0.007621705066412687], "stats": [{"ci_99": [0.006877752020955086, 0.008843451272696257], "q_25": 0.007170735392719507, "q_75": 0.00814967101905495, "min": 0.006877752020955086, "max": 0.008843451272696257, "mean": 0.007690591085702181, "std": 0.0005945289302219437, "repeat": 10, "number": 2}]}, "support.path.get_parent_paths.time_allsubmods_toplevel_only": {"result": [0.0064384290017187595], "stats": [{"ci_99": [0.006140547338873148, 0.008342497982084751], "q_25": 0.006165556493215263, "q_75": 0.007226323592476547, "min": 0.006140547338873148, "max": 0.008342497982084751, "mean": 0.006793119758367538, "std": 0.0007546748380378525, "repeat": 10, "number": 2}]}, "support.path.get_parent_paths.time_no_submods": {"result": [3.066711752062464e-07], "stats": [{"ci_99": [2.803872738174549e-07, 3.7259159719887047e-07], "q_25": 2.842553429516393e-07, "q_75": 3.36120734781914e-07, "min": 2.803872738174549e-07, "max": 3.7259159719887047e-07, "mean": 3.1393874971930565e-07, "std": 3.1814054167755875e-08, "repeat": 10, "number": 27210}]}, "support.path.get_parent_paths.time_one_submod_subdir": {"result": [0.0056337646674364805], "stats": [{"ci_99": [0.005365274380892515, 0.007126827258616686], "q_25": 0.0053841398330405354, "q_75": 0.006325179245322943,