{"results": {"api.supers.time_createadd": {"result": [1.2661001184023917], "stats": [{"ci_99": [1.2450309609994292, 1.2866493230685592], "q_25": 1.2599639524705708, "q_75": 1.2784675501752645, "min": 1.2450309609994292, "max": 1.2866493230685592, "mean": 1.2673831820487975, "std": 0.012978775618021472, "repeat": 10, "number": 1}]}, "api.supers.time_createadd_to_dataset": {"result": [1.2045566490851343], "stats": [{"ci_99": [1.1958566159009933, 1.2241775123402476], "q_25": 1.2021696658339351, "q_75": 1.2159855351783335, "min": 1.1958566159009933, "max": 1.2241775123402476, "mean": 1.2084943374618888, "std": 0.009092366850462158, "repeat": 10, "number": 1}]}, "api.supers.time_diff": null, "api.supers.time_diff_recursive": null, "api.supers.time_installr": {"result": [5.445956389885396], "stats": [{"ci_99": [4.726618735585362, 6.165294044185429], "q_25": 5.438763013342395, "q_75": 5.453149766428396, "min": 5.431569636799395, "max": 5.4603431429713964, "mean": 5.445956389885396, "std": 0.014386753086000681, "repeat": 2, "number": 1}]}, "api.supers.time_ls": {"result": [0.18959527788683772], "stats": [{"ci_99": [0.18440180830657482, 0.19582486525177956], "q_25": 0.18783321673981845, "q_75": 0.19359390600584447, "min": 0.18440180830657482, "max": 0.19582486525177956, "mean": 0.19008794389665126, "std": 0.003692059121342225, "repeat": 10, "number": 1}]}, "api.supers.time_ls_recursive": {"result": [1.8753603636287153], "stats": [{"ci_99": [1.8625666247680783, 1.8907348113134503], "q_25": 1.8674883141648024, "q_75": 1.8843482497613877, "min": 1.8625666247680783, "max": 1.8907348113134503, "mean": 1.8759380848146976, "std": 0.009948252557388872, "repeat": 10, "number": 1}]}, "api.supers.time_ls_recursive_long_all": {"result": [2.0260268482379615], "stats": [{"ci_99": [2.012131478637457, 2.0384662337601185], "q_25": 2.02387654222548, "q_75": 2.0315965060144663, "min": 2.012131478637457, "max": 2.0384662337601185, "mean": 2.026988991186954, "std": 0.007672193480413531, "repeat": 8, "number": 1}]}, "api.supers.time_remove": null, "api.supers.time_status": {"result": [0.7329832767136395], "stats": [{"ci_99": [0.7288897950202227, 0.7467363364994526], "q_25": 0.7312259019818157, "q_75": 0.7351524706464261, "min": 0.7288897950202227, "max": 0.7467363364994526, "mean": 0.7348329625092447, "std": 0.005698210875930183, "repeat": 10, "number": 1}]}, "api.supers.time_status_recursive": {"result": [1.3703795713372529], "stats": [{"ci_99": [1.364675834774971, 1.378992890007794], "q_25": 1.367980599636212, "q_75": 1.3754571718163788, "min": 1.364675834774971, "max": 1.378992890007794, "mean": 1.3716694829054177, "std": 0.004595512227168492, "repeat": 10, "number": 1}]}, "api.supers.time_subdatasets": {"result": [0.10710238292813301], "stats": [{"ci_99": [0.10528394300490618, 0.11168971564620733], "q_25": 0.10680761002004147, "q_75": 0.10766685754060745, "min": 0.10528394300490618, "max": 0.11168971564620733, "mean": 0.10749143669381737, "std": 0.0016793249209937377, "repeat": 10, "number": 1}]}, "api.supers.time_subdatasets_recursive": {"result": [0.4356518783606589], "stats": [{"ci_99": [0.43215893022716045, 0.44241261668503284], "q_25": 0.43457616213709116, "q_75": 0.439597089542076, "min": 0.43215893022716045, "max": 0.44241261668503284, "mean": 0.4367799817584455, "std": 0.0033969686310156323, "repeat": 10, "number": 1}]}, "api.supers.time_subdatasets_recursive_first": {"result": [0.10721803968772292], "stats": [{"ci_99": [0.1047895373776555, 0.11169780790805817], "q_25": 0.10673817223869264, "q_75": 0.10967328422702849, "min": 0.1047895373776555, "max": 0.11169780790805817, "mean": 0.10807187650352716, "std": 0.002130997420619059, "repeat": 10, "number": 1}]}, "api.supers.time_uninstall": {"result": [4.103460630401969], "stats": [{"ci_99": [3.9190401895669176, 4.304311152105324], "q_25": 4.0525415546726435, "q_75": 4.162594746565446, "min": 4.038139890879393, "max": 4.201641531661153, "mean": 4.111675670836121, "std": 0.06687708278855686, "repeat": 4, "number": 1}]}, "repo.gitrepo.time_get_content_info": {"result": [0.015520212706178427], "stats": [{"ci_99": [0.014762411825358868, 0.019205613993108273], "q_25": 0.014854549430310726, "q_75": 0.016873855842277408, "min": 0.014762411825358868, "max": 0.019205613993108273, "mean": 0.01600077040493488, "std": 0.0013659368891842185, "repeat": 10, "number": 1}]}, "api.testds.time_create_test_dataset1": {"result": [0.6055498709902167], "stats": [{"ci_99": [0.5894446158781648, 0.6197726735845208], "q_25": 0.5947133684530854, "q_75": 0.6107373356353492, "min": 0.5894446158781648, "max": 0.6197726735845208, "mean": 0.6039231254719197, "std": 0.00989783019686279, "repeat": 10, "number": 1}]}, "api.testds.time_create_test_dataset2x2": {"result": [3.5237558148801327], "stats": [{"ci_99": [3.453955996395461, 3.5999022884430367], "q_25": 3.504902977962047, "q_75": 3.5457819793373346, "min": 3.498645226471126, "max": 3.561559713445604, "mean": 3.526929142419249, "std": 0.025404997354934674, "repeat": 4, "number": 1}]}, "core.runner.time_echo": {"result": [0.0017158285869906347], "stats": [{"ci_99": [0.001699910033494234, 0.0017356937751173973], "q_25": 0.0017082486689711611, "q_75": 0.001719797495752573, "min": 0.001699910033494234, "max": 0.0017356937751173973, "mean": 0.0017150526555875939, "std": 1.0033783832016434e-05, "repeat": 10, "number": 6}]}, "core.runner.time_echo_gitrunner": {"result": [0.0024560934398323298], "stats": [{"ci_99": [0.002311654621735215, 0.002870189258828759], "q_25": 0.0023756505688652396, "q_75": 0.00256556854583323, "min": 0.002311654621735215, "max": 0.002870189258828759, "mean": 0.0024940686067566275, "std": 0.00016273681535142035, "repeat": 10, "number": 4}]}, "core.startup.time_help_np": {"result": [0.5719693801365793], "stats": [{"ci_99": [0.5106077464297414, 0.6111179236322641], "q_25": 0.5255650053732097, "q_75": 0.5997873188462108, "min": 0.5106077464297414, "max": 0.6111179236322641, "mean": 0.5651835303753614, "std": 0.03825633547673865, "repeat": 10, "number": 1}]}, "core.startup.time_import": {"result": [0.13611597660928965], "stats": [{"ci_99": [0.11261044070124626, 0.19032129272818565], "q_25": 0.11506771901622415, "q_75": 0.15740022365935147, "min": 0.11261044070124626, "max": 0.19032129272818565, "mean": 0.13986887047067284, "std": 0.025376369225390858, "repeat": 10, "number": 1}]}, "core.startup.time_import_api": {"result": [0.48743062606081367], "stats": [{"ci_99": [0.4472294235602021, 0.5547112254425883], "q_25": 0.4784848974086344, "q_75": 0.5034905772190541, "min": 0.4472294235602021, "max": 0.5547112254425883, "mean": 0.494540058914572, "std": 0.0321813639882885, "repeat": 10, "number": 1}]}, "support.path.get_parent_paths.time_allsubmods_toplevel": {"result": [0.0067625155206769705], "stats": [{"ci_99": [0.006671550218015909, 0.008313956670463085], "q_25": 0.006710967281833291, "q_75": 0.0067710872972384095, "min": 0.006671550218015909, "max": 0.008313956670463085, "mean": 0.0068929022643715145, "std": 0.000475235778823676, "repeat": 10, "number": 2}]}, "support.path.get_parent_paths.time_allsubmods_toplevel_only": {"result": [0.005991151323541999], "stats": [{"ci_99": [0.005917157046496868, 0.00599969457834959], "q_25": 0.005958989029750228, "q_75": 0.005998133798129857, "min": 0.005917157046496868, "max": 0.00599969457834959, "mean": 0.005975145241245627, "std": 2.908827176110926e-05, "repeat": 10, "number": 2}]}, "support.path.get_parent_paths.time_no_submods": {"result": [2.864293277834455e-07], "stats": [{"ci_99": [2.731921363129422e-07, 3.311585597506086e-07], "q_25": 2.752240369150164e-07, "q_75": 3.069665017349781e-07, "min": 2.731921363129422e-07, "max": 3.311585597506086e-07, "mean": 2.9343354735175653e-07, "std": 2.044194943627724e-08, "repeat": 10, "number": 29551}]}, "support.path.get_parent_paths.time_one_submod_subdir": {"result": [0.005506962072104216], "stats": [{"ci_99": [0.005102965049445629, 0.0070133269764482975], "q_25": 0.005208863643929362,