{"results": {"api.supers.time_createadd": {"result": [1.0683852024376392], "stats": [{"ci_99": [1.0439665773883462, 1.0999924847856164], "q_25": 1.0569667641539127, "q_75": 1.0833431738428771, "min": 1.0439665773883462, "max": 1.0999924847856164, "mean": 1.0704143362119793, "std": 0.016284717401247067, "repeat": 10, "number": 1}]}, "api.supers.time_createadd_to_dataset": {"result": [1.0608360022306442], "stats": [{"ci_99": [1.0352597367018461, 1.0928043480962515], "q_25": 1.055909571936354, "q_75": 1.063808873994276, "min": 1.0352597367018461, "max": 1.0928043480962515, "mean": 1.0621919116936624, "std": 0.015060903434103799, "repeat": 10, "number": 1}]}, "api.supers.time_diff": null, "api.supers.time_diff_recursive": null, "api.supers.time_installr": {"result": [4.067660442553461], "stats": [{"ci_99": [3.885598618754925, 4.250034489451169], "q_25": 4.0074770140927285, "q_75": 4.127999982563779, "min": 4.001874577254057, "max": 4.1340707540512085, "mean": 4.067816554103047, "std": 0.06232878949312445, "repeat": 4, "number": 1}]}, "api.supers.time_ls": {"result": [0.1121772937476635], "stats": [{"ci_99": [0.1103063179180026, 0.12268294300884008], "q_25": 0.11045415559783578, "q_75": 0.11739240004681051, "min": 0.1103063179180026, "max": 0.12268294300884008, "mean": 0.11409778883680702, "std": 0.004405132808420556, "repeat": 10, "number": 1}]}, "api.supers.time_ls_recursive": {"result": [1.0717946267686784], "stats": [{"ci_99": [1.0601099086925387, 1.0781614584848285], "q_25": 1.0663455370813608, "q_75": 1.0726813091896474, "min": 1.0601099086925387, "max": 1.0781614584848285, "mean": 1.0704120946116746, "std": 0.005398773718045436, "repeat": 10, "number": 1}]}, "api.supers.time_ls_recursive_long_all": {"result": [1.2282164311036468], "stats": [{"ci_99": [1.2166831949725747, 1.2562138568609953], "q_25": 1.2228877099696547, "q_75": 1.241419326979667, "min": 1.2166831949725747, "max": 1.2562138568609953, "mean": 1.2325616780668498, "std": 0.01288716536700288, "repeat": 10, "number": 1}]}, "api.supers.time_remove": {"result": [1.9829683117568493], "stats": [{"ci_99": [1.9604270476847887, 2.0409069126471877], "q_25": 1.9768041463103145, "q_75": 1.9929164291825145, "min": 1.9604270476847887, "max": 2.0409069126471877, "mean": 1.9876507887383923, "std": 0.022850182764249074, "repeat": 8, "number": 1}]}, "api.supers.time_status": {"result": [0.6906858254224062], "stats": [{"ci_99": [0.6807274352759123, 0.6975383358076215], "q_25": 0.6886178862769157, "q_75": 0.6929977291729301, "min": 0.6807274352759123, "max": 0.6975383358076215, "mean": 0.6903885297477246, "std": 0.004838181663496041, "repeat": 10, "number": 1}]}, "api.supers.time_status_recursive": {"result": [1.1510594170540571], "stats": [{"ci_99": [1.1403024615719914, 1.1558050252497196], "q_25": 1.1483293974306434, "q_75": 1.1545991846360266, "min": 1.1403024615719914, "max": 1.1558050252497196, "mean": 1.1504941415973007, "std": 0.004661335033778445, "repeat": 10, "number": 1}]}, "api.supers.time_subdatasets": {"result": [0.067425936460495], "stats": [{"ci_99": [0.06133452896028757, 0.07774179894477129], "q_25": 0.06630359450355172, "q_75": 0.06981324846856296, "min": 0.06133452896028757, "max": 0.07774179894477129, "mean": 0.06855640867725014, "std": 0.004851714327818549, "repeat": 10, "number": 1}]}, "api.supers.time_subdatasets_recursive": {"result": [0.24391532549634576], "stats": [{"ci_99": [0.23592059779912233, 0.2506089471280575], "q_25": 0.2397988410666585, "q_75": 0.24582288460806012, "min": 0.23592059779912233, "max": 0.2506089471280575, "mean": 0.2433115441352129, "std": 0.004394615489145098, "repeat": 10, "number": 1}]}, "api.supers.time_subdatasets_recursive_first": {"result": [0.06460519600659609], "stats": [{"ci_99": [0.06293514277786016, 0.07397128082811832], "q_25": 0.0634835702367127, "q_75": 0.06840430526062846, "min": 0.06293514277786016, "max": 0.07397128082811832, "mean": 0.06645105546340346, "std": 0.0037412833390639976, "repeat": 10, "number": 1}]}, "api.supers.time_uninstall": {"result": [1.9391895504668355], "stats": [{"ci_99": [1.9241225151345134, 1.9548590742051601], "q_25": 1.931097520980984, "q_75": 1.9417626722715795, "min": 1.9241225151345134, "max": 1.9548590742051601, "mean": 1.9378943763673306, "std": 0.008374249419180229, "repeat": 10, "number": 1}]}, "repo.gitrepo.time_get_content_info": {"result": [0.019743655808269978], "stats": [{"ci_99": [0.01763532403856516, 0.021816998720169067], "q_25": 0.018377621890977025, "q_75": 0.020579643081873655, "min": 0.01763532403856516, "max": 0.021816998720169067, "mean": 0.019603688083589078, "std": 0.0012927840078305588, "repeat": 10, "number": 1}]}, "api.testds.time_create_test_dataset1": {"result": [0.4386824048124254], "stats": [{"ci_99": [0.42751769348978996, 0.45307917054742575], "q_25": 0.4314970418345183, "q_75": 0.4438464476261288, "min": 0.42751769348978996, "max": 0.45307917054742575, "mean": 0.4383724994957447, "std": 0.008098999829616989, "repeat": 10, "number": 1}]}, "api.testds.time_create_test_dataset2x2": {"result": [2.8582730311900377], "stats": [{"ci_99": [2.8372139097042632, 2.8763356583031263], "q_25": 2.8463562375400215, "q_75": 2.8639831512700766, "min": 2.8410482220351696, "max": 2.8747839219868183, "mean": 2.856774784003695, "std": 0.011831104977202704, "repeat": 6, "number": 1}]}, "core.runner.time_echo": {"result": [0.001892751082777977], "stats": [{"ci_99": [0.0017298564004401367, 0.0024099734922250113], "q_25": 0.0017366037936881185, "q_75": 0.0022060732201983533, "min": 0.0017298564004401367, "max": 0.0024099734922250113, "mean": 0.0019822546746581793, "std": 0.0002605855419038143, "repeat": 10, "number": 6}]}, "core.runner.time_echo_gitrunner": {"result": [0.002435451257042587], "stats": [{"ci_99": [0.002120389137417078, 0.002942483639344573], "q_25": 0.0021877555991522968, "q_75": 0.0026143270079046488, "min": 0.002120389137417078, "max": 0.002942483639344573, "mean": 0.002426642319187522, "std": 0.00025711780550237873, "repeat": 10, "number": 4}]}, "core.startup.time_help_np": {"result": [0.5772114950232208], "stats": [{"ci_99": [0.5377778969705105, 0.6265285313129425], "q_25": 0.561479406664148, "q_75": 0.6145508559420705, "min": 0.5377778969705105, "max": 0.6265285313129425, "mean": 0.5843483817763626, "std": 0.029989176689325294, "repeat": 10, "number": 1}]}, "core.startup.time_import": {"result": [0.16491156816482544], "stats": [{"ci_99": [0.11748758982867002, 0.19058575946837664], "q_25": 0.15608365298248827, "q_75": 0.17680227826349437, "min": 0.11748758982867002, "max": 0.19058575946837664, "mean": 0.16111541585996747, "std": 0.021583206858146464, "repeat": 10, "number": 1}]}, "core.startup.time_import_api": {"result": [0.5354734729044139], "stats": [{"ci_99": [0.4971026470884681, 0.5660134442150593], "q_25": 0.5128355035558343, "q_75": 0.5460619917139411, "min": 0.4971026470884681, "max": 0.5660134442150593, "mean": 0.531100124400109, "std": 0.022177114638272086, "repeat": 10, "number": 1}]}, "support.path.get_parent_paths.time_allsubmods_toplevel": {"result": [0.0077487449161708355], "stats": [{"ci_99": [0.006946085020899773, 0.008730273693799973], "q_25": 0.007336744689382613, "q_75": 0.008130906731821597, "min": 0.006946085020899773, "max": 0.008730273693799973, "mean": 0.0077703272923827175, "std": 0.0006031559338644191, "repeat": 10, "number": 2}]}, "support.path.get_parent_paths.time_allsubmods_toplevel_only": {"result": [0.006072506075724959], "stats": [{"ci_99": [0.006015296094119549, 0.006915513891726732], "q_25": 0.006032283767126501, "q_75": 0.006310303113423288, "min": 0.006015296094119549, "max": 0.006915513891726732, "mean": 0.006225192872807384, "std": 0.00029188156738750923, "repeat": 10, "number": 2}]}, "support.path.get_parent_paths.time_no_submods": {"result": [2.9768139764441635e-07], "stats": [{"ci_99": [2.805763905815062e-07, 3.592589424137616e-07], "q_25": 2.820281397268566e-07, "q_75": 3.265761504794335e-07, "min": 2.805763905815062e-07,