{"results": {"api.supers.time_createadd": {"result": [1.3650678093545139], "stats": [{"ci_99": [1.3508185520768166, 1.389178765937686], "q_25": 1.3576793430838734, "q_75": 1.373384157428518, "min": 1.3508185520768166, "max": 1.389178765937686, "mean": 1.3665676810778677, "std": 0.012290017575611989, "repeat": 10, "number": 1}]}, "api.supers.time_createadd_to_dataset": {"result": [1.1196752875111997], "stats": [{"ci_99": [1.1128232572227716, 1.150086410343647], "q_25": 1.114467894891277, "q_75": 1.1248331060633063, "min": 1.1128232572227716, "max": 1.150086410343647, "mean": 1.1233528356067837, "std": 0.011589398478358675, "repeat": 10, "number": 1}]}, "api.supers.time_diff": {"result": [0.10657622711732984], "stats": [{"ci_99": [0.0926104374229908, 0.12625599093735218], "q_25": 0.09659239696338773, "q_75": 0.11445310455746949, "min": 0.0926104374229908, "max": 0.12625599093735218, "mean": 0.10742491837590933, "std": 0.011644514738991429, "repeat": 10, "number": 1}]}, "api.supers.time_diff_recursive": {"result": [0.3068159311078489], "stats": [{"ci_99": [0.30262423772364855, 0.32095344457775354], "q_25": 0.30337949888780713, "q_75": 0.312288012355566, "min": 0.30262423772364855, "max": 0.32095344457775354, "mean": 0.3083385959267616, "std": 0.005824797602879223, "repeat": 10, "number": 1}]}, "api.supers.time_installr": {"result": [3.907519527710974], "stats": [{"ci_99": [3.733851912514573, 4.109377501914943], "q_25": 3.8619425408542156, "q_75": 3.9671916940715164, "min": 3.8556559374555945, "max": 4.015763835981488, "mean": 3.921614707214758, "std": 0.06594171542003602, "repeat": 4, "number": 1}]}, "api.supers.time_ls": {"result": [0.7325818175449967], "stats": [{"ci_99": [0.7006212677806616, 0.7414345014840364], "q_25": 0.7083969367668033, "q_75": 0.7340968786738813, "min": 0.7006212677806616, "max": 0.7414345014840364, "mean": 0.7237538858316839, "std": 0.014529364425341236, "repeat": 10, "number": 1}]}, "api.supers.time_ls_recursive": {"result": [2.7919068476185203], "stats": [{"ci_99": [2.5667879653173413, 3.019402733971901], "q_25": 2.6638886376749724, "q_75": 2.910180788487196, "min": 2.6582069732248783, "max": 2.945730092935264, "mean": 2.7930953496446214, "std": 0.12910765751231013, "repeat": 6, "number": 1}]}, "api.supers.time_ls_recursive_long_all": {"result": [2.906832820735872], "stats": [{"ci_99": [2.7369691165121797, 3.0898858587610323], "q_25": 2.8130519401747733, "q_75": 3.0111121020745486, "min": 2.807891396805644, "max": 3.0313443783670664, "mean": 2.9134274876366058, "std": 0.10070166208062652, "repeat": 6, "number": 1}]}, "api.supers.time_remove": {"result": [2.103589797858149], "stats": [{"ci_99": [2.080970184877515, 2.14426551386714], "q_25": 2.081862768623978, "q_75": 2.118588416604325, "min": 2.080970184877515, "max": 2.14426551386714, "mean": 2.104435700690374, "std": 0.021500381519662208, "repeat": 8, "number": 1}]}, "api.supers.time_status": null, "api.supers.time_status_recursive": null, "api.supers.time_subdatasets": {"result": [0.05302294297143817], "stats": [{"ci_99": [0.0489674462005496, 0.06029557902365923], "q_25": 0.05122641893103719, "q_75": 0.056685331743210554, "min": 0.0489674462005496, "max": 0.06029557902365923, "mean": 0.05382557567209005, "std": 0.003419772168729768, "repeat": 10, "number": 1}]}, "api.supers.time_subdatasets_recursive": {"result": [0.12141738971695304], "stats": [{"ci_99": [0.1153956949710846, 0.13669147342443466], "q_25": 0.11916521261446178, "q_75": 0.12291326327249408, "min": 0.1153956949710846, "max": 0.13669147342443466, "mean": 0.12227308843284845, "std": 0.005546570117796689, "repeat": 10, "number": 1}]}, "api.supers.time_subdatasets_recursive_first": {"result": [0.05284082004800439], "stats": [{"ci_99": [0.04659618716686964, 0.0550844669342041], "q_25": 0.05079506686888635, "q_75": 0.054186419351026416, "min": 0.04659618716686964, "max": 0.0550844669342041, "mean": 0.05223008254542947, "std": 0.002532431703429816, "repeat": 10, "number": 1}]}, "api.supers.time_uninstall": {"result": [2.183807118795812], "stats": [{"ci_99": [2.172026162967086, 2.208254300057888], "q_25": 2.181632871273905, "q_75": 2.1884825897868723, "min": 2.172026162967086, "max": 2.208254300057888, "mean": 2.1864408558467403, "std": 0.01006133195238922, "repeat": 8, "number": 1}]}, "repo.gitrepo.time_get_content_info": {"result": [0.0201135934330523], "stats": [{"ci_99": [0.016327315010130405, 0.023890837095677853], "q_25": 0.01955444971099496, "q_75": 0.02369630988687277, "min": 0.016327315010130405, "max": 0.023890837095677853, "mean": 0.021006688382476567, "std": 0.002442359442811732, "repeat": 10, "number": 1}]}, "api.testds.time_create_test_dataset1": {"result": [0.4376427372917533], "stats": [{"ci_99": [0.4308783579617739, 0.45946535747498274], "q_25": 0.4349989106412977, "q_75": 0.45115449489094317, "min": 0.4308783579617739, "max": 0.45946535747498274, "mean": 0.4425084481947124, "std": 0.00959882940803661, "repeat": 10, "number": 1}]}, "api.testds.time_create_test_dataset2x2": {"result": [3.3045373228378594], "stats": [{"ci_99": [3.275819197731483, 3.3420837864902935], "q_25": 3.2961434659082443, "q_75": 3.323879259871319, "min": 3.2806391781196, "max": 3.3403230430558324, "mean": 3.308951492110888, "std": 0.020245823299390495, "repeat": 6, "number": 1}]}, "core.runner.time_echo": {"result": [0.0017685499818374715], "stats": [{"ci_99": [0.0017187676082054775, 0.0021379043658574424], "q_25": 0.0017243871698156, "q_75": 0.0018895335185031097, "min": 0.0017187676082054775, "max": 0.0021379043658574424, "mean": 0.0018216986985256274, "std": 0.00012795467758435755, "repeat": 10, "number": 6}]}, "core.runner.time_echo_gitrunner": {"result": [0.002289202995598316], "stats": [{"ci_99": [0.0021167376544326544, 0.002875794190913439], "q_25": 0.0021214974112808704, "q_75": 0.002619817270897329, "min": 0.0021167376544326544, "max": 0.002875794190913439, "mean": 0.0023890160024166106, "std": 0.00028626624693715543, "repeat": 10, "number": 4}]}, "core.startup.time_help_np": {"result": [0.5511292312294245], "stats": [{"ci_99": [0.5033833244815469, 0.6029795622453094], "q_25": 0.5256972163915634, "q_75": 0.5667861136607826, "min": 0.5033833244815469, "max": 0.6029795622453094, "mean": 0.5499368040822447, "std": 0.03225289360961439, "repeat": 10, "number": 1}]}, "core.startup.time_import": {"result": [0.16874390468001366], "stats": [{"ci_99": [0.11666549183428288, 0.20082764327526093], "q_25": 0.1447317588608712, "q_75": 0.17401448730379343, "min": 0.11666549183428288, "max": 0.20082764327526093, "mean": 0.1622399676591158, "std": 0.025765626274722165, "repeat": 10, "number": 1}]}, "core.startup.time_import_api": {"result": [0.495127463247627], "stats": [{"ci_99": [0.44133871514350176, 0.535585573874414], "q_25": 0.49072046228684485, "q_75": 0.5076242245268077, "min": 0.44133871514350176, "max": 0.535585573874414, "mean": 0.49705622252076864, "std": 0.025236235361624657, "repeat": 10, "number": 1}]}, "support.path.get_parent_paths.time_allsubmods_toplevel": null, "support.path.get_parent_paths.time_allsubmods_toplevel_only": null, "support.path.get_parent_paths.time_no_submods": null, "support.path.get_parent_paths.time_one_submod_subdir": null, "support.path.get_parent_paths.time_one_submod_toplevel": null, "usecases.study_forrest.time_make_studyforrest_mockup": {"result": [36.272187006194144], "stats": [{"ci_99": [18.96929765259847, 53.575076359789804], "q_25": 36.09915811265819, "q_75": 36.4452158997301, "min": 35.92612921912223, "max": 36.61824479326606, "mean": 36.272187006194144, "std": 0.3460577870719135, "repeat": 2, "number": 1}]}, "core.runner.track_overhead_100ms": 1.27, "core.runner.track_overhead_echo": 35.54, "core.runner.track_overhead_heavyout": 18.64, "core.runner.track_overhead_heavyout_online_process": 1920.6, "core.runner.track_overhead_heavyout_online_through": 7.61}, "params": {"arch": "x86_64", "cpu": "Intel(R) Xeon(R) CPU E5-1607 v2 @ 3.00GHz", "machine": "drogon-neurodebian0.20200209.1",