{"results": {"api.supers.time_createadd": {"result": [1.371512143407017], "stats": [{"ci_99": [1.3340562991797924, 1.3974696844816208], "q_25": 1.3455590326339006, "q_75": 1.3775197814684361, "min": 1.3340562991797924, "max": 1.3974696844816208, "mean": 1.3646280769258738, "std": 0.019623813823218518, "repeat": 10, "number": 1}]}, "api.supers.time_createadd_to_dataset": {"result": [1.1203879695385695], "stats": [{"ci_99": [1.0918559897691011, 1.1423688232898712], "q_25": 1.1009804753120989, "q_75": 1.1262108185328543, "min": 1.0918559897691011, "max": 1.1423688232898712, "mean": 1.1165333644486963, "std": 0.01583051937921411, "repeat": 10, "number": 1}]}, "api.supers.time_diff": {"result": [0.10093715181574225], "stats": [{"ci_99": [0.08667577151209116, 0.12656979728490114], "q_25": 0.09167458722367883, "q_75": 0.10834099538624287, "min": 0.08667577151209116, "max": 0.12656979728490114, "mean": 0.10111249247565865, "std": 0.011902131517820368, "repeat": 10, "number": 1}]}, "api.supers.time_diff_recursive": {"result": [0.30868788063526154], "stats": [{"ci_99": [0.29887209460139275, 0.3272586278617382], "q_25": 0.3037524011451751, "q_75": 0.31236489163711667, "min": 0.29887209460139275, "max": 0.3272586278617382, "mean": 0.30910263285040857, "std": 0.007944723112312226, "repeat": 10, "number": 1}]}, "api.supers.time_installr": {"result": [3.868496337439865], "stats": [{"ci_99": [3.751669336160992, 3.95357158775034], "q_25": 3.843707971042022, "q_75": 3.8774088283535093, "min": 3.7848497685045004, "max": 3.888639404438436, "mean": 3.8526204619556665, "std": 0.04014895503921647, "repeat": 4, "number": 1}]}, "api.supers.time_ls": {"result": [0.6970306308940053], "stats": [{"ci_99": [0.6892096661031246, 0.7154146274551749], "q_25": 0.6911882292479277, "q_75": 0.6982987083029002, "min": 0.6892096661031246, "max": 0.7154146274551749, "mean": 0.6971391597762704, "std": 0.0072758178015437, "repeat": 10, "number": 1}]}, "api.supers.time_ls_recursive": {"result": [2.613901940640062], "stats": [{"ci_99": [2.591182070510799, 2.634229818632489], "q_25": 2.6040354513097554, "q_75": 2.62345068808645, "min": 2.5930253015831113, "max": 2.6280262591317296, "mean": 2.612705944571644, "std": 0.012666863803881363, "repeat": 6, "number": 1}]}, "api.supers.time_ls_recursive_long_all": {"result": [2.7805739999748766], "stats": [{"ci_99": [2.7647532671689987, 2.8023600466549397], "q_25": 2.7785013364627957, "q_75": 2.7827854370698333, "min": 2.7647532671689987, "max": 2.8023600466549397, "mean": 2.7815990575278797, "std": 0.011077836815483126, "repeat": 6, "number": 1}]}, "api.supers.time_remove": {"result": [2.0860968325287104], "stats": [{"ci_99": [2.0492189321666956, 2.1269621523097157], "q_25": 2.0813567261211574, "q_75": 2.092619635630399, "min": 2.0492189321666956, "max": 2.1269621523097157, "mean": 2.0867769314209, "std": 0.020044522924147292, "repeat": 8, "number": 1}]}, "api.supers.time_status": {"result": [0.6914660185575485], "stats": [{"ci_99": [0.6870293645188212, 0.698605353012681], "q_25": 0.6897439095191658, "q_75": 0.6950881611555815, "min": 0.6870293645188212, "max": 0.698605353012681, "mean": 0.692313858680427, "std": 0.0036640274585319084, "repeat": 10, "number": 1}]}, "api.supers.time_status_recursive": {"result": [1.149136762600392], "stats": [{"ci_99": [1.142042689025402, 1.1541939806193113], "q_25": 1.1465385141782463, "q_75": 1.1514174228068441, "min": 1.142042689025402, "max": 1.1541939806193113, "mean": 1.1485903478227555, "std": 0.0036228363721486985, "repeat": 10, "number": 1}]}, "api.supers.time_subdatasets": {"result": [0.05177295999601483], "stats": [{"ci_99": [0.048896596767008305, 0.05940654221922159], "q_25": 0.049997559981420636, "q_75": 0.055535671301186085, "min": 0.048896596767008305, "max": 0.05940654221922159, "mean": 0.0527091653086245, "std": 0.0035489772240358546, "repeat": 10, "number": 1}]}, "api.supers.time_subdatasets_recursive": {"result": [0.12001135526224971], "stats": [{"ci_99": [0.11518020275980234, 0.12587101478129625], "q_25": 0.11793168168514967, "q_75": 0.12236429820768535, "min": 0.11518020275980234, "max": 0.12587101478129625, "mean": 0.12013239758089185, "std": 0.00305495945191384, "repeat": 10, "number": 1}]}, "api.supers.time_subdatasets_recursive_first": {"result": [0.05324839847162366], "stats": [{"ci_99": [0.046404412016272545, 0.059846644289791584], "q_25": 0.05136084882542491, "q_75": 0.053869887720793486, "min": 0.046404412016272545, "max": 0.059846644289791584, "mean": 0.053277538437396285, "std": 0.003784526891215188, "repeat": 10, "number": 1}]}, "api.supers.time_uninstall": {"result": [2.1454157419502735], "stats": [{"ci_99": [2.1347539825364947, 2.1659854743629694], "q_25": 2.140043872408569, "q_75": 2.1515587135218084, "min": 2.1347539825364947, "max": 2.1659854743629694, "mean": 2.1469299726886675, "std": 0.00942940774094432, "repeat": 8, "number": 1}]}, "repo.gitrepo.time_get_content_info": {"result": [0.02006965735927224], "stats": [{"ci_99": [0.01665518619120121, 0.02378793992102146], "q_25": 0.01881284941919148, "q_75": 0.02247083676047623, "min": 0.01665518619120121, "max": 0.02378793992102146, "mean": 0.020492210518568754, "std": 0.0022736727914499676, "repeat": 10, "number": 1}]}, "api.testds.time_create_test_dataset1": {"result": [0.4387294533662498], "stats": [{"ci_99": [0.4321859609335661, 0.46480234153568745], "q_25": 0.43646764382719994, "q_75": 0.44547415105625987, "min": 0.4321859609335661, "max": 0.46480234153568745, "mean": 0.44227695716544985, "std": 0.009488997163710305, "repeat": 10, "number": 1}]}, "api.testds.time_create_test_dataset2x2": {"result": [2.7775852703489363], "stats": [{"ci_99": [2.7514701327309012, 2.796929362695642], "q_25": 2.77297965134494, "q_75": 2.7870166974607855, "min": 2.7514701327309012, "max": 2.7910625049844384, "mean": 2.776551354986926, "std": 0.013174587821861122, "repeat": 6, "number": 1}]}, "core.runner.time_echo": {"result": [0.0020037173526361585], "stats": [{"ci_99": [0.0017420821823179722, 0.0024036134127527475], "q_25": 0.0017456358182244003, "q_75": 0.0023348135291598737, "min": 0.0017420821823179722, "max": 0.0024036134127527475, "mean": 0.002041510888375342, "std": 0.0002983037055467776, "repeat": 10, "number": 4}]}, "core.runner.time_echo_gitrunner": {"result": [0.0022887001978233457], "stats": [{"ci_99": [0.002127789193764329, 0.0028423049952834845], "q_25": 0.002136958239134401, "q_75": 0.002614391327369958, "min": 0.002127789193764329, "max": 0.0028423049952834845, "mean": 0.0023860512766987084, "std": 0.000275593025488517, "repeat": 10, "number": 4}]}, "core.startup.time_help_np": {"result": [0.5808846596628428], "stats": [{"ci_99": [0.5180487297475338, 0.6372863259166479], "q_25": 0.5544832984451205, "q_75": 0.6156701003201306, "min": 0.5180487297475338, "max": 0.6372863259166479, "mean": 0.5813413140363991, "std": 0.038545563666496224, "repeat": 10, "number": 1}]}, "core.startup.time_import": {"result": [0.14712189882993698], "stats": [{"ci_99": [0.11313746683299541, 0.18955310061573982], "q_25": 0.11973041319288313, "q_75": 0.16382749937474728, "min": 0.11313746683299541, "max": 0.18955310061573982, "mean": 0.1456306201405823, "std": 0.027035504354383923, "repeat": 10, "number": 1}]}, "core.startup.time_import_api": {"result": [0.5318560702726245], "stats": [{"ci_99": [0.4855948416516185, 0.5747410375624895], "q_25": 0.5154596101492643, "q_75": 0.5572658760938793, "min": 0.4855948416516185, "max": 0.5747410375624895, "mean": 0.5342911569401622, "std": 0.027065952423664445, "repeat": 10, "number": 1}]}, "support.path.get_parent_paths.time_allsubmods_toplevel": null, "support.path.get_parent_paths.time_allsubmods_toplevel_only": null, "support.path.get_parent_paths.time_no_submods": null, "support.path.get_parent_paths.time_one_submod_subdir": null, "support.path.get_parent_paths.time_one_submod_toplevel": null, "usecases.study_forrest.time_make_studyforrest_mockup": {"result": [35.75053046364337],