{"results": {"api.supers.time_createadd": {"result": [1.3052743412554264], "stats": [{"ci_99": [1.290922469459474, 1.318813950754702], "q_25": 1.2972575619351119, "q_75": 1.3069633131381124, "min": 1.290922469459474, "max": 1.318813950754702, "mean": 1.303733941167593, "std": 0.008192718022415451, "repeat": 10, "number": 1}]}, "api.supers.time_createadd_to_dataset": {"result": [1.2430409626103938], "stats": [{"ci_99": [1.2280300008133054, 1.2524766381829977], "q_25": 1.2380815248470753, "q_75": 1.2485802150331438, "min": 1.2280300008133054, "max": 1.2524766381829977, "mean": 1.2427430490031839, "std": 0.007115481249993104, "repeat": 10, "number": 1}]}, "api.supers.time_diff": null, "api.supers.time_diff_recursive": null, "api.supers.time_installr": {"result": [5.264938234351575], "stats": [{"ci_99": [4.626645085401833, 5.903231383301317], "q_25": 5.258555302862078, "q_75": 5.271321165841073, "min": 5.2521723713725805, "max": 5.27770409733057, "mean": 5.264938234351575, "std": 0.012765862978994846, "repeat": 2, "number": 1}]}, "api.supers.time_ls": {"result": [0.18395394878461957], "stats": [{"ci_99": [0.1787680648267269, 0.19851365219801664], "q_25": 0.18145667552016675, "q_75": 0.18714069249108434, "min": 0.1787680648267269, "max": 0.19851365219801664, "mean": 0.1849924150854349, "std": 0.005632065147034251, "repeat": 10, "number": 1}]}, "api.supers.time_ls_recursive": {"result": [1.7827806607820094], "stats": [{"ci_99": [1.7738156411796808, 1.8200389109551907], "q_25": 1.781281152041629, "q_75": 1.788503137184307, "min": 1.7738156411796808, "max": 1.8200389109551907, "mean": 1.7874284400604665, "std": 0.012500954090858264, "repeat": 10, "number": 1}]}, "api.supers.time_ls_recursive_long_all": {"result": [1.9467490171082318], "stats": [{"ci_99": [1.934980146586895, 1.9660003241151571], "q_25": 1.9403946725651622, "q_75": 1.9547327624168247, "min": 1.934980146586895, "max": 1.9660003241151571, "mean": 1.9481190242804587, "std": 0.010097955994208607, "repeat": 8, "number": 1}]}, "api.supers.time_remove": null, "api.supers.time_status": {"result": [0.7204038049094379], "stats": [{"ci_99": [0.7156764417886734, 0.7313019232824445], "q_25": 0.7178447071928531, "q_75": 0.7233433313667774, "min": 0.7156764417886734, "max": 0.7313019232824445, "mean": 0.7213894649408757, "std": 0.0046172594383073065, "repeat": 10, "number": 1}]}, "api.supers.time_status_recursive": {"result": [1.3613416142761707], "stats": [{"ci_99": [1.3560462035238743, 1.3876732382923365], "q_25": 1.3601275822147727, "q_75": 1.3655651167500764, "min": 1.3560462035238743, "max": 1.3876732382923365, "mean": 1.36457045301795, "std": 0.008393586277974369, "repeat": 10, "number": 1}]}, "api.supers.time_subdatasets": {"result": [0.09620503056794405], "stats": [{"ci_99": [0.09380888659507036, 0.10341927222907543], "q_25": 0.09500915487296879, "q_75": 0.09725842252373695, "min": 0.09380888659507036, "max": 0.10341927222907543, "mean": 0.09686471708118916, "std": 0.0026833787077885805, "repeat": 10, "number": 1}]}, "api.supers.time_subdatasets_recursive": {"result": [0.433460705447942], "stats": [{"ci_99": [0.42333378456532955, 0.44596043694764376], "q_25": 0.42660431494005024, "q_75": 0.43662638682872057, "min": 0.42333378456532955, "max": 0.44596043694764376, "mean": 0.43286319356411695, "std": 0.006987074844220459, "repeat": 10, "number": 1}]}, "api.supers.time_subdatasets_recursive_first": {"result": [0.09450112469494343], "stats": [{"ci_99": [0.09252394549548626, 0.10221552103757858], "q_25": 0.0933191494550556, "q_75": 0.09737055865116417, "min": 0.09252394549548626, "max": 0.10221552103757858, "mean": 0.09579628966748714, "std": 0.003171987627592632, "repeat": 10, "number": 1}]}, "api.supers.time_uninstall": {"result": [4.25843034312129], "stats": [{"ci_99": [4.182594085637225, 4.374946898721413], "q_25": 4.252532846061513, "q_75": 4.284667989239097, "min": 4.251255921088159, "max": 4.3469653613865376, "mean": 4.278770492179319, "std": 0.039670258188617934, "repeat": 4, "number": 1}]}, "repo.gitrepo.time_get_content_info": {"result": [0.015357078053057194], "stats": [{"ci_99": [0.014650383032858372, 0.016822113655507565], "q_25": 0.014943854883313179, "q_75": 0.015849274583160877, "min": 0.014650383032858372, "max": 0.016822113655507565, "mean": 0.015536113735288381, "std": 0.0007340026212433924, "repeat": 10, "number": 1}]}, "api.testds.time_create_test_dataset1": {"result": [0.6164155751466751], "stats": [{"ci_99": [0.6113699423149228, 0.6260350700467825], "q_25": 0.6137990860734135, "q_75": 0.6191796388011426, "min": 0.6113699423149228, "max": 0.6260350700467825, "mean": 0.6172260182909668, "std": 0.0045916153339168025, "repeat": 10, "number": 1}]}, "api.testds.time_create_test_dataset2x2": {"result": [3.851464638952166], "stats": [{"ci_99": [3.7538341291217714, 3.943708986233303], "q_25": 3.8353724107146263, "q_75": 3.8648637859150767, "min": 3.7959670051932335, "max": 3.8961899476125836, "mean": 3.848771557677537, "std": 0.03559781818938652, "repeat": 4, "number": 1}]}, "core.runner.time_echo": {"result": [0.001713956395785014], "stats": [{"ci_99": [0.0017012998772164185, 0.0017258271885414918], "q_25": 0.001706993207335472, "q_75": 0.0017200810834765434, "min": 0.0017012998772164185, "max": 0.0017258271885414918, "mean": 0.0017136027570813892, "std": 8.209119151858512e-06, "repeat": 10, "number": 6}]}, "core.runner.time_echo_gitrunner": {"result": [0.00237213671207428], "stats": [{"ci_99": [0.002089117653667927, 0.00276590958237648], "q_25": 0.0021152143832296137, "q_75": 0.0025204372126609084, "min": 0.002089117653667927, "max": 0.00276590958237648, "mean": 0.0023586990684270857, "std": 0.0002319288812039249, "repeat": 10, "number": 5}]}, "core.startup.time_help_np": {"result": [0.5860945619642735], "stats": [{"ci_99": [0.5294459918513894, 0.6239005522802472], "q_25": 0.5336567871272564, "q_75": 0.5978464300278574, "min": 0.5294459918513894, "max": 0.6239005522802472, "mean": 0.5724120163358748, "std": 0.0338505216017292, "repeat": 10, "number": 1}]}, "core.startup.time_import": {"result": [0.1540800491347909], "stats": [{"ci_99": [0.1125276405364275, 0.20231640245765448], "q_25": 0.14491000887937844, "q_75": 0.16683958400972188, "min": 0.1125276405364275, "max": 0.20231640245765448, "mean": 0.15521439481526614, "std": 0.027220570362525717, "repeat": 10, "number": 1}]}, "core.startup.time_import_api": {"result": [0.5480582294985652], "stats": [{"ci_99": [0.5117212459445, 0.5766638601198792], "q_25": 0.5227208810392767, "q_75": 0.563825475750491, "min": 0.5117212459445, "max": 0.5766638601198792, "mean": 0.544888583291322, "std": 0.02285729259617725, "repeat": 10, "number": 1}]}, "support.path.get_parent_paths.time_allsubmods_toplevel": {"result": [0.007542991079390049], "stats": [{"ci_99": [0.006771738175302744, 0.008791190106421709], "q_25": 0.0071601420640945435, "q_75": 0.008058536448515952, "min": 0.006771738175302744, "max": 0.008791190106421709, "mean": 0.007636011112481356, "std": 0.0005818274187176995, "repeat": 10, "number": 2}]}, "support.path.get_parent_paths.time_allsubmods_toplevel_only": {"result": [0.007312557194381952], "stats": [{"ci_99": [0.006439232267439365, 0.008409877307713032], "q_25": 0.006900034146383405, "q_75": 0.0076455173548310995, "min": 0.006439232267439365, "max": 0.008409877307713032, "mean": 0.007320281211286783, "std": 0.0005855265579898237, "repeat": 10, "number": 2}]}, "support.path.get_parent_paths.time_no_submods": {"result": [3.465515583932175e-07], "stats": [{"ci_99": [3.206040240312157e-07, 3.798786029048755e-07], "q_25": 3.3499658195398484e-07, "q_75": 3.6178023618530694e-07, "min": 3.206040240312157e-07, "max": 3.798786029048755e-07, "mean": 3.4864559761913625e-07, "std": 1.86791599573615e-08, "repeat": 10, "number": 27034}]}, "support.path.get_parent_paths.time_one_submod_subdir": {"result": [0.0065067552495747805], "stats": [{"ci_99": [0.005768403876572847, 0.0072639440186321735], "q_25": 0.006187549093738198,