{"results": {"api.supers.time_createadd": {"result": [0.9677128153853118], "stats": [{"ci_99": [0.9580562971532345, 0.9892837647348642], "q_25": 0.9627675297670066, "q_75": 0.9810200438369066, "min": 0.9580562971532345, "max": 0.9892837647348642, "mean": 0.9711512074805796, "std": 0.010793245222226121, "repeat": 10, "number": 1}]}, "api.supers.time_createadd_to_dataset": {"result": [0.9766115173697472], "stats": [{"ci_99": [0.9639120772480965, 0.9944182988256216], "q_25": 0.9726955271326005, "q_75": 0.9816736041102558, "min": 0.9639120772480965, "max": 0.9944182988256216, "mean": 0.9775180409662425, "std": 0.008276931439299575, "repeat": 10, "number": 1}]}, "api.supers.time_diff": null, "api.supers.time_diff_recursive": null, "api.supers.time_installr": {"result": [4.116402827668935], "stats": [{"ci_99": [4.101564068993384, 4.134881708124822], "q_25": 4.112936191260815, "q_75": 4.121689524967223, "min": 4.112707426771522, "max": 4.12737847212702, "mean": 4.118222888559103, "std": 0.005997075265930447, "repeat": 4, "number": 1}]}, "api.supers.time_ls": {"result": [0.12177905207499862], "stats": [{"ci_99": [0.11247203219681978, 0.1294407919049263], "q_25": 0.1182628353126347, "q_75": 0.12474093190394342, "min": 0.11247203219681978, "max": 0.1294407919049263, "mean": 0.12161964178085327, "std": 0.004796197230624551, "repeat": 10, "number": 1}]}, "api.supers.time_ls_recursive": {"result": [1.065769526641816], "stats": [{"ci_99": [1.0595913361757994, 1.0845093773677945], "q_25": 1.0638046509120613, "q_75": 1.070031306706369, "min": 1.0595913361757994, "max": 1.0845093773677945, "mean": 1.0681725050322712, "std": 0.007394811164141721, "repeat": 10, "number": 1}]}, "api.supers.time_ls_recursive_long_all": {"result": [1.2357330340892076], "stats": [{"ci_99": [1.223159421235323, 1.2412099465727806], "q_25": 1.2330230879597366, "q_75": 1.2398775373585522, "min": 1.223159421235323, "max": 1.2412099465727806, "mean": 1.2351463988423348, "std": 0.00535145558609797, "repeat": 10, "number": 1}]}, "api.supers.time_remove": {"result": [2.0350596169009805], "stats": [{"ci_99": [2.015591671690345, 2.0723624024540186], "q_25": 2.0252546784467995, "q_75": 2.053920445498079, "min": 2.015591671690345, "max": 2.0723624024540186, "mean": 2.040394040988758, "std": 0.019104624890238973, "repeat": 8, "number": 1}]}, "api.supers.time_status": {"result": [0.692194648552686], "stats": [{"ci_99": [0.680458246730268, 0.6977759376168251], "q_25": 0.689980971859768, "q_75": 0.6934305678587407, "min": 0.680458246730268, "max": 0.6977759376168251, "mean": 0.6907154643908143, "std": 0.0051689105857098015, "repeat": 10, "number": 1}]}, "api.supers.time_status_recursive": {"result": [1.1442186711356044], "stats": [{"ci_99": [1.1354194534942508, 1.150662180967629], "q_25": 1.1380208781920373, "q_75": 1.1498753307387233, "min": 1.1354194534942508, "max": 1.150662180967629, "mean": 1.1437208887189627, "std": 0.006098352399263025, "repeat": 10, "number": 1}]}, "api.supers.time_subdatasets": {"result": [0.06780435889959335], "stats": [{"ci_99": [0.06140631344169378, 0.07317122910171747], "q_25": 0.06716358452104032, "q_75": 0.06911976169794798, "min": 0.06140631344169378, "max": 0.07317122910171747, "mean": 0.06790751870721579, "std": 0.0032975199536786686, "repeat": 10, "number": 1}]}, "api.supers.time_subdatasets_recursive": {"result": [0.24672020506113768], "stats": [{"ci_99": [0.2416718890890479, 0.2529954994097352], "q_25": 0.24493472184985876, "q_75": 0.24978208355605602, "min": 0.2416718890890479, "max": 0.2529954994097352, "mean": 0.24704243540763854, "std": 0.0033746496981276373, "repeat": 10, "number": 1}]}, "api.supers.time_subdatasets_recursive_first": {"result": [0.06913257203996181], "stats": [{"ci_99": [0.06346587184816599, 0.0742211751639843], "q_25": 0.06605195091105998, "q_75": 0.07027238328009844, "min": 0.06346587184816599, "max": 0.0742211751639843, "mean": 0.06870432738214731, "std": 0.0033147663227142575, "repeat": 10, "number": 1}]}, "api.supers.time_uninstall": {"result": [1.9941139263100922], "stats": [{"ci_99": [1.9853125298395753, 2.046936663798988], "q_25": 1.9864897821098566, "q_75": 2.0004803431220353, "min": 1.9853125298395753, "max": 2.046936663798988, "mean": 1.9996518151601776, "std": 0.01900551072111705, "repeat": 8, "number": 1}]}, "repo.gitrepo.time_get_content_info": {"result": [0.020952008664608], "stats": [{"ci_99": [0.017849961295723915, 0.02330631949007511], "q_25": 0.020010304637253284, "q_75": 0.022304874379187822, "min": 0.017849961295723915, "max": 0.02330631949007511, "mean": 0.021014013327658176, "std": 0.0016440436860869281, "repeat": 10, "number": 1}]}, "api.testds.time_create_test_dataset1": {"result": [0.4378823577426374], "stats": [{"ci_99": [0.4294154243543744, 0.4457875331863761], "q_25": 0.4340581593569368, "q_75": 0.4414945582393557, "min": 0.4294154243543744, "max": 0.4457875331863761, "mean": 0.43774468395859, "std": 0.005365895908448402, "repeat": 10, "number": 1}]}, "api.testds.time_create_test_dataset2x2": {"result": [2.7277951827272773], "stats": [{"ci_99": [2.70224669182775, 2.7855395106598735], "q_25": 2.720981836086139, "q_75": 2.73926665331237, "min": 2.7132391687482595, "max": 2.7855395106598735, "mean": 2.736028373707086, "std": 0.023910488578586294, "repeat": 6, "number": 1}]}, "core.runner.time_echo": {"result": [0.0017411481433858476], "stats": [{"ci_99": [0.0017285311284164588, 0.001752117493500312], "q_25": 0.0017402551990623276, "q_75": 0.001745604017438988, "min": 0.0017285311284164588, "max": 0.001752117493500312, "mean": 0.0017416431258122128, "std": 6.371031434024988e-06, "repeat": 10, "number": 6}]}, "core.runner.time_echo_gitrunner": {"result": [0.002352957963012159], "stats": [{"ci_99": [0.0021450419444590807, 0.002902809763327241], "q_25": 0.0021605020156130195, "q_75": 0.0027380944811739028, "min": 0.0021450419444590807, "max": 0.002902809763327241, "mean": 0.0024553749710321425, "std": 0.0003135926870408093, "repeat": 10, "number": 4}]}, "core.startup.time_help_np": {"result": [0.5834999778307974], "stats": [{"ci_99": [0.5547166708856821, 0.6458369651809335], "q_25": 0.5743046479765326, "q_75": 0.5886271719355136, "min": 0.5547166708856821, "max": 0.6458369651809335, "mean": 0.5867879423312843, "std": 0.022852148168392834, "repeat": 10, "number": 1}]}, "core.startup.time_import": {"result": [0.13343645446002483], "stats": [{"ci_99": [0.11583120562136173, 0.19559796899557114], "q_25": 0.12000875966623425, "q_75": 0.16262471326626837, "min": 0.11583120562136173, "max": 0.19559796899557114, "mean": 0.14513563057407736, "std": 0.029131007996350666, "repeat": 10, "number": 1}]}, "core.startup.time_import_api": {"result": [0.5020179692655802], "stats": [{"ci_99": [0.45079293940216303, 0.5579531835392118], "q_25": 0.48131694714538753, "q_75": 0.5234448143746704, "min": 0.45079293940216303, "max": 0.5579531835392118, "mean": 0.5010812623426318, "std": 0.03374480747515293, "repeat": 10, "number": 1}]}, "support.path.get_parent_paths.time_allsubmods_toplevel": null, "support.path.get_parent_paths.time_allsubmods_toplevel_only": null, "support.path.get_parent_paths.time_no_submods": null, "support.path.get_parent_paths.time_one_submod_subdir": null, "support.path.get_parent_paths.time_one_submod_toplevel": null, "usecases.study_forrest.time_make_studyforrest_mockup": {"result": [26.43971644435078], "stats": [{"ci_99": [23.157750033773482, 29.721682854928073], "q_25": 26.406896780245006, "q_75": 26.472536108456552, "min": 26.374077116139233, "max": 26.505355772562325, "mean": 26.43971644435078, "std": 0.06563932821154594, "repeat": 2, "number": 1}]}, "core.runner.track_overhead_100ms": 2.39, "core.runner.track_overhead_echo": 40.1, "core.runner.track_overhead_heavyout": -7.38, "core.runner.track_overhead_heavyout_online_process": -3.67, "core.runner.track_overhead_heavyout_online_through": 24.02}, "params": {"arch": "x86_64", "cpu": "Intel(R) Xeon(R) CPU E5-1607 v2 @ 3.00GHz",