{"results": {"api.supers.time_createadd": {"result": [1.2768027791753411], "stats": [{"ci_99": [1.261151697486639, 1.2966912798583508], "q_25": 1.2667909264564514, "q_75": 1.2822196988854557, "min": 1.261151697486639, "max": 1.2966912798583508, "mean": 1.276348683796823, "std": 0.011381806333850136, "repeat": 10, "number": 1}]}, "api.supers.time_createadd_to_dataset": {"result": [1.2216408615931869], "stats": [{"ci_99": [1.187390218488872, 1.2516471054404974], "q_25": 1.2091021626256406, "q_75": 1.236240814672783, "min": 1.187390218488872, "max": 1.2516471054404974, "mean": 1.2208642325364054, "std": 0.020101559678165373, "repeat": 10, "number": 1}]}, "api.supers.time_diff": null, "api.supers.time_diff_recursive": null, "api.supers.time_installr": {"result": [6.257929759565741], "stats": [{"ci_99": [6.180625771638006, 6.335233747493476], "q_25": 6.2571567196864635, "q_75": 6.258702799445018, "min": 6.256383679807186, "max": 6.2594758393242955, "mean": 6.257929759565741, "std": 0.001546079758554697, "repeat": 2, "number": 1}]}, "api.supers.time_ls": {"result": [0.192178790923208], "stats": [{"ci_99": [0.18785961624234915, 0.20265493262559175], "q_25": 0.1910539180971682, "q_75": 0.19680607924237847, "min": 0.18785961624234915, "max": 0.20265493262559175, "mean": 0.19414978018030524, "std": 0.004996092885931538, "repeat": 10, "number": 1}]}, "api.supers.time_ls_recursive": {"result": [1.9027014095336199], "stats": [{"ci_99": [1.8899877304211259, 1.9169229436665773], "q_25": 1.8954405910335481, "q_75": 1.9080491717904806, "min": 1.8899877304211259, "max": 1.9169229436665773, "mean": 1.9027725890278817, "std": 0.008625401140060282, "repeat": 10, "number": 1}]}, "api.supers.time_ls_recursive_long_all": {"result": [2.0685117966495454], "stats": [{"ci_99": [2.048811126500368, 2.08778184838593], "q_25": 2.056308978702873, "q_75": 2.0731490990146995, "min": 2.048811126500368, "max": 2.08778184838593, "mean": 2.066602329374291, "std": 0.012160707550165323, "repeat": 8, "number": 1}]}, "api.supers.time_remove": null, "api.supers.time_status": {"result": [0.7538184868171811], "stats": [{"ci_99": [0.7490566810593009, 0.758328783325851], "q_25": 0.7513639344833791, "q_75": 0.7561776172369719, "min": 0.7490566810593009, "max": 0.758328783325851, "mean": 0.7536260253749788, "std": 0.003070839013755457, "repeat": 10, "number": 1}]}, "api.supers.time_status_recursive": {"result": [1.3962971912696958], "stats": [{"ci_99": [1.3902054624632, 1.4105986878275871], "q_25": 1.3934440915472806, "q_75": 1.4010997633449733, "min": 1.3902054624632, "max": 1.4105986878275871, "mean": 1.3983654197305442, "std": 0.0069601471977822444, "repeat": 10, "number": 1}]}, "api.supers.time_subdatasets": {"result": [0.10958485351875424], "stats": [{"ci_99": [0.10637304838746786, 0.11607519909739494], "q_25": 0.10931778443045914, "q_75": 0.1103073968552053, "min": 0.10637304838746786, "max": 0.11607519909739494, "mean": 0.11029301099479198, "std": 0.002416525793017696, "repeat": 10, "number": 1}]}, "api.supers.time_subdatasets_recursive": {"result": [0.44409100245684385], "stats": [{"ci_99": [0.43936148658394814, 0.44829727802425623], "q_25": 0.442837783601135, "q_75": 0.4473928587976843, "min": 0.43936148658394814, "max": 0.44829727802425623, "mean": 0.44448803486302496, "std": 0.0028689445037084075, "repeat": 10, "number": 1}]}, "api.supers.time_subdatasets_recursive_first": {"result": [0.1100377831608057], "stats": [{"ci_99": [0.10650260373950005, 0.11759437900036573], "q_25": 0.10760702099651098, "q_75": 0.11221775645390153, "min": 0.10650260373950005, "max": 0.11759437900036573, "mean": 0.1106428719125688, "std": 0.00343230247591549, "repeat": 10, "number": 1}]}, "api.supers.time_uninstall": {"result": [4.084278076887131], "stats": [{"ci_99": [4.053993895308795, 4.119400272021321], "q_25": 4.07736013806425, "q_75": 4.093615022487938, "min": 4.073978886008263, "max": 4.104253294877708, "mean": 4.086697083665058, "std": 0.011712645837842026, "repeat": 4, "number": 1}]}, "repo.gitrepo.time_get_content_info": {"result": [0.016100287437438965], "stats": [{"ci_99": [0.01488175056874752, 0.018271696753799915], "q_25": 0.015658266143873334, "q_75": 0.016837236005812883, "min": 0.01488175056874752, "max": 0.018271696753799915, "mean": 0.016243510786443947, "std": 0.000996809267552335, "repeat": 10, "number": 1}]}, "api.testds.time_create_test_dataset1": {"result": [0.5982294850982726], "stats": [{"ci_99": [0.58707903791219, 0.6134348968043923], "q_25": 0.5969707700423896, "q_75": 0.6021607595030218, "min": 0.58707903791219, "max": 0.6134348968043923, "mean": 0.5996346092782915, "std": 0.006950926398837985, "repeat": 10, "number": 1}]}, "api.testds.time_create_test_dataset2x2": {"result": [3.5632146522402763], "stats": [{"ci_99": [3.515654825558165, 3.613127918029925], "q_25": 3.557268612785265, "q_75": 3.5703374112490565, "min": 3.5396806774660945, "max": 3.5914555052295327, "mean": 3.564391371794045, "std": 0.018343043503154653, "repeat": 4, "number": 1}]}, "core.runner.time_echo": {"result": [0.0018356339074671268], "stats": [{"ci_99": [0.0016957730054855346, 0.002579532749950886], "q_25": 0.0017290010116994383, "q_75": 0.0022210780065506698, "min": 0.0016957730054855346, "max": 0.002579532749950886, "mean": 0.0019806850515305995, "std": 0.0002936350715489552, "repeat": 10, "number": 5}]}, "core.runner.time_echo_gitrunner": {"result": [0.0024043477140367033], "stats": [{"ci_99": [0.0020845625549554825, 0.003181045316159725], "q_25": 0.002149956161156297, "q_75": 0.0028517683502286674, "min": 0.0020845625549554825, "max": 0.003181045316159725, "mean": 0.002503813002258539, "std": 0.0003874024557133105, "repeat": 10, "number": 5}]}, "core.startup.time_help_np": {"result": [0.5650833314284682], "stats": [{"ci_99": [0.5122993998229504, 0.6374117592349648], "q_25": 0.5467343949712813, "q_75": 0.6012393892742693, "min": 0.5122993998229504, "max": 0.6374117592349648, "mean": 0.5702994097024202, "std": 0.04066069668746432, "repeat": 10, "number": 1}]}, "core.startup.time_import": {"result": [0.16266371682286263], "stats": [{"ci_99": [0.11826199200004339, 0.20874354150146246], "q_25": 0.1506745177321136, "q_75": 0.18060587346553802, "min": 0.11826199200004339, "max": 0.20874354150146246, "mean": 0.16335339546203614, "std": 0.027508489219950465, "repeat": 10, "number": 1}]}, "core.startup.time_import_api": {"result": [0.49760358314961195], "stats": [{"ci_99": [0.45120551623404026, 0.6003978000953794], "q_25": 0.48301817988976836, "q_75": 0.5453597544692457, "min": 0.45120551623404026, "max": 0.6003978000953794, "mean": 0.5101780806668103, "std": 0.04528271248782114, "repeat": 10, "number": 1}]}, "support.path.get_parent_paths.time_allsubmods_toplevel": {"result": [0.007569995941594243], "stats": [{"ci_99": [0.006664492655545473, 0.00868538348004222], "q_25": 0.007126980344764888, "q_75": 0.007929748273454607, "min": 0.006664492655545473, "max": 0.00868538348004222, "mean": 0.007587269600480795, "std": 0.0006235444367951332, "repeat": 10, "number": 2}]}, "support.path.get_parent_paths.time_allsubmods_toplevel_only": {"result": [0.006304408889263868], "stats": [{"ci_99": [0.006044261623173952, 0.008075416088104248], "q_25": 0.006176709081046283, "q_75": 0.007075234199874103, "min": 0.006044261623173952, "max": 0.008075416088104248, "mean": 0.00666802916675806, "std": 0.0006544226165786986, "repeat": 10, "number": 2}]}, "support.path.get_parent_paths.time_no_submods": {"result": [2.8216876774223445e-07], "stats": [{"ci_99": [2.7660664158150747e-07, 3.22694384237149e-07], "q_25": 2.7810050769136785e-07, "q_75": 2.9975495658889966e-07, "min": 2.7660664158150747e-07, "max": 3.22694384237149e-07, "mean": 2.9014364556866586e-07, "std": 1.538063554178799e-08, "repeat": 10, "number": 31069}]}, "support.path.get_parent_paths.time_one_submod_subdir": {"result": [0.0054852613247931], "stats": [{"ci_99": [0.005116993095725775, 0.0067420401610434055], "q_25": 0.005321127828210592, "q_75": 0.006037894170731306,