{"results": {"api.supers.time_createadd": {"result": [1.0047265673056245], "stats": [{"ci_99": [0.9800945678725839, 1.0175430439412594], "q_25": 0.988511024042964, "q_75": 1.0127288305666298, "min": 0.9800945678725839, "max": 1.0175430439412594, "mean": 1.0014789352193474, "std": 0.013134123550507583, "repeat": 10, "number": 1}]}, "api.supers.time_createadd_to_dataset": {"result": [0.9946325365453959], "stats": [{"ci_99": [0.9723247345536947, 1.008668338879943], "q_25": 0.9835823741741478, "q_75": 0.9995767718646675, "min": 0.9723247345536947, "max": 1.008668338879943, "mean": 0.9915971507318317, "std": 0.011527753639204262, "repeat": 10, "number": 1}]}, "api.supers.time_diff": null, "api.supers.time_diff_recursive": null, "api.supers.time_installr": {"result": [4.127349958755076], "stats": [{"ci_99": [4.082302286705658, 4.171056078796551], "q_25": 4.115017304196954, "q_75": 4.139011837309226, "min": 4.106308811344206, "max": 4.145708002150059, "mean": 4.126679182751104, "std": 0.015457935069035351, "repeat": 4, "number": 1}]}, "api.supers.time_ls": {"result": [0.6918224534019828], "stats": [{"ci_99": [0.6860431814566255, 0.7051278967410326], "q_25": 0.6892933323979378, "q_75": 0.6941874055191875, "min": 0.6860431814566255, "max": 0.7051278967410326, "mean": 0.6925526624545455, "std": 0.005110091125062108, "repeat": 10, "number": 1}]}, "api.supers.time_ls_recursive": {"result": [2.7324231290258467], "stats": [{"ci_99": [2.7137239510193467, 2.74558127769299], "q_25": 2.729363981867209, "q_75": 2.736868865089491, "min": 2.7137239510193467, "max": 2.7440107641741633, "mean": 2.7315460027505956, "std": 0.00936973493370494, "repeat": 6, "number": 1}]}, "api.supers.time_ls_recursive_long_all": {"result": [2.8888651970773935], "stats": [{"ci_99": [2.8767064418643713, 2.9010649351403117], "q_25": 2.886210536584258, "q_75": 2.8924927262123674, "min": 2.8767064418643713, "max": 2.9010649351403117, "mean": 2.8890882205838957, "std": 0.007441875079244755, "repeat": 6, "number": 1}]}, "api.supers.time_remove": {"result": [2.0222906372509897], "stats": [{"ci_99": [2.0120263509452343, 2.0292204106226563], "q_25": 2.0183076011016965, "q_75": 2.024114650208503, "min": 2.0120263509452343, "max": 2.0292204106226563, "mean": 2.0213171634823084, "std": 0.005150018894800629, "repeat": 8, "number": 1}]}, "api.supers.time_status": {"result": [0.6875566272065043], "stats": [{"ci_99": [0.6802910156548023, 0.7025763681158423], "q_25": 0.6857969497796148, "q_75": 0.6893324146512896, "min": 0.6802910156548023, "max": 0.7025763681158423, "mean": 0.6882079336792231, "std": 0.0058897873358999715, "repeat": 10, "number": 1}]}, "api.supers.time_status_recursive": {"result": [1.1449786527082324], "stats": [{"ci_99": [1.1384512670338154, 1.1531759034842253], "q_25": 1.1405517519451678, "q_75": 1.1502264966256917, "min": 1.1384512670338154, "max": 1.1531759034842253, "mean": 1.1455692663788795, "std": 0.005115845478717429, "repeat": 10, "number": 1}]}, "api.supers.time_subdatasets": {"result": [0.06483507575467229], "stats": [{"ci_99": [0.061858706176280975, 0.07254749909043312], "q_25": 0.06343721598386765, "q_75": 0.06886967760510743, "min": 0.061858706176280975, "max": 0.07254749909043312, "mean": 0.06607272811233997, "std": 0.0034963257969015662, "repeat": 10, "number": 1}]}, "api.supers.time_subdatasets_recursive": {"result": [0.24443799490109086], "stats": [{"ci_99": [0.23938254080712795, 0.25555242504924536], "q_25": 0.24120849766768515, "q_75": 0.24670902802608907, "min": 0.23938254080712795, "max": 0.25555242504924536, "mean": 0.2450977155007422, "std": 0.00510454455536384, "repeat": 10, "number": 1}]}, "api.supers.time_subdatasets_recursive_first": {"result": [0.06746345618739724], "stats": [{"ci_99": [0.06380149815231562, 0.07776807434856892], "q_25": 0.06525405705906451, "q_75": 0.06915809586644173, "min": 0.06380149815231562, "max": 0.07776807434856892, "mean": 0.06796422880142927, "std": 0.0038204956127446932, "repeat": 10, "number": 1}]}, "api.supers.time_uninstall": {"result": [1.9811131698079407], "stats": [{"ci_99": [1.9538334514945745, 2.0983362291008234], "q_25": 1.9754265781957656, "q_75": 2.0336744808591902, "min": 1.9538334514945745, "max": 2.0983362291008234, "mean": 2.007333405315876, "std": 0.04895275969061374, "repeat": 8, "number": 1}]}, "repo.gitrepo.time_get_content_info": {"result": [0.021200757939368486], "stats": [{"ci_99": [0.017291510477662086, 0.024111836217343807], "q_25": 0.019603057065978646, "q_75": 0.023355819983407855, "min": 0.017291510477662086, "max": 0.024111836217343807, "mean": 0.02119837813079357, "std": 0.002249356059076551, "repeat": 10, "number": 1}]}, "api.testds.time_create_test_dataset1": {"result": [0.4542787070386112], "stats": [{"ci_99": [0.4334733271971345, 0.4796287380158901], "q_25": 0.4353197852615267, "q_75": 0.4622844569385052, "min": 0.4334733271971345, "max": 0.4796287380158901, "mean": 0.4516670017503202, "std": 0.015358107122384288, "repeat": 10, "number": 1}]}, "api.testds.time_create_test_dataset2x2": {"result": [2.822801070753485], "stats": [{"ci_99": [2.7380392225971786, 2.892408314109746], "q_25": 2.7735520196147263, "q_75": 2.858165821991861, "min": 2.7580882646143436, "max": 2.860562462359667, "mean": 2.815223768353462, "std": 0.04429911258747048, "repeat": 6, "number": 1}]}, "core.runner.time_echo": {"result": [0.0017404320339361825], "stats": [{"ci_99": [0.0017117378301918507, 0.0017696175103386242], "q_25": 0.0017282346573968728, "q_75": 0.0017618987476453185, "min": 0.0017117378301918507, "max": 0.0017696175103386242, "mean": 0.0017435616968820493, "std": 1.9375600280480413e-05, "repeat": 10, "number": 6}]}, "core.runner.time_echo_gitrunner": {"result": [0.0023127561435103416], "stats": [{"ci_99": [0.0021178491413593294, 0.0028588732704520224], "q_25": 0.0021442161872982975, "q_75": 0.0025842534843832257, "min": 0.0021178491413593294, "max": 0.0028588732704520224, "mean": 0.002387487851083279, "std": 0.00025846991051090213, "repeat": 10, "number": 5}]}, "core.startup.time_help_np": {"result": [0.5553554445505142], "stats": [{"ci_99": [0.5080053713172674, 0.6179727716371417], "q_25": 0.536706626182422, "q_75": 0.5702260837424546, "min": 0.5080053713172674, "max": 0.6179727716371417, "mean": 0.5566653424873949, "std": 0.03405189452949538, "repeat": 10, "number": 1}]}, "core.startup.time_import": {"result": [0.13006592681631446], "stats": [{"ci_99": [0.11690735258162022, 0.19760041497647762], "q_25": 0.1186016658321023, "q_75": 0.15331888711079955, "min": 0.11690735258162022, "max": 0.19760041497647762, "mean": 0.13892410062253474, "std": 0.024511645820373885, "repeat": 10, "number": 1}]}, "core.startup.time_import_api": {"result": [0.4674747879616916], "stats": [{"ci_99": [0.4462251430377364, 0.5414944374933839], "q_25": 0.4495390746742487, "q_75": 0.49870455800555646, "min": 0.4462251430377364, "max": 0.5414944374933839, "mean": 0.4783304542303085, "std": 0.03269589094668277, "repeat": 10, "number": 1}]}, "support.path.get_parent_paths.time_allsubmods_toplevel": null, "support.path.get_parent_paths.time_allsubmods_toplevel_only": null, "support.path.get_parent_paths.time_no_submods": null, "support.path.get_parent_paths.time_one_submod_subdir": null, "support.path.get_parent_paths.time_one_submod_toplevel": null, "usecases.study_forrest.time_make_studyforrest_mockup": {"result": [27.046151898335665], "stats": [{"ci_99": [24.379979396704584, 29.712324399966743], "q_25": 27.019490173319355, "q_75": 27.072813623351976, "min": 26.992828448303044, "max": 27.099475348368287, "mean": 27.046151898335665, "std": 0.05332345003262162, "repeat": 2, "number": 1}]}, "core.runner.track_overhead_100ms": 2.75, "core.runner.track_overhead_echo": 31.54, "core.runner.track_overhead_heavyout": -8.03, "core.runner.track_overhead_heavyout_online_process": -5.98, "core.runner.track_overhead_heavyout_online_through": 31.5}, "params": {"arch": "x86_64", "cpu": "Intel(R) Xeon(R) CPU E5-1607 v2 @ 3.00GHz",