{"results": {"api.supers.time_createadd": {"result": [1.2760431887581944], "stats": [{"ci_99": [1.260519121773541, 1.2927159890532494], "q_25": 1.2622362214606255, "q_75": 1.2793913211207837, "min": 1.260519121773541, "max": 1.2927159890532494, "mean": 1.2735254819504918, "std": 0.010691798868792705, "repeat": 10, "number": 1}]}, "api.supers.time_createadd_to_dataset": {"result": [1.245431553106755], "stats": [{"ci_99": [1.2293290067464113, 1.2697302047163248], "q_25": 1.2356729083694518, "q_75": 1.2470675953663886, "min": 1.2293290067464113, "max": 1.2697302047163248, "mean": 1.2444564146921038, "std": 0.01170402541737386, "repeat": 10, "number": 1}]}, "api.supers.time_diff": null, "api.supers.time_diff_recursive": null, "api.supers.time_installr": {"result": [5.282538093160838], "stats": [{"ci_99": [4.627993202302605, 5.93708298401907], "q_25": 5.275992644252256, "q_75": 5.28908354206942, "min": 5.269447195343673, "max": 5.2956289909780025, "mean": 5.282538093160838, "std": 0.01309089781716466, "repeat": 2, "number": 1}]}, "api.supers.time_ls": {"result": [0.17780150240287185], "stats": [{"ci_99": [0.1755815390497446, 0.18185256328433752], "q_25": 0.1770570536609739, "q_75": 0.17871765024028718, "min": 0.1755815390497446, "max": 0.18185256328433752, "mean": 0.17801173832267522, "std": 0.0016880231640635103, "repeat": 10, "number": 1}]}, "api.supers.time_ls_recursive": {"result": [1.7631849348545074], "stats": [{"ci_99": [1.723855891264975, 1.8126363828778267], "q_25": 1.7411582302302122, "q_75": 1.7873794441111386, "min": 1.723855891264975, "max": 1.8126363828778267, "mean": 1.7652763404883445, "std": 0.02936135183984907, "repeat": 10, "number": 1}]}, "api.supers.time_ls_recursive_long_all": {"result": [1.8983126929961145], "stats": [{"ci_99": [1.889656006358564, 1.918339460156858], "q_25": 1.8940401517320424, "q_75": 1.9091703256126493, "min": 1.889656006358564, "max": 1.918339460156858, "mean": 1.9014133998192846, "std": 0.009162066883384936, "repeat": 10, "number": 1}]}, "api.supers.time_remove": null, "api.supers.time_rev_createadd": null, "api.supers.time_rev_createadd_to_dataset": null, "api.supers.time_status": {"result": [0.7036648667417467], "stats": [{"ci_99": [0.7002908512949944, 0.72858867328614], "q_25": 0.7025817262474447, "q_75": 0.7070930467452854, "min": 0.7002908512949944, "max": 0.72858867328614, "mean": 0.7066379705443978, "std": 0.007882737598516732, "repeat": 10, "number": 1}]}, "api.supers.time_status_recursive": {"result": [1.3311747466214001], "stats": [{"ci_99": [1.3269744832068682, 1.3394303508102894], "q_25": 1.3292888472788036, "q_75": 1.3354333038441837, "min": 1.3269744832068682, "max": 1.3394303508102894, "mean": 1.3323293831199408, "std": 0.004231054187481119, "repeat": 10, "number": 1}]}, "api.supers.time_subdatasets": {"result": [0.09500457299873233], "stats": [{"ci_99": [0.09114846307784319, 0.09992151614278555], "q_25": 0.0930729485116899, "q_75": 0.09600886912085116, "min": 0.09114846307784319, "max": 0.09992151614278555, "mean": 0.09490693975239992, "std": 0.002624498751542137, "repeat": 10, "number": 1}]}, "api.supers.time_subdatasets_recursive": {"result": [0.41966623393818736], "stats": [{"ci_99": [0.4132388923317194, 0.430311594158411], "q_25": 0.4153045928105712, "q_75": 0.4233545733150095, "min": 0.4132388923317194, "max": 0.430311594158411, "mean": 0.42021303102374075, "std": 0.005453643532388969, "repeat": 10, "number": 1}]}, "api.supers.time_subdatasets_recursive_first": {"result": [0.09465662110596895], "stats": [{"ci_99": [0.09105756506323814, 0.10037011280655861], "q_25": 0.09223882923834026, "q_75": 0.09657580335624516, "min": 0.09105756506323814, "max": 0.10037011280655861, "mean": 0.09496832946315407, "std": 0.003064246560180941, "repeat": 10, "number": 1}]}, "api.supers.time_uninstall": {"result": [4.1482942826114595], "stats": [{"ci_99": [4.115830318182295, 4.177762504090036], "q_25": 4.1418545776978135, "q_75": 4.153236116049811, "min": 4.129336699843407, "max": 4.161260379478335, "mean": 4.146796411136165, "std": 0.011497982764209911, "repeat": 4, "number": 1}]}, "repo.gitrepo.time_get_content_info": {"result": [0.015940514858812094], "stats": [{"ci_99": [0.013629231601953506, 0.017769521102309227], "q_25": 0.01493188040331006, "q_75": 0.016629045130684972, "min": 0.013629231601953506, "max": 0.017769521102309227, "mean": 0.015878139343112708, "std": 0.0012852841258155585, "repeat": 10, "number": 1}]}, "api.testds.time_create_test_dataset1": {"result": [0.6007834724150598], "stats": [{"ci_99": [0.5948240319266915, 0.6136979097500443], "q_25": 0.5982866524718702, "q_75": 0.6087880930863321, "min": 0.5948240319266915, "max": 0.6136979097500443, "mean": 0.6029282786883414, "std": 0.006127398439386876, "repeat": 10, "number": 1}]}, "api.testds.time_create_test_dataset2x2": {"result": [3.7168187107890844], "stats": [{"ci_99": [3.7021413696707315, 3.7303782776220613], "q_25": 3.7137496939394623, "q_75": 3.7193288404960185, "min": 3.7085360530763865, "max": 3.7228658199310303, "mean": 3.7162598236463964, "std": 0.005183251332423668, "repeat": 4, "number": 1}]}, "core.runner.time_echo": {"result": [0.0018901610746979713], "stats": [{"ci_99": [0.0017114264890551567, 0.002397972345352173], "q_25": 0.0017194351647049188, "q_75": 0.00223230142146349, "min": 0.0017114264890551567, "max": 0.002397972345352173, "mean": 0.001970511507242918, "std": 0.00026104904476768767, "repeat": 10, "number": 5}]}, "core.runner.time_echo_gitrunner": {"result": [0.0025635918136686087], "stats": [{"ci_99": [0.0022039220202714205, 0.003211185336112976], "q_25": 0.002342294668778777, "q_75": 0.00284339691279456, "min": 0.0022039220202714205, "max": 0.003211185336112976, "mean": 0.002621176256798208, "std": 0.0003274105846859166, "repeat": 10, "number": 4}]}, "core.startup.time_help_np": {"result": [0.5894379178062081], "stats": [{"ci_99": [0.5724541712552309, 0.6327458750456572], "q_25": 0.588051735656336, "q_75": 0.6030826480127871, "min": 0.5724541712552309, "max": 0.6327458750456572, "mean": 0.5965934425592423, "std": 0.018656893644908794, "repeat": 10, "number": 1}]}, "core.startup.time_import": {"result": [0.17978948960080743], "stats": [{"ci_99": [0.11885184608399868, 0.19697920978069305], "q_25": 0.1614126330241561, "q_75": 0.19324223115108907, "min": 0.11885184608399868, "max": 0.19697920978069305, "mean": 0.17069958942011, "std": 0.028226078059390525, "repeat": 10, "number": 1}]}, "core.startup.time_import_api": {"result": [0.5249108271673322], "stats": [{"ci_99": [0.5030671125277877, 0.5489753633737564], "q_25": 0.5204221613239497, "q_75": 0.5356845776550472, "min": 0.5030671125277877, "max": 0.5489753633737564, "mean": 0.5274701510556042, "std": 0.012976880379102676, "repeat": 10, "number": 1}]}, "support.path.get_parent_paths.time_allsubmods_toplevel": {"result": [0.007783343316987157], "stats": [{"ci_99": [0.006955431774258614, 0.008821179624646902], "q_25": 0.007384337834082544, "q_75": 0.00813248089980334, "min": 0.006955431774258614, "max": 0.008821179624646902, "mean": 0.007808422390371561, "std": 0.0006096538786124499, "repeat": 10, "number": 2}]}, "support.path.get_parent_paths.time_allsubmods_toplevel_only": {"result": [0.0071765833999961615], "stats": [{"ci_99": [0.006483645644038916, 0.008071864489465952], "q_25": 0.006835174164734781, "q_75": 0.007527523674070835, "min": 0.006483645644038916, "max": 0.008071864489465952, "mean": 0.007214736239984631, "std": 0.000522336666799837, "repeat": 10, "number": 2}]}, "support.path.get_parent_paths.time_no_submods": {"result": [3.331928862072204e-07], "stats": [{"ci_99": [3.122292509964696e-07, 3.703849187588684e-07], "q_25": 3.214054728919984e-07, "q_75": 3.504836120328915e-07, "min": 3.122292509964696e-07, "max": 3.703849187588684e-07, "mean": 3.367886440923155e-07, "std": 1.8067681828587165e-08, "repeat": 10, "number": 28221}]}, "support.path.get_parent_paths.time_one_submod_subdir": {"result": [0.005569652887061238],