{"results": {"api.supers.time_createadd": {"result": [1.0512816295959055], "stats": [{"ci_99": [1.02699900791049, 1.0719074932858348], "q_25": 1.042516379384324, "q_75": 1.0565030933357775, "min": 1.02699900791049, "max": 1.0719074932858348, "mean": 1.0498800260014831, "std": 0.012942214269121434, "repeat": 10, "number": 1}]}, "api.supers.time_createadd_to_dataset": {"result": [1.046975123230368], "stats": [{"ci_99": [1.0359919872134924, 1.0685434769839048], "q_25": 1.0430997700896114, "q_75": 1.055287200724706, "min": 1.0359919872134924, "max": 1.0685434769839048, "mean": 1.0495509956032039, "std": 0.010348865418770557, "repeat": 10, "number": 1}]}, "api.supers.time_diff": null, "api.supers.time_diff_recursive": null, "api.supers.time_installr": {"result": [3.9961792239919305], "stats": [{"ci_99": [3.927744582990524, 4.07762638968754], "q_25": 3.980523311533034, "q_75": 4.018341398797929, "min": 3.9749309113249183, "max": 4.043452586047351, "mean": 4.002685486339033, "std": 0.02691357506617405, "repeat": 4, "number": 1}]}, "api.supers.time_ls": {"result": [0.119701340328902], "stats": [{"ci_99": [0.11355805769562721, 0.1418423568829894], "q_25": 0.11720111826434731, "q_75": 0.12183969747275114, "min": 0.11355805769562721, "max": 0.1418423568829894, "mean": 0.12124625435099005, "std": 0.007343741070669863, "repeat": 10, "number": 1}]}, "api.supers.time_ls_recursive": {"result": [1.07660548761487], "stats": [{"ci_99": [1.0626057488843799, 1.0868127876892686], "q_25": 1.0651166045572609, "q_75": 1.0793664022348821, "min": 1.0626057488843799, "max": 1.0868127876892686, "mean": 1.0737469259649515, "std": 0.008135574961886686, "repeat": 10, "number": 1}]}, "api.supers.time_ls_recursive_long_all": {"result": [1.2242257101461291], "stats": [{"ci_99": [1.2141594681888819, 1.2445041136816144], "q_25": 1.2203842047601938, "q_75": 1.2340201316401362, "min": 1.2141594681888819, "max": 1.2445041136816144, "mean": 1.2263753475621342, "std": 0.009321044140967173, "repeat": 10, "number": 1}]}, "api.supers.time_remove": {"result": [1.9779578349553049], "stats": [{"ci_99": [1.9694915292784572, 1.9873205069452524], "q_25": 1.9728712367359549, "q_75": 1.9824396048206836, "min": 1.9694915292784572, "max": 1.9873205069452524, "mean": 1.9781540501862764, "std": 0.005941201839310285, "repeat": 8, "number": 1}]}, "api.supers.time_status": {"result": [0.6843845220282674], "stats": [{"ci_99": [0.6780006103217602, 0.6965189464390278], "q_25": 0.6813984799664468, "q_75": 0.686245447024703, "min": 0.6780006103217602, "max": 0.6965189464390278, "mean": 0.68474973551929, "std": 0.004877766195839684, "repeat": 10, "number": 1}]}, "api.supers.time_status_recursive": {"result": [1.1433505224995315], "stats": [{"ci_99": [1.1320591503754258, 1.1662340965121984], "q_25": 1.1381591400131583, "q_75": 1.148036235710606, "min": 1.1320591503754258, "max": 1.1662340965121984, "mean": 1.1439284596592187, "std": 0.009460758061073004, "repeat": 10, "number": 1}]}, "api.supers.time_subdatasets": {"result": [0.06628257688134909], "stats": [{"ci_99": [0.06074188370257616, 0.07143239583820105], "q_25": 0.06518688471987844, "q_75": 0.06834627781063318, "min": 0.06074188370257616, "max": 0.07143239583820105, "mean": 0.06645473316311837, "std": 0.0028496008404475565, "repeat": 10, "number": 1}]}, "api.supers.time_subdatasets_recursive": {"result": [0.24088045489042997], "stats": [{"ci_99": [0.23431662749499083, 0.2462306721135974], "q_25": 0.2387440698221326, "q_75": 0.24233664688654244, "min": 0.23431662749499083, "max": 0.2462306721135974, "mean": 0.24065489154309033, "std": 0.0031126501003460832, "repeat": 10, "number": 1}]}, "api.supers.time_subdatasets_recursive_first": {"result": [0.06365843443199992], "stats": [{"ci_99": [0.06120374146848917, 0.06843786127865314], "q_25": 0.06257131067104638, "q_75": 0.0644458292517811, "min": 0.06120374146848917, "max": 0.06843786127865314, "mean": 0.0639019675552845, "std": 0.0020458012264808587, "repeat": 10, "number": 1}]}, "api.supers.time_uninstall": {"result": [1.9336797324940562], "stats": [{"ci_99": [1.9123829696327448, 1.9472363386303186], "q_25": 1.9177645216695964, "q_75": 1.94305907539092, "min": 1.9123829696327448, "max": 1.9472363386303186, "mean": 1.9307070142589509, "std": 0.013284112770167441, "repeat": 10, "number": 1}]}, "repo.gitrepo.time_get_content_info": {"result": [0.02050816547125578], "stats": [{"ci_99": [0.017729605548083782, 0.024935584515333176], "q_25": 0.019043972715735435, "q_75": 0.02188437362201512, "min": 0.017729605548083782, "max": 0.024935584515333176, "mean": 0.020690047461539508, "std": 0.0021338781553157465, "repeat": 10, "number": 1}]}, "api.testds.time_create_test_dataset1": {"result": [0.43255750136449933], "stats": [{"ci_99": [0.42621302232146263, 0.4488651594147086], "q_25": 0.42759546241723, "q_75": 0.4355383552610874, "min": 0.42621302232146263, "max": 0.4488651594147086, "mean": 0.4338981076143682, "std": 0.007242998337821804, "repeat": 10, "number": 1}]}, "api.testds.time_create_test_dataset2x2": {"result": [2.8535960353910923], "stats": [{"ci_99": [2.8252502596005797, 2.8751136840513896], "q_25": 2.8434995873831213, "q_75": 2.8631718973629177, "min": 2.8252502596005797, "max": 2.868130149319768, "mean": 2.8511784059616425, "std": 0.014712671791330663, "repeat": 6, "number": 1}]}, "core.runner.time_echo": {"result": [0.002136031910777092], "stats": [{"ci_99": [0.0019373673945665359, 0.002379421703517437], "q_25": 0.0020117157138884066, "q_75": 0.0022285090759396552, "min": 0.0019373673945665359, "max": 0.002379421703517437, "mean": 0.0021412101201713084, "std": 0.0001423002160283152, "repeat": 10, "number": 5}]}, "core.runner.time_echo_gitrunner": {"result": [0.002462878357619047], "stats": [{"ci_99": [0.002252306556329131, 0.0026698466390371323], "q_25": 0.0023720227763988078, "q_75": 0.0025245840661227703, "min": 0.002252306556329131, "max": 0.0026698466390371323, "mean": 0.0024518548278138043, "std": 0.0001298129758008214, "repeat": 10, "number": 4}]}, "core.startup.time_help_np": {"result": [0.5788002912886441], "stats": [{"ci_99": [0.5550945987924933, 0.6651357831433415], "q_25": 0.5627460477408022, "q_75": 0.6176699867937714, "min": 0.5550945987924933, "max": 0.6651357831433415, "mean": 0.5931309457868338, "std": 0.035677192882446584, "repeat": 10, "number": 1}]}, "core.startup.time_import": {"result": [0.15071349684149027], "stats": [{"ci_99": [0.11468101013451815, 0.18941856641322374], "q_25": 0.1284691838081926, "q_75": 0.16242344630882144, "min": 0.11468101013451815, "max": 0.18941856641322374, "mean": 0.1475132648833096, "std": 0.022523369353917456, "repeat": 10, "number": 1}]}, "core.startup.time_import_api": {"result": [0.5090498044155538], "stats": [{"ci_99": [0.4799761353060603, 0.5600868863984942], "q_25": 0.5049916084390134, "q_75": 0.5146981892175972, "min": 0.4799761353060603, "max": 0.5600868863984942, "mean": 0.5120625676587224, "std": 0.01903317509397737, "repeat": 10, "number": 1}]}, "support.path.get_parent_paths.time_allsubmods_toplevel": {"result": [0.008057279512286186], "stats": [{"ci_99": [0.007051567547023296, 0.009869719855487347], "q_25": 0.007128337398171425, "q_75": 0.009049684507772326, "min": 0.007051567547023296, "max": 0.009869719855487347, "mean": 0.008181251864880324, "std": 0.0010454292994570623, "repeat": 10, "number": 1}]}, "support.path.get_parent_paths.time_allsubmods_toplevel_only": {"result": [0.007255655247718096], "stats": [{"ci_99": [0.006559823174029589, 0.00807139091193676], "q_25": 0.0068639181554317474, "q_75": 0.007625333033502102, "min": 0.006559823174029589, "max": 0.00807139091193676, "mean": 0.007277545472607017, "std": 0.0005274246366171449, "repeat": 10, "number": 2}]}, "support.path.get_parent_paths.time_no_submods": {"result": [3.339995011764923e-07], "stats": [{"ci_99": [3.1077347341037933e-07, 3.612357831899363e-07], "q_25": 3.22807462890559e-07, "q_75": 3.478149450072022e-07, "min": 3.1077347341037933e-07, "max": 3.612357831899363e-07,