{"results": {"api.supers.time_createadd": {"result": [1.7385439765639603], "stats": [{"ci_99": [1.7251595603302121, 1.7504565063863993], "q_25": 1.728481994010508, "q_75": 1.7416543401777744, "min": 1.7251595603302121, "max": 1.7504565063863993, "mean": 1.7372285562567413, "std": 0.008830459427739018, "repeat": 10, "number": 1}]}, "api.supers.time_createadd_to_dataset": {"result": [1.6386151961050928], "stats": [{"ci_99": [1.6225506030023098, 1.6852951245382428], "q_25": 1.6323036577086896, "q_75": 1.6488297837786376, "min": 1.6225506030023098, "max": 1.6852951245382428, "mean": 1.6452550596557558, "std": 0.019738339223366683, "repeat": 10, "number": 1}]}, "api.supers.time_diff": null, "api.supers.time_diff_recursive": null, "api.supers.time_installr": {"result": [9.408758830279112], "stats": [{"ci_99": [7.641346676275134, 11.176170984283088], "q_25": 9.391084708739072, "q_75": 9.426432951819152, "min": 9.373410587199032, "max": 9.444107073359191, "mean": 9.408758830279112, "std": 0.035348243080079556, "repeat": 2, "number": 1}]}, "api.supers.time_ls": {"result": [0.25464707845821977], "stats": [{"ci_99": [0.24837476201355457, 0.25764266680926085], "q_25": 0.2522763798478991, "q_75": 0.25584628246724606, "min": 0.24837476201355457, "max": 0.25764266680926085, "mean": 0.254046883713454, "std": 0.002658809227636221, "repeat": 10, "number": 1}]}, "api.supers.time_ls_recursive": {"result": [2.6226470237597823], "stats": [{"ci_99": [2.586711669083825, 2.6707709236070514], "q_25": 2.6065235515125096, "q_75": 2.629059929167852, "min": 2.5940216705203056, "max": 2.6707709236070514, "mean": 2.6237388777857027, "std": 0.02456424327619499, "repeat": 6, "number": 1}]}, "api.supers.time_ls_recursive_long_all": {"result": [2.781774008180946], "stats": [{"ci_99": [2.7551422396817635, 2.8244937900453806], "q_25": 2.7800832118373364, "q_75": 2.803275644313544, "min": 2.758286390453577, "max": 2.8244937900453806, "mean": 2.7893817777124545, "std": 0.021731842465961347, "repeat": 6, "number": 1}]}, "api.supers.time_remove": {"result": [8.210752876941115], "stats": [{"ci_99": [5.165896420832723, 11.255609333049502], "q_25": 8.18030431238003, "q_75": 8.241201441502199, "min": 8.149855747818947, "max": 8.271650006063282, "mean": 8.210752876941115, "std": 0.060897129122167826, "repeat": 2, "number": 1}]}, "api.supers.time_status": {"result": [0.8954042247496545], "stats": [{"ci_99": [0.8875068482011557, 0.9028464406728745], "q_25": 0.8906225089449435, "q_75": 0.899080746807158, "min": 0.8875068482011557, "max": 0.9028464406728745, "mean": 0.8950691951438785, "std": 0.004970039617913111, "repeat": 10, "number": 1}]}, "api.supers.time_status_recursive": {"result": [2.380428138654679], "stats": [{"ci_99": [2.3740783650428057, 2.383185694925487], "q_25": 2.3792381717357785, "q_75": 2.381584324641153, "min": 2.3740783650428057, "max": 2.383185694925487, "mean": 2.3799660094082355, "std": 0.0025790407152426974, "repeat": 8, "number": 1}]}, "api.supers.time_subdatasets": {"result": [0.21267048735171556], "stats": [{"ci_99": [0.21141664125025272, 0.21763414423912764], "q_25": 0.21172029129229486, "q_75": 0.21326175634749234, "min": 0.21141664125025272, "max": 0.21763414423912764, "mean": 0.21313471095636488, "std": 0.0018426546712956293, "repeat": 10, "number": 1}]}, "api.supers.time_subdatasets_recursive": {"result": [0.6724398480728269], "stats": [{"ci_99": [0.6675189808011055, 0.6775130303576589], "q_25": 0.6692428586538881, "q_75": 0.6751128295436502, "min": 0.6675189808011055, "max": 0.6775130303576589, "mean": 0.6722871246747673, "std": 0.0034816590117722115, "repeat": 10, "number": 1}]}, "api.supers.time_subdatasets_recursive_first": {"result": [0.1864890460856259], "stats": [{"ci_99": [0.18300859816372395, 0.193911443464458], "q_25": 0.18504584138281643, "q_75": 0.18979621259495616, "min": 0.18300859816372395, "max": 0.193911443464458, "mean": 0.18744207480922342, "std": 0.0031824534146791643, "repeat": 10, "number": 1}]}, "api.supers.time_uninstall": {"result": [8.082295703236014], "stats": [{"ci_99": [7.900550547521561, 8.264040858950466], "q_25": 8.08047825167887, "q_75": 8.084113154793158, "min": 8.078660800121725, "max": 8.085930606350303, "mean": 8.082295703236014, "std": 0.0036349031142890453, "repeat": 2, "number": 1}]}, "repo.gitrepo.time_get_content_info": {"result": [0.015204973984509706], "stats": [{"ci_99": [0.014169811271131039, 0.017077341675758362], "q_25": 0.015065839514136314, "q_75": 0.015648990171030164, "min": 0.014169811271131039, "max": 0.017077341675758362, "mean": 0.015371117368340492, "std": 0.0007199715748088951, "repeat": 10, "number": 1}]}, "api.testds.time_create_test_dataset1": {"result": [0.9661385538056493], "stats": [{"ci_99": [0.9551902608945966, 0.975457077845931], "q_25": 0.9599901903420687, "q_75": 0.9674325019586831, "min": 0.9551902608945966, "max": 0.975457077845931, "mean": 0.9644352972507477, "std": 0.006112379572648642, "repeat": 10, "number": 1}]}, "api.testds.time_create_test_dataset2x2": {"result": [5.029236009344459], "stats": [{"ci_99": [4.6865453440696, 5.371926674619317], "q_25": 5.02580910269171, "q_75": 5.032662915997207, "min": 5.022382196038961, "max": 5.036089822649956, "mean": 5.029236009344459, "std": 0.0068538133054971695, "repeat": 2, "number": 1}]}, "core.runner.time_echo": {"result": [0.0017093127438177667], "stats": [{"ci_99": [0.0016958386016388733, 0.00188528373837471], "q_25": 0.001703224106070896, "q_75": 0.0018180884265651305, "min": 0.0016958386016388733, "max": 0.00188528373837471, "mean": 0.001753886447598537, "std": 7.030101232661431e-05, "repeat": 10, "number": 6}]}, "core.runner.time_echo_gitrunner": {"result": [0.0022427654825150968], "stats": [{"ci_99": [0.00210548285394907, 0.002656453102827072], "q_25": 0.002121509006246924, "q_75": 0.002492051757872105, "min": 0.00210548285394907, "max": 0.002656453102827072, "mean": 0.0023134896904230115, "std": 0.00021053170819106492, "repeat": 10, "number": 5}]}, "core.startup.time_help_np": {"result": [0.5633782288059592], "stats": [{"ci_99": [0.5187965659424663, 0.6294848583638668], "q_25": 0.5559240474831313, "q_75": 0.5724179490935057, "min": 0.5187965659424663, "max": 0.6294848583638668, "mean": 0.5671011164784432, "std": 0.034101486146657194, "repeat": 10, "number": 1}]}, "core.startup.time_import": {"result": [0.16633293870836496], "stats": [{"ci_99": [0.11550056003034115, 0.19921415206044912], "q_25": 0.12656865385361016, "q_75": 0.17584966053254902, "min": 0.11550056003034115, "max": 0.19921415206044912, "mean": 0.1570896850898862, "std": 0.029063781508146147, "repeat": 10, "number": 1}]}, "core.startup.time_import_api": {"result": [0.5026405164971948], "stats": [{"ci_99": [0.4572360906749964, 0.5466975783929229], "q_25": 0.49180218926630914, "q_75": 0.5127176002133638, "min": 0.4572360906749964, "max": 0.5466975783929229, "mean": 0.504489632230252, "std": 0.02606733458869881, "repeat": 10, "number": 1}]}, "support.path.get_parent_paths.time_allsubmods_toplevel": {"result": [0.007790955016389489], "stats": [{"ci_99": [0.0069230846129357815, 0.008786958176642656], "q_25": 0.007372271153144538, "q_75": 0.008149082073941827, "min": 0.0069230846129357815, "max": 0.008786958176642656, "mean": 0.007802312122657895, "std": 0.0006115221949119132, "repeat": 10, "number": 2}]}, "support.path.get_parent_paths.time_allsubmods_toplevel_only": {"result": [0.007131153019145131], "stats": [{"ci_99": [0.006319811102002859, 0.008057928644120693], "q_25": 0.00675422977656126, "q_75": 0.007474041311070323, "min": 0.006319811102002859, "max": 0.008057928644120693, "mean": 0.007133086491376161, "std": 0.0005462930667071675, "repeat": 10, "number": 2}]}, "support.path.get_parent_paths.time_no_submods": {"result": [3.44143567210924e-07], "stats": [{"ci_99": [3.1932455806619514e-07, 3.8248482422727344e-07], "q_25": 3.2791692937561916e-07, "q_75": 3.610927881915168e-07, "min": 3.1932455806619514e-07, "max": 3.8248482422727344e-07, "mean": 3.46015964660843e-07,