{"results": {"api.supers.time_createadd": {"result": [1.3057173159904778], "stats": [{"ci_99": [1.2778678815811872, 1.3338299980387092], "q_25": 1.2893173086922616, "q_75": 1.321178617188707, "min": 1.2778678815811872, "max": 1.3338299980387092, "mean": 1.304815601464361, "std": 0.018444843458426355, "repeat": 10, "number": 1}]}, "api.supers.time_createadd_to_dataset": {"result": [1.2483893097378314], "stats": [{"ci_99": [1.2384988935664296, 1.2601847955957055], "q_25": 1.2445798204280436, "q_75": 1.255660894094035, "min": 1.2384988935664296, "max": 1.2601847955957055, "mean": 1.2494894036091864, "std": 0.006799151072548715, "repeat": 10, "number": 1}]}, "api.supers.time_diff": null, "api.supers.time_diff_recursive": null, "api.supers.time_installr": {"result": [5.294681087136269], "stats": [{"ci_99": [3.332375854253769, 7.2569863200187665], "q_25": 5.275058034807444, "q_75": 5.314304139465094, "min": 5.255434982478619, "max": 5.333927191793919, "mean": 5.294681087136269, "std": 0.039246104657649994, "repeat": 2, "number": 1}]}, "api.supers.time_ls": {"result": [0.18202072847634554], "stats": [{"ci_99": [0.17938375007361174, 0.20388393569737673], "q_25": 0.18032329389825463, "q_75": 0.18380752904340625, "min": 0.17938375007361174, "max": 0.20388393569737673, "mean": 0.18452615495771169, "std": 0.007061846274231238, "repeat": 10, "number": 1}]}, "api.supers.time_ls_recursive": {"result": [1.7911102073267102], "stats": [{"ci_99": [1.749813768081367, 1.8544149212539196], "q_25": 1.7873365425039083, "q_75": 1.8095908160321414, "min": 1.749813768081367, "max": 1.8544149212539196, "mean": 1.7964208175428211, "std": 0.027345317441025852, "repeat": 10, "number": 1}]}, "api.supers.time_ls_recursive_long_all": {"result": [1.949203033465892], "stats": [{"ci_99": [1.9454700807109475, 1.961018511094153], "q_25": 1.9483750720974058, "q_75": 1.9509016266092658, "min": 1.9454700807109475, "max": 1.961018511094153, "mean": 1.9505432981532067, "std": 0.004373005339124788, "repeat": 8, "number": 1}]}, "api.supers.time_remove": null, "api.supers.time_status": {"result": [0.7283646534197032], "stats": [{"ci_99": [0.7210955023765564, 0.7338864402845502], "q_25": 0.726168570574373, "q_75": 0.7294301148504019, "min": 0.7210955023765564, "max": 0.7338864402845502, "mean": 0.7276747991330922, "std": 0.0035149642058249398, "repeat": 10, "number": 1}]}, "api.supers.time_status_recursive": {"result": [1.3687800993211567], "stats": [{"ci_99": [1.3634274872019887, 1.389929854311049], "q_25": 1.3675225924234837, "q_75": 1.3722058034036309, "min": 1.3634274872019887, "max": 1.389929854311049, "mean": 1.3714663311839104, "std": 0.007153038724008907, "repeat": 10, "number": 1}]}, "api.supers.time_subdatasets": {"result": [0.09568324452266097], "stats": [{"ci_99": [0.09386782627552748, 0.09996720589697361], "q_25": 0.09552714182063937, "q_75": 0.09722349513322115, "min": 0.09386782627552748, "max": 0.09996720589697361, "mean": 0.09630969241261482, "std": 0.001694267822615435, "repeat": 10, "number": 1}]}, "api.supers.time_subdatasets_recursive": {"result": [0.4315133220516145], "stats": [{"ci_99": [0.4253957960754633, 0.4354392495006323], "q_25": 0.4303132202476263, "q_75": 0.43260017060674727, "min": 0.4253957960754633, "max": 0.4354392495006323, "mean": 0.4312165521085262, "std": 0.0025073287698315415, "repeat": 10, "number": 1}]}, "api.supers.time_subdatasets_recursive_first": {"result": [0.09757608035579324], "stats": [{"ci_99": [0.09462115727365017, 0.10103361681103706], "q_25": 0.09583671297878027, "q_75": 0.09846728248521686, "min": 0.09462115727365017, "max": 0.10103361681103706, "mean": 0.09751149956136942, "std": 0.002114337721928928, "repeat": 10, "number": 1}]}, "api.supers.time_uninstall": {"result": [4.1905159167945385], "stats": [{"ci_99": [4.165487865942709, 4.211001870662726], "q_25": 4.183635129360482, "q_75": 4.195125655736774, "min": 4.175625320523977, "max": 4.196322319097817, "mean": 4.188244868302718, "std": 0.008220037331034826, "repeat": 4, "number": 1}]}, "repo.gitrepo.time_get_content_info": {"result": [0.016395119484513998], "stats": [{"ci_99": [0.014752333052456379, 0.017736508511006832], "q_25": 0.015286099864169955, "q_75": 0.017269187606871128, "min": 0.014752333052456379, "max": 0.017736508511006832, "mean": 0.016289462987333535, "std": 0.0010454154434376625, "repeat": 10, "number": 1}]}, "api.testds.time_create_test_dataset1": {"result": [0.6156434118747711], "stats": [{"ci_99": [0.6104822913184762, 0.6418431960046291], "q_25": 0.6117209831718355, "q_75": 0.6177392944227904, "min": 0.6104822913184762, "max": 0.6418431960046291, "mean": 0.6171046246774494, "std": 0.008724307714145233, "repeat": 10, "number": 1}]}, "api.testds.time_create_test_dataset2x2": {"result": [3.8172143399715424], "stats": [{"ci_99": [3.7673795113510216, 3.884398748894898], "q_25": 3.8104769156780094, "q_75": 3.8326265544164926, "min": 3.805147740058601, "max": 3.863980100490153, "mean": 3.8258891301229596, "std": 0.022808194464988774, "repeat": 4, "number": 1}]}, "core.runner.time_echo": {"result": [0.0016988671074310937], "stats": [{"ci_99": [0.0016853115521371365, 0.0017106508215268452], "q_25": 0.0016922014377390344, "q_75": 0.001705007239555319, "min": 0.0016853115521371365, "max": 0.0017106508215268452, "mean": 0.0016985613387078043, "std": 7.832936956235378e-06, "repeat": 10, "number": 6}]}, "core.runner.time_echo_gitrunner": {"result": [0.002729963161982596], "stats": [{"ci_99": [0.0024466419126838446, 0.0033334605395793915], "q_25": 0.0026159032713621855, "q_75": 0.002843391674105078, "min": 0.0024466419126838446, "max": 0.0033334605395793915, "mean": 0.0027602362912148236, "std": 0.00022913760735034352, "repeat": 10, "number": 4}]}, "core.startup.time_help_np": {"result": [0.5896714013069868], "stats": [{"ci_99": [0.5285245962440968, 0.6472415486350656], "q_25": 0.5782925069797784, "q_75": 0.6160365759860724, "min": 0.5285245962440968, "max": 0.6472415486350656, "mean": 0.5905170517973601, "std": 0.03719195210869496, "repeat": 10, "number": 1}]}, "core.startup.time_import": {"result": [0.15394066693261266], "stats": [{"ci_99": [0.11299540847539902, 0.19668658636510372], "q_25": 0.12510651745833457, "q_75": 0.17047785758040845, "min": 0.11299540847539902, "max": 0.19668658636510372, "mean": 0.15274062044918538, "std": 0.029022938779368134, "repeat": 10, "number": 1}]}, "core.startup.time_import_api": {"result": [0.5248735467903316], "stats": [{"ci_99": [0.4632829688489437, 0.5816642194986343], "q_25": 0.48829981964081526, "q_75": 0.5405402821488678, "min": 0.4632829688489437, "max": 0.5816642194986343, "mean": 0.5205056761391461, "std": 0.040044355578574505, "repeat": 10, "number": 1}]}, "support.path.get_parent_paths.time_allsubmods_toplevel": {"result": [0.007803860818967223], "stats": [{"ci_99": [0.0069789038971066475, 0.00882730633020401], "q_25": 0.007427361560985446, "q_75": 0.008077312959358096, "min": 0.0069789038971066475, "max": 0.00882730633020401, "mean": 0.007821295969188213, "std": 0.0006126926268344186, "repeat": 10, "number": 2}]}, "support.path.get_parent_paths.time_allsubmods_toplevel_only": {"result": [0.006135973846539855], "stats": [{"ci_99": [0.006013271864503622, 0.007449873257428408], "q_25": 0.0061149835819378495, "q_75": 0.006654406315647066, "min": 0.006013271864503622, "max": 0.007449873257428408, "mean": 0.006406748574227095, "std": 0.00044792886904757235, "repeat": 10, "number": 2}]}, "support.path.get_parent_paths.time_no_submods": {"result": [3.3427515909657913e-07], "stats": [{"ci_99": [3.089200123647991e-07, 3.69151815005809e-07], "q_25": 3.22189620013502e-07, "q_75": 3.5150850612292416e-07, "min": 3.089200123647991e-07, "max": 3.69151815005809e-07, "mean": 3.362264049674752e-07, "std": 1.8411800023386913e-08, "repeat": 10, "number": 27848}]}, "support.path.get_parent_paths.time_one_submod_subdir": {"result": [0.006400345591828227], "stats": [{"ci_99": [0.005783611908555031, 0.0072088115848600864], "q_25": 0.006105075008235872,