{"results": {"api.supers.time_createadd": {"result": [1.3530704085715115], "stats": [{"ci_99": [1.3402450326830149, 1.3715676292777061], "q_25": 1.3474591944832355, "q_75": 1.3629662047605962, "min": 1.3402450326830149, "max": 1.3715676292777061, "mean": 1.3548330426216126, "std": 0.010212821851014388, "repeat": 10, "number": 1}]}, "api.supers.time_createadd_to_dataset": {"result": [1.0969791202805936], "stats": [{"ci_99": [1.0892575308680534, 1.1293824296444654], "q_25": 1.0939466492272913, "q_75": 1.1187447551637888, "min": 1.0892575308680534, "max": 1.1293824296444654, "mean": 1.105074596684426, "std": 0.01441129575655082, "repeat": 10, "number": 1}]}, "api.supers.time_diff": {"result": [0.10189129784703255], "stats": [{"ci_99": [0.09200918581336737, 0.12524762749671936], "q_25": 0.09645575424656272, "q_75": 0.10938848834484816, "min": 0.09200918581336737, "max": 0.12524762749671936, "mean": 0.1046002572402358, "std": 0.010620661742347366, "repeat": 10, "number": 1}]}, "api.supers.time_diff_recursive": {"result": [0.3049065344966948], "stats": [{"ci_99": [0.29741381015628576, 0.3103758841753006], "q_25": 0.30301862745545805, "q_75": 0.3058210392482579, "min": 0.29741381015628576, "max": 0.3103758841753006, "mean": 0.30410154461860656, "std": 0.0035832660154101557, "repeat": 10, "number": 1}]}, "api.supers.time_installr": {"result": [3.7979343640618026], "stats": [{"ci_99": [3.7238456747572855, 3.872500802754985], "q_25": 3.7804341255687177, "q_75": 3.81567347724922, "min": 3.7629254767671227, "max": 3.8338987501338124, "mean": 3.798173238756135, "std": 0.026414625871104786, "repeat": 4, "number": 1}]}, "api.supers.time_ls": {"result": [0.6970053925178945], "stats": [{"ci_99": [0.687304874882102, 0.7036872515454888], "q_25": 0.6925036807078868, "q_75": 0.701198911992833, "min": 0.687304874882102, "max": 0.7036872515454888, "mean": 0.696618085540831, "std": 0.005244273837371357, "repeat": 10, "number": 1}]}, "api.supers.time_ls_recursive": {"result": [2.6082526869140565], "stats": [{"ci_99": [2.5965797966346145, 2.6188816961044954], "q_25": 2.605386277427897, "q_75": 2.612060607643798, "min": 2.5965797966346145, "max": 2.618250417523086, "mean": 2.6081827183564505, "std": 0.006773674833580184, "repeat": 6, "number": 1}]}, "api.supers.time_ls_recursive_long_all": {"result": [2.77367407316342], "stats": [{"ci_99": [2.7538362737737794, 2.795128539577852], "q_25": 2.763562875567004, "q_75": 2.785519306315109, "min": 2.7593469619750977, "max": 2.790539138019085, "mean": 2.7744824066758156, "std": 0.012070759803483702, "repeat": 6, "number": 1}]}, "api.supers.time_remove": {"result": [2.071728498209268], "stats": [{"ci_99": [2.0564670832827687, 2.079125107266009], "q_25": 2.058147708652541, "q_75": 2.0748852051328868, "min": 2.0564670832827687, "max": 2.079125107266009, "mean": 2.068110504304059, "std": 0.008643462132653622, "repeat": 8, "number": 1}]}, "api.supers.time_status": {"result": [0.6900857337750494], "stats": [{"ci_99": [0.6815329352393746, 0.7016021246090531], "q_25": 0.6877819213550538, "q_75": 0.6975811731535941, "min": 0.6815329352393746, "max": 0.7016021246090531, "mean": 0.6918538806028665, "std": 0.006836026322344155, "repeat": 10, "number": 1}]}, "api.supers.time_status_recursive": {"result": [1.1430904301814735], "stats": [{"ci_99": [1.136496901512146, 1.1538886055350304], "q_25": 1.1404092747252434, "q_75": 1.1492739170789719, "min": 1.136496901512146, "max": 1.1538886055350304, "mean": 1.1442353473976254, "std": 0.005511782390611496, "repeat": 10, "number": 1}]}, "api.supers.time_subdatasets": {"result": [0.05423418479040265], "stats": [{"ci_99": [0.04813510552048683, 0.059656599536538124], "q_25": 0.0510756594594568, "q_75": 0.0562816821038723, "min": 0.04813510552048683, "max": 0.059656599536538124, "mean": 0.05415913509204984, "std": 0.003712337740343198, "repeat": 10, "number": 1}]}, "api.supers.time_subdatasets_recursive": {"result": [0.12022596830502152], "stats": [{"ci_99": [0.11336833890527487, 0.13190435618162155], "q_25": 0.11690406990237534, "q_75": 0.12239623838104308, "min": 0.11336833890527487, "max": 0.13190435618162155, "mean": 0.12026160573586822, "std": 0.004923637614653802, "repeat": 10, "number": 1}]}, "api.supers.time_subdatasets_recursive_first": {"result": [0.04740100586786866], "stats": [{"ci_99": [0.046053809113800526, 0.06429176311939955], "q_25": 0.04688469506800175, "q_75": 0.053326104301959276, "min": 0.046053809113800526, "max": 0.06429176311939955, "mean": 0.050593354552984235, "std": 0.005475969742008003, "repeat": 10, "number": 1}]}, "api.supers.time_uninstall": {"result": [2.18166848924011], "stats": [{"ci_99": [2.146204520948231, 2.268487062305212], "q_25": 2.1478473704773933, "q_75": 2.2440123981796205, "min": 2.146204520948231, "max": 2.268487062305212, "mean": 2.196167428046465, "std": 0.05052198019207546, "repeat": 8, "number": 1}]}, "repo.gitrepo.time_get_content_info": {"result": [0.01964841363951564], "stats": [{"ci_99": [0.0144442617893219, 0.022529725916683674], "q_25": 0.01684226794168353, "q_75": 0.02086777170188725, "min": 0.0144442617893219, "max": 0.022529725916683674, "mean": 0.01900062896311283, "std": 0.0027245740230233233, "repeat": 10, "number": 1}]}, "api.testds.time_create_test_dataset1": {"result": [0.44309347635135055], "stats": [{"ci_99": [0.434138810262084, 0.45902871154248714], "q_25": 0.43600797350518405, "q_75": 0.44844260322861373, "min": 0.434138810262084, "max": 0.45902871154248714, "mean": 0.4439129841513932, "std": 0.008251117204909675, "repeat": 10, "number": 1}]}, "api.testds.time_create_test_dataset2x2": {"result": [2.802224203478545], "stats": [{"ci_99": [2.7506090552234985, 2.88867283792552], "q_25": 2.7843592218123376, "q_75": 2.852460409514606, "min": 2.7792821023613214, "max": 2.8865051306784153, "mean": 2.819640946574509, "std": 0.04178446112508765, "repeat": 6, "number": 1}]}, "core.runner.time_echo": {"result": [0.0017398654483258725], "stats": [{"ci_99": [0.0017168071120977403, 0.0027218487113714216], "q_25": 0.001725668366998434, "q_75": 0.001917906664311886, "min": 0.0017168071120977403, "max": 0.0027218487113714216, "mean": 0.0018901026807725432, "std": 0.00029675364964817333, "repeat": 10, "number": 5}]}, "core.runner.time_echo_gitrunner": {"result": [0.0023868087679147724], "stats": [{"ci_99": [0.0021084265783429144, 0.0031156329438090324], "q_25": 0.002144434442743659, "q_75": 0.0029194241389632223, "min": 0.0021084265783429144, "max": 0.0031156329438090324, "mean": 0.0025125633180141443, "std": 0.00039827047071580113, "repeat": 10, "number": 5}]}, "core.startup.time_help_np": {"result": [0.5772009491920471], "stats": [{"ci_99": [0.5239690821617842, 0.6330577377229929], "q_25": 0.5570230381563306, "q_75": 0.6114969877526164, "min": 0.5239690821617842, "max": 0.6330577377229929, "mean": 0.5798485996201634, "std": 0.037356191237473114, "repeat": 10, "number": 1}]}, "core.startup.time_import": {"result": [0.13787563797086477], "stats": [{"ci_99": [0.11475466284900904, 0.1991635812446475], "q_25": 0.11551806889474392, "q_75": 0.1876851802226156, "min": 0.11475466284900904, "max": 0.1991635812446475, "mean": 0.1497412770986557, "std": 0.036267964778311505, "repeat": 10, "number": 1}]}, "core.startup.time_import_api": {"result": [0.4796673869714141], "stats": [{"ci_99": [0.45099737495183945, 0.5509509099647403], "q_25": 0.4538266910240054, "q_75": 0.504668444627896, "min": 0.45099737495183945, "max": 0.5509509099647403, "mean": 0.48576336810365317, "std": 0.0340822725198386, "repeat": 10, "number": 1}]}, "support.path.get_parent_paths.time_allsubmods_toplevel": null, "support.path.get_parent_paths.time_allsubmods_toplevel_only": null, "support.path.get_parent_paths.time_no_submods": null, "support.path.get_parent_paths.time_one_submod_subdir": null, "support.path.get_parent_paths.time_one_submod_toplevel": null, "usecases.study_forrest.time_make_studyforrest_mockup": {"result": [35.66389788733795],