{"results": {"api.supers.time_createadd": {"result": [1.3880363693460822], "stats": [{"ci_99": [1.3527298560366035, 1.4108644742518663], "q_25": 1.366617119172588, "q_75": 1.4022623160853982, "min": 1.3527298560366035, "max": 1.4108644742518663, "mean": 1.3843960070982575, "std": 0.01915696866121621, "repeat": 10, "number": 1}]}, "api.supers.time_createadd_to_dataset": {"result": [1.1341448458842933], "stats": [{"ci_99": [1.1033342881128192, 1.153916864655912], "q_25": 1.121691573644057, "q_75": 1.1441904425155371, "min": 1.1033342881128192, "max": 1.153916864655912, "mean": 1.132266143988818, "std": 0.015210446747033786, "repeat": 10, "number": 1}]}, "api.supers.time_diff": null, "api.supers.time_diff_recursive": null, "api.supers.time_installr": {"result": [3.827283540740609], "stats": [{"ci_99": [3.6937044186899404, 3.963109433333394], "q_25": 3.785387171432376, "q_75": 3.8703032953199, "min": 3.7773871812969446, "max": 3.8816734412685037, "mean": 3.8284069260116667, "std": 0.04615408877327936, "repeat": 4, "number": 1}]}, "api.supers.time_ls": {"result": [0.7068894547410309], "stats": [{"ci_99": [0.6850299332290888, 0.7202344490215182], "q_25": 0.6896503490861505, "q_75": 0.7191454158164561, "min": 0.6850299332290888, "max": 0.7202344490215182, "mean": 0.7044081296771765, "std": 0.014837786317381883, "repeat": 10, "number": 1}]}, "api.supers.time_ls_recursive": {"result": [2.602160750888288], "stats": [{"ci_99": [2.581652012653649, 2.612403762256138], "q_25": 2.600564402760938, "q_75": 2.6056265567895025, "min": 2.581652012653649, "max": 2.6092071337625384, "mean": 2.6003324600557485, "std": 0.0088864461406952, "repeat": 6, "number": 1}]}, "api.supers.time_ls_recursive_long_all": {"result": [2.7583582596853375], "stats": [{"ci_99": [2.742389346472919, 2.7680169013594473], "q_25": 2.75462533114478, "q_75": 2.7600905543658882, "min": 2.742389346472919, "max": 2.7673483304679394, "mean": 2.756750533978144, "std": 0.007624776908034495, "repeat": 6, "number": 1}]}, "api.supers.time_remove": {"result": [2.070936091709882], "stats": [{"ci_99": [2.054053428582847, 2.0997108723968267], "q_25": 2.0632072014268488, "q_75": 2.0830802493728697, "min": 2.054053428582847, "max": 2.0997108723968267, "mean": 2.0735161415068433, "std": 0.014407780649812591, "repeat": 8, "number": 1}]}, "api.supers.time_status": {"result": [0.6870897891931236], "stats": [{"ci_99": [0.6784871872514486, 0.703359710983932], "q_25": 0.679845921928063, "q_75": 0.6908430398907512, "min": 0.6784871872514486, "max": 0.703359710983932, "mean": 0.6875847911462187, "std": 0.008339287746196732, "repeat": 10, "number": 1}]}, "api.supers.time_status_recursive": {"result": [1.1386199602857232], "stats": [{"ci_99": [1.1354226330295205, 1.1580729065462947], "q_25": 1.1362185180187225, "q_75": 1.142933759605512, "min": 1.1354226330295205, "max": 1.1580729065462947, "mean": 1.1411300350911915, "std": 0.0067404569033056175, "repeat": 10, "number": 1}]}, "api.supers.time_subdatasets": {"result": [0.052092465572059155], "stats": [{"ci_99": [0.04756028950214386, 0.06079323589801788], "q_25": 0.04895868292078376, "q_75": 0.05583755043335259, "min": 0.04756028950214386, "max": 0.06079323589801788, "mean": 0.053114702738821504, "std": 0.004599842027468049, "repeat": 10, "number": 1}]}, "api.supers.time_subdatasets_recursive": {"result": [0.12453278061002493], "stats": [{"ci_99": [0.11891443841159344, 0.12700336519628763], "q_25": 0.12171514448709786, "q_75": 0.12583060981705785, "min": 0.11891443841159344, "max": 0.12700336519628763, "mean": 0.12371358200907707, "std": 0.002581669588887978, "repeat": 10, "number": 1}]}, "api.supers.time_subdatasets_recursive_first": {"result": [0.05389342596754432], "stats": [{"ci_99": [0.046503107994794846, 0.06022397428750992], "q_25": 0.053405814338475466, "q_75": 0.05490499525330961, "min": 0.046503107994794846, "max": 0.06022397428750992, "mean": 0.05376488137990236, "std": 0.0035734466149832424, "repeat": 10, "number": 1}]}, "api.supers.time_uninstall": {"result": [2.1363914483226836], "stats": [{"ci_99": [2.1231240881606936, 2.197179269976914], "q_25": 2.133483463199809, "q_75": 2.137000400107354, "min": 2.1231240881606936, "max": 2.197179269976914, "mean": 2.1413890968542546, "std": 0.021589452693825773, "repeat": 8, "number": 1}]}, "repo.gitrepo.time_get_content_info": {"result": [0.020672173704952], "stats": [{"ci_99": [0.017427723854780197, 0.02358813676983118], "q_25": 0.019358008168637753, "q_75": 0.02116061723791063, "min": 0.017427723854780197, "max": 0.02358813676983118, "mean": 0.020395445916801692, "std": 0.0018736052616421892, "repeat": 10, "number": 1}]}, "api.testds.time_create_test_dataset1": {"result": [0.4372755982913077], "stats": [{"ci_99": [0.430550754070282, 0.4561951635405421], "q_25": 0.4335795948281884, "q_75": 0.44080975418910384, "min": 0.430550754070282, "max": 0.4561951635405421, "mean": 0.43847173508256676, "std": 0.0069741831986162555, "repeat": 10, "number": 1}]}, "api.testds.time_create_test_dataset2x2": {"result": [2.7821134249679744], "stats": [{"ci_99": [2.7473639528839957, 2.8529653791338205], "q_25": 2.780138915637508, "q_75": 2.783220412908122, "min": 2.748267935588956, "max": 2.8529653791338205, "mean": 2.7880883865679302, "std": 0.031516535903667126, "repeat": 6, "number": 1}]}, "core.runner.time_echo": {"result": [0.0018321037292480468], "stats": [{"ci_99": [0.0017322752624750136, 0.002192950062453747], "q_25": 0.001748035568743944, "q_75": 0.0020180122461169957, "min": 0.0017322752624750136, "max": 0.002192950062453747, "mean": 0.0019014152139425276, "std": 0.0001759954240990745, "repeat": 10, "number": 5}]}, "core.runner.time_echo_gitrunner": {"result": [0.002642651437781751], "stats": [{"ci_99": [0.0022910956759005785, 0.003996055107563734], "q_25": 0.0024286782136186957, "q_75": 0.0027632691198959947, "min": 0.0022910956759005785, "max": 0.003996055107563734, "mean": 0.002761591598391533, "std": 0.000500228422627698, "repeat": 10, "number": 4}]}, "core.startup.time_help_np": {"result": [0.5783611387014389], "stats": [{"ci_99": [0.541336065158248, 0.6535295275971293], "q_25": 0.5630733596626669, "q_75": 0.6122728525660932, "min": 0.541336065158248, "max": 0.6535295275971293, "mean": 0.586675694771111, "std": 0.03426981296102287, "repeat": 10, "number": 1}]}, "core.startup.time_import": {"result": [0.1318353801034391], "stats": [{"ci_99": [0.11380017548799515, 0.16959387622773647], "q_25": 0.11505879042670131, "q_75": 0.15307623078115284, "min": 0.11380017548799515, "max": 0.16959387622773647, "mean": 0.13627723501995206, "std": 0.02124859113973644, "repeat": 10, "number": 1}]}, "core.startup.time_import_api": {"result": [0.4814703753218055], "stats": [{"ci_99": [0.453695067204535, 0.5645936448127031], "q_25": 0.4554331146646291, "q_75": 0.5077680319081992, "min": 0.453695067204535, "max": 0.5645936448127031, "mean": 0.48698557671159504, "std": 0.03453532656376263, "repeat": 10, "number": 1}]}, "support.path.get_parent_paths.time_allsubmods_toplevel": null, "support.path.get_parent_paths.time_allsubmods_toplevel_only": null, "support.path.get_parent_paths.time_no_submods": null, "support.path.get_parent_paths.time_one_submod_subdir": null, "support.path.get_parent_paths.time_one_submod_toplevel": null, "usecases.study_forrest.time_make_studyforrest_mockup": {"result": [36.021656000986695], "stats": [{"ci_99": [33.089429669082165, 38.953882332891226], "q_25": 35.99233373766765, "q_75": 36.05097826430574, "min": 35.963011474348605, "max": 36.080300527624786, "mean": 36.021656000986695, "std": 0.05864452663809061, "repeat": 2, "number": 1}]}, "core.runner.track_overhead_100ms": 2.04, "core.runner.track_overhead_echo": 31.85, "core.runner.track_overhead_heavyout": -6.09, "core.runner.track_overhead_heavyout_online_process": 4.27, "core.runner.track_overhead_heavyout_online_through": 29.37}, "params": {"arch": "x86_64", "cpu": "Intel(R) Xeon(R) CPU E5-1607 v2 @ 3.00GHz", "machine": "drogon-neurodebian0.20200209.1",