{"results": {"api.supers.time_createadd": {"result": [1.2715041828341782], "stats": [{"ci_99": [1.2615398587659001, 1.2961052590981126], "q_25": 1.2677012453787029, "q_75": 1.2739244257099926, "min": 1.2615398587659001, "max": 1.2961052590981126, "mean": 1.274000816885382, "std": 0.010223246815640437, "repeat": 10, "number": 1}]}, "api.supers.time_createadd_to_dataset": {"result": [1.215696798171848], "stats": [{"ci_99": [1.2000699592754245, 1.2322117304429412], "q_25": 1.2127117291092873, "q_75": 1.2239920797292143, "min": 1.2000699592754245, "max": 1.2322117304429412, "mean": 1.2174182795919477, "std": 0.009347060336150785, "repeat": 10, "number": 1}]}, "api.supers.time_diff": null, "api.supers.time_diff_recursive": null, "api.supers.time_installr": {"result": [5.0543905752711], "stats": [{"ci_99": [4.4546339944936335, 5.654147156048565], "q_25": 5.048393009463325, "q_75": 5.0603881410788745, "min": 5.0423954436555505, "max": 5.066385706886649, "mean": 5.0543905752711, "std": 0.011995131615549326, "repeat": 2, "number": 1}]}, "api.supers.time_ls": {"result": [0.18295078026130795], "stats": [{"ci_99": [0.17956494446843863, 0.18729358166456223], "q_25": 0.18146562506444752, "q_75": 0.18498033937066793, "min": 0.17956494446843863, "max": 0.18729358166456223, "mean": 0.18315567076206207, "std": 0.0022929609041886347, "repeat": 10, "number": 1}]}, "api.supers.time_ls_recursive": {"result": [1.7680467148311436], "stats": [{"ci_99": [1.7560501201078296, 1.799039694480598], "q_25": 1.760479430668056, "q_75": 1.7797123743221164, "min": 1.7560501201078296, "max": 1.799039694480598, "mean": 1.77095811907202, "std": 0.013581429184573762, "repeat": 10, "number": 1}]}, "api.supers.time_ls_recursive_long_all": {"result": [1.9486224348656833], "stats": [{"ci_99": [1.926817413419485, 1.9874727139249444], "q_25": 1.9344743979163468, "q_75": 1.9606703284662217, "min": 1.926817413419485, "max": 1.9874727139249444, "mean": 1.9513174196472391, "std": 0.019764161246542268, "repeat": 8, "number": 1}]}, "api.supers.time_remove": null, "api.supers.time_status": {"result": [0.7254642769694328], "stats": [{"ci_99": [0.7157711898908019, 0.7312024384737015], "q_25": 0.7245831564068794, "q_75": 0.7267627730034292, "min": 0.7157711898908019, "max": 0.7312024384737015, "mean": 0.7251476553268731, "std": 0.003740299607381833, "repeat": 10, "number": 1}]}, "api.supers.time_status_recursive": {"result": [1.373808075208217], "stats": [{"ci_99": [1.3616735320538282, 1.3835761528462172], "q_25": 1.3674016278237104, "q_75": 1.3748617589008063, "min": 1.3616735320538282, "max": 1.3835761528462172, "mean": 1.372061015665531, "std": 0.006130726895147168, "repeat": 10, "number": 1}]}, "api.supers.time_subdatasets": {"result": [0.08301782561466098], "stats": [{"ci_99": [0.08113475982099771, 0.0893336022272706], "q_25": 0.08259232016280293, "q_75": 0.08436600863933563, "min": 0.08113475982099771, "max": 0.0893336022272706, "mean": 0.08375674625858665, "std": 0.002237498097423121, "repeat": 10, "number": 1}]}, "api.supers.time_subdatasets_recursive": {"result": [0.41806586319580674], "stats": [{"ci_99": [0.4134494122117758, 0.42543640825897455], "q_25": 0.41530698677524924, "q_75": 0.4210487531963736, "min": 0.4134494122117758, "max": 0.42543640825897455, "mean": 0.41871781572699546, "std": 0.004000294826574542, "repeat": 10, "number": 1}]}, "api.supers.time_subdatasets_recursive_first": {"result": [0.08344281557947397], "stats": [{"ci_99": [0.08024121448397636, 0.09604962728917599], "q_25": 0.08193666557781398, "q_75": 0.08445351594127715, "min": 0.08024121448397636, "max": 0.09604962728917599, "mean": 0.08471297016367316, "std": 0.004490909451452236, "repeat": 10, "number": 1}]}, "api.supers.time_uninstall": {"result": [4.133008223026991], "stats": [{"ci_99": [4.114231351863409, 4.148249705687349], "q_25": 4.129048703238368, "q_75": 4.135200048564002, "min": 4.120733888819814, "max": 4.138211780227721, "mean": 4.131240528775379, "std": 0.006481890154750823, "repeat": 4, "number": 1}]}, "repo.gitrepo.time_get_content_info": {"result": [0.015890679322183132], "stats": [{"ci_99": [0.01476732362061739, 0.0228432584553957], "q_25": 0.015471248421818018, "q_75": 0.016713235527276993, "min": 0.01476732362061739, "max": 0.0228432584553957, "mean": 0.016634469293057917, "std": 0.002205859672069209, "repeat": 10, "number": 1}]}, "api.testds.time_create_test_dataset1": {"result": [0.603610510006547], "stats": [{"ci_99": [0.5934953968971968, 0.6301643643528223], "q_25": 0.5993705196306109, "q_75": 0.6063109450042248, "min": 0.5934953968971968, "max": 0.6301643643528223, "mean": 0.6048375131562352, "std": 0.009462146292522376, "repeat": 10, "number": 1}]}, "api.testds.time_create_test_dataset2x2": {"result": [3.6675957860425115], "stats": [{"ci_99": [3.648980275056961, 3.6890950172397465], "q_25": 3.662394384620711, "q_75": 3.674239047570154, "min": 3.6623228108510375, "max": 3.678636201657355, "mean": 3.669037646148354, "std": 0.006981996767014165, "repeat": 4, "number": 1}]}, "core.runner.time_echo": {"result": [0.001718715919802586], "stats": [{"ci_99": [0.0017098247384031613, 0.0020617269910871983], "q_25": 0.0017132869300742943, "q_75": 0.0017225206829607487, "min": 0.0017098247384031613, "max": 0.0020617269910871983, "mean": 0.001752972975373268, "std": 0.00010317920236019027, "repeat": 10, "number": 6}]}, "core.runner.time_echo_gitrunner": {"result": [0.002128319628536701], "stats": [{"ci_99": [0.002083938755095005, 0.0026748392730951307], "q_25": 0.0021061412524431946, "q_75": 0.0021736619528383017, "min": 0.002083938755095005, "max": 0.0026748392730951307, "mean": 0.002185448780655861, "std": 0.00016664935600310988, "repeat": 10, "number": 5}]}, "core.startup.time_help_np": {"result": [0.5958276363089681], "stats": [{"ci_99": [0.5376134151592851, 0.6495949793606997], "q_25": 0.5855776106473058, "q_75": 0.6283729828428477, "min": 0.5376134151592851, "max": 0.6495949793606997, "mean": 0.60069898404181, "std": 0.032857326001143876, "repeat": 10, "number": 1}]}, "core.startup.time_import": {"result": [0.16103905905038118], "stats": [{"ci_99": [0.11359216645359993, 0.20371022913604975], "q_25": 0.14153501740656793, "q_75": 0.1743640119675547, "min": 0.11359216645359993, "max": 0.20371022913604975, "mean": 0.15863873586058616, "std": 0.026215091540186333, "repeat": 10, "number": 1}]}, "core.startup.time_import_api": {"result": [0.5178006254136562], "stats": [{"ci_99": [0.46683601289987564, 0.5481140092015266], "q_25": 0.5139010271523148, "q_75": 0.5285014575347304, "min": 0.46683601289987564, "max": 0.5481140092015266, "mean": 0.5161361587233841, "std": 0.02341940897757185, "repeat": 10, "number": 1}]}, "support.path.get_parent_paths.time_allsubmods_toplevel": {"result": [0.007926196092739701], "stats": [{"ci_99": [0.007289435248821974, 0.009001336991786957], "q_25": 0.007519491948187351, "q_75": 0.008362395805306733, "min": 0.007289435248821974, "max": 0.009001336991786957, "mean": 0.007993673300370574, "std": 0.0005654873403383357, "repeat": 10, "number": 2}]}, "support.path.get_parent_paths.time_allsubmods_toplevel_only": {"result": [0.006737871561199427], "stats": [{"ci_99": [0.006672082003206015, 0.008062987122684717], "q_25": 0.006686804816126823, "q_75": 0.007163020432926714, "min": 0.006672082003206015, "max": 0.008062987122684717, "mean": 0.007000642409548163, "std": 0.0004488230603537914, "repeat": 10, "number": 2}]}, "support.path.get_parent_paths.time_no_submods": {"result": [3.270391188548908e-07], "stats": [{"ci_99": [3.054181943892833e-07, 3.5897239691985205e-07], "q_25": 3.1456353296484473e-07, "q_75": 3.426066986195068e-07, "min": 3.054181943892833e-07, "max": 3.5897239691985205e-07, "mean": 3.3017658779483583e-07, "std": 1.8286347114132866e-08, "repeat": 10, "number": 28638}]}, "support.path.get_parent_paths.time_one_submod_subdir": {"result": [0.005856754025444388], "stats": [{"ci_99": [0.0057905688881874084, 0.007038502022624016], "q_25": 0.0058143113274127245,