{"results": {"api.supers.time_createadd": {"result": [1.068307043518871], "stats": [{"ci_99": [1.0496503105387092, 1.0996325630694628], "q_25": 1.0588080103043467, "q_75": 1.0855530337430537, "min": 1.0496503105387092, "max": 1.0996325630694628, "mean": 1.0720771778374911, "std": 0.016866338899534084, "repeat": 10, "number": 1}]}, "api.supers.time_createadd_to_dataset": {"result": [1.048565300181508], "stats": [{"ci_99": [1.0388391995802522, 1.0823787972331047], "q_25": 1.0435315084178, "q_75": 1.0650542450603098, "min": 1.0388391995802522, "max": 1.0823787972331047, "mean": 1.0549237949773669, "std": 0.014625922651479713, "repeat": 10, "number": 1}]}, "api.supers.time_diff": null, "api.supers.time_diff_recursive": null, "api.supers.time_installr": {"result": [4.0114467814564705], "stats": [{"ci_99": [3.9757929528600835, 4.046464134426478], "q_25": 4.004876557737589, "q_75": 4.0176987673621625, "min": 3.9925247728824615, "max": 4.029095838777721, "mean": 4.011128543643281, "std": 0.013049526597866613, "repeat": 4, "number": 1}]}, "api.supers.time_ls": {"result": [0.11962974583730102], "stats": [{"ci_99": [0.11200738418847322, 0.13371590711176395], "q_25": 0.11756269307807088, "q_75": 0.12230396480299532, "min": 0.11200738418847322, "max": 0.13371590711176395, "mean": 0.12094544619321823, "std": 0.006566478159967054, "repeat": 10, "number": 1}]}, "api.supers.time_ls_recursive": {"result": [1.0834182361140847], "stats": [{"ci_99": [1.0713847624137998, 1.1124010849744081], "q_25": 1.0810198620893061, "q_75": 1.0877354596741498, "min": 1.0713847624137998, "max": 1.1124010849744081, "mean": 1.0848675856366754, "std": 0.01088549330346821, "repeat": 10, "number": 1}]}, "api.supers.time_ls_recursive_long_all": {"result": [1.2439717538654804], "stats": [{"ci_99": [1.231443140655756, 1.2749266205355525], "q_25": 1.2416319099720567, "q_75": 1.2470231424085796, "min": 1.231443140655756, "max": 1.2749266205355525, "mean": 1.2460655845701694, "std": 0.011477358923555541, "repeat": 10, "number": 1}]}, "api.supers.time_remove": {"result": [1.9892894797958434], "stats": [{"ci_99": [1.9818830247968435, 2.0036882450804114], "q_25": 1.9844835326075554, "q_75": 1.9921950709540397, "min": 1.9818830247968435, "max": 2.0036882450804114, "mean": 1.9899767456809059, "std": 0.0066206146184991516, "repeat": 8, "number": 1}]}, "api.supers.time_status": {"result": [0.6912379432469606], "stats": [{"ci_99": [0.6877934522926807, 0.7192458836361766], "q_25": 0.6894763235468417, "q_75": 0.6996866727713495, "min": 0.6877934522926807, "max": 0.7192458836361766, "mean": 0.6966387249529362, "std": 0.010523744302759964, "repeat": 10, "number": 1}]}, "api.supers.time_status_recursive": {"result": [1.1621347540058196], "stats": [{"ci_99": [1.1591177741065621, 1.1754193091765046], "q_25": 1.1599510696250945, "q_75": 1.166057869559154, "min": 1.1591177741065621, "max": 1.1754193091765046, "mean": 1.1638680523261429, "std": 0.004875895614466303, "repeat": 10, "number": 1}]}, "api.supers.time_subdatasets": {"result": [0.06704493425786495], "stats": [{"ci_99": [0.059361180290579796, 0.0734934639185667], "q_25": 0.06153681315481663, "q_75": 0.06965683354064822, "min": 0.059361180290579796, "max": 0.0734934639185667, "mean": 0.06613286733627319, "std": 0.004735849001322763, "repeat": 10, "number": 1}]}, "api.supers.time_subdatasets_recursive": {"result": [0.24953198339790106], "stats": [{"ci_99": [0.23905233852565289, 0.2666506674140692], "q_25": 0.24575923546217382, "q_75": 0.253791521769017, "min": 0.23905233852565289, "max": 0.2666506674140692, "mean": 0.24988005263730884, "std": 0.007826332848807493, "repeat": 10, "number": 1}]}, "api.supers.time_subdatasets_recursive_first": {"result": [0.06560370186343789], "stats": [{"ci_99": [0.060452076606452465, 0.07489095069468021], "q_25": 0.06331525254063308, "q_75": 0.06822056928649545, "min": 0.060452076606452465, "max": 0.07489095069468021, "mean": 0.0662941669113934, "std": 0.004149540119690708, "repeat": 10, "number": 1}]}, "api.supers.time_uninstall": {"result": [1.9530124133452773], "stats": [{"ci_99": [1.9472594633698463, 1.9745700992643833], "q_25": 1.9511859803460538, "q_75": 1.9605617991182953, "min": 1.9472594633698463, "max": 1.9745700992643833, "mean": 1.9565004588803276, "std": 0.008168853775984324, "repeat": 8, "number": 1}]}, "repo.gitrepo.time_get_content_info": {"result": [0.020442144013941288], "stats": [{"ci_99": [0.0170450983569026, 0.02364901453256607], "q_25": 0.018336363369598985, "q_75": 0.02218960109166801, "min": 0.0170450983569026, "max": 0.02364901453256607, "mean": 0.020423905923962593, "std": 0.002262797913707219, "repeat": 10, "number": 1}]}, "api.testds.time_create_test_dataset1": {"result": [0.439154414460063], "stats": [{"ci_99": [0.43196171056479216, 0.4626884236931801], "q_25": 0.43531647976487875, "q_75": 0.44655419373884797, "min": 0.43196171056479216, "max": 0.4626884236931801, "mean": 0.4422858850099146, "std": 0.009506891440633915, "repeat": 10, "number": 1}]}, "api.testds.time_create_test_dataset2x2": {"result": [2.887183356564492], "stats": [{"ci_99": [2.8557606311514974, 2.9010838369651433], "q_25": 2.87444924027659, "q_75": 2.8885697429068387, "min": 2.8557606311514974, "max": 2.894696181640029, "mean": 2.880676655409237, "std": 0.013424924709179987, "repeat": 6, "number": 1}]}, "core.runner.time_echo": {"result": [0.0018430073745548726], "stats": [{"ci_99": [0.0017199110239744186, 0.00223403237760067], "q_25": 0.0017368894536048173, "q_75": 0.0020284687634557486, "min": 0.0017199110239744186, "max": 0.00223403237760067, "mean": 0.0019025018624961375, "std": 0.0001841816747402236, "repeat": 10, "number": 5}]}, "core.runner.time_echo_gitrunner": {"result": [0.0022943909280002117], "stats": [{"ci_99": [0.0021168047562241553, 0.0029149215668439867], "q_25": 0.002129868883639574, "q_75": 0.002653247443959117, "min": 0.0021168047562241553, "max": 0.0029149215668439867, "mean": 0.0023933208733797075, "std": 0.00028758808785227577, "repeat": 10, "number": 5}]}, "core.startup.time_help_np": {"result": [0.57292635506019], "stats": [{"ci_99": [0.537857037037611, 0.6310214782133698], "q_25": 0.5635995732154697, "q_75": 0.5806381804868579, "min": 0.537857037037611, "max": 0.6310214782133698, "mean": 0.5778127766214312, "std": 0.025168855119601603, "repeat": 10, "number": 1}]}, "core.startup.time_import": {"result": [0.16307647433131933], "stats": [{"ci_99": [0.12059518694877625, 0.1954982466995716], "q_25": 0.15080808359198272, "q_75": 0.16841691988520324, "min": 0.12059518694877625, "max": 0.1954982466995716, "mean": 0.16022460712119937, "std": 0.021754961955126814, "repeat": 10, "number": 1}]}, "core.startup.time_import_api": {"result": [0.5104071954265237], "stats": [{"ci_99": [0.4610481793060899, 0.5784981083124876], "q_25": 0.4992905599065125, "q_75": 0.5595953157171607, "min": 0.4610481793060899, "max": 0.5784981083124876, "mean": 0.5231201328337193, "std": 0.03682637732717864, "repeat": 10, "number": 1}]}, "support.path.get_parent_paths.time_allsubmods_toplevel": {"result": [0.007005633087828755], "stats": [{"ci_99": [0.00690431660041213, 0.008272746577858925], "q_25": 0.006992935203015804, "q_75": 0.007383638177998364, "min": 0.00690431660041213, "max": 0.008272746577858925, "mean": 0.007246414106339217, "std": 0.00043204681162660176, "repeat": 10, "number": 2}]}, "support.path.get_parent_paths.time_allsubmods_toplevel_only": {"result": [0.006255862070247531], "stats": [{"ci_99": [0.006196573842316866, 0.0063425106927752495], "q_25": 0.006250820122659206, "q_75": 0.0062627969309687614, "min": 0.006196573842316866, "max": 0.0063425106927752495, "mean": 0.006264261528849601, "std": 3.8553750908301774e-05, "repeat": 10, "number": 2}]}, "support.path.get_parent_paths.time_no_submods": {"result": [2.725804901374385e-07], "stats": [{"ci_99": [2.722866246162549e-07, 2.7809701295155935e-07], "q_25": 2.7241288436821737e-07, "q_75": 2.732676201639995e-07, "min": 2.722866246162549e-07, "max": 2.7809701295155935e-07,