{"results": {"api.supers.time_createadd": {"result": [1.2642378825694323], "stats": [{"ci_99": [1.2512767650187016, 1.2804281171411276], "q_25": 1.258412754163146, "q_75": 1.27387036383152, "min": 1.2512767650187016, "max": 1.2804281171411276, "mean": 1.2651676376350225, "std": 0.00970541440740783, "repeat": 10, "number": 1}]}, "api.supers.time_createadd_to_dataset": {"result": [1.2063953592441976], "stats": [{"ci_99": [1.1964855780825019, 1.2547225188463926], "q_25": 1.202311541652307, "q_75": 1.2171725297812372, "min": 1.1964855780825019, "max": 1.2547225188463926, "mean": 1.2130262600257993, "std": 0.016918748224833587, "repeat": 10, "number": 1}]}, "api.supers.time_diff": null, "api.supers.time_diff_recursive": null, "api.supers.time_installr": {"result": [5.441256498452276], "stats": [{"ci_99": [4.856231671292335, 6.026281325612217], "q_25": 5.435406250180677, "q_75": 5.447106746723875, "min": 5.429556001909077, "max": 5.452956994995475, "mean": 5.441256498452276, "std": 0.011700496543198824, "repeat": 2, "number": 1}]}, "api.supers.time_ls": {"result": [0.19461714895442128], "stats": [{"ci_99": [0.18371325079351664, 0.2063716808333993], "q_25": 0.18596989498473704, "q_75": 0.2006874647922814, "min": 0.18371325079351664, "max": 0.2063716808333993, "mean": 0.19380756579339503, "std": 0.007710922850002864, "repeat": 10, "number": 1}]}, "api.supers.time_ls_recursive": {"result": [1.8763889544643462], "stats": [{"ci_99": [1.8591413851827383, 1.9193241577595472], "q_25": 1.8679616507142782, "q_75": 1.8841165404301137, "min": 1.8591413851827383, "max": 1.9193241577595472, "mean": 1.8789793082512916, "std": 0.017438453916509104, "repeat": 10, "number": 1}]}, "api.supers.time_ls_recursive_long_all": {"result": [2.0456234076991677], "stats": [{"ci_99": [2.0245768055319786, 2.053259564563632], "q_25": 2.0341757170390338, "q_75": 2.0479568687733263, "min": 2.0245768055319786, "max": 2.053259564563632, "mean": 2.0416215579025447, "std": 0.00912312801515064, "repeat": 8, "number": 1}]}, "api.supers.time_remove": null, "api.supers.time_status": {"result": [0.7362223076634109], "stats": [{"ci_99": [0.7296777684241533, 0.742830510251224], "q_25": 0.7353360822889954, "q_75": 0.7378075437154621, "min": 0.7296777684241533, "max": 0.742830510251224, "mean": 0.7364043771289289, "std": 0.003627867240789149, "repeat": 10, "number": 1}]}, "api.supers.time_status_recursive": {"result": [1.3884286978282034], "stats": [{"ci_99": [1.3616476589813828, 1.434911816380918], "q_25": 1.3812899249605834, "q_75": 1.406641272129491, "min": 1.3616476589813828, "max": 1.434911816380918, "mean": 1.3931831301189959, "std": 0.021040366414828718, "repeat": 10, "number": 1}]}, "api.supers.time_subdatasets": {"result": [0.10909771826118231], "stats": [{"ci_99": [0.10631465166807175, 0.11225594766438007], "q_25": 0.10664603509940207, "q_75": 0.1098608453758061, "min": 0.10631465166807175, "max": 0.11225594766438007, "mean": 0.1088214642368257, "std": 0.0020676263736024753, "repeat": 10, "number": 1}]}, "api.supers.time_subdatasets_recursive": {"result": [0.4400105578824878], "stats": [{"ci_99": [0.4353458024561405, 0.44658363703638315], "q_25": 0.4362836889922619, "q_75": 0.44342976971529424, "min": 0.4353458024561405, "max": 0.44658363703638315, "mean": 0.44026518128812314, "std": 0.004010927328163899, "repeat": 10, "number": 1}]}, "api.supers.time_subdatasets_recursive_first": {"result": [0.10934012290090322], "stats": [{"ci_99": [0.10550251789391041, 0.13730880804359913], "q_25": 0.10713171144016087, "q_75": 0.11027786205522716, "min": 0.10550251789391041, "max": 0.13730880804359913, "mean": 0.11146031571552158, "std": 0.008803977477756027, "repeat": 10, "number": 1}]}, "api.supers.time_uninstall": {"result": [4.065229503903538], "stats": [{"ci_99": [4.028843673497745, 4.1135439867225205], "q_25": 4.060311330715194, "q_75": 4.076112003298476, "min": 4.055733999237418, "max": 4.098582313396037, "mean": 4.071193830110133, "std": 0.016456749854913813, "repeat": 4, "number": 1}]}, "repo.gitrepo.time_get_content_info": {"result": [0.014620565809309483], "stats": [{"ci_99": [0.014061651192605495, 0.017468790523707867], "q_25": 0.014427474699914455, "q_75": 0.014729844406247139, "min": 0.014061651192605495, "max": 0.017468790523707867, "mean": 0.015029833558946848, "std": 0.0011222838653786957, "repeat": 10, "number": 1}]}, "api.testds.time_create_test_dataset1": {"result": [0.5967026203870773], "stats": [{"ci_99": [0.5883911177515984, 0.6130566066130996], "q_25": 0.5930199937429279, "q_75": 0.6052431438583881, "min": 0.5883911177515984, "max": 0.6130566066130996, "mean": 0.5989007047377527, "std": 0.007569830442649332, "repeat": 10, "number": 1}]}, "api.testds.time_create_test_dataset2x2": {"result": [3.5460350117646158], "stats": [{"ci_99": [3.435111011387497, 3.692441580342412], "q_25": 3.5345570724457502, "q_75": 3.57525423518382, "min": 3.514548161998391, "max": 3.6484869979321957, "mean": 3.5637762958649546, "std": 0.05068298056963816, "repeat": 4, "number": 1}]}, "core.runner.time_echo": {"result": [0.001717805008714398], "stats": [{"ci_99": [0.0017011955690880616, 0.0018118925703068574], "q_25": 0.0017133383856465418, "q_75": 0.001722489483654499, "min": 0.0017011955690880616, "max": 0.0018118925703068574, "mean": 0.0017268933045367402, "std": 2.982077622408572e-05, "repeat": 10, "number": 6}]}, "core.runner.time_echo_gitrunner": {"result": [0.0027165162609890103], "stats": [{"ci_99": [0.0024516619741916656, 0.003080580150708556], "q_25": 0.002542841888498515, "q_75": 0.0028354779933579266, "min": 0.0024516619741916656, "max": 0.003080580150708556, "mean": 0.00271743549965322, "std": 0.00019331735555079405, "repeat": 10, "number": 4}]}, "core.startup.time_help_np": {"result": [0.5732843293808401], "stats": [{"ci_99": [0.5491372710093856, 0.6239284910261631], "q_25": 0.569313035113737, "q_75": 0.6188675030134618, "min": 0.5491372710093856, "max": 0.6239284910261631, "mean": 0.5874161077663302, "std": 0.027785548592868456, "repeat": 10, "number": 1}]}, "core.startup.time_import": {"result": [0.1595823303796351], "stats": [{"ci_99": [0.14641158655285835, 0.20387659221887589], "q_25": 0.15751732629723847, "q_75": 0.1750009588431567, "min": 0.14641158655285835, "max": 0.20387659221887589, "mean": 0.16790974661707878, "std": 0.018338296431653144, "repeat": 10, "number": 1}]}, "core.startup.time_import_api": {"result": [0.5190958539023995], "stats": [{"ci_99": [0.451795912347734, 0.5550544699653983], "q_25": 0.495976957725361, "q_75": 0.526494880206883, "min": 0.451795912347734, "max": 0.5550544699653983, "mean": 0.5118209936656057, "std": 0.028222862892506546, "repeat": 10, "number": 1}]}, "support.path.get_parent_paths.time_allsubmods_toplevel": {"result": [0.007115368731319904], "stats": [{"ci_99": [0.006727783475071192, 0.008679381106048822], "q_25": 0.006863286718726158, "q_75": 0.007594999158754945, "min": 0.006727783475071192, "max": 0.008679381106048822, "mean": 0.007333973934873938, "std": 0.0006091934946256208, "repeat": 10, "number": 2}]}, "support.path.get_parent_paths.time_allsubmods_toplevel_only": {"result": [0.006832153303548694], "stats": [{"ci_99": [0.00599872600287199, 0.008003871422261], "q_25": 0.006478013237938285, "q_75": 0.007189769996330142, "min": 0.00599872600287199, "max": 0.008003871422261, "mean": 0.006880642520263791, "std": 0.0005559712080311319, "repeat": 10, "number": 2}]}, "support.path.get_parent_paths.time_no_submods": {"result": [2.8267716821402165e-07], "stats": [{"ci_99": [2.71835250829919e-07, 3.4842533004732246e-07], "q_25": 2.7264588357928985e-07, "q_75": 3.15391719586788e-07, "min": 2.71835250829919e-07, "max": 3.4842533004732246e-07, "mean": 2.956917285801049e-07, "std": 2.6940932540725976e-08, "repeat": 10, "number": 40362}]}, "support.path.get_parent_paths.time_one_submod_subdir": {"result": [0.006238725734874606], "stats": [{"ci_99": [0.005646783392876387, 0.006953466217964888], "q_25": 0.005979309207759798, "q_75": 0.006546791875734925,