{"results": {"api.supers.time_createadd": {"result": [0.996359224896878], "stats": [{"ci_99": [0.979821958579123, 1.0093555822968483], "q_25": 0.9897215915843844, "q_75": 1.0028809616342187, "min": 0.979821958579123, "max": 1.0093555822968483, "mean": 0.9953837763518095, "std": 0.009596009470910523, "repeat": 10, "number": 1}]}, "api.supers.time_createadd_to_dataset": {"result": [0.8329691295512021], "stats": [{"ci_99": [0.8110099686309695, 0.8668990591540933], "q_25": 0.822733148233965, "q_75": 0.8464642290491611, "min": 0.8110099686309695, "max": 0.8668990591540933, "mean": 0.8349206266924739, "std": 0.016410299413072323, "repeat": 10, "number": 1}]}, "api.supers.time_diff": null, "api.supers.time_diff_recursive": null, "api.supers.time_installr": {"result": [3.80012767855078], "stats": [{"ci_99": [3.742419406961732, 3.857626255411573], "q_25": 3.786114507820457, "q_75": 3.814036001916975, "min": 3.7726959511637688, "max": 3.8271400164812803, "mean": 3.800022831186652, "std": 0.02039704298805787, "repeat": 4, "number": 1}]}, "api.supers.time_ls": {"result": [0.6895790980197489], "stats": [{"ci_99": [0.6845400603488088, 0.7008365914225578], "q_25": 0.6867702396120876, "q_75": 0.6963067452888936, "min": 0.6845400603488088, "max": 0.7008365914225578, "mean": 0.6913396155461669, "std": 0.005858094701097124, "repeat": 10, "number": 1}]}, "api.supers.time_ls_recursive": {"result": [2.599598000757396], "stats": [{"ci_99": [2.588158699683845, 2.611989326898212], "q_25": 2.5988222807645798, "q_75": 2.606190578546375, "min": 2.588158699683845, "max": 2.610297572799027, "mean": 2.600767347651223, "std": 0.007216558934396622, "repeat": 6, "number": 1}]}, "api.supers.time_ls_recursive_long_all": {"result": [2.752002926543355], "stats": [{"ci_99": [2.7402079935667976, 2.77190397772938], "q_25": 2.750043026637286, "q_75": 2.7550203690771013, "min": 2.7404963821172714, "max": 2.77190397772938, "mean": 2.7536370204761624, "std": 0.009437353955758888, "repeat": 6, "number": 1}]}, "api.supers.time_remove": {"result": [2.059509585611522], "stats": [{"ci_99": [2.0490603586658835, 2.0654216846451163], "q_25": 2.0588370428886265, "q_75": 2.06034797267057, "min": 2.0490603586658835, "max": 2.0654216846451163, "mean": 2.0589481440838426, "std": 0.0043680092006573, "repeat": 8, "number": 1}]}, "api.supers.time_status": {"result": [0.6876876689493656], "stats": [{"ci_99": [0.6771213123574853, 0.7337689260020852], "q_25": 0.6821333842817694, "q_75": 0.7063881431240588, "min": 0.6771213123574853, "max": 0.7337689260020852, "mean": 0.6957088012248278, "std": 0.018616764238316402, "repeat": 10, "number": 1}]}, "api.supers.time_status_recursive": {"result": [1.1602788320742548], "stats": [{"ci_99": [1.1323549011722207, 1.1860656142234802], "q_25": 1.1396997855044901, "q_75": 1.180338952690363, "min": 1.1323549011722207, "max": 1.1860656142234802, "mean": 1.1600649229250848, "std": 0.021189833950876417, "repeat": 10, "number": 1}]}, "api.supers.time_subdatasets": {"result": [0.04897842975333333], "stats": [{"ci_99": [0.04500899277627468, 0.054872870445251465], "q_25": 0.04554616054520011, "q_75": 0.05349612678401172, "min": 0.04500899277627468, "max": 0.054872870445251465, "mean": 0.04950227560475469, "std": 0.00394857597945948, "repeat": 10, "number": 1}]}, "api.supers.time_subdatasets_recursive": {"result": [0.11928484635427594], "stats": [{"ci_99": [0.11612468026578426, 0.12757876235991716], "q_25": 0.11861094320192933, "q_75": 0.11965697538107634, "min": 0.11612468026578426, "max": 0.12757876235991716, "mean": 0.1200953814201057, "std": 0.003333947685546708, "repeat": 10, "number": 1}]}, "api.supers.time_subdatasets_recursive_first": {"result": [0.050670578610152006], "stats": [{"ci_99": [0.04567446559667587, 0.061156969517469406], "q_25": 0.04632883192971349, "q_75": 0.05311630526557565, "min": 0.04567446559667587, "max": 0.061156969517469406, "mean": 0.050892429612576964, "std": 0.004879440876278936, "repeat": 10, "number": 1}]}, "api.supers.time_uninstall": {"result": [2.177980744279921], "stats": [{"ci_99": [2.1267844131216407, 2.2547076120972633], "q_25": 2.1342033268883824, "q_75": 2.2250450141727924, "min": 2.1267844131216407, "max": 2.2547076120972633, "mean": 2.183110428857617, "std": 0.05105026749646027, "repeat": 8, "number": 1}]}, "repo.gitrepo.time_get_content_info": {"result": [0.020812179893255234], "stats": [{"ci_99": [0.014932213351130486, 0.024479269981384277], "q_25": 0.018586324527859688, "q_75": 0.023170247208327055, "min": 0.014932213351130486, "max": 0.024479269981384277, "mean": 0.020590521022677423, "std": 0.0030218112983679546, "repeat": 10, "number": 1}]}, "api.testds.time_create_test_dataset1": {"result": [0.44789054011926055], "stats": [{"ci_99": [0.433447889983654, 0.4673523623496294], "q_25": 0.44117610971443355, "q_75": 0.46104981773532927, "min": 0.433447889983654, "max": 0.4673523623496294, "mean": 0.4504819662310183, "std": 0.01138338015941023, "repeat": 10, "number": 1}]}, "api.testds.time_create_test_dataset2x2": {"result": [2.7787715098820627], "stats": [{"ci_99": [2.7387567172374063, 2.837361977380938], "q_25": 2.7654360746964812, "q_75": 2.811729957582429, "min": 2.753355795517564, "max": 2.8337502321228385, "mean": 2.788059347309172, "std": 0.02950777518011401, "repeat": 6, "number": 1}]}, "core.runner.time_echo": {"result": [0.0018899599090218544], "stats": [{"ci_99": [0.0017333211377263068, 0.0022648459300398825], "q_25": 0.001740626245737076, "q_75": 0.0021222670562565326, "min": 0.0017333211377263068, "max": 0.0022648459300398825, "mean": 0.00193610243499279, "std": 0.0002050927135982992, "repeat": 10, "number": 5}]}, "core.runner.time_echo_gitrunner": {"result": [0.0022507045418024064], "stats": [{"ci_99": [0.002131318859755993, 0.0029264910146594046], "q_25": 0.0021366887725889684, "q_75": 0.002426471188664436, "min": 0.002131318859755993, "max": 0.0029264910146594046, "mean": 0.002333060633391142, "std": 0.00024668110805189713, "repeat": 10, "number": 5}]}, "core.startup.time_help_np": {"result": [0.5703196781687438], "stats": [{"ci_99": [0.514834794215858, 0.640950427390635], "q_25": 0.5563319318462163, "q_75": 0.6061661883722991, "min": 0.514834794215858, "max": 0.640950427390635, "mean": 0.5790943994186819, "std": 0.0376478813429105, "repeat": 10, "number": 1}]}, "core.startup.time_import": {"result": [0.15804047277197242], "stats": [{"ci_99": [0.11348836030811071, 0.17516060825437307], "q_25": 0.15136916772462428, "q_75": 0.16516924649477005, "min": 0.11348836030811071, "max": 0.17516060825437307, "mean": 0.15212001726031305, "std": 0.019501173278126782, "repeat": 10, "number": 1}]}, "core.startup.time_import_api": {"result": [0.5166222169063985], "stats": [{"ci_99": [0.45455202274024487, 0.5499245850369334], "q_25": 0.5019897492602468, "q_75": 0.5199211076833308, "min": 0.45455202274024487, "max": 0.5499245850369334, "mean": 0.5119284546002746, "std": 0.024710352317224422, "repeat": 10, "number": 1}]}, "support.path.get_parent_paths.time_allsubmods_toplevel": null, "support.path.get_parent_paths.time_allsubmods_toplevel_only": null, "support.path.get_parent_paths.time_no_submods": null, "support.path.get_parent_paths.time_one_submod_subdir": null, "support.path.get_parent_paths.time_one_submod_toplevel": null, "usecases.study_forrest.time_make_studyforrest_mockup": {"result": [29.754627387039363], "stats": [{"ci_99": [26.845510334707797, 32.66374443937093], "q_25": 29.725536216516048, "q_75": 29.78371855756268, "min": 29.696445045992732, "max": 29.812809728085995, "mean": 29.754627387039363, "std": 0.058182341046631336, "repeat": 2, "number": 1}]}, "core.runner.track_overhead_100ms": 2.36, "core.runner.track_overhead_echo": 36.39, "core.runner.track_overhead_heavyout": -9.29, "core.runner.track_overhead_heavyout_online_process": 23.0, "core.runner.track_overhead_heavyout_online_through": 40.62}, "params": {"arch": "x86_64", "cpu": "Intel(R) Xeon(R) CPU E5-1607 v2 @ 3.00GHz", "machine": "drogon-neurodebian0.20200209.1",