{"results": {"api.supers.time_createadd": {"result": [0.9842231855727732], "stats": [{"ci_99": [0.969068837352097, 1.0040822448208928], "q_25": 0.9769766635727137, "q_75": 0.9886798555962741, "min": 0.969068837352097, "max": 1.0040822448208928, "mean": 0.9835621190257371, "std": 0.009695205208088328, "repeat": 10, "number": 1}]}, "api.supers.time_createadd_to_dataset": {"result": [0.9939132840372622], "stats": [{"ci_99": [0.9721390837803483, 1.0229014558717608], "q_25": 0.9800547151826322, "q_75": 0.9989373118150979, "min": 0.9721390837803483, "max": 1.0229014558717608, "mean": 0.9922678787261248, "std": 0.015330487598150894, "repeat": 10, "number": 1}]}, "api.supers.time_diff": null, "api.supers.time_diff_recursive": null, "api.supers.time_installr": {"result": [4.0978457080200315], "stats": [{"ci_99": [4.036314508406481, 4.160450815694371], "q_25": 4.079245016677305, "q_75": 4.116983353393152, "min": 4.073911993764341, "max": 4.1239272383973, "mean": 4.098382662050426, "std": 0.0213186739205288, "repeat": 4, "number": 1}]}, "api.supers.time_ls": {"result": [0.11964484443888068], "stats": [{"ci_99": [0.1142447805032134, 0.12428901996463537], "q_25": 0.11640063277445734, "q_75": 0.12080602627247572, "min": 0.1142447805032134, "max": 0.12428901996463537, "mean": 0.11879084818065166, "std": 0.003047892475760673, "repeat": 10, "number": 1}]}, "api.supers.time_ls_recursive": {"result": [1.0693254508078098], "stats": [{"ci_99": [1.05928894598037, 1.0854993341490626], "q_25": 1.0659872610121965, "q_75": 1.074183963937685, "min": 1.05928894598037, "max": 1.0854993341490626, "mean": 1.0697982244193553, "std": 0.007491934136699119, "repeat": 10, "number": 1}]}, "api.supers.time_ls_recursive_long_all": {"result": [1.224892077036202], "stats": [{"ci_99": [1.2172211585566401, 1.2472790209576488], "q_25": 1.2198167233727872, "q_75": 1.2284195800311863, "min": 1.2172211585566401, "max": 1.2472790209576488, "mean": 1.2266424709931016, "std": 0.008730780948339291, "repeat": 10, "number": 1}]}, "api.supers.time_remove": {"result": [2.084295073058456], "stats": [{"ci_99": [2.014620036818087, 2.1362831192091107], "q_25": 2.0207883429247886, "q_75": 2.13328994018957, "min": 2.014620036818087, "max": 2.1362831192091107, "mean": 2.0785493217408657, "std": 0.052594161622111, "repeat": 8, "number": 1}]}, "api.supers.time_status": {"result": [0.7014810862019658], "stats": [{"ci_99": [0.6790019227191806, 0.7259833784773946], "q_25": 0.6841075646225363, "q_75": 0.7223790257703513, "min": 0.6790019227191806, "max": 0.7259833784773946, "mean": 0.7024807894602418, "std": 0.019101299391183046, "repeat": 10, "number": 1}]}, "api.supers.time_status_recursive": {"result": [1.1636680862866342], "stats": [{"ci_99": [1.1313460106030107, 1.2058133650571108], "q_25": 1.1364398743025959, "q_75": 1.1957519105635583, "min": 1.1313460106030107, "max": 1.2058133650571108, "mean": 1.1664335537701844, "std": 0.03058854650910035, "repeat": 10, "number": 1}]}, "api.supers.time_subdatasets": {"result": [0.06800408894196153], "stats": [{"ci_99": [0.06216367054730654, 0.09646396338939667], "q_25": 0.0659233306068927, "q_75": 0.07340791262686253, "min": 0.06216367054730654, "max": 0.09646396338939667, "mean": 0.07110332939773797, "std": 0.009616358565300413, "repeat": 10, "number": 1}]}, "api.supers.time_subdatasets_recursive": {"result": [0.24946771562099457], "stats": [{"ci_99": [0.23945887479931116, 0.25892538856714964], "q_25": 0.2434725125785917, "q_75": 0.2530960647854954, "min": 0.23945887479931116, "max": 0.25892538856714964, "mean": 0.2486408189870417, "std": 0.006064042553490015, "repeat": 10, "number": 1}]}, "api.supers.time_subdatasets_recursive_first": {"result": [0.06535500660538673], "stats": [{"ci_99": [0.06147839967161417, 0.07531432062387466], "q_25": 0.06244755117222667, "q_75": 0.06957439053803682, "min": 0.06147839967161417, "max": 0.07531432062387466, "mean": 0.06634452138096095, "std": 0.004380890781804689, "repeat": 10, "number": 1}]}, "api.supers.time_uninstall": {"result": [2.011660253163427], "stats": [{"ci_99": [1.9612022871151567, 2.0824676463380456], "q_25": 1.971472964156419, "q_75": 2.0531263509765267, "min": 1.9612022871151567, "max": 2.0824676463380456, "mean": 2.0141882427269593, "std": 0.046639998432243104, "repeat": 8, "number": 1}]}, "repo.gitrepo.time_get_content_info": {"result": [0.01582337962463498], "stats": [{"ci_99": [0.014821203425526619, 0.022977599874138832], "q_25": 0.01503009838052094, "q_75": 0.02104683523066342, "min": 0.014821203425526619, "max": 0.022977599874138832, "mean": 0.017834171559661625, "std": 0.0032360550432055956, "repeat": 10, "number": 1}]}, "api.testds.time_create_test_dataset1": {"result": [0.44948998000472784], "stats": [{"ci_99": [0.433853218331933, 0.4583513541147113], "q_25": 0.4424390553031117, "q_75": 0.4515873237978667, "min": 0.433853218331933, "max": 0.4583513541147113, "mean": 0.4473795645870268, "std": 0.007016982079005374, "repeat": 10, "number": 1}]}, "api.testds.time_create_test_dataset2x2": {"result": [2.775004521943629], "stats": [{"ci_99": [2.7606391925364733, 2.7885242046854692], "q_25": 2.7727819948922843, "q_75": 2.7803475924301893, "min": 2.7606391925364733, "max": 2.788094451650977, "mean": 2.775485409423709, "std": 0.008496326120120076, "repeat": 6, "number": 1}]}, "core.runner.time_echo": {"result": [0.0017447416515400012], "stats": [{"ci_99": [0.0017238132034738858, 0.002006366072843472], "q_25": 0.0017313662295540173, "q_75": 0.001781477398859958, "min": 0.0017238132034738858, "max": 0.002006366072843472, "mean": 0.0017933142371475697, "std": 9.796527488771673e-05, "repeat": 10, "number": 6}]}, "core.runner.time_echo_gitrunner": {"result": [0.002677493030205369], "stats": [{"ci_99": [0.0023456993512809277, 0.0029921738896518946], "q_25": 0.0024241595529019833, "q_75": 0.0027293223538435996, "min": 0.0023456993512809277, "max": 0.0029921738896518946, "mean": 0.0026163391303271055, "std": 0.00019738282456166443, "repeat": 10, "number": 4}]}, "core.startup.time_help_np": {"result": [0.5764393266290426], "stats": [{"ci_99": [0.5175159554928541, 0.6295814793556929], "q_25": 0.5660391123965383, "q_75": 0.6144832000136375, "min": 0.5175159554928541, "max": 0.6295814793556929, "mean": 0.5807026547379792, "std": 0.036511130517244014, "repeat": 10, "number": 1}]}, "core.startup.time_import": {"result": [0.16641937801614404], "stats": [{"ci_99": [0.13829325139522552, 0.21252703852951527], "q_25": 0.16157247498631477, "q_75": 0.19884436926804483, "min": 0.13829325139522552, "max": 0.21252703852951527, "mean": 0.17628502566367388, "std": 0.024335788558285464, "repeat": 10, "number": 1}]}, "core.startup.time_import_api": {"result": [0.5151212201453745], "stats": [{"ci_99": [0.45094090700149536, 0.547635255381465], "q_25": 0.5029758489690721, "q_75": 0.534102515084669, "min": 0.45094090700149536, "max": 0.547635255381465, "mean": 0.5134677403606475, "std": 0.026257105645411016, "repeat": 10, "number": 1}]}, "support.path.get_parent_paths.time_allsubmods_toplevel": null, "support.path.get_parent_paths.time_allsubmods_toplevel_only": null, "support.path.get_parent_paths.time_no_submods": null, "support.path.get_parent_paths.time_one_submod_subdir": null, "support.path.get_parent_paths.time_one_submod_toplevel": null, "usecases.study_forrest.time_make_studyforrest_mockup": {"result": [26.98012144677341], "stats": [{"ci_99": [26.622234251350164, 27.338008642196655], "q_25": 26.976542574819177, "q_75": 26.983700318727642, "min": 26.972963702864945, "max": 26.987279190681875, "mean": 26.98012144677341, "std": 0.007157743908464909, "repeat": 2, "number": 1}]}, "core.runner.track_overhead_100ms": 1.83, "core.runner.track_overhead_echo": 28.71, "core.runner.track_overhead_heavyout": 10.21, "core.runner.track_overhead_heavyout_online_process": 6.79, "core.runner.track_overhead_heavyout_online_through": 39.43}, "params": {"arch": "x86_64", "cpu": "Intel(R) Xeon(R) CPU E5-1607 v2 @ 3.00GHz",