{"results": {"api.supers.time_createadd": {"result": [1.3631986770778894], "stats": [{"ci_99": [1.3352108811959624, 1.3918620618060231], "q_25": 1.348350246436894, "q_75": 1.374523101374507, "min": 1.3352108811959624, "max": 1.3918620618060231, "mean": 1.3620158206671475, "std": 0.01688630272975945, "repeat": 10, "number": 1}]}, "api.supers.time_createadd_to_dataset": {"result": [1.1183445919305086], "stats": [{"ci_99": [1.0899914484471083, 1.1575196394696832], "q_25": 1.1006645187735558, "q_75": 1.121345448307693, "min": 1.0899914484471083, "max": 1.1575196394696832, "mean": 1.1148065272718668, "std": 0.01855271245856819, "repeat": 10, "number": 1}]}, "api.supers.time_diff": {"result": [0.10187423974275589], "stats": [{"ci_99": [0.09504250064492226, 0.11599552165716887], "q_25": 0.09852168173529208, "q_75": 0.10516450717113912, "min": 0.09504250064492226, "max": 0.11599552165716887, "mean": 0.10274846544489265, "std": 0.0058360924888033894, "repeat": 10, "number": 1}]}, "api.supers.time_diff_recursive": {"result": [0.30192999402061105], "stats": [{"ci_99": [0.2930479785427451, 0.3187162969261408], "q_25": 0.29841854772530496, "q_75": 0.30328141804784536, "min": 0.2930479785427451, "max": 0.3187162969261408, "mean": 0.3029671208932996, "std": 0.0071577276981461, "repeat": 10, "number": 1}]}, "api.supers.time_installr": {"result": [3.7910368451848626], "stats": [{"ci_99": [3.7518338152947637, 3.8322191688423244], "q_25": 3.7839649906381965, "q_75": 3.79909834661521, "min": 3.772374888882041, "max": 3.81365738902241, "mean": 3.792026492068544, "std": 0.014803958880791862, "repeat": 4, "number": 1}]}, "api.supers.time_ls": {"result": [0.6935373884625733], "stats": [{"ci_99": [0.687875715084374, 0.7007893612608314], "q_25": 0.691091364948079, "q_75": 0.6953008419368416, "min": 0.687875715084374, "max": 0.7007893612608314, "mean": 0.6935422548092902, "std": 0.003573147696576957, "repeat": 10, "number": 1}]}, "api.supers.time_ls_recursive": {"result": [2.6124978959560394], "stats": [{"ci_99": [2.6054088124169574, 2.6281968876719475], "q_25": 2.610132326837629, "q_75": 2.615655225235969, "min": 2.6088182646781206, "max": 2.6281968876719475, "mean": 2.614677069398264, "std": 0.006548928390743873, "repeat": 6, "number": 1}]}, "api.supers.time_ls_recursive_long_all": {"result": [2.7797836009413004], "stats": [{"ci_99": [2.76480571358091, 2.8041782723739743], "q_25": 2.77538847271353, "q_75": 2.7872794452123344, "min": 2.7686943616718054, "max": 2.8041782723739743, "mean": 2.782690220978111, "std": 0.011496526296234816, "repeat": 6, "number": 1}]}, "api.supers.time_remove": {"result": [2.0927419643849134], "stats": [{"ci_99": [2.0506919706240296, 2.0997480675578117], "q_25": 2.070624459069222, "q_75": 2.097261733142659, "min": 2.0506919706240296, "max": 2.0997480675578117, "mean": 2.083098225761205, "std": 0.017879643597002108, "repeat": 8, "number": 1}]}, "api.supers.time_status": {"result": [0.6890168339014053], "stats": [{"ci_99": [0.6854078732430935, 0.6921722115948796], "q_25": 0.687089353101328, "q_75": 0.690237493487075, "min": 0.6854078732430935, "max": 0.6921722115948796, "mean": 0.6887527057901025, "std": 0.002140505161315338, "repeat": 10, "number": 1}]}, "api.supers.time_status_recursive": {"result": [1.1490229917690158], "stats": [{"ci_99": [1.1373892677947879, 1.1665781261399388], "q_25": 1.1453747560735792, "q_75": 1.1580310377757996, "min": 1.1373892677947879, "max": 1.1665781261399388, "mean": 1.1507788023911416, "std": 0.00876642206729021, "repeat": 10, "number": 1}]}, "api.supers.time_subdatasets": {"result": [0.04768506018444896], "stats": [{"ci_99": [0.04507352411746979, 0.05393656436353922], "q_25": 0.04571993066929281, "q_75": 0.04926309850998223, "min": 0.04507352411746979, "max": 0.05393656436353922, "mean": 0.04819993721321225, "std": 0.0029586416641929603, "repeat": 10, "number": 1}]}, "api.supers.time_subdatasets_recursive": {"result": [0.1207932410761714], "stats": [{"ci_99": [0.11483648885041475, 0.1272957632318139], "q_25": 0.11846946529112756, "q_75": 0.12306498596444726, "min": 0.11483648885041475, "max": 0.1272957632318139, "mean": 0.12077064728364348, "std": 0.0037928322913057116, "repeat": 10, "number": 1}]}, "api.supers.time_subdatasets_recursive_first": {"result": [0.049413143657147884], "stats": [{"ci_99": [0.045746149495244026, 0.05640621669590473], "q_25": 0.0468691335991025, "q_75": 0.05364312510937452, "min": 0.045746149495244026, "max": 0.05640621669590473, "mean": 0.05043640527874231, "std": 0.003979859387910635, "repeat": 10, "number": 1}]}, "api.supers.time_uninstall": {"result": [2.193944328930229], "stats": [{"ci_99": [2.134953727014363, 2.245956040918827], "q_25": 2.146517235552892, "q_75": 2.2288152971304953, "min": 2.134953727014363, "max": 2.245956040918827, "mean": 2.189963958808221, "std": 0.0447826113691313, "repeat": 8, "number": 1}]}, "repo.gitrepo.time_get_content_info": {"result": [0.01981209684163332], "stats": [{"ci_99": [0.015572799369692802, 0.024423379451036453], "q_25": 0.017889261711388826, "q_75": 0.02119092014618218, "min": 0.015572799369692802, "max": 0.024423379451036453, "mean": 0.019663489330559968, "std": 0.0025176346067006254, "repeat": 10, "number": 1}]}, "api.testds.time_create_test_dataset1": {"result": [0.4453141372650862], "stats": [{"ci_99": [0.43223771546036005, 0.47718680277466774], "q_25": 0.4351111731957644, "q_75": 0.44893234642222524, "min": 0.43223771546036005, "max": 0.47718680277466774, "mean": 0.44654232952743766, "std": 0.013743218775567452, "repeat": 10, "number": 1}]}, "api.testds.time_create_test_dataset2x2": {"result": [2.819177712313831], "stats": [{"ci_99": [2.746292263496824, 2.8877466573279027], "q_25": 2.779146126238629, "q_75": 2.8481042510829866, "min": 2.7660380471497774, "max": 2.874174595810473, "mean": 2.817019460412363, "std": 0.04100903534072893, "repeat": 6, "number": 1}]}, "core.runner.time_echo": {"result": [0.001730145188048482], "stats": [{"ci_99": [0.0017182536733647187, 0.0029193894006311893], "q_25": 0.0017267868776495259, "q_75": 0.001747703063301742, "min": 0.0017182536733647187, "max": 0.0029193894006311893, "mean": 0.001853694471841057, "std": 0.0003555317811640907, "repeat": 10, "number": 6}]}, "core.runner.time_echo_gitrunner": {"result": [0.00234464171808213], "stats": [{"ci_99": [0.0021189916878938675, 0.002935192547738552], "q_25": 0.002134119684342295, "q_75": 0.002639886341057718, "min": 0.0021189916878938675, "max": 0.002935192547738552, "mean": 0.002418022393248975, "std": 0.00030349455456175363, "repeat": 10, "number": 4}]}, "core.startup.time_help_np": {"result": [0.5299248527735472], "stats": [{"ci_99": [0.5197885502129793, 0.6424906179308891], "q_25": 0.5226535843685269, "q_75": 0.5845013102516532, "min": 0.5197885502129793, "max": 0.6424906179308891, "mean": 0.5546940012834967, "std": 0.041231064949989765, "repeat": 10, "number": 1}]}, "core.startup.time_import": {"result": [0.11481924774125218], "stats": [{"ci_99": [0.11225276906043291, 0.12462832126766443], "q_25": 0.11407525697723031, "q_75": 0.11829301482066512, "min": 0.11225276906043291, "max": 0.12462832126766443, "mean": 0.11661949930712581, "std": 0.0038494068192340388, "repeat": 10, "number": 1}]}, "core.startup.time_import_api": {"result": [0.516801442950964], "stats": [{"ci_99": [0.45075538102537394, 0.5671148784458637], "q_25": 0.47035974031314254, "q_75": 0.5380811712238938, "min": 0.45075538102537394, "max": 0.5671148784458637, "mean": 0.5095787892118097, "std": 0.03992748002614969, "repeat": 10, "number": 1}]}, "support.path.get_parent_paths.time_allsubmods_toplevel": null, "support.path.get_parent_paths.time_allsubmods_toplevel_only": null, "support.path.get_parent_paths.time_no_submods": null, "support.path.get_parent_paths.time_one_submod_subdir": null, "support.path.get_parent_paths.time_one_submod_toplevel": null, "usecases.study_forrest.time_make_studyforrest_mockup": {"result": [35.63965775957331],