{"results": {"api.supers.time_createadd": {"result": [1.3690260695293546], "stats": [{"ci_99": [1.3382471036165953, 1.3937008744105697], "q_25": 1.3540669723879546, "q_75": 1.3730932145845145, "min": 1.3382471036165953, "max": 1.3937008744105697, "mean": 1.3652313584461808, "std": 0.014752501049573406, "repeat": 10, "number": 1}]}, "api.supers.time_createadd_to_dataset": {"result": [1.1214560642838478], "stats": [{"ci_99": [1.1050144769251347, 1.1292447596788406], "q_25": 1.1091946908272803, "q_75": 1.1241618627682328, "min": 1.1050144769251347, "max": 1.1292447596788406, "mean": 1.1178060783073307, "std": 0.008320814422854648, "repeat": 10, "number": 1}]}, "api.supers.time_diff": {"result": [0.0951807452365756], "stats": [{"ci_99": [0.0868945186957717, 0.12014163471758366], "q_25": 0.086995221208781, "q_75": 0.10120870848186314, "min": 0.0868945186957717, "max": 0.12014163471758366, "mean": 0.09764634892344475, "std": 0.011886421453316828, "repeat": 10, "number": 1}]}, "api.supers.time_diff_recursive": {"result": [0.30895956978201866], "stats": [{"ci_99": [0.3006885377690196, 0.31778500601649284], "q_25": 0.30728815915063024, "q_75": 0.3124290104024112, "min": 0.3006885377690196, "max": 0.31778500601649284, "mean": 0.3093066715635359, "std": 0.00461706274884506, "repeat": 10, "number": 1}]}, "api.supers.time_installr": {"result": [3.833732848521322], "stats": [{"ci_99": [3.736908582320657, 3.9227621017003096], "q_25": 3.803093784954399, "q_75": 3.8604744055774063, "min": 3.7893868209794164, "max": 3.862488850019872, "mean": 3.829835342010483, "std": 0.03198442290367189, "repeat": 4, "number": 1}]}, "api.supers.time_ls": {"result": [0.689783604349941], "stats": [{"ci_99": [0.6827934943139553, 0.6944181984290481], "q_25": 0.686568524222821, "q_75": 0.6933886150363833, "min": 0.6827934943139553, "max": 0.6944181984290481, "mean": 0.6896098307333887, "std": 0.0038810167170587636, "repeat": 10, "number": 1}]}, "api.supers.time_ls_recursive": {"result": [2.634158521424979], "stats": [{"ci_99": [2.6182505898480226, 2.6520339784220246], "q_25": 2.6276529799215496, "q_75": 2.642075773794204, "min": 2.621080221608281, "max": 2.6512571163475513, "mean": 2.6351422841350236, "std": 0.01021278808180857, "repeat": 6, "number": 1}]}, "api.supers.time_ls_recursive_long_all": {"result": [2.7933602766133845], "stats": [{"ci_99": [2.7815589759588732, 2.8020895852306986], "q_25": 2.7861774002667516, "q_75": 2.7957312560174614, "min": 2.7833985732868314, "max": 2.8005218664184213, "mean": 2.791824280594786, "std": 0.006192988147436903, "repeat": 6, "number": 1}]}, "api.supers.time_remove": {"result": [2.0865031494759023], "stats": [{"ci_99": [2.0738667603582144, 2.09312850702554], "q_25": 2.077358447480947, "q_75": 2.0883805614430457, "min": 2.0738667603582144, "max": 2.09312850702554, "mean": 2.083919905941002, "std": 0.006902365719327637, "repeat": 8, "number": 1}]}, "api.supers.time_status": {"result": [0.6846890547312796], "stats": [{"ci_99": [0.6759207341820002, 0.6923535652458668], "q_25": 0.6811497518792748, "q_75": 0.6859143935143948, "min": 0.6759207341820002, "max": 0.6923535652458668, "mean": 0.684127926081419, "std": 0.004706914223856574, "repeat": 10, "number": 1}]}, "api.supers.time_status_recursive": {"result": [1.1520368568599224], "stats": [{"ci_99": [1.1367335449904203, 1.2745481906458735], "q_25": 1.1468970854766667, "q_75": 1.2340360234957188, "min": 1.1367335449904203, "max": 1.2745481906458735, "mean": 1.1859374269843102, "std": 0.04986165262907823, "repeat": 10, "number": 1}]}, "api.supers.time_subdatasets": {"result": [0.05404446320608258], "stats": [{"ci_99": [0.04780990816652775, 0.060552798211574554], "q_25": 0.05068876058794558, "q_75": 0.05717692733742297, "min": 0.04780990816652775, "max": 0.060552798211574554, "mean": 0.054134737513959405, "std": 0.004178189039734342, "repeat": 10, "number": 1}]}, "api.supers.time_subdatasets_recursive": {"result": [0.12756440043449402], "stats": [{"ci_99": [0.12427615001797676, 0.1440939661115408], "q_25": 0.12712353561073542, "q_75": 0.13340987404808402, "min": 0.12427615001797676, "max": 0.1440939661115408, "mean": 0.13019610857591032, "std": 0.005846890950485993, "repeat": 10, "number": 1}]}, "api.supers.time_subdatasets_recursive_first": {"result": [0.0523280780762434], "stats": [{"ci_99": [0.04746565409004688, 0.05454410146921873], "q_25": 0.04786665830761194, "q_75": 0.05314799048937857, "min": 0.04746565409004688, "max": 0.05454410146921873, "mean": 0.05098922783508897, "std": 0.0026865040901241787, "repeat": 10, "number": 1}]}, "api.supers.time_uninstall": {"result": [2.238120054360479], "stats": [{"ci_99": [2.135744924657047, 2.3721339823678136], "q_25": 2.1546904768329114, "q_75": 2.338996482314542, "min": 2.135744924657047, "max": 2.3721339823678136, "mean": 2.247902845381759, "std": 0.0996173953048426, "repeat": 8, "number": 1}]}, "repo.gitrepo.time_get_content_info": {"result": [0.019344795029610395], "stats": [{"ci_99": [0.016312957741320133, 0.023990394547581673], "q_25": 0.018614832311868668, "q_75": 0.021305574337020516, "min": 0.016312957741320133, "max": 0.023990394547581673, "mean": 0.019851779472082852, "std": 0.0020882302633336795, "repeat": 10, "number": 1}]}, "api.testds.time_create_test_dataset1": {"result": [0.46582605596631765], "stats": [{"ci_99": [0.4347984492778778, 0.4767625955864787], "q_25": 0.4442250372376293, "q_75": 0.4746526700910181, "min": 0.4347984492778778, "max": 0.4767625955864787, "mean": 0.46028401935473084, "std": 0.016249500361335375, "repeat": 10, "number": 1}]}, "api.testds.time_create_test_dataset2x2": {"result": [2.8030351800844073], "stats": [{"ci_99": [2.725464464240732, 2.90676421392709], "q_25": 2.772034949157387, "q_75": 2.849863316398114, "min": 2.7537783915176988, "max": 2.90676421392709, "mean": 2.8156311999385557, "std": 0.05426163374137075, "repeat": 6, "number": 1}]}, "core.runner.time_echo": {"result": [0.0018249916844069957], "stats": [{"ci_99": [0.0017334837466478348, 0.0020977990701794625], "q_25": 0.0017429553437978028, "q_75": 0.001924956077709794, "min": 0.0017334837466478348, "max": 0.0020977990701794625, "mean": 0.0018598156608641146, "std": 0.00012922901326790443, "repeat": 10, "number": 5}]}, "core.runner.time_echo_gitrunner": {"result": [0.002450869302265346], "stats": [{"ci_99": [0.002160174073651433, 0.0028293489012867212], "q_25": 0.0023019362706691027, "q_75": 0.002578560379333794, "min": 0.002160174073651433, "max": 0.0028293489012867212, "mean": 0.002465000469237566, "std": 0.00020709114056995922, "repeat": 10, "number": 4}]}, "core.startup.time_help_np": {"result": [0.6004558973945677], "stats": [{"ci_99": [0.5215779431164265, 0.6357615943998098], "q_25": 0.5841518826782703, "q_75": 0.6152101824991405, "min": 0.5215779431164265, "max": 0.6357615943998098, "mean": 0.5956561826169491, "std": 0.030971514825848447, "repeat": 10, "number": 1}]}, "core.startup.time_import": {"result": [0.1531020998954773], "stats": [{"ci_99": [0.12140173651278019, 0.20521030202507973], "q_25": 0.13037928938865662, "q_75": 0.18300950224511325, "min": 0.12140173651278019, "max": 0.20521030202507973, "mean": 0.15859200833365322, "std": 0.029868655853856473, "repeat": 10, "number": 1}]}, "core.startup.time_import_api": {"result": [0.5135927791707218], "stats": [{"ci_99": [0.49994028825312853, 0.5556247727945447], "q_25": 0.5033581582829356, "q_75": 0.5331964488141239, "min": 0.49994028825312853, "max": 0.5556247727945447, "mean": 0.5193344745784998, "std": 0.018917846567240923, "repeat": 10, "number": 1}]}, "support.path.get_parent_paths.time_allsubmods_toplevel": null, "support.path.get_parent_paths.time_allsubmods_toplevel_only": null, "support.path.get_parent_paths.time_no_submods": null, "support.path.get_parent_paths.time_one_submod_subdir": null, "support.path.get_parent_paths.time_one_submod_toplevel": null, "usecases.study_forrest.time_make_studyforrest_mockup": {"result": [35.30954682128504],