{"results": {"api.supers.time_createadd": {"result": [1.1173191419802606], "stats": [{"ci_99": [1.0260503180325031, 1.2102484470233321], "q_25": 1.0937451815698296, "q_75": 1.1437528224196285, "min": 1.0260503180325031, "max": 1.2102484470233321, "mean": 1.116515902709216, "std": 0.049411135415335976, "repeat": 10, "number": 1}]}, "api.supers.time_createadd_to_dataset": {"result": [1.1323009226471186], "stats": [{"ci_99": [1.0368126211687922, 1.1536190817132592], "q_25": 1.0896394096780568, "q_75": 1.1357621112838387, "min": 1.0368126211687922, "max": 1.1536190817132592, "mean": 1.1104020274244248, "std": 0.039376115382069664, "repeat": 10, "number": 1}]}, "api.supers.time_diff": null, "api.supers.time_diff_recursive": null, "api.supers.time_installr": {"result": [4.07494162581861], "stats": [{"ci_99": [3.833254737307638, 4.32706355723241], "q_25": 4.041947476565838, "q_75": 4.113153296522796, "min": 3.9544342635199428, "max": 4.216319073922932, "mean": 4.080159147270024, "std": 0.09277654463104938, "repeat": 4, "number": 1}]}, "api.supers.time_ls": {"result": [0.11792402528226376], "stats": [{"ci_99": [0.11385599244385958, 0.12222482915967703], "q_25": 0.11691057402640581, "q_75": 0.11990431509912014, "min": 0.11385599244385958, "max": 0.12222482915967703, "mean": 0.11816617511212826, "std": 0.0023021276382977655, "repeat": 10, "number": 1}]}, "api.supers.time_ls_recursive": {"result": [1.1864266665652394], "stats": [{"ci_99": [1.1015607779845595, 1.2082515079528093], "q_25": 1.1220102233346552, "q_75": 1.1933151974808425, "min": 1.1015607779845595, "max": 1.2082515079528093, "mean": 1.1643726281821727, "std": 0.040455815388715254, "repeat": 10, "number": 1}]}, "api.supers.time_ls_recursive_long_all": {"result": [1.3305600467137992], "stats": [{"ci_99": [1.2138744024559855, 1.3752197045832872], "q_25": 1.2662156734149903, "q_75": 1.3591632205061615, "min": 1.2138744024559855, "max": 1.3752197045832872, "mean": 1.3105295894667506, "std": 0.0575898919050295, "repeat": 10, "number": 1}]}, "api.supers.time_remove": {"result": [2.172290790360421], "stats": [{"ci_99": [1.9906923389062285, 2.2463410161435604], "q_25": 2.0737486826255918, "q_75": 2.2002522847615182, "min": 1.9906923389062285, "max": 2.2463410161435604, "mean": 2.1368725155480206, "std": 0.08864435164625618, "repeat": 8, "number": 1}]}, "api.supers.time_status": {"result": [0.772791841533035], "stats": [{"ci_99": [0.7528391387313604, 0.790666913613677], "q_25": 0.7685948570724577, "q_75": 0.783237602096051, "min": 0.7528391387313604, "max": 0.790666913613677, "mean": 0.7731469716876745, "std": 0.012248950050762633, "repeat": 10, "number": 1}]}, "api.supers.time_status_recursive": {"result": [1.2594674150459468], "stats": [{"ci_99": [1.1351499343290925, 1.3013598639518023], "q_25": 1.205070581752807, "q_75": 1.2790422684047371, "min": 1.1351499343290925, "max": 1.3013598639518023, "mean": 1.2417156042531132, "std": 0.050839079429427184, "repeat": 10, "number": 1}]}, "api.supers.time_subdatasets": {"result": [0.06534089054912329], "stats": [{"ci_99": [0.06255271658301353, 0.06882417108863592], "q_25": 0.06367560476064682, "q_75": 0.06696278718300164, "min": 0.06255271658301353, "max": 0.06882417108863592, "mean": 0.0654271611943841, "std": 0.0019736470914197566, "repeat": 10, "number": 1}]}, "api.supers.time_subdatasets_recursive": {"result": [0.2538245962932706], "stats": [{"ci_99": [0.23305334523320198, 0.26390671636909246], "q_25": 0.23857444804161787, "q_75": 0.26232057134620845, "min": 0.23305334523320198, "max": 0.26390671636909246, "mean": 0.25069910204038026, "std": 0.012488629567340781, "repeat": 10, "number": 1}]}, "api.supers.time_subdatasets_recursive_first": {"result": [0.06290355091914535], "stats": [{"ci_99": [0.057003981433808804, 0.06871409621089697], "q_25": 0.060256133787333965, "q_75": 0.0637908442877233, "min": 0.057003981433808804, "max": 0.06871409621089697, "mean": 0.062298891879618165, "std": 0.0030877685538592344, "repeat": 10, "number": 1}]}, "api.supers.time_uninstall": {"result": [2.1322779967449605], "stats": [{"ci_99": [2.008067497983575, 2.167919786646962], "q_25": 2.1084995632991195, "q_75": 2.1485339973587543, "min": 2.008067497983575, "max": 2.167919786646962, "mean": 2.1195659001823515, "std": 0.04767098648317383, "repeat": 8, "number": 1}]}, "repo.gitrepo.time_get_content_info": {"result": [0.015359832439571619], "stats": [{"ci_99": [0.014375771395862103, 0.019487110897898674], "q_25": 0.014631214318796992, "q_75": 0.016804201528429985, "min": 0.014375771395862103, "max": 0.019487110897898674, "mean": 0.015992012713104485, "std": 0.0016341713997299896, "repeat": 10, "number": 1}]}, "api.testds.time_create_test_dataset1": {"result": [0.4770624255761504], "stats": [{"ci_99": [0.43416022695600986, 0.4871585816144943], "q_25": 0.4628715419676155, "q_75": 0.47821686253882945, "min": 0.43416022695600986, "max": 0.4871585816144943, "mean": 0.46877740025520326, "std": 0.016026482356804192, "repeat": 10, "number": 1}]}, "api.testds.time_create_test_dataset2x2": {"result": [3.0039908858016133], "stats": [{"ci_99": [2.8708944808135772, 3.0771777800529847], "q_25": 2.916657983092591, "q_75": 3.0176684535108507, "min": 2.8819968458265066, "max": 3.044463506899774, "mean": 2.9740361304332814, "std": 0.06418233878398559, "repeat": 6, "number": 1}]}, "core.runner.time_echo": {"result": [0.0018393959229191146], "stats": [{"ci_99": [0.0016963208715120952, 0.0019140235769251983], "q_25": 0.001752755061412851, "q_75": 0.001854983934511741, "min": 0.0016963208715120952, "max": 0.0019140235769251983, "mean": 0.00181096817056338, "std": 6.547036772583846e-05, "repeat": 10, "number": 6}]}, "core.runner.time_echo_gitrunner": {"result": [0.002101381402462721], "stats": [{"ci_99": [0.0020597167313098907, 0.0022462982684373855], "q_25": 0.002087023388594389, "q_75": 0.0021149726584553715, "min": 0.0020597167313098907, "max": 0.0022462982684373855, "mean": 0.002110998407006264, "std": 4.83953844193158e-05, "repeat": 10, "number": 5}]}, "core.startup.time_help_np": {"result": [0.5217910017818213], "stats": [{"ci_99": [0.5095533560961485, 0.5503571443259716], "q_25": 0.519174330169335, "q_75": 0.5254580397158861, "min": 0.5095533560961485, "max": 0.5503571443259716, "mean": 0.5242991232313216, "std": 0.01030099454287986, "repeat": 10, "number": 1}]}, "core.startup.time_import": {"result": [0.11861582100391388], "stats": [{"ci_99": [0.11468599364161491, 0.13096416927874088], "q_25": 0.11676597758196294, "q_75": 0.12132932525128126, "min": 0.11468599364161491, "max": 0.13096416927874088, "mean": 0.11978804040700197, "std": 0.004382454392454935, "repeat": 10, "number": 1}]}, "core.startup.time_import_api": {"result": [0.4582944964058697], "stats": [{"ci_99": [0.4485853845253587, 0.4837758718058467], "q_25": 0.4544010190293193, "q_75": 0.46998570673167706, "min": 0.4485853845253587, "max": 0.4837758718058467, "mean": 0.461452201474458, "std": 0.010966292739207583, "repeat": 10, "number": 1}]}, "support.path.get_parent_paths.time_allsubmods_toplevel": {"result": [0.0067703204695135355], "stats": [{"ci_99": [0.006690530572086573, 0.006796165835112333], "q_25": 0.0067621126072481275, "q_75": 0.0067822166020050645, "min": 0.006690530572086573, "max": 0.006796165835112333, "mean": 0.006761251809075474, "std": 3.435263524098843e-05, "repeat": 10, "number": 2}]}, "support.path.get_parent_paths.time_allsubmods_toplevel_only": {"result": [0.006171091925352812], "stats": [{"ci_99": [0.006118949502706528, 0.006267715245485306], "q_25": 0.00614698079880327, "q_75": 0.006191562279127538, "min": 0.006118949502706528, "max": 0.006267715245485306, "mean": 0.006174981500953436, "std": 4.236024449545568e-05, "repeat": 10, "number": 2}]}, "support.path.get_parent_paths.time_no_submods": {"result": [2.7411290667725093e-07], "stats": [{"ci_99": [2.7320934729525754e-07, 2.766180116356504e-07], "q_25": 2.738073487926225e-07, "q_75": 2.7470981531862496e-07, "min": 2.7320934729525754e-07,