{"results": {"api.supers.time_createadd": {"result": [1.3596014431677759], "stats": [{"ci_99": [1.3343696482479572, 1.3858854472637177], "q_25": 1.3449305924586952, "q_75": 1.3801524138543755, "min": 1.3343696482479572, "max": 1.3858854472637177, "mean": 1.3608800861984491, "std": 0.019093346078601303, "repeat": 10, "number": 1}]}, "api.supers.time_createadd_to_dataset": {"result": [1.1140274773351848], "stats": [{"ci_99": [1.0936699835583568, 1.1371843051165342], "q_25": 1.1090947685297579, "q_75": 1.1305218422785401, "min": 1.0936699835583568, "max": 1.1371843051165342, "mean": 1.1166745021007956, "std": 0.013920863498773715, "repeat": 10, "number": 1}]}, "api.supers.time_diff": {"result": [0.09629086405038834], "stats": [{"ci_99": [0.09002683218568563, 0.10946716833859682], "q_25": 0.09259390970692039, "q_75": 0.0992976778652519, "min": 0.09002683218568563, "max": 0.10946716833859682, "mean": 0.09715579645708203, "std": 0.005754679584550152, "repeat": 10, "number": 1}]}, "api.supers.time_diff_recursive": {"result": [0.3061863025650382], "stats": [{"ci_99": [0.3021617457270622, 0.3314137887209654], "q_25": 0.3026018124073744, "q_75": 0.31224573333747685, "min": 0.3021617457270622, "max": 0.3314137887209654, "mean": 0.3095149267464876, "std": 0.00893846331450107, "repeat": 10, "number": 1}]}, "api.supers.time_installr": {"result": [3.805101116653532], "stats": [{"ci_99": [3.7247209885619283, 3.9197727598719596], "q_25": 3.7987549980171025, "q_75": 3.8285929928533733, "min": 3.789059154689312, "max": 3.8897261088714004, "mean": 3.822246874216944, "std": 0.03956710111361246, "repeat": 4, "number": 1}]}, "api.supers.time_ls": {"result": [0.6958021447062492], "stats": [{"ci_99": [0.6889546439051628, 0.7031042231246829], "q_25": 0.6946543545927852, "q_75": 0.6981718244496733, "min": 0.6889546439051628, "max": 0.7031042231246829, "mean": 0.6962465464137495, "std": 0.0035353376379805394, "repeat": 10, "number": 1}]}, "api.supers.time_ls_recursive": {"result": [2.6135737150907516], "stats": [{"ci_99": [2.6027541835402377, 2.6276519941166043], "q_25": 2.6100954096764326, "q_75": 2.619208235060796, "min": 2.604484804905951, "max": 2.6276519941166043, "mean": 2.6148844353544214, "std": 0.007589565757516015, "repeat": 6, "number": 1}]}, "api.supers.time_ls_recursive_long_all": {"result": [2.7816719943657517], "stats": [{"ci_99": [2.7659017918631434, 2.792892330924451], "q_25": 2.7775417119264603, "q_75": 2.7866186797618866, "min": 2.7659017918631434, "max": 2.7897694977000356, "mean": 2.7805746340503297, "std": 0.007897826423201783, "repeat": 6, "number": 1}]}, "api.supers.time_remove": {"result": [2.086230557411909], "stats": [{"ci_99": [2.0584750566631556, 2.0998643804341555], "q_25": 2.0715884626843035, "q_75": 2.096151612699032, "min": 2.0584750566631556, "max": 2.0998643804341555, "mean": 2.0828531929291785, "std": 0.0149196678965544, "repeat": 8, "number": 1}]}, "api.supers.time_status": {"result": [0.6890420480631292], "stats": [{"ci_99": [0.6858951859176159, 0.707934363745153], "q_25": 0.6873056422919035, "q_75": 0.6917221273761243, "min": 0.6858951859176159, "max": 0.707934363745153, "mean": 0.6911419911310077, "std": 0.006192520648027864, "repeat": 10, "number": 1}]}, "api.supers.time_status_recursive": {"result": [1.146459745708853], "stats": [{"ci_99": [1.140707972459495, 1.1544638834893703], "q_25": 1.144394560949877, "q_75": 1.1516228269319981, "min": 1.140707972459495, "max": 1.1544638834893703, "mean": 1.1473452987149357, "std": 0.0047599905662561535, "repeat": 10, "number": 1}]}, "api.supers.time_subdatasets": {"result": [0.051772530656307936], "stats": [{"ci_99": [0.04660585708916187, 0.053344872780144215], "q_25": 0.048254398396238685, "q_75": 0.052768470952287316, "min": 0.04660585708916187, "max": 0.053344872780144215, "mean": 0.05067267576232552, "std": 0.0024771651255854183, "repeat": 10, "number": 1}]}, "api.supers.time_subdatasets_recursive": {"result": [0.12052512634545565], "stats": [{"ci_99": [0.11423343326896429, 0.12765136267989874], "q_25": 0.11644788063131273, "q_75": 0.12334305071271956, "min": 0.11423343326896429, "max": 0.12765136267989874, "mean": 0.12051409613341094, "std": 0.004513230249965484, "repeat": 10, "number": 1}]}, "api.supers.time_subdatasets_recursive_first": {"result": [0.05449417233467102], "stats": [{"ci_99": [0.047667063772678375, 0.05971346888691187], "q_25": 0.0514747304841876, "q_75": 0.05574552342295647, "min": 0.047667063772678375, "max": 0.05971346888691187, "mean": 0.05398988323286176, "std": 0.003368909780960692, "repeat": 10, "number": 1}]}, "api.supers.time_uninstall": {"result": [2.139647366479039], "stats": [{"ci_99": [2.128899953328073, 2.1535127786919475], "q_25": 2.1350997164845467, "q_75": 2.14434383274056, "min": 2.128899953328073, "max": 2.1535127786919475, "mean": 2.1398583707632497, "std": 0.00797669100051957, "repeat": 8, "number": 1}]}, "repo.gitrepo.time_get_content_info": {"result": [0.021381589118391275], "stats": [{"ci_99": [0.01703568361699581, 0.023454156704246998], "q_25": 0.019819265697151423, "q_75": 0.022403737530112267, "min": 0.01703568361699581, "max": 0.023454156704246998, "mean": 0.020857094135135413, "std": 0.0020365279890915693, "repeat": 10, "number": 1}]}, "api.testds.time_create_test_dataset1": {"result": [0.44199985219165683], "stats": [{"ci_99": [0.4332074336707592, 0.4493560492992401], "q_25": 0.4381415306124836, "q_75": 0.44738367362879217, "min": 0.4332074336707592, "max": 0.4493560492992401, "mean": 0.4420851804316044, "std": 0.005459133534936256, "repeat": 10, "number": 1}]}, "api.testds.time_create_test_dataset2x2": {"result": [2.788661907892674], "stats": [{"ci_99": [2.7445449749423783, 2.8388960855081677], "q_25": 2.7706061294302344, "q_75": 2.8030940883327276, "min": 2.750735846348107, "max": 2.8388960855081677, "mean": 2.789908016566187, "std": 0.028339103473620522, "repeat": 6, "number": 1}]}, "core.runner.time_echo": {"result": [0.0017443598092844088], "stats": [{"ci_99": [0.0017288736999034882, 0.0020124386064708233], "q_25": 0.0017330468399450183, "q_75": 0.0017483888659626245, "min": 0.0017288736999034882, "max": 0.0020124386064708233, "mean": 0.0017694990616291765, "std": 8.18010513240636e-05, "repeat": 10, "number": 6}]}, "core.runner.time_echo_gitrunner": {"result": [0.0027897165855392814], "stats": [{"ci_99": [0.0025020239409059286, 0.0030974342953413725], "q_25": 0.0026292423717677593, "q_75": 0.0028986046672798693, "min": 0.0025020239409059286, "max": 0.0030974342953413725, "mean": 0.002780115231871605, "std": 0.00017579104671986776, "repeat": 10, "number": 4}]}, "core.startup.time_help_np": {"result": [0.5813199812546372], "stats": [{"ci_99": [0.5182503154501319, 0.6398564288392663], "q_25": 0.5740952722262591, "q_75": 0.6113095653709024, "min": 0.5182503154501319, "max": 0.6398564288392663, "mean": 0.5871806084178388, "std": 0.03422799690833787, "repeat": 10, "number": 1}]}, "core.startup.time_import": {"result": [0.18054220266640186], "stats": [{"ci_99": [0.13961060903966427, 0.2012971192598343], "q_25": 0.15608510957099497, "q_75": 0.18948791432194412, "min": 0.13961060903966427, "max": 0.2012971192598343, "mean": 0.1738092797808349, "std": 0.01943445175869838, "repeat": 10, "number": 1}]}, "core.startup.time_import_api": {"result": [0.5034065563231707], "stats": [{"ci_99": [0.4643924245610833, 0.5660945866256952], "q_25": 0.49112261226400733, "q_75": 0.5171303062234074, "min": 0.4643924245610833, "max": 0.5660945866256952, "mean": 0.5053134222514928, "std": 0.026395575875682024, "repeat": 10, "number": 1}]}, "support.path.get_parent_paths.time_allsubmods_toplevel": null, "support.path.get_parent_paths.time_allsubmods_toplevel_only": null, "support.path.get_parent_paths.time_no_submods": null, "support.path.get_parent_paths.time_one_submod_subdir": null, "support.path.get_parent_paths.time_one_submod_toplevel": null, "usecases.study_forrest.time_make_studyforrest_mockup": {"result": [35.92050002887845],