{"results": {"api.supers.time_createadd": {"result": [1.0027815951034427], "stats": [{"ci_99": [0.9681496107950807, 1.0204696338623762], "q_25": 0.9961159653030336, "q_75": 1.0110844010487199, "min": 0.9681496107950807, "max": 1.0204696338623762, "mean": 0.9997575091198087, "std": 0.015644011385924177, "repeat": 10, "number": 1}]}, "api.supers.time_createadd_to_dataset": {"result": [0.981581436470151], "stats": [{"ci_99": [0.9652333417907357, 1.029823888093233], "q_25": 0.9788973496761173, "q_75": 0.988999058958143, "min": 0.9652333417907357, "max": 1.029823888093233, "mean": 0.9857681388966739, "std": 0.016829084679269492, "repeat": 10, "number": 1}]}, "api.supers.time_diff": null, "api.supers.time_diff_recursive": null, "api.supers.time_installr": {"result": [4.08251724857837], "stats": [{"ci_99": [4.06137499867949, 4.107678838977485], "q_25": 4.0796506642363966, "q_75": 4.0873935031704605, "min": 4.07446080353111, "max": 4.0986123746261, "mean": 4.084526918828487, "std": 0.008808918070139808, "repeat": 4, "number": 1}]}, "api.supers.time_ls": {"result": [0.6931025227531791], "stats": [{"ci_99": [0.6874996311962605, 0.7132945917546749], "q_25": 0.6893515635747463, "q_75": 0.7003553856629878, "min": 0.6874996311962605, "max": 0.7132945917546749, "mean": 0.6953534150496126, "std": 0.008055429399961667, "repeat": 10, "number": 1}]}, "api.supers.time_ls_recursive": {"result": [2.7267720382660627], "stats": [{"ci_99": [2.7030412609513115, 2.757043930812626], "q_25": 2.7161144483834505, "q_75": 2.74188349978067, "min": 2.7113358546048403, "max": 2.7558930721133947, "mean": 2.7300425958819687, "std": 0.01618219093201748, "repeat": 6, "number": 1}]}, "api.supers.time_ls_recursive_long_all": {"result": [2.893838843796402], "stats": [{"ci_99": [2.867643928007844, 2.9212417011071614], "q_25": 2.880135513143614, "q_75": 2.904559203190729, "min": 2.8750854367390275, "max": 2.9201933704316616, "mean": 2.8944428145575025, "std": 0.016007130874666903, "repeat": 6, "number": 1}]}, "api.supers.time_remove": {"result": [2.0174869964830577], "stats": [{"ci_99": [2.001946990378201, 2.0347451865673065], "q_25": 2.012126513523981, "q_75": 2.0225221801083535, "min": 2.001946990378201, "max": 2.0347451865673065, "mean": 2.017572747776285, "std": 0.009315346688065029, "repeat": 8, "number": 1}]}, "api.supers.time_status": {"result": [0.6881609773263335], "stats": [{"ci_99": [0.6833621980622411, 0.6941734282299876], "q_25": 0.6863675182685256, "q_75": 0.6907065638806671, "min": 0.6833621980622411, "max": 0.6941734282299876, "mean": 0.6885086197406054, "std": 0.003495926133860944, "repeat": 10, "number": 1}]}, "api.supers.time_status_recursive": {"result": [1.140229017008096], "stats": [{"ci_99": [1.1291509261354804, 1.156348236836493], "q_25": 1.1377532500773668, "q_75": 1.1468661413528025, "min": 1.1291509261354804, "max": 1.156348236836493, "mean": 1.142408861592412, "std": 0.0076515733388963884, "repeat": 10, "number": 1}]}, "api.supers.time_subdatasets": {"result": [0.06816619029268622], "stats": [{"ci_99": [0.062176541425287724, 0.07323173712939024], "q_25": 0.06668768147937953, "q_75": 0.06977260997518897, "min": 0.062176541425287724, "max": 0.07323173712939024, "mean": 0.06808686219155788, "std": 0.003102818450908037, "repeat": 10, "number": 1}]}, "api.supers.time_subdatasets_recursive": {"result": [0.24872181890532374], "stats": [{"ci_99": [0.2423125822097063, 0.2534905467182398], "q_25": 0.2442844924516976, "q_75": 0.25069116801023483, "min": 0.2423125822097063, "max": 0.2534905467182398, "mean": 0.24768014559522272, "std": 0.0038315450090959753, "repeat": 10, "number": 1}]}, "api.supers.time_subdatasets_recursive_first": {"result": [0.06861319066956639], "stats": [{"ci_99": [0.06341277807950974, 0.07861056365072727], "q_25": 0.06807488878257573, "q_75": 0.07050666725263, "min": 0.06341277807950974, "max": 0.07861056365072727, "mean": 0.06980993896722794, "std": 0.004377269092049258, "repeat": 10, "number": 1}]}, "api.supers.time_uninstall": {"result": [1.9701762008480728], "stats": [{"ci_99": [1.9620379377156496, 1.9990215627476573], "q_25": 1.964107991894707, "q_75": 1.979310866445303, "min": 1.9620379377156496, "max": 1.9990215627476573, "mean": 1.973717316868715, "std": 0.011852626343376034, "repeat": 8, "number": 1}]}, "repo.gitrepo.time_get_content_info": {"result": [0.020090939477086067], "stats": [{"ci_99": [0.016558979637920856, 0.02372579462826252], "q_25": 0.01951012760400772, "q_75": 0.020808209432289004, "min": 0.016558979637920856, "max": 0.02372579462826252, "mean": 0.020317051373422147, "std": 0.0018928416747347894, "repeat": 10, "number": 1}]}, "api.testds.time_create_test_dataset1": {"result": [0.4407981224358082], "stats": [{"ci_99": [0.4321001973003149, 0.45102336909621954], "q_25": 0.43924606451764703, "q_75": 0.4450364119838923, "min": 0.4321001973003149, "max": 0.45102336909621954, "mean": 0.44125129003077745, "std": 0.005365879811014674, "repeat": 10, "number": 1}]}, "api.testds.time_create_test_dataset2x2": {"result": [2.7810593680478632], "stats": [{"ci_99": [2.743943324673166, 2.811638415430496], "q_25": 2.759362876880914, "q_75": 2.7912411561701447, "min": 2.7509600706398487, "max": 2.806900614872575, "mean": 2.777790870051831, "std": 0.020526550242098294, "repeat": 6, "number": 1}]}, "core.runner.time_echo": {"result": [0.001838373641173045], "stats": [{"ci_99": [0.001728467798481385, 0.002270308012763659], "q_25": 0.0017413898603990674, "q_75": 0.0020651703622813025, "min": 0.001728467798481385, "max": 0.002270308012763659, "mean": 0.0019249309940884511, "std": 0.00020687367394228717, "repeat": 10, "number": 6}]}, "core.runner.time_echo_gitrunner": {"result": [0.0027680969797074795], "stats": [{"ci_99": [0.0024331214372068644, 0.0031463918276131153], "q_25": 0.002617150661535561, "q_75": 0.003027181199286133, "min": 0.0024331214372068644, "max": 0.0031463918276131153, "mean": 0.0028089684434235095, "std": 0.00024696387760069416, "repeat": 10, "number": 4}]}, "core.startup.time_help_np": {"result": [0.5824280716478825], "stats": [{"ci_99": [0.5206686314195395, 0.6281737023964524], "q_25": 0.5665012972895056, "q_75": 0.6013861119281501, "min": 0.5206686314195395, "max": 0.6281737023964524, "mean": 0.5823092913255096, "std": 0.030965328972477186, "repeat": 10, "number": 1}]}, "core.startup.time_import": {"result": [0.17780238389968872], "stats": [{"ci_99": [0.14862103760242462, 0.2071455456316471], "q_25": 0.17218041606247425, "q_75": 0.20357207488268614, "min": 0.14862103760242462, "max": 0.2071455456316471, "mean": 0.1836545266211033, "std": 0.019125725521660742, "repeat": 10, "number": 1}]}, "core.startup.time_import_api": {"result": [0.5015768152661622], "stats": [{"ci_99": [0.44896349404007196, 0.5603868933394551], "q_25": 0.45051774801686406, "q_75": 0.54662866727449, "min": 0.44896349404007196, "max": 0.5603868933394551, "mean": 0.4999023416079581, "std": 0.04522505677147254, "repeat": 10, "number": 1}]}, "support.path.get_parent_paths.time_allsubmods_toplevel": null, "support.path.get_parent_paths.time_allsubmods_toplevel_only": null, "support.path.get_parent_paths.time_no_submods": null, "support.path.get_parent_paths.time_one_submod_subdir": null, "support.path.get_parent_paths.time_one_submod_toplevel": null, "usecases.study_forrest.time_make_studyforrest_mockup": {"result": [27.385833317879587], "stats": [{"ci_99": [5.63225689670071, 49.13940973905845], "q_25": 27.1682975536678, "q_75": 27.603369082091376, "min": 26.95076178945601, "max": 27.820904846303165, "mean": 27.385833317879587, "std": 0.43507152842357755, "repeat": 2, "number": 1}]}, "core.runner.track_overhead_100ms": 1.57, "core.runner.track_overhead_echo": 41.81, "core.runner.track_overhead_heavyout": -7.45, "core.runner.track_overhead_heavyout_online_process": -3.54, "core.runner.track_overhead_heavyout_online_through": 20.73}, "params": {"arch": "x86_64", "cpu": "Intel(R) Xeon(R) CPU E5-1607 v2 @ 3.00GHz", "machine": "drogon-neurodebian0.20200209.1",