{"results": {"api.supers.time_createadd": {"result": [1.3734593782573938], "stats": [{"ci_99": [1.3526806058362126, 1.4076503813266754], "q_25": 1.3620558343827724, "q_75": 1.3787648498546332, "min": 1.3526806058362126, "max": 1.4076503813266754, "mean": 1.373220873437822, "std": 0.01510004137505818, "repeat": 10, "number": 1}]}, "api.supers.time_createadd_to_dataset": {"result": [1.1321018366143107], "stats": [{"ci_99": [1.1141227316111326, 1.1691639684140682], "q_25": 1.1210041265003383, "q_75": 1.1379881286993623, "min": 1.1141227316111326, "max": 1.1691639684140682, "mean": 1.1329011952504515, "std": 0.015274877118747731, "repeat": 10, "number": 1}]}, "api.supers.time_diff": {"result": [0.09923543268814683], "stats": [{"ci_99": [0.09015047177672386, 0.11599695403128862], "q_25": 0.0965369634795934, "q_75": 0.10861984873190522, "min": 0.09015047177672386, "max": 0.11599695403128862, "mean": 0.10214404743164777, "std": 0.007760248590128681, "repeat": 10, "number": 1}]}, "api.supers.time_diff_recursive": {"result": [0.31049027759581804], "stats": [{"ci_99": [0.3052215566858649, 0.3171644750982523], "q_25": 0.3086223767604679, "q_75": 0.3122907306533307, "min": 0.3052215566858649, "max": 0.3171644750982523, "mean": 0.3106241632252932, "std": 0.0032125871805277354, "repeat": 10, "number": 1}]}, "api.supers.time_installr": {"result": [3.906931788660586], "stats": [{"ci_99": [3.82695337756607, 4.0263120257381795], "q_25": 3.9025894054211676, "q_75": 3.930975084891543, "min": 3.895132846198976, "max": 3.9975343830883503, "mean": 3.9266327016521245, "std": 0.04123844430128021, "repeat": 4, "number": 1}]}, "api.supers.time_ls": {"result": [0.730384158436209], "stats": [{"ci_99": [0.7003446444869041, 0.7729171914979815], "q_25": 0.7044265067670494, "q_75": 0.7666299557313323, "min": 0.7003446444869041, "max": 0.7729171914979815, "mean": 0.7349913829937578, "std": 0.03101397236942097, "repeat": 10, "number": 1}]}, "api.supers.time_ls_recursive": {"result": [2.7873880504630506], "stats": [{"ci_99": [2.567445469287827, 3.056369549395845], "q_25": 2.6811402086168528, "q_75": 2.93292419007048, "min": 2.660838320851326, "max": 3.008670136332512, "mean": 2.811907509341836, "std": 0.1411014409640174, "repeat": 6, "number": 1}]}, "api.supers.time_ls_recursive_long_all": {"result": [2.941731513477862], "stats": [{"ci_99": [2.7644012549872667, 3.1275663787518475], "q_25": 2.843542710877955, "q_75": 3.049675856018439, "min": 2.837687022984028, "max": 3.058282437734306, "mean": 2.945983816869557, "std": 0.10348600318143597, "repeat": 6, "number": 1}]}, "api.supers.time_remove": {"result": [2.1285131010226905], "stats": [{"ci_99": [2.082795299589634, 2.237963137216866], "q_25": 2.104064508108422, "q_75": 2.137946643633768, "min": 2.082795299589634, "max": 2.237963137216866, "mean": 2.132584858685732, "std": 0.044836608781936724, "repeat": 8, "number": 1}]}, "api.supers.time_status": null, "api.supers.time_status_recursive": null, "api.supers.time_subdatasets": {"result": [0.05312242917716503], "stats": [{"ci_99": [0.049015399999916553, 0.05556422844529152], "q_25": 0.05074814264662564, "q_75": 0.054568253457546234, "min": 0.049015399999916553, "max": 0.05556422844529152, "mean": 0.05271531818434596, "std": 0.002120490530594025, "repeat": 10, "number": 1}]}, "api.supers.time_subdatasets_recursive": {"result": [0.12278606137260795], "stats": [{"ci_99": [0.11699032690376043, 0.13017417304217815], "q_25": 0.12034551217220724, "q_75": 0.1262267625425011, "min": 0.11699032690376043, "max": 0.13017417304217815, "mean": 0.12322931187227368, "std": 0.004407571249591792, "repeat": 10, "number": 1}]}, "api.supers.time_subdatasets_recursive_first": {"result": [0.05264141783118248], "stats": [{"ci_99": [0.04693442489951849, 0.0550453532487154], "q_25": 0.050527931191027164, "q_75": 0.052948005963116884, "min": 0.04693442489951849, "max": 0.0550453532487154, "mean": 0.05162733616307378, "std": 0.0024775277985470668, "repeat": 10, "number": 1}]}, "api.supers.time_uninstall": {"result": [2.2124866670928895], "stats": [{"ci_99": [2.195342803373933, 2.227116586640477], "q_25": 2.205048599280417, "q_75": 2.2206041056197137, "min": 2.195342803373933, "max": 2.227116586640477, "mean": 2.21218562242575, "std": 0.010567510036901772, "repeat": 8, "number": 1}]}, "repo.gitrepo.time_get_content_info": {"result": [0.01976150181144476], "stats": [{"ci_99": [0.016993588767945766, 0.02497902698814869], "q_25": 0.01908542076125741, "q_75": 0.02155502769164741, "min": 0.016993588767945766, "max": 0.02497902698814869, "mean": 0.020300897397100927, "std": 0.0024431999438331736, "repeat": 10, "number": 1}]}, "api.testds.time_create_test_dataset1": {"result": [0.4385501961223781], "stats": [{"ci_99": [0.43135268427431583, 0.450179903768003], "q_25": 0.43444503168575466, "q_75": 0.4438436576165259, "min": 0.43135268427431583, "max": 0.450179903768003, "mean": 0.43922778507694604, "std": 0.0059198490220644965, "repeat": 10, "number": 1}]}, "api.testds.time_create_test_dataset2x2": {"result": [3.2892860979773104], "stats": [{"ci_99": [3.2616489315961568, 3.3301032054613264], "q_25": 3.2787956485990435, "q_75": 3.3121938025578856, "min": 3.2728842329233885, "max": 3.328671446070075, "mean": 3.2958760685287416, "std": 0.020893980891769, "repeat": 6, "number": 1}]}, "core.runner.time_echo": {"result": [0.0017353016107032695], "stats": [{"ci_99": [0.0017265208686391513, 0.00175102303425471], "q_25": 0.001729687093757093, "q_75": 0.001745552251425882, "min": 0.0017265208686391513, "max": 0.00175102303425471, "mean": 0.0017373177378127973, "std": 8.624091588207398e-06, "repeat": 10, "number": 6}]}, "core.runner.time_echo_gitrunner": {"result": [0.002172594889998436], "stats": [{"ci_99": [0.0021322062239050865, 0.0024703923612833024], "q_25": 0.0021351268980652096, "q_75": 0.0023009950760751966, "min": 0.0021322062239050865, "max": 0.0024703923612833024, "mean": 0.0022247697599232195, "std": 0.00011379711717928091, "repeat": 10, "number": 5}]}, "core.startup.time_help_np": {"result": [0.5720554240979254], "stats": [{"ci_99": [0.5043900031596422, 0.6215790789574385], "q_25": 0.5530751282349229, "q_75": 0.6018684774171561, "min": 0.5043900031596422, "max": 0.6215790789574385, "mean": 0.57346868282184, "std": 0.03410441604344488, "repeat": 10, "number": 1}]}, "core.startup.time_import": {"result": [0.16823063977062702], "stats": [{"ci_99": [0.11561341024935246, 0.20562365651130676], "q_25": 0.14065805589780211, "q_75": 0.19290372729301453, "min": 0.11561341024935246, "max": 0.20562365651130676, "mean": 0.16409133039414883, "std": 0.03103790170692557, "repeat": 10, "number": 1}]}, "core.startup.time_import_api": {"result": [0.5112600461579859], "stats": [{"ci_99": [0.46468269173055887, 0.5740017239004374], "q_25": 0.5005649919621646, "q_75": 0.5237964403349906, "min": 0.46468269173055887, "max": 0.5740017239004374, "mean": 0.5153640873730183, "std": 0.028015553100721187, "repeat": 10, "number": 1}]}, "support.path.get_parent_paths.time_allsubmods_toplevel": null, "support.path.get_parent_paths.time_allsubmods_toplevel_only": null, "support.path.get_parent_paths.time_no_submods": null, "support.path.get_parent_paths.time_one_submod_subdir": null, "support.path.get_parent_paths.time_one_submod_toplevel": null, "usecases.study_forrest.time_make_studyforrest_mockup": {"result": [35.99893645988777], "stats": [{"ci_99": [30.445600879844278, 41.55227203993126], "q_25": 35.94340310408734, "q_75": 36.05446981568821, "min": 35.8878697482869, "max": 36.11000317148864, "mean": 35.99893645988777, "std": 0.1110667116008699, "repeat": 2, "number": 1}]}, "core.runner.track_overhead_100ms": 2.14, "core.runner.track_overhead_echo": 42.06, "core.runner.track_overhead_heavyout": 18.77, "core.runner.track_overhead_heavyout_online_process": 1912.23, "core.runner.track_overhead_heavyout_online_through": 27.28}, "params": {"arch": "x86_64", "cpu": "Intel(R) Xeon(R) CPU E5-1607 v2 @ 3.00GHz", "machine": "drogon-neurodebian0.20200209.1",