{"results": {"api.supers.time_createadd": {"result": [1.3001602739095688], "stats": [{"ci_99": [1.2821632008999586, 1.3108876440674067], "q_25": 1.295775419101119, "q_75": 1.3018339592963457, "min": 1.2821632008999586, "max": 1.3108876440674067, "mean": 1.2982171634212136, "std": 0.007603714148924995, "repeat": 10, "number": 1}]}, "api.supers.time_createadd_to_dataset": {"result": [1.2414713664911687], "stats": [{"ci_99": [1.2352283746004105, 1.2530607441440225], "q_25": 1.2377818562090397, "q_75": 1.2443805139046162, "min": 1.2352283746004105, "max": 1.2530607441440225, "mean": 1.241809288971126, "std": 0.005011760731461276, "repeat": 10, "number": 1}]}, "api.supers.time_diff": null, "api.supers.time_diff_recursive": null, "api.supers.time_installr": {"result": [5.291811828967184], "stats": [{"ci_99": [3.833628409076482, 6.749995248857884], "q_25": 5.277229994768277, "q_75": 5.306393663166091, "min": 5.26264816056937, "max": 5.320975497364998, "mean": 5.291811828967184, "std": 0.029163668397814035, "repeat": 2, "number": 1}]}, "api.supers.time_ls": {"result": [0.1829309887252748], "stats": [{"ci_99": [0.17988725751638412, 0.2036355184391141], "q_25": 0.18194067059084773, "q_75": 0.1894560120999813, "min": 0.17988725751638412, "max": 0.2036355184391141, "mean": 0.18695427142083645, "std": 0.007588510683565774, "repeat": 10, "number": 1}]}, "api.supers.time_ls_recursive": {"result": [1.7911383109167218], "stats": [{"ci_99": [1.7768056327477098, 1.7955358205363154], "q_25": 1.7837772546336055, "q_75": 1.7927609980106354, "min": 1.7768056327477098, "max": 1.7955358205363154, "mean": 1.7881989143788815, "std": 0.0060145546603776355, "repeat": 10, "number": 1}]}, "api.supers.time_ls_recursive_long_all": {"result": [1.95070786960423], "stats": [{"ci_99": [1.9374872408807278, 1.9679133761674166], "q_25": 1.9409842994064093, "q_75": 1.958736451342702, "min": 1.9374872408807278, "max": 1.9679133761674166, "mean": 1.950654889922589, "std": 0.010367297122539676, "repeat": 8, "number": 1}]}, "api.supers.time_remove": null, "api.supers.time_status": {"result": [0.7232599034905434], "stats": [{"ci_99": [0.716417376883328, 0.7293663276359439], "q_25": 0.7206462579779327, "q_75": 0.7261476570274681, "min": 0.716417376883328, "max": 0.7293663276359439, "mean": 0.7233153043314815, "std": 0.004362944621093838, "repeat": 10, "number": 1}]}, "api.supers.time_status_recursive": {"result": [1.365406974684447], "stats": [{"ci_99": [1.3609190471470356, 1.3681522076949477], "q_25": 1.363215315155685, "q_75": 1.3677353109233081, "min": 1.3609190471470356, "max": 1.3681522076949477, "mean": 1.3652845297940075, "std": 0.0025382607396448385, "repeat": 10, "number": 1}]}, "api.supers.time_subdatasets": {"result": [0.09653868898749352], "stats": [{"ci_99": [0.09380402695387602, 0.10696539748460054], "q_25": 0.09638392529450357, "q_75": 0.09913862752728164, "min": 0.09380402695387602, "max": 0.10696539748460054, "mean": 0.09811303028836846, "std": 0.0035528414829202938, "repeat": 10, "number": 1}]}, "api.supers.time_subdatasets_recursive": {"result": [0.42798869544640183], "stats": [{"ci_99": [0.4227092685177922, 0.4318086449056864], "q_25": 0.4259703310672194, "q_75": 0.4299977761693299, "min": 0.4227092685177922, "max": 0.4318086449056864, "mean": 0.427974630985409, "std": 0.0029146261255514976, "repeat": 10, "number": 1}]}, "api.supers.time_subdatasets_recursive_first": {"result": [0.09556550998240709], "stats": [{"ci_99": [0.09412723500281572, 0.10344649385660887], "q_25": 0.09483518125489354, "q_75": 0.09803369152359664, "min": 0.09412723500281572, "max": 0.10344649385660887, "mean": 0.09680378353223204, "std": 0.002766371495495781, "repeat": 10, "number": 1}]}, "api.supers.time_uninstall": {"result": [4.252833517733961], "stats": [{"ci_99": [4.244348625587288, 4.2590861521382], "q_25": 4.2508250256069005, "q_75": 4.253725880989805, "min": 4.246941610239446, "max": 4.254260909743607, "mean": 4.251717388862744, "std": 0.0028630707872126294, "repeat": 4, "number": 1}]}, "repo.gitrepo.time_get_content_info": {"result": [0.016137417405843735], "stats": [{"ci_99": [0.014342189766466618, 0.018562368117272854], "q_25": 0.01536527881398797, "q_75": 0.017090776469558477, "min": 0.014342189766466618, "max": 0.018562368117272854, "mean": 0.016283304989337923, "std": 0.0012415285946144616, "repeat": 10, "number": 1}]}, "api.testds.time_create_test_dataset1": {"result": [0.6164330658502877], "stats": [{"ci_99": [0.6107177091762424, 0.6317717377096415], "q_25": 0.6146304653957486, "q_75": 0.6176298991777003, "min": 0.6107177091762424, "max": 0.6317717377096415, "mean": 0.6172430058009922, "std": 0.005544804716543459, "repeat": 10, "number": 1}]}, "api.testds.time_create_test_dataset2x2": {"result": [3.7893298412673175], "stats": [{"ci_99": [3.7703955706677794, 3.812303414800817], "q_25": 3.7865087266545743, "q_75": 3.7941706073470414, "min": 3.782613320276141, "max": 3.804124968126416, "mean": 3.791349492734298, "std": 0.007942423518601591, "repeat": 4, "number": 1}]}, "core.runner.time_echo": {"result": [0.0017086664835611978], "stats": [{"ci_99": [0.0016993900450567405, 0.0017219058548410733], "q_25": 0.0017046230689932902, "q_75": 0.0017115194738532107, "min": 0.0016993900450567405, "max": 0.0017219058548410733, "mean": 0.0017088844906538725, "std": 6.5680475883923455e-06, "repeat": 10, "number": 6}]}, "core.runner.time_echo_gitrunner": {"result": [0.0026068593142554164], "stats": [{"ci_99": [0.0023829916026443243, 0.0028585020918399096], "q_25": 0.002502991643268615, "q_75": 0.0027767298743128777, "min": 0.0023829916026443243, "max": 0.0028585020918399096, "mean": 0.002625296590849757, "std": 0.00015839921091116666, "repeat": 10, "number": 4}]}, "core.startup.time_help_np": {"result": [0.6002393863163888], "stats": [{"ci_99": [0.5638114586472511, 0.6551266014575958], "q_25": 0.5836064519826323, "q_75": 0.6366923893801868, "min": 0.5638114586472511, "max": 0.6551266014575958, "mean": 0.6085956069640815, "std": 0.03225255287177456, "repeat": 10, "number": 1}]}, "core.startup.time_import": {"result": [0.15440208092331886], "stats": [{"ci_99": [0.11714128218591213, 0.18798133078962564], "q_25": 0.1229816391132772, "q_75": 0.16814987896941602, "min": 0.11714128218591213, "max": 0.18798133078962564, "mean": 0.14979514228180052, "std": 0.024863491209267907, "repeat": 10, "number": 1}]}, "core.startup.time_import_api": {"result": [0.5625307220034301], "stats": [{"ci_99": [0.522345457226038, 0.6006275685504079], "q_25": 0.5373095320537686, "q_75": 0.5882049549836665, "min": 0.522345457226038, "max": 0.6006275685504079, "mean": 0.5617349673062563, "std": 0.028518921140874644, "repeat": 10, "number": 1}]}, "support.path.get_parent_paths.time_allsubmods_toplevel": {"result": [0.006869278382509947], "stats": [{"ci_99": [0.006728604435920715, 0.008546971715986729], "q_25": 0.006785645615309477, "q_75": 0.007513275952078402, "min": 0.006728604435920715, "max": 0.008546971715986729, "mean": 0.007215837435796857, "std": 0.0005984230614406633, "repeat": 10, "number": 2}]}, "support.path.get_parent_paths.time_allsubmods_toplevel_only": {"result": [0.00631347275339067], "stats": [{"ci_99": [0.006025596521794796, 0.00808623805642128], "q_25": 0.0061063956236466765, "q_75": 0.0071124081732705235, "min": 0.006025596521794796, "max": 0.00808623805642128, "mean": 0.006658349931240082, "std": 0.0006863746632784898, "repeat": 10, "number": 2}]}, "support.path.get_parent_paths.time_no_submods": {"result": [3.256487054186331e-07], "stats": [{"ci_99": [2.858090558221241e-07, 3.7663811062506276e-07], "q_25": 3.032802431017804e-07, "q_75": 3.3489187660501026e-07, "min": 2.858090558221241e-07, "max": 3.7663811062506276e-07, "mean": 3.248093717914465e-07, "std": 2.585517033094303e-08, "repeat": 10, "number": 30384}]}, "support.path.get_parent_paths.time_one_submod_subdir": {"result": [0.0057126902975142], "stats": [{"ci_99": [0.0053387959487736225, 0.006985147017985582], "q_25": 0.00545678217895329,