{"results": {"api.supers.time_createadd": {"result": [1.309184292331338], "stats": [{"ci_99": [1.2875319495797157, 1.339544439688325], "q_25": 1.30167461396195, "q_75": 1.3271191040985286, "min": 1.2875319495797157, "max": 1.339544439688325, "mean": 1.313242946472019, "std": 0.01692499295147031, "repeat": 10, "number": 1}]}, "api.supers.time_createadd_to_dataset": {"result": [1.2475197715684772], "stats": [{"ci_99": [1.2420873334631324, 1.291864674538374], "q_25": 1.2443341249600053, "q_75": 1.2515537815634161, "min": 1.2420873334631324, "max": 1.291864674538374, "mean": 1.2515996932052076, "std": 0.013829593804858814, "repeat": 10, "number": 1}]}, "api.supers.time_diff": null, "api.supers.time_diff_recursive": null, "api.supers.time_installr": {"result": [5.362967666238546], "stats": [{"ci_99": [4.930991478264332, 5.794943854212761], "q_25": 5.358647904358804, "q_75": 5.3672874281182885, "min": 5.354328142479062, "max": 5.371607189998031, "mean": 5.362967666238546, "std": 0.008639523759484291, "repeat": 2, "number": 1}]}, "api.supers.time_ls": {"result": [0.19081105198711157], "stats": [{"ci_99": [0.18009766098111868, 0.2116678822785616], "q_25": 0.1869878403376788, "q_75": 0.19581139693036675, "min": 0.18009766098111868, "max": 0.2116678822785616, "mean": 0.19186875512823462, "std": 0.00860524547659206, "repeat": 10, "number": 1}]}, "api.supers.time_ls_recursive": {"result": [1.8001341340132058], "stats": [{"ci_99": [1.7915504109114408, 1.8273949585855007], "q_25": 1.7951372403185815, "q_75": 1.8101935698650777, "min": 1.7915504109114408, "max": 1.8273949585855007, "mean": 1.8037739166989923, "std": 0.011293472674900546, "repeat": 10, "number": 1}]}, "api.supers.time_ls_recursive_long_all": {"result": [1.9522621934302151], "stats": [{"ci_99": [1.9462124053388834, 1.963384480215609], "q_25": 1.9474272686056793, "q_75": 1.954143161419779, "min": 1.9462124053388834, "max": 1.963384480215609, "mean": 1.9521048194728792, "std": 0.0053189683649815704, "repeat": 8, "number": 1}]}, "api.supers.time_remove": null, "api.supers.time_status": {"result": [0.7263054344803095], "stats": [{"ci_99": [0.7222328260540962, 0.7390455976128578], "q_25": 0.7244318751618266, "q_75": 0.7292055492289364, "min": 0.7222328260540962, "max": 0.7390455976128578, "mean": 0.727586386539042, "std": 0.004948427047437698, "repeat": 10, "number": 1}]}, "api.supers.time_status_recursive": {"result": [1.3775898963212967], "stats": [{"ci_99": [1.3677333127707243, 1.379339681006968], "q_25": 1.3738799889106303, "q_75": 1.3784934219438583, "min": 1.3677333127707243, "max": 1.379339681006968, "mean": 1.3756979600526393, "std": 0.003756107625846283, "repeat": 10, "number": 1}]}, "api.supers.time_subdatasets": {"result": [0.09572602389380336], "stats": [{"ci_99": [0.09364711958914995, 0.10595980193465948], "q_25": 0.09492706670425832, "q_75": 0.09666110971011221, "min": 0.09364711958914995, "max": 0.10595980193465948, "mean": 0.09714279873296619, "std": 0.0038287006811324542, "repeat": 10, "number": 1}]}, "api.supers.time_subdatasets_recursive": {"result": [0.4320735689252615], "stats": [{"ci_99": [0.42619452998042107, 0.4358108239248395], "q_25": 0.43139535607770085, "q_75": 0.43409069208428264, "min": 0.42619452998042107, "max": 0.4358108239248395, "mean": 0.43190050311386585, "std": 0.0028461693275108843, "repeat": 10, "number": 1}]}, "api.supers.time_subdatasets_recursive_first": {"result": [0.09621678339317441], "stats": [{"ci_99": [0.09340422041714191, 0.10048143565654755], "q_25": 0.09487236686982214, "q_75": 0.09770789160393178, "min": 0.09340422041714191, "max": 0.10048143565654755, "mean": 0.0964516444131732, "std": 0.0021507326279080314, "repeat": 10, "number": 1}]}, "api.supers.time_uninstall": {"result": [4.248723845928907], "stats": [{"ci_99": [4.202038517454734, 4.295369668165127], "q_25": 4.235682457918301, "q_75": 4.261745480820537, "min": 4.228429916314781, "max": 4.268938763067126, "mean": 4.24870409280993, "std": 0.016172648955474257, "repeat": 4, "number": 1}]}, "repo.gitrepo.time_get_content_info": {"result": [0.01620156643912196], "stats": [{"ci_99": [0.014590563252568245, 0.018583565950393677], "q_25": 0.01529617770574987, "q_75": 0.016435970086604357, "min": 0.014590563252568245, "max": 0.018583565950393677, "mean": 0.016146409325301647, "std": 0.00108562059307262, "repeat": 10, "number": 1}]}, "api.testds.time_create_test_dataset1": {"result": [0.6177658713422716], "stats": [{"ci_99": [0.6126113114878535, 0.632287323474884], "q_25": 0.6151022536214441, "q_75": 0.6258807617705315, "min": 0.6126113114878535, "max": 0.632287323474884, "mean": 0.6201861025765538, "std": 0.006762232897938309, "repeat": 10, "number": 1}]}, "api.testds.time_create_test_dataset2x2": {"result": [3.845339740626514], "stats": [{"ci_99": [3.7694121084751373, 3.8957248723490356], "q_25": 3.829161887988448, "q_75": 3.848746343050152, "min": 3.787709970958531, "max": 3.851884509436786, "mean": 3.8325684904120862, "std": 0.026089985562092664, "repeat": 4, "number": 1}]}, "core.runner.time_echo": {"result": [0.0017470702684173982], "stats": [{"ci_99": [0.0017379095467428367, 0.0018443261894086997], "q_25": 0.0017411306810875733, "q_75": 0.0017593298107385635, "min": 0.0017379095467428367, "max": 0.0018443261894086997, "mean": 0.0017602870706468821, "std": 3.190802370750628e-05, "repeat": 10, "number": 6}]}, "core.runner.time_echo_gitrunner": {"result": [0.0025609631557017565], "stats": [{"ci_99": [0.0022501421626657248, 0.0028298725374042988], "q_25": 0.002478963986504823, "q_75": 0.002740667317993939, "min": 0.0022501421626657248, "max": 0.0028298725374042988, "mean": 0.002572205872274935, "std": 0.00018331709399706461, "repeat": 10, "number": 4}]}, "core.startup.time_help_np": {"result": [0.6200432451441884], "stats": [{"ci_99": [0.5614467151463032, 0.6728026559576392], "q_25": 0.606265910435468, "q_75": 0.626785492990166, "min": 0.5614467151463032, "max": 0.6728026559576392, "mean": 0.6201600191183388, "std": 0.02863273436277025, "repeat": 10, "number": 1}]}, "core.startup.time_import": {"result": [0.17911922093480825], "stats": [{"ci_99": [0.12926167342811823, 0.21474550105631351], "q_25": 0.16046852059662342, "q_75": 0.1945257061161101, "min": 0.12926167342811823, "max": 0.21474550105631351, "mean": 0.177288428414613, "std": 0.025130586483100535, "repeat": 10, "number": 1}]}, "core.startup.time_import_api": {"result": [0.5510411588475108], "stats": [{"ci_99": [0.5223012529313564, 0.5993579886853695], "q_25": 0.5462208460085094, "q_75": 0.573175524128601, "min": 0.5223012529313564, "max": 0.5993579886853695, "mean": 0.5571275957860052, "std": 0.021867150329236897, "repeat": 10, "number": 1}]}, "support.path.get_parent_paths.time_allsubmods_toplevel": {"result": [0.006853769300505519], "stats": [{"ci_99": [0.006636352278292179, 0.008781921584159136], "q_25": 0.006741000805050135, "q_75": 0.0076646218076348305, "min": 0.006636352278292179, "max": 0.008781921584159136, "mean": 0.007251254003494978, "std": 0.0007031098430633792, "repeat": 10, "number": 2}]}, "support.path.get_parent_paths.time_allsubmods_toplevel_only": {"result": [0.006781590636819601], "stats": [{"ci_99": [0.0060458118095994, 0.007861358113586903], "q_25": 0.006447433261200786, "q_75": 0.0072513389168307185, "min": 0.0060458118095994, "max": 0.007861358113586903, "mean": 0.006852228986099362, "std": 0.0005204797472310145, "repeat": 10, "number": 2}]}, "support.path.get_parent_paths.time_no_submods": {"result": [3.3020935874070796e-07], "stats": [{"ci_99": [3.0334665449914774e-07, 3.6042613864474017e-07], "q_25": 3.1926985007556144e-07, "q_75": 3.4515488072720294e-07, "min": 3.0334665449914774e-07, "max": 3.6042613864474017e-07, "mean": 3.3170839105759155e-07, "std": 1.765297093311228e-08, "repeat": 10, "number": 27492}]}, "support.path.get_parent_paths.time_one_submod_subdir": {"result": [0.006089476635679603], "stats": [{"ci_99": [0.005540176760405302, 0.0067475480027496815], "q_25": 0.005829581175930798,