{"results": {"api.supers.time_createadd": {"result": [1.0565032828599215], "stats": [{"ci_99": [1.042237545363605, 1.0774114010855556], "q_25": 1.0500502209179103, "q_75": 1.0670905092265457, "min": 1.042237545363605, "max": 1.0774114010855556, "mean": 1.0581269266083837, "std": 0.011628645342929953, "repeat": 10, "number": 1}]}, "api.supers.time_createadd_to_dataset": {"result": [1.0394987678155303], "stats": [{"ci_99": [1.028525648638606, 1.0675417855381966], "q_25": 1.0331783450674266, "q_75": 1.0593941670376807, "min": 1.028525648638606, "max": 1.0675417855381966, "mean": 1.0452683945186436, "std": 0.01420063574629375, "repeat": 10, "number": 1}]}, "api.supers.time_diff": null, "api.supers.time_diff_recursive": null, "api.supers.time_installr": {"result": [3.989509031176567], "stats": [{"ci_99": [3.941785525429812, 4.041865764752212], "q_25": 3.9757275637239218, "q_75": 4.005607112543657, "min": 3.9737698724493384, "max": 4.014514645561576, "mean": 3.991825645091012, "std": 0.017293577511135357, "repeat": 4, "number": 1}]}, "api.supers.time_ls": {"result": [0.11544723389670253], "stats": [{"ci_99": [0.11405693273991346, 0.12286228220909834], "q_25": 0.11431029345840216, "q_75": 0.11838543065823615, "min": 0.11405693273991346, "max": 0.12286228220909834, "mean": 0.1169346297159791, "std": 0.0032105008355737285, "repeat": 10, "number": 1}]}, "api.supers.time_ls_recursive": {"result": [1.0715524186380208], "stats": [{"ci_99": [1.0600613355636597, 1.1024140631780028], "q_25": 1.0670230721589178, "q_75": 1.074730985565111, "min": 1.0600613355636597, "max": 1.1024140631780028, "mean": 1.0734613419510424, "std": 0.011077428601418025, "repeat": 10, "number": 1}]}, "api.supers.time_ls_recursive_long_all": {"result": [1.2282988824881613], "stats": [{"ci_99": [1.2207916732877493, 1.2415853701531887], "q_25": 1.224713196279481, "q_75": 1.2343987801577896, "min": 1.2207916732877493, "max": 1.2415853701531887, "mean": 1.2298615258187056, "std": 0.006415514226924784, "repeat": 10, "number": 1}]}, "api.supers.time_remove": {"result": [1.9761905879713595], "stats": [{"ci_99": [1.9702655896544456, 2.026262084953487], "q_25": 1.973849297966808, "q_75": 1.9801687558647245, "min": 1.9702655896544456, "max": 2.026262084953487, "mean": 1.982724877889268, "std": 0.017199924722637365, "repeat": 8, "number": 1}]}, "api.supers.time_status": {"result": [0.6844324725680053], "stats": [{"ci_99": [0.6763923037797213, 0.6899036150425673], "q_25": 0.68307606712915, "q_75": 0.6880679891910404, "min": 0.6763923037797213, "max": 0.6899036150425673, "mean": 0.6846863403916359, "std": 0.0038951951276544345, "repeat": 10, "number": 1}]}, "api.supers.time_status_recursive": {"result": [1.1422786004841328], "stats": [{"ci_99": [1.1389620983973145, 1.1507822759449482], "q_25": 1.140160255599767, "q_75": 1.1449944048654288, "min": 1.1389620983973145, "max": 1.1507822759449482, "mean": 1.143219824694097, "std": 0.003786951649267739, "repeat": 10, "number": 1}]}, "api.supers.time_subdatasets": {"result": [0.06660021794959903], "stats": [{"ci_99": [0.06032778136432171, 0.07372251525521278], "q_25": 0.06380042224191129, "q_75": 0.07031831843778491, "min": 0.06032778136432171, "max": 0.07372251525521278, "mean": 0.06695288028568029, "std": 0.004458387951156799, "repeat": 10, "number": 1}]}, "api.supers.time_subdatasets_recursive": {"result": [0.2436777469702065], "stats": [{"ci_99": [0.23521781247109175, 0.25728042144328356], "q_25": 0.239348862785846, "q_75": 0.24889345886185765, "min": 0.23521781247109175, "max": 0.25728042144328356, "mean": 0.24454458728432654, "std": 0.0071996692496534885, "repeat": 10, "number": 1}]}, "api.supers.time_subdatasets_recursive_first": {"result": [0.06545133423060179], "stats": [{"ci_99": [0.059950683265924454, 0.07267795223742723], "q_25": 0.06455073761753738, "q_75": 0.06877817562781274, "min": 0.059950683265924454, "max": 0.07267795223742723, "mean": 0.06638598339632154, "std": 0.004016970779805082, "repeat": 10, "number": 1}]}, "api.supers.time_uninstall": {"result": [1.9449650328606367], "stats": [{"ci_99": [1.9277090057730675, 2.0459095565602183], "q_25": 1.9330990239977837, "q_75": 2.024405729956925, "min": 1.9277090057730675, "max": 2.0459095565602183, "mean": 1.9766532067830365, "std": 0.04764154830729318, "repeat": 9, "number": 1}]}, "repo.gitrepo.time_get_content_info": {"result": [0.020625065080821514], "stats": [{"ci_99": [0.01583438739180565, 0.023408331908285618], "q_25": 0.01697462610900402, "q_75": 0.021740867057815194, "min": 0.01583438739180565, "max": 0.023408331908285618, "mean": 0.019569680001586674, "std": 0.0026729277228068164, "repeat": 10, "number": 1}]}, "api.testds.time_create_test_dataset1": {"result": [0.4509661067277193], "stats": [{"ci_99": [0.43196959514170885, 0.46478208526968956], "q_25": 0.43787784525193274, "q_75": 0.4554306815844029, "min": 0.43196959514170885, "max": 0.46478208526968956, "mean": 0.44830701863393185, "std": 0.011255532069817806, "repeat": 10, "number": 1}]}, "api.testds.time_create_test_dataset2x2": {"result": [2.8892305619083345], "stats": [{"ci_99": [2.7996243169048514, 2.9726720239208055], "q_25": 2.839770910097286, "q_75": 2.9340535565279424, "min": 2.8253074595704675, "max": 2.940841524861753, "mean": 2.8861481704128287, "std": 0.049474340256476734, "repeat": 6, "number": 1}]}, "core.runner.time_echo": {"result": [0.0017761587165296077], "stats": [{"ci_99": [0.0017312673851847648, 0.0020141325891017913], "q_25": 0.0017638626042753456, "q_75": 0.001834381418302655, "min": 0.0017312673851847648, "max": 0.0020141325891017913, "mean": 0.001806161534041166, "std": 7.917442574045224e-05, "repeat": 10, "number": 5}]}, "core.runner.time_echo_gitrunner": {"result": [0.0022835108451545235], "stats": [{"ci_99": [0.0021497245877981188, 0.0027658721432089806], "q_25": 0.0021657813806086777, "q_75": 0.0024758639279752973, "min": 0.0021497245877981188, "max": 0.0027658721432089806, "mean": 0.0023458523117005823, "std": 0.00020284078306311118, "repeat": 10, "number": 5}]}, "core.startup.time_help_np": {"result": [0.5680287913419306], "stats": [{"ci_99": [0.5209738947451115, 0.6254752241075039], "q_25": 0.5260652131401002, "q_75": 0.5810477756895125, "min": 0.5209738947451115, "max": 0.6254752241075039, "mean": 0.5611289023421705, "std": 0.033237024112404034, "repeat": 10, "number": 1}]}, "core.startup.time_import": {"result": [0.11878118105232716], "stats": [{"ci_99": [0.11628499999642372, 0.19425949547439814], "q_25": 0.1172837158665061, "q_75": 0.12106341798789799, "min": 0.11628499999642372, "max": 0.19425949547439814, "mean": 0.1293281420134008, "std": 0.024028117552078603, "repeat": 10, "number": 1}]}, "core.startup.time_import_api": {"result": [0.4933310663327575], "stats": [{"ci_99": [0.4541386617347598, 0.5616523018106818], "q_25": 0.4691300967242569, "q_75": 0.540619223145768, "min": 0.4541386617347598, "max": 0.5616523018106818, "mean": 0.5037880558520555, "std": 0.041793967944072356, "repeat": 10, "number": 1}]}, "support.path.get_parent_paths.time_allsubmods_toplevel": {"result": [0.006679406156763434], "stats": [{"ci_99": [0.006611307617276907, 0.008055516518652439], "q_25": 0.006635497906245291, "q_75": 0.007217922480776906, "min": 0.006611307617276907, "max": 0.008055516518652439, "mean": 0.006979834847152233, "std": 0.0004882531713047303, "repeat": 10, "number": 2}]}, "support.path.get_parent_paths.time_allsubmods_toplevel_only": {"result": [0.00607027905061841], "stats": [{"ci_99": [0.005916910711675882, 0.007319717202335596], "q_25": 0.005947189289145172, "q_75": 0.006630400428548455, "min": 0.005916910711675882, "max": 0.007319717202335596, "mean": 0.0063297289423644544, "std": 0.00048568389004352726, "repeat": 10, "number": 2}]}, "support.path.get_parent_paths.time_no_submods": {"result": [2.7388204798958216e-07], "stats": [{"ci_99": [2.6845075769956816e-07, 3.130956524428154e-07], "q_25": 2.6939597762661214e-07, "q_75": 2.9150952104633043e-07, "min": 2.6845075769956816e-07,