{"results": {"api.supers.time_createadd": {"result": [1.2739035254344344], "stats": [{"ci_99": [1.257642701268196, 1.2911594258621335], "q_25": 1.265733940526843, "q_75": 1.2809351680334657, "min": 1.257642701268196, "max": 1.2911594258621335, "mean": 1.273216215521097, "std": 0.010371685903691672, "repeat": 10, "number": 1}]}, "api.supers.time_createadd_to_dataset": {"result": [1.2080595162697136], "stats": [{"ci_99": [1.1966706858947873, 1.229048334993422], "q_25": 1.2036877232603729, "q_75": 1.217067697783932, "min": 1.1966706858947873, "max": 1.229048334993422, "mean": 1.2107653139159082, "std": 0.009837709078654895, "repeat": 10, "number": 1}]}, "api.supers.time_diff": null, "api.supers.time_diff_recursive": null, "api.supers.time_installr": {"result": [5.090129991993308], "stats": [{"ci_99": [1.9318617526441813, 8.248398231342431], "q_25": 5.058547309599817, "q_75": 5.121712674386799, "min": 5.0269646272063255, "max": 5.153295356780291, "mean": 5.090129991993308, "std": 0.06316536478698254, "repeat": 2, "number": 1}]}, "api.supers.time_ls": {"result": [0.1873431457206607], "stats": [{"ci_99": [0.18086773622781038, 0.19326461479067802], "q_25": 0.1867144713178277, "q_75": 0.19211331149563193, "min": 0.18086773622781038, "max": 0.19326461479067802, "mean": 0.1882646379992366, "std": 0.0038182874608924584, "repeat": 10, "number": 1}]}, "api.supers.time_ls_recursive": {"result": [1.800979663617909], "stats": [{"ci_99": [1.796645442955196, 1.8122603157535195], "q_25": 1.7990985517390072, "q_75": 1.8034922126680613, "min": 1.796645442955196, "max": 1.8122603157535195, "mean": 1.8024426591582596, "std": 0.0047481962793235535, "repeat": 10, "number": 1}]}, "api.supers.time_ls_recursive_long_all": {"result": [1.9613423603586853], "stats": [{"ci_99": [1.9551815651357174, 1.9846325358375907], "q_25": 1.9560139058157802, "q_75": 1.9708072950597852, "min": 1.9551815651357174, "max": 1.9846325358375907, "mean": 1.964997494011186, "std": 0.010282225889918853, "repeat": 8, "number": 1}]}, "api.supers.time_remove": null, "api.supers.time_status": {"result": [0.754011700861156], "stats": [{"ci_99": [0.7474796185269952, 0.763371167704463], "q_25": 0.7524768803268671, "q_75": 0.7556898517068475, "min": 0.7474796185269952, "max": 0.763371167704463, "mean": 0.7541408373042942, "std": 0.0043453973160819705, "repeat": 10, "number": 1}]}, "api.supers.time_status_recursive": {"result": [1.4000071589834988], "stats": [{"ci_99": [1.3910871054977179, 1.4079032875597477], "q_25": 1.3942412245087326, "q_75": 1.4019953906536102, "min": 1.3910871054977179, "max": 1.4079032875597477, "mean": 1.3987002997659146, "std": 0.005061967818484298, "repeat": 10, "number": 1}]}, "api.supers.time_subdatasets": {"result": [0.10917163174599409], "stats": [{"ci_99": [0.10739789716899395, 0.11359627265483141], "q_25": 0.10763513552956283, "q_75": 0.11236547958105803, "min": 0.10739789716899395, "max": 0.11359627265483141, "mean": 0.10996510302647948, "std": 0.002369065755862831, "repeat": 10, "number": 1}]}, "api.supers.time_subdatasets_recursive": {"result": [0.4418270490132272], "stats": [{"ci_99": [0.43864812329411507, 0.4511930625885725], "q_25": 0.43935357476584613, "q_75": 0.4472063931170851, "min": 0.43864812329411507, "max": 0.4511930625885725, "mean": 0.44324520863592626, "std": 0.004375915111606426, "repeat": 10, "number": 1}]}, "api.supers.time_subdatasets_recursive_first": {"result": [0.10970258107408881], "stats": [{"ci_99": [0.10678078606724739, 0.1277097947895527], "q_25": 0.10864071035757661, "q_75": 0.11727164732292295, "min": 0.10678078606724739, "max": 0.1277097947895527, "mean": 0.11336781326681375, "std": 0.006933960820535654, "repeat": 10, "number": 1}]}, "api.supers.time_uninstall": {"result": [4.1310743829235435], "stats": [{"ci_99": [4.119053147696471, 4.142886313646519], "q_25": 4.127937537617981, "q_75": 4.134106575977057, "min": 4.1254271157085896, "max": 4.136303041130304, "mean": 4.130969730671495, "std": 0.004176333167086984, "repeat": 4, "number": 1}]}, "repo.gitrepo.time_get_content_info": {"result": [0.01644979091361165], "stats": [{"ci_99": [0.014613518491387367, 0.017615370452404022], "q_25": 0.015575931640341878, "q_75": 0.016813182272017002, "min": 0.014613518491387367, "max": 0.017615370452404022, "mean": 0.01623448058962822, "std": 0.0009007783635778171, "repeat": 10, "number": 1}]}, "api.testds.time_create_test_dataset1": {"result": [0.5996326794847846], "stats": [{"ci_99": [0.590631116181612, 0.6085720108821988], "q_25": 0.5962952568661422, "q_75": 0.6025348654948175, "min": 0.590631116181612, "max": 0.6085720108821988, "mean": 0.5993945260532201, "std": 0.0047451283500232755, "repeat": 10, "number": 1}]}, "api.testds.time_create_test_dataset2x2": {"result": [3.5720579121261835], "stats": [{"ci_99": [3.529954256749552, 3.620752793942738], "q_25": 3.5668906401842833, "q_75": 3.5805207972880453, "min": 3.5546852480620146, "max": 3.6026130290701985, "mean": 3.575353525346145, "std": 0.017280010993730537, "repeat": 4, "number": 1}]}, "core.runner.time_echo": {"result": [0.0017104674285898605], "stats": [{"ci_99": [0.0016957672002414863, 0.0020791014345983663], "q_25": 0.0017072185097883146, "q_75": 0.0017148909003784258, "min": 0.0016957672002414863, "max": 0.0020791014345983663, "mean": 0.0017617171630263328, "std": 0.00011646822399385578, "repeat": 10, "number": 6}]}, "core.runner.time_echo_gitrunner": {"result": [0.0026061401003971696], "stats": [{"ci_99": [0.0022613434121012688, 0.0033276055473834276], "q_25": 0.002465734607540071, "q_75": 0.0029383577639237046, "min": 0.0022613434121012688, "max": 0.0033276055473834276, "mean": 0.0027135960292071102, "std": 0.0003426681168147578, "repeat": 10, "number": 4}]}, "core.startup.time_help_np": {"result": [0.5731785292737186], "stats": [{"ci_99": [0.5336239673197269, 0.6289717331528664], "q_25": 0.5626258992124349, "q_75": 0.6147120972163975, "min": 0.5336239673197269, "max": 0.6289717331528664, "mean": 0.5844470179639757, "std": 0.031135008052448607, "repeat": 10, "number": 1}]}, "core.startup.time_import": {"result": [0.15511456597596407], "stats": [{"ci_99": [0.12405758909881115, 0.18614049907773733], "q_25": 0.13158953213132918, "q_75": 0.17842820403166115, "min": 0.12405758909881115, "max": 0.18614049907773733, "mean": 0.15563403172418475, "std": 0.023367626719702786, "repeat": 10, "number": 1}]}, "core.startup.time_import_api": {"result": [0.5153051638044417], "stats": [{"ci_99": [0.4509120509028435, 0.5526707712560892], "q_25": 0.4965411298908293, "q_75": 0.5236934123095125, "min": 0.4509120509028435, "max": 0.5526707712560892, "mean": 0.506840196158737, "std": 0.030467057895427405, "repeat": 10, "number": 1}]}, "support.path.get_parent_paths.time_allsubmods_toplevel": {"result": [0.0077108838595449924], "stats": [{"ci_99": [0.0069489022716879845, 0.008772050496190786], "q_25": 0.007325290702283382, "q_75": 0.008181744487956166, "min": 0.0069489022716879845, "max": 0.008772050496190786, "mean": 0.007780599454417825, "std": 0.0005998961315578594, "repeat": 10, "number": 2}]}, "support.path.get_parent_paths.time_allsubmods_toplevel_only": {"result": [0.007087112171575427], "stats": [{"ci_99": [0.006412702612578869, 0.008032251615077257], "q_25": 0.006738584372214973, "q_75": 0.007566608022898436, "min": 0.006412702612578869, "max": 0.008032251615077257, "mean": 0.007162652164697647, "std": 0.0005327244544567784, "repeat": 10, "number": 2}]}, "support.path.get_parent_paths.time_no_submods": {"result": [3.318855003902344e-07], "stats": [{"ci_99": [3.0867947373692086e-07, 3.656944841485835e-07], "q_25": 3.2027100644349914e-07, "q_75": 3.509302566542049e-07, "min": 3.0867947373692086e-07, "max": 3.656944841485835e-07, "mean": 3.346379244439814e-07, "std": 1.8199991546195496e-08, "repeat": 10, "number": 27926}]}, "support.path.get_parent_paths.time_one_submod_subdir": {"result": [0.005766678135842085], "stats": [{"ci_99": [0.005216012708842754, 0.006939869374036789], "q_25": 0.005436112871393561,