{"results": {"api.supers.time_createadd": {"result": [1.3035904839634895], "stats": [{"ci_99": [1.2846965799108148, 1.3180840918794274], "q_25": 1.2928622695617378, "q_75": 1.307914529228583, "min": 1.2846965799108148, "max": 1.3180840918794274, "mean": 1.3014053989201784, "std": 0.00976702810311369, "repeat": 10, "number": 1}]}, "api.supers.time_createadd_to_dataset": {"result": [1.2481599193997681], "stats": [{"ci_99": [1.2292941082268953, 1.2641649264842272], "q_25": 1.2369410668034106, "q_75": 1.2548274968285114, "min": 1.2292941082268953, "max": 1.2641649264842272, "mean": 1.246356604155153, "std": 0.010894515488218902, "repeat": 10, "number": 1}]}, "api.supers.time_diff": null, "api.supers.time_diff_recursive": null, "api.supers.time_installr": {"result": [5.508697320707142], "stats": [{"ci_99": [5.2334695206955075, 5.783925120718777], "q_25": 5.505945042707026, "q_75": 5.511449598707259, "min": 5.50319276470691, "max": 5.514201876707375, "mean": 5.508697320707142, "std": 0.0055045560002326965, "repeat": 2, "number": 1}]}, "api.supers.time_ls": {"result": [0.18324475083500147], "stats": [{"ci_99": [0.17780467215925455, 0.18911156244575977], "q_25": 0.18173261010088027, "q_75": 0.1847676159814, "min": 0.17780467215925455, "max": 0.18911156244575977, "mean": 0.18334553968161343, "std": 0.0029587302831693006, "repeat": 10, "number": 1}]}, "api.supers.time_ls_recursive": {"result": [1.7878540284000337], "stats": [{"ci_99": [1.7739883847534657, 1.8030834747478366], "q_25": 1.785599330905825, "q_75": 1.7945168169680983, "min": 1.7739883847534657, "max": 1.8030834747478366, "mean": 1.7887874433770776, "std": 0.007968124798993144, "repeat": 10, "number": 1}]}, "api.supers.time_ls_recursive_long_all": {"result": [1.9562859684228897], "stats": [{"ci_99": [1.9341995753347874, 2.0144393537193537], "q_25": 1.9464797852560878, "q_75": 1.9901407002471387, "min": 1.9341995753347874, "max": 2.0144393537193537, "mean": 1.9661089258734137, "std": 0.02736066139248569, "repeat": 8, "number": 1}]}, "api.supers.time_remove": null, "api.supers.time_status": {"result": [0.7349015101790428], "stats": [{"ci_99": [0.7213187646120787, 0.7549260761588812], "q_25": 0.7240024807397276, "q_75": 0.7500023965258151, "min": 0.7213187646120787, "max": 0.7549260761588812, "mean": 0.7365913257934154, "std": 0.013711814479489267, "repeat": 10, "number": 1}]}, "api.supers.time_status_recursive": {"result": [1.365100589580834], "stats": [{"ci_99": [1.3612117730081081, 1.3727951981127262], "q_25": 1.3628431491088122, "q_75": 1.3681660308502614, "min": 1.3612117730081081, "max": 1.3727951981127262, "mean": 1.3656242980621756, "std": 0.0036087779555882497, "repeat": 10, "number": 1}]}, "api.supers.time_subdatasets": {"result": [0.09553527785465121], "stats": [{"ci_99": [0.09291624650359154, 0.11025300435721874], "q_25": 0.09458474488928914, "q_75": 0.09779658471234143, "min": 0.09291624650359154, "max": 0.11025300435721874, "mean": 0.09760102462023497, "std": 0.004960785826634938, "repeat": 10, "number": 1}]}, "api.supers.time_subdatasets_recursive": {"result": [0.4277703473344445], "stats": [{"ci_99": [0.42465175967663527, 0.4432524563744664], "q_25": 0.4262307216413319, "q_75": 0.43036665325053036, "min": 0.42465175967663527, "max": 0.4432524563744664, "mean": 0.42992038680240513, "std": 0.005492597122955569, "repeat": 10, "number": 1}]}, "api.supers.time_subdatasets_recursive_first": {"result": [0.09574693627655506], "stats": [{"ci_99": [0.09300157520920038, 0.1051260195672512], "q_25": 0.09371073939837515, "q_75": 0.09664203436113894, "min": 0.09300157520920038, "max": 0.1051260195672512, "mean": 0.09667150676250458, "std": 0.0039059724269953655, "repeat": 10, "number": 1}]}, "api.supers.time_uninstall": {"result": [4.25365235330537], "stats": [{"ci_99": [4.223172363551725, 4.291444593382608], "q_25": 4.247209016466513, "q_75": 4.263751815306023, "min": 4.2451158575713634, "max": 4.276813349686563, "mean": 4.257308478467166, "std": 0.012468547852230272, "repeat": 4, "number": 1}]}, "repo.gitrepo.time_get_content_info": {"result": [0.015694308560341597], "stats": [{"ci_99": [0.014988004229962826, 0.017994939349591732], "q_25": 0.015353786526247859, "q_75": 0.016193412942811847, "min": 0.014988004229962826, "max": 0.017994939349591732, "mean": 0.01588758211582899, "std": 0.0008191990180968371, "repeat": 10, "number": 1}]}, "api.testds.time_create_test_dataset1": {"result": [0.6202523647807539], "stats": [{"ci_99": [0.6120421560481191, 0.6239259764552116], "q_25": 0.6162273501977324, "q_75": 0.6231342758983374, "min": 0.6120421560481191, "max": 0.6239259764552116, "mean": 0.6192918905057013, "std": 0.004096635214834511, "repeat": 10, "number": 1}]}, "api.testds.time_create_test_dataset2x2": {"result": [3.774731061886996], "stats": [{"ci_99": [3.7402401623229053, 3.8120313257997367], "q_25": 3.7688333303667605, "q_75": 3.7820334755815566, "min": 3.7590292738750577, "max": 3.7960515785962343, "mean": 3.776135744061321, "std": 0.013295194894563366, "repeat": 4, "number": 1}]}, "core.runner.time_echo": {"result": [0.0021738162031397223], "stats": [{"ci_99": [0.0019962023943662643, 0.002445618622004986], "q_25": 0.0020961749833077192, "q_75": 0.002226616721600294, "min": 0.0019962023943662643, "max": 0.002445618622004986, "mean": 0.002187320543453097, "std": 0.0001272534903501537, "repeat": 10, "number": 4}]}, "core.runner.time_echo_gitrunner": {"result": [0.0025869131786748767], "stats": [{"ci_99": [0.0023859848733991385, 0.002887716284021735], "q_25": 0.0024614004651084542, "q_75": 0.0026978214737027884, "min": 0.0023859848733991385, "max": 0.002887716284021735, "mean": 0.0025885785464197395, "std": 0.0001513065436830393, "repeat": 10, "number": 4}]}, "core.startup.time_help_np": {"result": [0.5862665264867246], "stats": [{"ci_99": [0.5266384361311793, 0.6516966754570603], "q_25": 0.5458633750677109, "q_75": 0.6005789104383439, "min": 0.5266384361311793, "max": 0.6516966754570603, "mean": 0.5809620719403028, "std": 0.04049147681540032, "repeat": 10, "number": 1}]}, "core.startup.time_import": {"result": [0.14820765564218163], "stats": [{"ci_99": [0.11384831741452217, 0.2016175165772438], "q_25": 0.1297386633232236, "q_75": 0.16257486981339753, "min": 0.11384831741452217, "max": 0.2016175165772438, "mean": 0.1496212446130812, "std": 0.025422918846689572, "repeat": 10, "number": 1}]}, "core.startup.time_import_api": {"result": [0.5450947745703161], "stats": [{"ci_99": [0.46139811258763075, 0.5741852791979909], "q_25": 0.5199682877864689, "q_75": 0.5590252282563597, "min": 0.46139811258763075, "max": 0.5741852791979909, "mean": 0.5315443838946521, "std": 0.038082410307672225, "repeat": 10, "number": 1}]}, "support.path.get_parent_paths.time_allsubmods_toplevel": {"result": [0.007742180256173015], "stats": [{"ci_99": [0.006971124093979597, 0.008772550150752068], "q_25": 0.007287099375389516, "q_75": 0.0081188176991418, "min": 0.006971124093979597, "max": 0.008772550150752068, "mean": 0.007769837602972984, "std": 0.0005970402081803162, "repeat": 10, "number": 2}]}, "support.path.get_parent_paths.time_allsubmods_toplevel_only": {"result": [0.006845592986792326], "stats": [{"ci_99": [0.006152593996375799, 0.00784795405343175], "q_25": 0.00652649300172925, "q_75": 0.007263850886374712, "min": 0.006152593996375799, "max": 0.00784795405343175, "mean": 0.0069149188231676815, "std": 0.0005040835517884902, "repeat": 10, "number": 2}]}, "support.path.get_parent_paths.time_no_submods": {"result": [3.3521025092239215e-07], "stats": [{"ci_99": [3.0859272397188154e-07, 3.723241918112543e-07], "q_25": 3.233242499569056e-07, "q_75": 3.52025750282901e-07, "min": 3.0859272397188154e-07, "max": 3.723241918112543e-07, "mean": 3.375236517189196e-07, "std": 1.8501941566571862e-08, "repeat": 10, "number": 27448}]}, "support.path.get_parent_paths.time_one_submod_subdir": {"result": [0.0056537240743637085], "stats": [{"ci_99": [0.00531554501503706, 0.007014494389295578], "q_25": 0.005331331281922758,