{"results": {"api.supers.time_createadd": {"result": [1.274187640286982], "stats": [{"ci_99": [1.2558572087436914, 1.2976137856021523], "q_25": 1.2665878888219595, "q_75": 1.284991061547771, "min": 1.2558572087436914, "max": 1.2976137856021523, "mean": 1.2754572256468237, "std": 0.012449230341888521, "repeat": 10, "number": 1}]}, "api.supers.time_createadd_to_dataset": {"result": [1.222093554213643], "stats": [{"ci_99": [1.2029830375686288, 1.2564444951713085], "q_25": 1.2114846222102642, "q_75": 1.238435956882313, "min": 1.2029830375686288, "max": 1.2564444951713085, "mean": 1.2253939246758818, "std": 0.01811022413594063, "repeat": 10, "number": 1}]}, "api.supers.time_diff": null, "api.supers.time_diff_recursive": null, "api.supers.time_installr": {"result": [5.060248025227338], "stats": [{"ci_99": [3.6747211306355894, 6.445774919819086], "q_25": 5.046392756281421, "q_75": 5.074103294173256, "min": 5.032537487335503, "max": 5.087958563119173, "mean": 5.060248025227338, "std": 0.027710537891834974, "repeat": 2, "number": 1}]}, "api.supers.time_ls": {"result": [0.1863916083239019], "stats": [{"ci_99": [0.17871511355042458, 0.19916224665939808], "q_25": 0.17955058068037033, "q_75": 0.1899333435576409, "min": 0.17871511355042458, "max": 0.19916224665939808, "mean": 0.1861748954281211, "std": 0.00651856919344907, "repeat": 10, "number": 1}]}, "api.supers.time_ls_recursive": {"result": [1.7982012573629618], "stats": [{"ci_99": [1.7886551255360246, 1.8078488996252418], "q_25": 1.7910273394081742, "q_75": 1.8054275223985314, "min": 1.7886551255360246, "max": 1.8078488996252418, "mean": 1.7981617509387433, "std": 0.007287601441940354, "repeat": 10, "number": 1}]}, "api.supers.time_ls_recursive_long_all": {"result": [1.9591864342801273], "stats": [{"ci_99": [1.952810736373067, 1.9663499258458614], "q_25": 1.9559486324433237, "q_75": 1.9610610287636518, "min": 1.952810736373067, "max": 1.9663499258458614, "mean": 1.9588913759216666, "std": 0.004142794346508271, "repeat": 8, "number": 1}]}, "api.supers.time_remove": null, "api.supers.time_status": {"result": [0.7518782168626785], "stats": [{"ci_99": [0.7478596596047282, 0.7620986038818955], "q_25": 0.7499154373072088, "q_75": 0.7547038872726262, "min": 0.7478596596047282, "max": 0.7620986038818955, "mean": 0.752760871592909, "std": 0.004095499747153661, "repeat": 10, "number": 1}]}, "api.supers.time_status_recursive": {"result": [1.3936306340619922], "stats": [{"ci_99": [1.3885259749367833, 1.398668209090829], "q_25": 1.392746879486367, "q_75": 1.3951658732257783, "min": 1.3885259749367833, "max": 1.398668209090829, "mean": 1.3937726218253375, "std": 0.0031665205175657046, "repeat": 10, "number": 1}]}, "api.supers.time_subdatasets": {"result": [0.11003984557464719], "stats": [{"ci_99": [0.10689240042120218, 0.1124298432841897], "q_25": 0.10815250570885837, "q_75": 0.11047218623571098, "min": 0.10689240042120218, "max": 0.1124298432841897, "mean": 0.10969584779813886, "std": 0.0017416356308860002, "repeat": 10, "number": 1}]}, "api.supers.time_subdatasets_recursive": {"result": [0.4414633014239371], "stats": [{"ci_99": [0.43809118773788214, 0.44632526487112045], "q_25": 0.43955478933639824, "q_75": 0.443574485136196, "min": 0.43809118773788214, "max": 0.44632526487112045, "mean": 0.44165721191093327, "std": 0.0024752176549271503, "repeat": 10, "number": 1}]}, "api.supers.time_subdatasets_recursive_first": {"result": [0.10798379685729742], "stats": [{"ci_99": [0.10601623822003603, 0.11109888087958097], "q_25": 0.10723058367148042, "q_75": 0.10982042481191456, "min": 0.10601623822003603, "max": 0.11109888087958097, "mean": 0.10834282143041492, "std": 0.0016568401416735114, "repeat": 10, "number": 1}]}, "api.supers.time_uninstall": {"result": [4.13052718853578], "stats": [{"ci_99": [4.111845502022781, 4.150276580035558], "q_25": 4.125823695445433, "q_75": 4.135764534119517, "min": 4.1228325525298715, "max": 4.14035723451525, "mean": 4.13106104102917, "std": 0.006748568534471564, "repeat": 4, "number": 1}]}, "repo.gitrepo.time_get_content_info": {"result": [0.015825539827346802], "stats": [{"ci_99": [0.014335167594254017, 0.02057802863419056], "q_25": 0.015396059956401587, "q_75": 0.016299760667607188, "min": 0.014335167594254017, "max": 0.02057802863419056, "mean": 0.016166050918400288, "std": 0.0016429667418129154, "repeat": 10, "number": 1}]}, "api.testds.time_create_test_dataset1": {"result": [0.6044406979344785], "stats": [{"ci_99": [0.5945971952751279, 0.6096331775188446], "q_25": 0.6002555366139859, "q_75": 0.6070061980281025, "min": 0.5945971952751279, "max": 0.6096331775188446, "mean": 0.6030840570107102, "std": 0.005032611659935558, "repeat": 10, "number": 1}]}, "api.testds.time_create_test_dataset2x2": {"result": [3.5686129238456488], "stats": [{"ci_99": [3.506160606993021, 3.632271757452159], "q_25": 3.5517246599774808, "q_75": 3.586104446090758, "min": 3.541979414410889, "max": 3.5976594667881727, "mean": 3.56921618222259, "std": 0.021929892515893393, "repeat": 4, "number": 1}]}, "core.runner.time_echo": {"result": [0.00183058837428689], "stats": [{"ci_99": [0.0017122592777013778, 0.002244630828499794], "q_25": 0.0017225952818989755, "q_75": 0.002050962671637535, "min": 0.0017122592777013778, "max": 0.002244630828499794, "mean": 0.0019029830768704415, "std": 0.00019693652153912738, "repeat": 10, "number": 5}]}, "core.runner.time_echo_gitrunner": {"result": [0.0027182510821148753], "stats": [{"ci_99": [0.0023578591644763947, 0.003372670616954565], "q_25": 0.0024563364568166435, "q_75": 0.0031615621992386878, "min": 0.0023578591644763947, "max": 0.003372670616954565, "mean": 0.002816626080311835, "std": 0.0003821119566035254, "repeat": 10, "number": 4}]}, "core.startup.time_help_np": {"result": [0.5787822660058737], "stats": [{"ci_99": [0.5149260517209768, 0.6253070738166571], "q_25": 0.5324835279025137, "q_75": 0.5934529406949878, "min": 0.5149260517209768, "max": 0.6253070738166571, "mean": 0.5683481452055276, "std": 0.036708182534188075, "repeat": 10, "number": 1}]}, "core.startup.time_import": {"result": [0.15587340435013175], "stats": [{"ci_99": [0.11742520611733198, 0.1964444350451231], "q_25": 0.1424422706477344, "q_75": 0.17938010185025632, "min": 0.11742520611733198, "max": 0.1964444350451231, "mean": 0.15846175672486423, "std": 0.023924899258066137, "repeat": 10, "number": 1}]}, "core.startup.time_import_api": {"result": [0.523235697299242], "stats": [{"ci_99": [0.45076489821076393, 0.5740838274359703], "q_25": 0.5040739588439465, "q_75": 0.5281578155700117, "min": 0.45076489821076393, "max": 0.5740838274359703, "mean": 0.5204335344955325, "std": 0.03404019704129186, "repeat": 10, "number": 1}]}, "support.path.get_parent_paths.time_allsubmods_toplevel": {"result": [0.007129426579922438], "stats": [{"ci_99": [0.0068951817229390144, 0.007889192551374435], "q_25": 0.006957896170206368, "q_75": 0.00741838023532182, "min": 0.0068951817229390144, "max": 0.007889192551374435, "mean": 0.007219421165063977, "std": 0.0003105914354386006, "repeat": 10, "number": 2}]}, "support.path.get_parent_paths.time_allsubmods_toplevel_only": {"result": [0.007324319798499346], "stats": [{"ci_99": [0.00658477982506156, 0.009218381717801094], "q_25": 0.006930081290192902, "q_75": 0.007779068662784994, "min": 0.00658477982506156, "max": 0.009218381717801094, "mean": 0.007464929576963186, "std": 0.0007352151919982218, "repeat": 10, "number": 2}]}, "support.path.get_parent_paths.time_no_submods": {"result": [2.8422313336685624e-07], "stats": [{"ci_99": [2.7142872381057005e-07, 3.628930316064548e-07], "q_25": 2.732713108561194e-07, "q_75": 3.1670248410045994e-07, "min": 2.7142872381057005e-07, "max": 3.628930316064548e-07, "mean": 2.987971407276789e-07, "std": 3.0910993880375915e-08, "repeat": 10, "number": 40430}]}, "support.path.get_parent_paths.time_one_submod_subdir": {"result": [0.006043794099241495], "stats": [{"ci_99": [0.005486252252012491, 0.007036725524812937], "q_25": 0.0055046118795871735,