{"results": {"api.supers.time_createadd": {"result": [1.300917393527925], "stats": [{"ci_99": [1.2909211702644825, 1.3236716743558645], "q_25": 1.2972675415221602, "q_75": 1.3111848577391356, "min": 1.2909211702644825, "max": 1.3236716743558645, "mean": 1.3039292828179896, "std": 0.010370393708908125, "repeat": 10, "number": 1}]}, "api.supers.time_createadd_to_dataset": {"result": [1.2552573764696717], "stats": [{"ci_99": [1.2365150712430477, 1.2623276002705097], "q_25": 1.2480204261373729, "q_75": 1.258302588481456, "min": 1.2365150712430477, "max": 1.2623276002705097, "mean": 1.2528002593666314, "std": 0.007706706954679132, "repeat": 10, "number": 1}]}, "api.supers.time_diff": null, "api.supers.time_diff_recursive": null, "api.supers.time_installr": {"result": [5.2595894183032215], "stats": [{"ci_99": [4.054487087298185, 6.464691749308257], "q_25": 5.247538394993171, "q_75": 5.271640441613272, "min": 5.235487371683121, "max": 5.283691464923322, "mean": 5.2595894183032215, "std": 0.024102046620100737, "repeat": 2, "number": 1}]}, "api.supers.time_ls": {"result": [0.18138682609423995], "stats": [{"ci_99": [0.17886199802160263, 0.1917136861011386], "q_25": 0.17983977077528834, "q_75": 0.1855634560342878, "min": 0.17886199802160263, "max": 0.1917136861011386, "mean": 0.1834185647778213, "std": 0.004670424273065477, "repeat": 10, "number": 1}]}, "api.supers.time_ls_recursive": {"result": [1.7821117667481303], "stats": [{"ci_99": [1.7669154545292258, 1.8112892676144838], "q_25": 1.7762113427743316, "q_75": 1.792843343457207, "min": 1.7669154545292258, "max": 1.8112892676144838, "mean": 1.784632298722863, "std": 0.013516940826699696, "repeat": 10, "number": 1}]}, "api.supers.time_ls_recursive_long_all": {"result": [1.961632071994245], "stats": [{"ci_99": [1.939088435843587, 1.9960227040573955], "q_25": 1.9444773958530277, "q_75": 1.980276838177815, "min": 1.939088435843587, "max": 1.9960227040573955, "mean": 1.9638223889051005, "std": 0.02025297327279361, "repeat": 8, "number": 1}]}, "api.supers.time_remove": null, "api.supers.time_status": {"result": [0.7308421758934855], "stats": [{"ci_99": [0.7212123293429613, 0.7495845705270767], "q_25": 0.7268721351865679, "q_75": 0.7335851134266704, "min": 0.7212123293429613, "max": 0.7495845705270767, "mean": 0.7314581997692585, "std": 0.007255648611603312, "repeat": 10, "number": 1}]}, "api.supers.time_status_recursive": {"result": [1.3672228241339326], "stats": [{"ci_99": [1.3609151132404804, 1.3748407009989023], "q_25": 1.363431220408529, "q_75": 1.3694652714766562, "min": 1.3609151132404804, "max": 1.3748407009989023, "mean": 1.367157756537199, "std": 0.004196452298506084, "repeat": 10, "number": 1}]}, "api.supers.time_subdatasets": {"result": [0.09567633783444762], "stats": [{"ci_99": [0.09387322328984737, 0.10209983307868242], "q_25": 0.09493498434312642, "q_75": 0.09815742541104555, "min": 0.09387322328984737, "max": 0.10209983307868242, "mean": 0.09669557539746165, "std": 0.0024429536270238594, "repeat": 10, "number": 1}]}, "api.supers.time_subdatasets_recursive": {"result": [0.4299178901128471], "stats": [{"ci_99": [0.42689850740134716, 0.4419945450499654], "q_25": 0.42826666589826345, "q_75": 0.432382058352232, "min": 0.42689850740134716, "max": 0.4419945450499654, "mean": 0.43112691985443236, "std": 0.004275810785836623, "repeat": 10, "number": 1}]}, "api.supers.time_subdatasets_recursive_first": {"result": [0.09669435350224376], "stats": [{"ci_99": [0.0924912253394723, 0.10695304069668055], "q_25": 0.09543258743360639, "q_75": 0.09885824983939528, "min": 0.0924912253394723, "max": 0.10695304069668055, "mean": 0.09757887776941061, "std": 0.0037502127384865074, "repeat": 10, "number": 1}]}, "api.supers.time_uninstall": {"result": [4.254588711541146], "stats": [{"ci_99": [4.228390152296925, 4.281667013921832], "q_25": 4.248391882516444, "q_75": 4.261225412134081, "min": 4.242847460322082, "max": 4.268089449033141, "mean": 4.255028583109379, "std": 0.009449538676232392, "repeat": 4, "number": 1}]}, "repo.gitrepo.time_get_content_info": {"result": [0.01618699636310339], "stats": [{"ci_99": [0.014433378353714943, 0.018068669363856316], "q_25": 0.014554596040397882, "q_75": 0.01673550996929407, "min": 0.014433378353714943, "max": 0.018068669363856316, "mean": 0.015957572776824237, "std": 0.0013012240859877585, "repeat": 10, "number": 1}]}, "api.testds.time_create_test_dataset1": {"result": [0.615902204066515], "stats": [{"ci_99": [0.611179874278605, 0.6276235794648528], "q_25": 0.6146427872590721, "q_75": 0.6178158589173108, "min": 0.611179874278605, "max": 0.6276235794648528, "mean": 0.6172930341213941, "std": 0.004522378026453724, "repeat": 10, "number": 1}]}, "api.testds.time_create_test_dataset2x2": {"result": [3.804223266430199], "stats": [{"ci_99": [3.789785458132546, 3.8220514721386922], "q_25": 3.801504843868315, "q_75": 3.808636887697503, "min": 3.7997895795851946, "max": 3.8154377480968833, "mean": 3.805918465135619, "std": 0.005982134835969735, "repeat": 4, "number": 1}]}, "core.runner.time_echo": {"result": [0.0017133573225388923], "stats": [{"ci_99": [0.001690670692672332, 0.0017218113255997498], "q_25": 0.001701432280242443, "q_75": 0.0017157080583274364, "min": 0.001690670692672332, "max": 0.0017218113255997498, "mean": 0.0017088085568199552, "std": 1.0711393425524204e-05, "repeat": 10, "number": 6}]}, "core.runner.time_echo_gitrunner": {"result": [0.0026359601179137826], "stats": [{"ci_99": [0.0024146733339875937, 0.0029021480586379766], "q_25": 0.0025439641904085875, "q_75": 0.0027961028390564024, "min": 0.0024146733339875937, "max": 0.0029021480586379766, "mean": 0.0026583291590213777, "std": 0.00015374319223615464, "repeat": 10, "number": 4}]}, "core.startup.time_help_np": {"result": [0.5869899629615247], "stats": [{"ci_99": [0.5217232881113887, 0.6363030700013041], "q_25": 0.5772311517503113, "q_75": 0.5900924496818334, "min": 0.5217232881113887, "max": 0.6363030700013041, "mean": 0.5867962200194597, "std": 0.029922264038436553, "repeat": 10, "number": 1}]}, "core.startup.time_import": {"result": [0.1719719609245658], "stats": [{"ci_99": [0.11620826367288828, 0.19730647560209036], "q_25": 0.13029440073296428, "q_75": 0.1870845544617623, "min": 0.11620826367288828, "max": 0.19730647560209036, "mean": 0.1601465694606304, "std": 0.029887084088028457, "repeat": 10, "number": 1}]}, "core.startup.time_import_api": {"result": [0.5173518396914005], "stats": [{"ci_99": [0.49922818690538406, 0.5440895482897758], "q_25": 0.5082874258514494, "q_75": 0.5223820372484624, "min": 0.49922818690538406, "max": 0.5440895482897758, "mean": 0.517839842941612, "std": 0.012435363514624402, "repeat": 10, "number": 1}]}, "support.path.get_parent_paths.time_allsubmods_toplevel": {"result": [0.007841463200747967], "stats": [{"ci_99": [0.0069981846027076244, 0.008826698642224073], "q_25": 0.0074269858887419105, "q_75": 0.008214605040848255, "min": 0.0069981846027076244, "max": 0.008826698642224073, "mean": 0.007867619674652816, "std": 0.0006140303569061838, "repeat": 10, "number": 2}]}, "support.path.get_parent_paths.time_allsubmods_toplevel_only": {"result": [0.006954597309231758], "stats": [{"ci_99": [0.006179015152156353, 0.007910280488431454], "q_25": 0.006592518649995327, "q_75": 0.007326908991672099, "min": 0.006179015152156353, "max": 0.007910280488431454, "mean": 0.006976683996617794, "std": 0.0005031123111646273, "repeat": 10, "number": 2}]}, "support.path.get_parent_paths.time_no_submods": {"result": [2.902656233775715e-07], "stats": [{"ci_99": [2.7826353827855126e-07, 3.599839382210752e-07], "q_25": 2.7957620052487884e-07, "q_75": 3.241623848729076e-07, "min": 2.7826353827855126e-07, "max": 3.599839382210752e-07, "mean": 3.04086333637335e-07, "std": 2.8969026157057936e-08, "repeat": 10, "number": 39248}]}, "support.path.get_parent_paths.time_one_submod_subdir": {"result": [0.005955841159448028], "stats": [{"ci_99": [0.0053219860419631, 0.006997304502874613], "q_25": 0.005714985192753375,