{"results": {"api.supers.time_createadd": {"result": [0.9680428942665458], "stats": [{"ci_99": [0.9555251626297832, 0.9877634728327394], "q_25": 0.9648153258021921, "q_75": 0.9729906709399074, "min": 0.9555251626297832, "max": 0.9877634728327394, "mean": 0.970393689069897, "std": 0.009554697224238712, "repeat": 10, "number": 1}]}, "api.supers.time_createadd_to_dataset": {"result": [0.9705809312872589], "stats": [{"ci_99": [0.9543526582419872, 0.9822560688480735], "q_25": 0.9647039244882762, "q_75": 0.9764678762294352, "min": 0.9543526582419872, "max": 0.9822560688480735, "mean": 0.9700196332298219, "std": 0.008561006603072619, "repeat": 10, "number": 1}]}, "api.supers.time_diff": null, "api.supers.time_diff_recursive": null, "api.supers.time_installr": {"result": [4.108485586475581], "stats": [{"ci_99": [4.083667060266606, 4.133245908283271], "q_25": 4.1042923466302454, "q_75": 4.112649724120274, "min": 4.095450124703348, "max": 4.121404639445245, "mean": 4.108456484274939, "std": 0.009218541138832278, "repeat": 4, "number": 1}]}, "api.supers.time_ls": {"result": [0.11787154152989388], "stats": [{"ci_99": [0.11469342932105064, 0.12339754495769739], "q_25": 0.11725915293209255, "q_75": 0.12030597310513258, "min": 0.11469342932105064, "max": 0.12339754495769739, "mean": 0.11864935485646129, "std": 0.0028448092899210154, "repeat": 10, "number": 1}]}, "api.supers.time_ls_recursive": {"result": [1.0814767684787512], "stats": [{"ci_99": [1.0699686659500003, 1.0881544584408402], "q_25": 1.0779770554509014, "q_75": 1.085316370939836, "min": 1.0699686659500003, "max": 1.0881544584408402, "mean": 1.0807686095125972, "std": 0.005865339054319845, "repeat": 10, "number": 1}]}, "api.supers.time_ls_recursive_long_all": {"result": [1.2358231940306723], "stats": [{"ci_99": [1.2210382260382175, 1.2429385939612985], "q_25": 1.229475713102147, "q_75": 1.2373381271027029, "min": 1.2210382260382175, "max": 1.2429385939612985, "mean": 1.2340662917122245, "std": 0.006628203232561194, "repeat": 10, "number": 1}]}, "api.supers.time_remove": {"result": [2.022013216279447], "stats": [{"ci_99": [2.008995068259537, 2.067720984108746], "q_25": 2.013059416320175, "q_75": 2.0383315307553858, "min": 2.008995068259537, "max": 2.067720984108746, "mean": 2.0279517200542614, "std": 0.018819067315053586, "repeat": 8, "number": 1}]}, "api.supers.time_status": {"result": [0.6864044237881899], "stats": [{"ci_99": [0.6800124291330576, 0.6963420258834958], "q_25": 0.6850483017042279, "q_75": 0.6896842934656888, "min": 0.6800124291330576, "max": 0.6963420258834958, "mean": 0.6874797264114022, "std": 0.00515120174350581, "repeat": 10, "number": 1}]}, "api.supers.time_status_recursive": {"result": [1.149927222635597], "stats": [{"ci_99": [1.137917272746563, 1.1615654304623604], "q_25": 1.1426908371504396, "q_75": 1.1544776868540794, "min": 1.137917272746563, "max": 1.1615654304623604, "mean": 1.149259179458022, "std": 0.007236817665413546, "repeat": 10, "number": 1}]}, "api.supers.time_subdatasets": {"result": [0.06760789128020406], "stats": [{"ci_99": [0.06454314664006233, 0.07609919272363186], "q_25": 0.0663840607739985, "q_75": 0.0697672360111028, "min": 0.06454314664006233, "max": 0.07609919272363186, "mean": 0.06842142762616277, "std": 0.0031863016276241067, "repeat": 10, "number": 1}]}, "api.supers.time_subdatasets_recursive": {"result": [0.2473500999622047], "stats": [{"ci_99": [0.24234554916620255, 0.2510377913713455], "q_25": 0.24652096210047603, "q_75": 0.24846250750124454, "min": 0.24234554916620255, "max": 0.2510377913713455, "mean": 0.2469823149032891, "std": 0.0024557157493485, "repeat": 10, "number": 1}]}, "api.supers.time_subdatasets_recursive_first": {"result": [0.06730089848861098], "stats": [{"ci_99": [0.062619105912745, 0.07477478124201298], "q_25": 0.06515042064711452, "q_75": 0.0695510795339942, "min": 0.062619105912745, "max": 0.07477478124201298, "mean": 0.06741606146097183, "std": 0.0035266240803693313, "repeat": 10, "number": 1}]}, "api.supers.time_uninstall": {"result": [1.9921270636841655], "stats": [{"ci_99": [1.9783069109544158, 2.0072890585288405], "q_25": 1.9849032061174512, "q_75": 2.0055957958102226, "min": 1.9783069109544158, "max": 2.0072890585288405, "mean": 1.993783409241587, "std": 0.01076632069185733, "repeat": 8, "number": 1}]}, "repo.gitrepo.time_get_content_info": {"result": [0.016513668466359377], "stats": [{"ci_99": [0.014561905525624752, 0.02455186191946268], "q_25": 0.014923855196684599, "q_75": 0.02059061243198812, "min": 0.014561905525624752, "max": 0.02455186191946268, "mean": 0.01803726488724351, "std": 0.003584051766462356, "repeat": 10, "number": 1}]}, "api.testds.time_create_test_dataset1": {"result": [0.4530148678459227], "stats": [{"ci_99": [0.43030298314988613, 0.45689357072114944], "q_25": 0.43596073403023183, "q_75": 0.4547741562128067, "min": 0.43030298314988613, "max": 0.45689357072114944, "mean": 0.4463760765269399, "std": 0.01044043360159327, "repeat": 10, "number": 1}]}, "api.testds.time_create_test_dataset2x2": {"result": [2.7379902182146907], "stats": [{"ci_99": [2.6693285473681887, 2.8145972251522147], "q_25": 2.7013674576301128, "q_75": 2.7740398745518178, "min": 2.6983996136114, "max": 2.8021809700876474, "mean": 2.7419628862602017, "std": 0.041981394835786265, "repeat": 6, "number": 1}]}, "core.runner.time_echo": {"result": [0.0017535822310795386], "stats": [{"ci_99": [0.001742231659591198, 0.0018544772950311501], "q_25": 0.0017476283634702365, "q_75": 0.001777605425255994, "min": 0.001742231659591198, "max": 0.0018544772950311501, "mean": 0.0017677649234731994, "std": 3.216488078580744e-05, "repeat": 10, "number": 6}]}, "core.runner.time_echo_gitrunner": {"result": [0.0022211638279259205], "stats": [{"ci_99": [0.002156772278249264, 0.0026198817417025567], "q_25": 0.002165234601125121, "q_75": 0.0023997819516807795, "min": 0.002156772278249264, "max": 0.0026198817417025567, "mean": 0.00229739211499691, "std": 0.00015955475963856446, "repeat": 10, "number": 5}]}, "core.startup.time_help_np": {"result": [0.5729101267643273], "stats": [{"ci_99": [0.5199743118137121, 0.6380477854982018], "q_25": 0.5661505677271634, "q_75": 0.5843872902914882, "min": 0.5199743118137121, "max": 0.6380477854982018, "mean": 0.5725406591780484, "std": 0.03232917513155759, "repeat": 10, "number": 1}]}, "core.startup.time_import": {"result": [0.1581160449422896], "stats": [{"ci_99": [0.1217645863071084, 0.2000540355220437], "q_25": 0.1464279976207763, "q_75": 0.18461407348513603, "min": 0.1217645863071084, "max": 0.2000540355220437, "mean": 0.1607568466104567, "std": 0.02575529503576774, "repeat": 10, "number": 1}]}, "core.startup.time_import_api": {"result": [0.5012744949199259], "stats": [{"ci_99": [0.4498802199959755, 0.5695456173270941], "q_25": 0.4850844054017216, "q_75": 0.5416959337890148, "min": 0.4498802199959755, "max": 0.5695456173270941, "mean": 0.5097808155231178, "std": 0.03642607508479751, "repeat": 10, "number": 1}]}, "support.path.get_parent_paths.time_allsubmods_toplevel": null, "support.path.get_parent_paths.time_allsubmods_toplevel_only": null, "support.path.get_parent_paths.time_no_submods": null, "support.path.get_parent_paths.time_one_submod_subdir": null, "support.path.get_parent_paths.time_one_submod_toplevel": null, "usecases.study_forrest.time_make_studyforrest_mockup": {"result": [26.481222375761718], "stats": [{"ci_99": [24.805387426633388, 28.157057324890047], "q_25": 26.464464026270434, "q_75": 26.497980725253, "min": 26.44770567677915, "max": 26.514739074744284, "mean": 26.481222375761718, "std": 0.033516698982566595, "repeat": 2, "number": 1}]}, "core.runner.track_overhead_100ms": 2.3, "core.runner.track_overhead_echo": 36.89, "core.runner.track_overhead_heavyout": 5.84, "core.runner.track_overhead_heavyout_online_process": -6.95, "core.runner.track_overhead_heavyout_online_through": 24.75}, "params": {"arch": "x86_64", "cpu": "Intel(R) Xeon(R) CPU E5-1607 v2 @ 3.00GHz", "machine": "drogon-neurodebian0.20200209.1",