{"results": {"api.supers.time_createadd": {"result": [1.0733108762651682], "stats": [{"ci_99": [1.0447404813021421, 1.095638626255095], "q_25": 1.0623038378544152, "q_75": 1.0810193030629307, "min": 1.0447404813021421, "max": 1.095638626255095, "mean": 1.0715711786411704, "std": 0.016834893214807446, "repeat": 10, "number": 1}]}, "api.supers.time_createadd_to_dataset": {"result": [1.0477824797853827], "stats": [{"ci_99": [1.0331635978072882, 1.0839779069647193], "q_25": 1.0405361643061042, "q_75": 1.0678365987259895, "min": 1.0331635978072882, "max": 1.0839779069647193, "mean": 1.053111178521067, "std": 0.017511142088641105, "repeat": 10, "number": 1}]}, "api.supers.time_diff": null, "api.supers.time_diff_recursive": null, "api.supers.time_installr": {"result": [4.027351262047887], "stats": [{"ci_99": [3.9970751656310326, 4.0615501808842955], "q_25": 4.0222490737214684, "q_75": 4.034414861584082, "min": 4.014762938953936, "max": 4.047785229980946, "mean": 4.029312673257664, "std": 0.011981395010178345, "repeat": 4, "number": 1}]}, "api.supers.time_ls": {"result": [0.11626494862139225], "stats": [{"ci_99": [0.11002934630960226, 0.12617980130016804], "q_25": 0.11219781870022416, "q_75": 0.11925174714997411, "min": 0.11002934630960226, "max": 0.12617980130016804, "mean": 0.11657198276370764, "std": 0.005083418153852717, "repeat": 10, "number": 1}]}, "api.supers.time_ls_recursive": {"result": [1.0670818858779967], "stats": [{"ci_99": [1.052040122449398, 1.075910598039627], "q_25": 1.0598278071265668, "q_75": 1.0709460801444948, "min": 1.052040122449398, "max": 1.075910598039627, "mean": 1.065548896510154, "std": 0.007800383352026111, "repeat": 10, "number": 1}]}, "api.supers.time_ls_recursive_long_all": {"result": [1.2264337111264467], "stats": [{"ci_99": [1.211435455828905, 1.237971069291234], "q_25": 1.2207622830756009, "q_75": 1.2307501800823957, "min": 1.211435455828905, "max": 1.237971069291234, "mean": 1.226010360289365, "std": 0.007916977566096816, "repeat": 10, "number": 1}]}, "api.supers.time_remove": {"result": [2.0158762387000024], "stats": [{"ci_99": [2.0024406537413597, 2.03131602704525], "q_25": 2.005999637534842, "q_75": 2.021645038155839, "min": 2.0024406537413597, "max": 2.03131602704525, "mean": 2.015395345748402, "std": 0.00996270988102131, "repeat": 8, "number": 1}]}, "api.supers.time_status": {"result": [0.6878800983540714], "stats": [{"ci_99": [0.6767771989107132, 0.6932490123435855], "q_25": 0.6834020430687815, "q_75": 0.6896848280448467, "min": 0.6767771989107132, "max": 0.6932490123435855, "mean": 0.6863375491462648, "std": 0.004810631132025533, "repeat": 10, "number": 1}]}, "api.supers.time_status_recursive": {"result": [1.1426092679612339], "stats": [{"ci_99": [1.1324821934103966, 1.1490046419203281], "q_25": 1.1390378773212433, "q_75": 1.1448187567293644, "min": 1.1324821934103966, "max": 1.1490046419203281, "mean": 1.141448336094618, "std": 0.004916549102876697, "repeat": 10, "number": 1}]}, "api.supers.time_subdatasets": {"result": [0.06524489261209965], "stats": [{"ci_99": [0.06090937741100788, 0.06718932371586561], "q_25": 0.06501083704642951, "q_75": 0.06588059896603227, "min": 0.06090937741100788, "max": 0.06718932371586561, "mean": 0.06498620612546802, "std": 0.0017724123166595984, "repeat": 10, "number": 1}]}, "api.supers.time_subdatasets_recursive": {"result": [0.24460918037220836], "stats": [{"ci_99": [0.23415751475840807, 0.2513519683852792], "q_25": 0.2410250420216471, "q_75": 0.24910571705549955, "min": 0.23415751475840807, "max": 0.2513519683852792, "mean": 0.2446146418340504, "std": 0.005459333790547674, "repeat": 10, "number": 1}]}, "api.supers.time_subdatasets_recursive_first": {"result": [0.06780719617381692], "stats": [{"ci_99": [0.060851928777992725, 0.07215636782348156], "q_25": 0.06395079381763935, "q_75": 0.06947022629901767, "min": 0.060851928777992725, "max": 0.07215636782348156, "mean": 0.06692906534299255, "std": 0.003634926532635773, "repeat": 10, "number": 1}]}, "api.supers.time_uninstall": {"result": [1.9805888216942549], "stats": [{"ci_99": [1.9694957826286554, 2.0240004025399685], "q_25": 1.9734387309290469, "q_75": 1.9886435691732913, "min": 1.9694957826286554, "max": 2.0240004025399685, "mean": 1.9852702777134255, "std": 0.016605850077880235, "repeat": 8, "number": 1}]}, "repo.gitrepo.time_get_content_info": {"result": [0.0207374831661582], "stats": [{"ci_99": [0.01657350081950426, 0.022618773393332958], "q_25": 0.018925434909760952, "q_75": 0.021250208606943488, "min": 0.01657350081950426, "max": 0.022618773393332958, "mean": 0.020025410410016774, "std": 0.0019250102353347838, "repeat": 10, "number": 1}]}, "api.testds.time_create_test_dataset1": {"result": [0.43928182078525424], "stats": [{"ci_99": [0.43205549474805593, 0.44758100155740976], "q_25": 0.43465028842911124, "q_75": 0.43993711355142295, "min": 0.43205549474805593, "max": 0.44758100155740976, "mean": 0.4386026573367417, "std": 0.004487908974372806, "repeat": 10, "number": 1}]}, "api.testds.time_create_test_dataset2x2": {"result": [2.8540100785903633], "stats": [{"ci_99": [2.8410894703119993, 2.8638329783031997], "q_25": 2.8502756094094366, "q_75": 2.857352770632133, "min": 2.8410894703119993, "max": 2.8619055496528745, "mean": 2.853085494134575, "std": 0.006730444660040728, "repeat": 6, "number": 1}]}, "core.runner.time_echo": {"result": [0.001979603711515665], "stats": [{"ci_99": [0.0017470333725214005, 0.002279835939407349], "q_25": 0.0018611437175422906, "q_75": 0.002120213024318218, "min": 0.0017470333725214005, "max": 0.002279835939407349, "mean": 0.0019964196905493735, "std": 0.00017672598283974655, "repeat": 10, "number": 5}]}, "core.runner.time_echo_gitrunner": {"result": [0.0027055045356974006], "stats": [{"ci_99": [0.002461619209498167, 0.0029476997442543507], "q_25": 0.0026196230901405215, "q_75": 0.0028558741905726492, "min": 0.002461619209498167, "max": 0.0029476997442543507, "mean": 0.0027172998525202274, "std": 0.00015541404865670956, "repeat": 10, "number": 4}]}, "core.startup.time_help_np": {"result": [0.5825043651275337], "stats": [{"ci_99": [0.5138710020110011, 0.6523790173232555], "q_25": 0.5680530685931444, "q_75": 0.609013183042407, "min": 0.5138710020110011, "max": 0.6523790173232555, "mean": 0.5877656679600477, "std": 0.037112045849493444, "repeat": 10, "number": 1}]}, "core.startup.time_import": {"result": [0.18561538355425], "stats": [{"ci_99": [0.15616405569016933, 0.2147818310186267], "q_25": 0.16957959649153054, "q_75": 0.19280068296939135, "min": 0.15616405569016933, "max": 0.2147818310186267, "mean": 0.18382960567250847, "std": 0.0188031111352397, "repeat": 10, "number": 1}]}, "core.startup.time_import_api": {"result": [0.513199320062995], "stats": [{"ci_99": [0.4993652645498514, 0.5726943844929338], "q_25": 0.5082332624588162, "q_75": 0.522790249902755, "min": 0.4993652645498514, "max": 0.5726943844929338, "mean": 0.5233125693164766, "std": 0.024811472795768712, "repeat": 10, "number": 1}]}, "support.path.get_parent_paths.time_allsubmods_toplevel": {"result": [0.007740320172160864], "stats": [{"ci_99": [0.006981393322348595, 0.008753325324505568], "q_25": 0.0073829746106639504, "q_75": 0.008117644349113107, "min": 0.006981393322348595, "max": 0.008753325324505568, "mean": 0.007779716001823545, "std": 0.0005772912351055063, "repeat": 10, "number": 2}]}, "support.path.get_parent_paths.time_allsubmods_toplevel_only": {"result": [0.007367994403466582], "stats": [{"ci_99": [0.006552568171173334, 0.008726035710424185], "q_25": 0.006966870627366006, "q_75": 0.007968062418513, "min": 0.006552568171173334, "max": 0.008726035710424185, "mean": 0.007480467576533556, "std": 0.0006316001772196819, "repeat": 10, "number": 2}]}, "support.path.get_parent_paths.time_no_submods": {"result": [3.138370590571105e-07], "stats": [{"ci_99": [2.8830959013224753e-07, 3.4831370376864837e-07], "q_25": 3.0388290548013755e-07, "q_75": 3.312526687791334e-07, "min": 2.8830959013224753e-07, "max": 3.4831370376864837e-07,