{"results": {"api.supers.time_createadd": {"result": [1.2708458648994565], "stats": [{"ci_99": [1.2489355793222785, 1.292591841891408], "q_25": 1.2637707313988358, "q_75": 1.280245253816247, "min": 1.2489355793222785, "max": 1.292591841891408, "mean": 1.2707330081611872, "std": 0.012637829024077306, "repeat": 10, "number": 1}]}, "api.supers.time_createadd_to_dataset": {"result": [1.2157175559550524], "stats": [{"ci_99": [1.195073583163321, 1.2768634781241417], "q_25": 1.2057524751871824, "q_75": 1.2394309539813548, "min": 1.195073583163321, "max": 1.2768634781241417, "mean": 1.224917167518288, "std": 0.025859008917039947, "repeat": 10, "number": 1}]}, "api.supers.time_diff": null, "api.supers.time_diff_recursive": null, "api.supers.time_installr": {"result": [6.241281452123076], "stats": [{"ci_99": [5.731608630623668, 6.750954273622483], "q_25": 6.236184723908082, "q_75": 6.24637818033807, "min": 6.231087995693088, "max": 6.251474908553064, "mean": 6.241281452123076, "std": 0.010193456429988146, "repeat": 2, "number": 1}]}, "api.supers.time_ls": {"result": [0.1968096336349845], "stats": [{"ci_99": [0.18637556303292513, 0.20751999225467443], "q_25": 0.19326415145769715, "q_75": 0.2036347957327962, "min": 0.18637556303292513, "max": 0.20751999225467443, "mean": 0.1975518861785531, "std": 0.007235077709655536, "repeat": 10, "number": 1}]}, "api.supers.time_ls_recursive": {"result": [1.8883015550673008], "stats": [{"ci_99": [1.8731975285336375, 1.9010471189394593], "q_25": 1.8826943377498537, "q_75": 1.8947994362097234, "min": 1.8731975285336375, "max": 1.9010471189394593, "mean": 1.8883844337426126, "std": 0.008444723682924786, "repeat": 10, "number": 1}]}, "api.supers.time_ls_recursive_long_all": {"result": [2.049673174507916], "stats": [{"ci_99": [2.0377584360539913, 2.059065834619105], "q_25": 2.043452979531139, "q_75": 2.0544182115700096, "min": 2.0377584360539913, "max": 2.059065834619105, "mean": 2.0490049519576132, "std": 0.006905913278695345, "repeat": 8, "number": 1}]}, "api.supers.time_remove": null, "api.supers.time_status": {"result": [0.7453536516986787], "stats": [{"ci_99": [0.7399958735331893, 0.7530925674363971], "q_25": 0.7424838398583233, "q_75": 0.7489193237852305, "min": 0.7399958735331893, "max": 0.7530925674363971, "mean": 0.7460634863935411, "std": 0.004337976645274621, "repeat": 10, "number": 1}]}, "api.supers.time_status_recursive": {"result": [1.386945580597967], "stats": [{"ci_99": [1.37906329985708, 1.3942817682400346], "q_25": 1.3845798741094768, "q_75": 1.3926297165453434, "min": 1.37906329985708, "max": 1.3942817682400346, "mean": 1.3878319432027637, "std": 0.004833023786836826, "repeat": 10, "number": 1}]}, "api.supers.time_subdatasets": {"result": [0.10754271689802408], "stats": [{"ci_99": [0.10604271572083235, 0.11293440405279398], "q_25": 0.10675943410024047, "q_75": 0.10966320219449699, "min": 0.10604271572083235, "max": 0.11293440405279398, "mean": 0.10838697953149676, "std": 0.002098217776922239, "repeat": 10, "number": 1}]}, "api.supers.time_subdatasets_recursive": {"result": [0.43803048646077514], "stats": [{"ci_99": [0.43604315258562565, 0.44469086918979883], "q_25": 0.4374800662044436, "q_75": 0.43899725563824177, "min": 0.43604315258562565, "max": 0.44469086918979883, "mean": 0.4386347237974405, "std": 0.00225213070887487, "repeat": 10, "number": 1}]}, "api.supers.time_subdatasets_recursive_first": {"result": [0.10807142639532685], "stats": [{"ci_99": [0.10634769406169653, 0.13279145304113626], "q_25": 0.10784530639648438, "q_75": 0.10999671975150704, "min": 0.10634769406169653, "max": 0.13279145304113626, "mean": 0.11087674060836435, "std": 0.007409099328033007, "repeat": 10, "number": 1}]}, "api.supers.time_uninstall": {"result": [4.049141300376505], "stats": [{"ci_99": [4.039836820509109, 4.059541047722277], "q_25": 4.047283892286941, "q_75": 4.051546342205256, "min": 4.045375980436802, "max": 4.055097155272961, "mean": 4.049688934115693, "std": 0.0035858768086389054, "repeat": 4, "number": 1}]}, "repo.gitrepo.time_get_content_info": {"result": [0.015397126320749521], "stats": [{"ci_99": [0.014327489770948887, 0.018384786322712898], "q_25": 0.014854918932542205, "q_75": 0.016421255422756076, "min": 0.014327489770948887, "max": 0.018384786322712898, "mean": 0.01580894347280264, "std": 0.001260841740324163, "repeat": 10, "number": 1}]}, "api.testds.time_create_test_dataset1": {"result": [0.5914518968202174], "stats": [{"ci_99": [0.5877552842721343, 0.6319478703662753], "q_25": 0.5904384835157543, "q_75": 0.5985707950312644, "min": 0.5877552842721343, "max": 0.6319478703662753, "mean": 0.5969896679744124, "std": 0.012470584373495783, "repeat": 10, "number": 1}]}, "api.testds.time_create_test_dataset2x2": {"result": [3.518913376610726], "stats": [{"ci_99": [3.4985409757309034, 3.547900827024095], "q_25": 3.5169252690393478, "q_75": 3.5252090089488775, "min": 3.5149396108463407, "max": 3.5401172414422035, "mean": 3.523220901377499, "std": 0.009933445357072747, "repeat": 4, "number": 1}]}, "core.runner.time_echo": {"result": [0.001736305964489778], "stats": [{"ci_99": [0.0016929429645339649, 0.0021118388200799623], "q_25": 0.0017019410540039341, "q_75": 0.0018046100934346516, "min": 0.0016929429645339649, "max": 0.0021118388200799623, "mean": 0.0017882368993014097, "std": 0.00012469368876960493, "repeat": 10, "number": 6}]}, "core.runner.time_echo_gitrunner": {"result": [0.0027575099375098944], "stats": [{"ci_99": [0.002643511863425374, 0.003039031056687236], "q_25": 0.002720457036048174, "q_75": 0.0028709988691844046, "min": 0.002643511863425374, "max": 0.003039031056687236, "mean": 0.0027925099479034544, "std": 0.00011869663225988188, "repeat": 10, "number": 4}]}, "core.startup.time_help_np": {"result": [0.5685147107578814], "stats": [{"ci_99": [0.5116664348170161, 0.6385116130113602], "q_25": 0.5573797170072794, "q_75": 0.5835520857945085, "min": 0.5116664348170161, "max": 0.6385116130113602, "mean": 0.5712316050194204, "std": 0.03757928602491863, "repeat": 10, "number": 1}]}, "core.startup.time_import": {"result": [0.12459497759118676], "stats": [{"ci_99": [0.11376948840916157, 0.19142923038452864], "q_25": 0.11498665786348283, "q_75": 0.1535770921036601, "min": 0.11376948840916157, "max": 0.19142923038452864, "mean": 0.136549817211926, "std": 0.025198541649462988, "repeat": 10, "number": 1}]}, "core.startup.time_import_api": {"result": [0.4944866611622274], "stats": [{"ci_99": [0.4482334032654762, 0.5590559393167496], "q_25": 0.46462050825357437, "q_75": 0.515122767072171, "min": 0.4482334032654762, "max": 0.5590559393167496, "mean": 0.49559871619567275, "std": 0.03709994774589569, "repeat": 10, "number": 1}]}, "support.path.get_parent_paths.time_allsubmods_toplevel": {"result": [0.007854403462260962], "stats": [{"ci_99": [0.006978662684559822, 0.008965868037194014], "q_25": 0.007449166034348309, "q_75": 0.008257335633970797, "min": 0.006978662684559822, "max": 0.008965868037194014, "mean": 0.007880862802267075, "std": 0.0006218272027416401, "repeat": 10, "number": 2}]}, "support.path.get_parent_paths.time_allsubmods_toplevel_only": {"result": [0.007260784041136503], "stats": [{"ci_99": [0.006480627227574587, 0.008218988310545683], "q_25": 0.006886758375912905, "q_75": 0.007618877105414867, "min": 0.006480627227574587, "max": 0.008218988310545683, "mean": 0.007279195124283433, "std": 0.0005507106562757719, "repeat": 10, "number": 2}]}, "support.path.get_parent_paths.time_no_submods": {"result": [3.331358707217963e-07], "stats": [{"ci_99": [3.1209902114868514e-07, 3.6103008860886777e-07], "q_25": 3.2420786120460307e-07, "q_75": 3.444416606410378e-07, "min": 3.1209902114868514e-07, "max": 3.6103008860886777e-07, "mean": 3.3487182042104363e-07, "std": 1.6255719454616215e-08, "repeat": 10, "number": 27432}]}, "support.path.get_parent_paths.time_one_submod_subdir": {"result": [0.005553754512220621], "stats": [{"ci_99": [0.005400199443101883, 0.006940872874110937], "q_25": 0.0054084190633147955,