{"results": {"api.supers.time_createadd": {"result": [1.3449874389916658], "stats": [{"ci_99": [1.3300888948142529, 1.3839002633467317], "q_25": 1.337702511344105, "q_75": 1.3489486628677696, "min": 1.3300888948142529, "max": 1.3839002633467317, "mean": 1.3474688183516264, "std": 0.014815983103385083, "repeat": 10, "number": 1}]}, "api.supers.time_createadd_to_dataset": {"result": [1.1111534191295505], "stats": [{"ci_99": [1.096691426821053, 1.1730293482542038], "q_25": 1.1039742913562804, "q_75": 1.1201053424738348, "min": 1.096691426821053, "max": 1.1730293482542038, "mean": 1.1173885323107242, "std": 0.021351722389252936, "repeat": 10, "number": 1}]}, "api.supers.time_diff": {"result": [0.10152282053604722], "stats": [{"ci_99": [0.09275466203689575, 0.1148555027320981], "q_25": 0.09422631515190005, "q_75": 0.10608921805396676, "min": 0.09275466203689575, "max": 0.1148555027320981, "mean": 0.10157485641539096, "std": 0.007420857137916585, "repeat": 10, "number": 1}]}, "api.supers.time_diff_recursive": {"result": [0.3033692096360028], "stats": [{"ci_99": [0.29596497118473053, 0.33344616275280714], "q_25": 0.3014067199546844, "q_75": 0.30597677337937057, "min": 0.29596497118473053, "max": 0.33344616275280714, "mean": 0.3057953820563853, "std": 0.00979421058269555, "repeat": 10, "number": 1}]}, "api.supers.time_installr": {"result": [3.8302044169977307], "stats": [{"ci_99": [3.763144964458236, 3.9191137779375524], "q_25": 3.8208798586856574, "q_75": 3.8504539295099676, "min": 3.812750669196248, "max": 3.8913579815998673, "mean": 3.841129371197894, "std": 0.030226169086002636, "repeat": 4, "number": 1}]}, "api.supers.time_ls": {"result": [0.6956440466456115], "stats": [{"ci_99": [0.6867462806403637, 0.7026355983689427], "q_25": 0.6943918953184038, "q_75": 0.6995972713921219, "min": 0.6867462806403637, "max": 0.7026355983689427, "mean": 0.6958538229577244, "std": 0.004885270917120624, "repeat": 10, "number": 1}]}, "api.supers.time_ls_recursive": {"result": [2.640561236999929], "stats": [{"ci_99": [2.6173493204110643, 2.661958811174454], "q_25": 2.6291468034032732, "q_75": 2.6495173240546137, "min": 2.6202444564551115, "max": 2.658712785691023, "mean": 2.6396540657927594, "std": 0.013420386111765622, "repeat": 6, "number": 1}]}, "api.supers.time_ls_recursive_long_all": {"result": [2.7948967930860817], "stats": [{"ci_99": [2.784002461081785, 2.8096163003558496], "q_25": 2.7911318039987236, "q_75": 2.80196988186799, "min": 2.787333434447646, "max": 2.8095248779281974, "mean": 2.7968093807188175, "std": 0.007718130828080509, "repeat": 6, "number": 1}]}, "api.supers.time_remove": {"result": [2.093031224794686], "stats": [{"ci_99": [2.070422221906483, 2.105942108668387], "q_25": 2.0897037563845515, "q_75": 2.095257869688794, "min": 2.070422221906483, "max": 2.105942108668387, "mean": 2.091682421392761, "std": 0.009578878764972576, "repeat": 8, "number": 1}]}, "api.supers.time_status": {"result": [0.6866376111283898], "stats": [{"ci_99": [0.6819173591211438, 0.6991769419983029], "q_25": 0.6828943509608507, "q_75": 0.6932948902249336, "min": 0.6819173591211438, "max": 0.6991769419983029, "mean": 0.6882900290191174, "std": 0.0057324386325030025, "repeat": 10, "number": 1}]}, "api.supers.time_status_recursive": {"result": [1.1462745210155845], "stats": [{"ci_99": [1.1394066326320171, 1.1933804657310247], "q_25": 1.14127888972871, "q_75": 1.1496339556761086, "min": 1.1394066326320171, "max": 1.1933804657310247, "mean": 1.1496824293397367, "std": 0.015085551155212915, "repeat": 10, "number": 1}]}, "api.supers.time_subdatasets": {"result": [0.05286881560459733], "stats": [{"ci_99": [0.046971384435892105, 0.05946764815598726], "q_25": 0.050928028067573905, "q_75": 0.056167953414842486, "min": 0.046971384435892105, "max": 0.05946764815598726, "mean": 0.05317756189033389, "std": 0.003776571327293169, "repeat": 10, "number": 1}]}, "api.supers.time_subdatasets_recursive": {"result": [0.12579457461833954], "stats": [{"ci_99": [0.11884398758411407, 0.14547818433493376], "q_25": 0.12347209453582764, "q_75": 0.12805703515186906, "min": 0.11884398758411407, "max": 0.14547818433493376, "mean": 0.1267277649603784, "std": 0.007122787740334327, "repeat": 10, "number": 1}]}, "api.supers.time_subdatasets_recursive_first": {"result": [0.05466614477336407], "stats": [{"ci_99": [0.04933172184973955, 0.05994373373687267], "q_25": 0.05162574700079858, "q_75": 0.05811571632511914, "min": 0.04933172184973955, "max": 0.05994373373687267, "mean": 0.054764705058187244, "std": 0.003731085515538616, "repeat": 10, "number": 1}]}, "api.supers.time_uninstall": {"result": [2.2303793225437403], "stats": [{"ci_99": [2.146980682387948, 2.306844857521355], "q_25": 2.159016181714833, "q_75": 2.302219399251044, "min": 2.146980682387948, "max": 2.306844857521355, "mean": 2.2294018865795806, "std": 0.07390165500156981, "repeat": 8, "number": 1}]}, "repo.gitrepo.time_get_content_info": {"result": [0.01727826800197363], "stats": [{"ci_99": [0.014195689000189304, 0.02412602212280035], "q_25": 0.01478077913634479, "q_75": 0.01944545446895063, "min": 0.014195689000189304, "max": 0.02412602212280035, "mean": 0.017648048978298903, "std": 0.0031026284930612096, "repeat": 10, "number": 1}]}, "api.testds.time_create_test_dataset1": {"result": [0.45603965036571026], "stats": [{"ci_99": [0.4404233302921057, 0.46757723577320576], "q_25": 0.44445920153521, "q_75": 0.46205818303860724, "min": 0.4404233302921057, "max": 0.46757723577320576, "mean": 0.4542095630429685, "std": 0.009572423212847238, "repeat": 10, "number": 1}]}, "api.testds.time_create_test_dataset2x2": {"result": [2.8411664380691946], "stats": [{"ci_99": [2.709021443386148, 2.946990029070009], "q_25": 2.762160797836259, "q_75": 2.8847203969489783, "min": 2.734042340889573, "max": 2.9165952326729894, "mean": 2.8280057362280786, "std": 0.0698881963677633, "repeat": 6, "number": 1}]}, "core.runner.time_echo": {"result": [0.0017631210697193942], "stats": [{"ci_99": [0.0017263142702480156, 0.0018098116852343082], "q_25": 0.0017315604879210393, "q_75": 0.0017926080230002601, "min": 0.0017263142702480156, "max": 0.0018098116852343082, "mean": 0.001764320706327756, "std": 3.2871657072480306e-05, "repeat": 10, "number": 6}]}, "core.runner.time_echo_gitrunner": {"result": [0.0023512650281190873], "stats": [{"ci_99": [0.0021546747535467147, 0.00271183792501688], "q_25": 0.0021790117491036656, "q_75": 0.0024817815516144036, "min": 0.0021546747535467147, "max": 0.00271183792501688, "mean": 0.002361720353364945, "std": 0.00018905294938719166, "repeat": 10, "number": 5}]}, "core.startup.time_help_np": {"result": [0.5749299162998796], "stats": [{"ci_99": [0.5226799184456468, 0.6280369777232409], "q_25": 0.5310502503998578, "q_75": 0.5853176172822714, "min": 0.5226799184456468, "max": 0.6280369777232409, "mean": 0.564809488132596, "std": 0.033102824799474455, "repeat": 10, "number": 1}]}, "core.startup.time_import": {"result": [0.12504730746150017], "stats": [{"ci_99": [0.11569312121719122, 0.198819181881845], "q_25": 0.11702202074229717, "q_75": 0.17134667956270278, "min": 0.11569312121719122, "max": 0.198819181881845, "mean": 0.14488145764917135, "std": 0.0324740831841252, "repeat": 10, "number": 1}]}, "core.startup.time_import_api": {"result": [0.46595973847433925], "stats": [{"ci_99": [0.4525815509259701, 0.5225001452490687], "q_25": 0.4592188347596675, "q_75": 0.49451190256513655, "min": 0.4525815509259701, "max": 0.5225001452490687, "mean": 0.47869758466258644, "std": 0.0246142712134373, "repeat": 10, "number": 1}]}, "support.path.get_parent_paths.time_allsubmods_toplevel": null, "support.path.get_parent_paths.time_allsubmods_toplevel_only": null, "support.path.get_parent_paths.time_no_submods": null, "support.path.get_parent_paths.time_one_submod_subdir": null, "support.path.get_parent_paths.time_one_submod_toplevel": null, "usecases.study_forrest.time_make_studyforrest_mockup": {"result": [35.41637698560953],