{"results": {"api.supers.time_createadd": {"result": [1.3622401179745793], "stats": [{"ci_99": [1.3459941986948252, 1.3831571256741881], "q_25": 1.3564571840688586, "q_75": 1.365954848472029, "min": 1.3459941986948252, "max": 1.3831571256741881, "mean": 1.3627766469493507, "std": 0.010373915718922764, "repeat": 10, "number": 1}]}, "api.supers.time_createadd_to_dataset": {"result": [1.1232667863368988], "stats": [{"ci_99": [1.1126738283783197, 1.1464776527136564], "q_25": 1.1156356907449663, "q_75": 1.1315784072503448, "min": 1.1126738283783197, "max": 1.1464776527136564, "mean": 1.124839801620692, "std": 0.010205007811168726, "repeat": 10, "number": 1}]}, "api.supers.time_diff": {"result": [0.0962846321053803], "stats": [{"ci_99": [0.0888589359819889, 0.12441752757877111], "q_25": 0.09347967687062919, "q_75": 0.10976709052920341, "min": 0.0888589359819889, "max": 0.12441752757877111, "mean": 0.10132484929636121, "std": 0.011558446118869851, "repeat": 10, "number": 1}]}, "api.supers.time_diff_recursive": {"result": [0.3244049879722297], "stats": [{"ci_99": [0.3015063786879182, 0.3374521788209677], "q_25": 0.3095335343386978, "q_75": 0.33267459692433476, "min": 0.3015063786879182, "max": 0.3374521788209677, "mean": 0.32144372137263416, "std": 0.012990109501744913, "repeat": 10, "number": 1}]}, "api.supers.time_installr": {"result": [3.978385321330279], "stats": [{"ci_99": [3.7600425866287552, 4.188579385369609], "q_25": 3.913026941474527, "q_75": 4.039669365854934, "min": 3.881589824333787, "max": 4.058883477002382, "mean": 3.974310985999182, "std": 0.0738349588052172, "repeat": 4, "number": 1}]}, "api.supers.time_ls": {"result": [0.7266587815247476], "stats": [{"ci_99": [0.7002272754907608, 0.7805863590911031], "q_25": 0.7017912580631673, "q_75": 0.7605493017472327, "min": 0.7002272754907608, "max": 0.7805863590911031, "mean": 0.7327906642109155, "std": 0.03233158061477324, "repeat": 10, "number": 1}]}, "api.supers.time_ls_recursive": {"result": [2.7612763214856386], "stats": [{"ci_99": [2.573547996203335, 2.95188857062883], "q_25": 2.6544977673329413, "q_75": 2.8698839186690748, "min": 2.6499002873897552, "max": 2.8788654031232, "mean": 2.7627182834160826, "std": 0.10779808991880839, "repeat": 6, "number": 1}]}, "api.supers.time_ls_recursive_long_all": {"result": [2.8382465918548405], "stats": [{"ci_99": [2.7188297821038203, 3.0702389341639242], "q_25": 2.8048429938498884, "q_75": 2.993431196315214, "min": 2.7988517927005887, "max": 3.052993313409388, "mean": 2.8945343581338725, "std": 0.10841059496528754, "repeat": 6, "number": 1}]}, "api.supers.time_remove": {"result": [2.104667177889496], "stats": [{"ci_99": [2.0919482838362455, 2.151447957381606], "q_25": 2.098512379452586, "q_75": 2.110013148514554, "min": 2.0919482838362455, "max": 2.151447957381606, "mean": 2.1085807867348194, "std": 0.017444741744783786, "repeat": 8, "number": 1}]}, "api.supers.time_status": null, "api.supers.time_status_recursive": null, "api.supers.time_subdatasets": {"result": [0.05448722466826439], "stats": [{"ci_99": [0.04655532445758581, 0.05977708846330643], "q_25": 0.04986758390441537, "q_75": 0.05676307459361851, "min": 0.04655532445758581, "max": 0.05977708846330643, "mean": 0.05345726469531655, "std": 0.004409006017455068, "repeat": 10, "number": 1}]}, "api.supers.time_subdatasets_recursive": {"result": [0.12450822908431292], "stats": [{"ci_99": [0.12025526352226734, 0.13116525951772928], "q_25": 0.12280268454924226, "q_75": 0.12664482789114118, "min": 0.12025526352226734, "max": 0.13116525951772928, "mean": 0.12510910239070655, "std": 0.003501227674426611, "repeat": 10, "number": 1}]}, "api.supers.time_subdatasets_recursive_first": {"result": [0.05374775407835841], "stats": [{"ci_99": [0.05020659416913986, 0.06952028628438711], "q_25": 0.051268624141812325, "q_75": 0.055651781149208546, "min": 0.05020659416913986, "max": 0.06952028628438711, "mean": 0.05511847017332912, "std": 0.00544689343023553, "repeat": 10, "number": 1}]}, "api.supers.time_uninstall": {"result": [2.204130011610687], "stats": [{"ci_99": [2.16584132052958, 2.2371029034256935], "q_25": 2.180320220068097, "q_75": 2.2326679388061166, "min": 2.16584132052958, "max": 2.2371029034256935, "mean": 2.2043087782803923, "std": 0.026952238970846587, "repeat": 8, "number": 1}]}, "repo.gitrepo.time_get_content_info": {"result": [0.020772490184754133], "stats": [{"ci_99": [0.01601005159318447, 0.023905500769615173], "q_25": 0.019803935894742608, "q_75": 0.022120211739093065, "min": 0.01601005159318447, "max": 0.023905500769615173, "mean": 0.02064883625134826, "std": 0.0023027358278258233, "repeat": 10, "number": 1}]}, "api.testds.time_create_test_dataset1": {"result": [0.43589875334873796], "stats": [{"ci_99": [0.4289173111319542, 0.4578064139932394], "q_25": 0.43098592665046453, "q_75": 0.43900327244773507, "min": 0.4289173111319542, "max": 0.4578064139932394, "mean": 0.4379782028496265, "std": 0.009022393943900725, "repeat": 10, "number": 1}]}, "api.testds.time_create_test_dataset2x2": {"result": [3.299830548930913], "stats": [{"ci_99": [3.276690366879186, 3.3416270120069385], "q_25": 3.2897107533644885, "q_75": 3.305033006006852, "min": 3.2859633043408394, "max": 3.3416270120069385, "mean": 3.303392676791797, "std": 0.01861677604321456, "repeat": 6, "number": 1}]}, "core.runner.time_echo": {"result": [0.0020474229939281942], "stats": [{"ci_99": [0.0018576638773083686, 0.0023021938279271124], "q_25": 0.0019587572664022447, "q_75": 0.0021300797350704667, "min": 0.0018576638773083686, "max": 0.0023021938279271124, "mean": 0.0020570289902389046, "std": 0.00012838674124954842, "repeat": 10, "number": 5}]}, "core.runner.time_echo_gitrunner": {"result": [0.002336381934583187], "stats": [{"ci_99": [0.0020991479977965355, 0.0029589743353426456], "q_25": 0.0021094547118991613, "q_75": 0.002644657564815134, "min": 0.0020991479977965355, "max": 0.0029589743353426456, "mean": 0.0024127044947817923, "std": 0.0003226649827203528, "repeat": 10, "number": 4}]}, "core.startup.time_help_np": {"result": [0.561559981200844], "stats": [{"ci_99": [0.5320634562522173, 0.6139797968789935], "q_25": 0.5433611602056772, "q_75": 0.6049796342849731, "min": 0.5320634562522173, "max": 0.6139797968789935, "mean": 0.5717774885706604, "std": 0.03149184866236772, "repeat": 10, "number": 1}]}, "core.startup.time_import": {"result": [0.15950331231579185], "stats": [{"ci_99": [0.11282176245003939, 0.1913545075803995], "q_25": 0.12154605216346681, "q_75": 0.17419197456911206, "min": 0.11282176245003939, "max": 0.1913545075803995, "mean": 0.15198551565408708, "std": 0.028331716284777816, "repeat": 10, "number": 1}]}, "core.startup.time_import_api": {"result": [0.5222508180886507], "stats": [{"ci_99": [0.4777329247444868, 0.566231032833457], "q_25": 0.509391343453899, "q_75": 0.5457867949735373, "min": 0.4777329247444868, "max": 0.566231032833457, "mean": 0.5239386758767068, "std": 0.025650425493408527, "repeat": 10, "number": 1}]}, "support.path.get_parent_paths.time_allsubmods_toplevel": null, "support.path.get_parent_paths.time_allsubmods_toplevel_only": null, "support.path.get_parent_paths.time_no_submods": null, "support.path.get_parent_paths.time_one_submod_subdir": null, "support.path.get_parent_paths.time_one_submod_toplevel": null, "usecases.study_forrest.time_make_studyforrest_mockup": {"result": [35.7798161348328], "stats": [{"ci_99": [33.62598916422576, 37.93364310543984], "q_25": 35.75827786512673, "q_75": 35.80135440453887, "min": 35.73673959542066, "max": 35.82289267424494, "mean": 35.7798161348328, "std": 0.043076539412140846, "repeat": 2, "number": 1}]}, "core.runner.track_overhead_100ms": 1.46, "core.runner.track_overhead_echo": 31.1, "core.runner.track_overhead_heavyout": 20.5, "core.runner.track_overhead_heavyout_online_process": 2122.52, "core.runner.track_overhead_heavyout_online_through": 9.5}, "params": {"arch": "x86_64", "cpu": "Intel(R) Xeon(R) CPU E5-1607 v2 @ 3.00GHz", "machine": "drogon-neurodebian0.20200209.1",