{"results": {"api.supers.time_createadd": {"result": [0.9767856183461845], "stats": [{"ci_99": [0.9606962632387877, 1.0020657805725932], "q_25": 0.9655540219973773, "q_75": 0.981276995735243, "min": 0.9606962632387877, "max": 1.0020657805725932, "mean": 0.9764348488301039, "std": 0.012543809121707465, "repeat": 10, "number": 1}]}, "api.supers.time_createadd_to_dataset": {"result": [0.974057771731168], "stats": [{"ci_99": [0.9604231864213943, 0.994565999135375], "q_25": 0.9684365561697632, "q_75": 0.9801564109511673, "min": 0.9604231864213943, "max": 0.994565999135375, "mean": 0.9745121715590358, "std": 0.009615801732605397, "repeat": 10, "number": 1}]}, "api.supers.time_diff": null, "api.supers.time_diff_recursive": null, "api.supers.time_installr": {"result": [4.093676223419607], "stats": [{"ci_99": [4.040601685353755, 4.145665923422933], "q_25": 4.080661439569667, "q_75": 4.106148588238284, "min": 4.067780276760459, "max": 4.117402493953705, "mean": 4.093133804388344, "std": 0.018604253343607196, "repeat": 4, "number": 1}]}, "api.supers.time_ls": {"result": [0.12097472650930285], "stats": [{"ci_99": [0.11466267984360456, 0.13409502618014812], "q_25": 0.11748401750810444, "q_75": 0.12693255860358477, "min": 0.11466267984360456, "max": 0.13409502618014812, "mean": 0.1225212357006967, "std": 0.006323513561815633, "repeat": 10, "number": 1}]}, "api.supers.time_ls_recursive": {"result": [1.0854050712659955], "stats": [{"ci_99": [1.065842056646943, 1.1285130763426423], "q_25": 1.0728833843022585, "q_75": 1.1150997136719525, "min": 1.065842056646943, "max": 1.1285130763426423, "mean": 1.0921139840967953, "std": 0.02316172317288459, "repeat": 10, "number": 1}]}, "api.supers.time_ls_recursive_long_all": {"result": [1.252181907184422], "stats": [{"ci_99": [1.2238714285194874, 1.2785210656002164], "q_25": 1.2448770261835307, "q_75": 1.2691165094729513, "min": 1.2238714285194874, "max": 1.2785210656002164, "mean": 1.253288848232478, "std": 0.0178546623693093, "repeat": 10, "number": 1}]}, "api.supers.time_remove": {"result": [2.065417651552707], "stats": [{"ci_99": [2.0284540560096502, 2.1178455390036106], "q_25": 2.044878654414788, "q_75": 2.1024674291256815, "min": 2.0284540560096502, "max": 2.1178455390036106, "mean": 2.0718701869482175, "std": 0.033548753090766326, "repeat": 8, "number": 1}]}, "api.supers.time_status": {"result": [0.70586116053164], "stats": [{"ci_99": [0.6807734817266464, 0.7254867190495133], "q_25": 0.6895432996097952, "q_75": 0.7159925310406834, "min": 0.6807734817266464, "max": 0.7254867190495133, "mean": 0.7033677788451314, "std": 0.01479881554482412, "repeat": 10, "number": 1}]}, "api.supers.time_status_recursive": {"result": [1.158135686069727], "stats": [{"ci_99": [1.1428664587438107, 1.2119361460208893], "q_25": 1.1488625996280462, "q_75": 1.2033627182245255, "min": 1.1428664587438107, "max": 1.2119361460208893, "mean": 1.173082080669701, "std": 0.027874358901824263, "repeat": 10, "number": 1}]}, "api.supers.time_subdatasets": {"result": [0.06723325839266181], "stats": [{"ci_99": [0.062987363897264, 0.07633907906711102], "q_25": 0.06532487832009792, "q_75": 0.07289250567555428, "min": 0.062987363897264, "max": 0.07633907906711102, "mean": 0.06903772875666618, "std": 0.004697233398037045, "repeat": 10, "number": 1}]}, "api.supers.time_subdatasets_recursive": {"result": [0.2487342543900013], "stats": [{"ci_99": [0.24330088589340448, 0.25858047511428595], "q_25": 0.24776052846573293, "q_75": 0.2507740147411823, "min": 0.24330088589340448, "max": 0.25858047511428595, "mean": 0.24958133436739444, "std": 0.0038148096111196707, "repeat": 10, "number": 1}]}, "api.supers.time_subdatasets_recursive_first": {"result": [0.06783668464049697], "stats": [{"ci_99": [0.06234113685786724, 0.07604144513607025], "q_25": 0.06494609056971967, "q_75": 0.06957044545561075, "min": 0.06234113685786724, "max": 0.07604144513607025, "mean": 0.06832682881504297, "std": 0.004409959346368695, "repeat": 10, "number": 1}]}, "api.supers.time_uninstall": {"result": [1.9885638072155416], "stats": [{"ci_99": [1.9729430861771107, 2.004898083396256], "q_25": 1.9829336195252836, "q_75": 1.999568595085293, "min": 1.9729430861771107, "max": 2.004898083396256, "mean": 1.9899342115968466, "std": 0.010447266105350914, "repeat": 8, "number": 1}]}, "repo.gitrepo.time_get_content_info": {"result": [0.021786903962492943], "stats": [{"ci_99": [0.019286006689071655, 0.024276158772408962], "q_25": 0.021458040224388242, "q_75": 0.02195756626315415, "min": 0.019286006689071655, "max": 0.024276158772408962, "mean": 0.021800901740789413, "std": 0.001445669670104872, "repeat": 10, "number": 1}]}, "api.testds.time_create_test_dataset1": {"result": [0.43528969027101994], "stats": [{"ci_99": [0.4285804694518447, 0.4518532380461693], "q_25": 0.43201228603720665, "q_75": 0.44119982747361064, "min": 0.4285804694518447, "max": 0.4518532380461693, "mean": 0.437675691395998, "std": 0.007736097238340255, "repeat": 10, "number": 1}]}, "api.testds.time_create_test_dataset2x2": {"result": [2.7078871778212488], "stats": [{"ci_99": [2.6680386673878536, 2.7505566134208537], "q_25": 2.6899021924473345, "q_75": 2.727440922986716, "min": 2.675605080090463, "max": 2.7465403713285923, "mean": 2.7092976404043534, "std": 0.024677584846516047, "repeat": 6, "number": 1}]}, "core.runner.time_echo": {"result": [0.001982935587875545], "stats": [{"ci_99": [0.001723501831293106, 0.002426367485895753], "q_25": 0.0017508551245555282, "q_75": 0.002294161298777908, "min": 0.001723501831293106, "max": 0.002426367485895753, "mean": 0.0020245807012543083, "std": 0.00027932432607279454, "repeat": 10, "number": 4}]}, "core.runner.time_echo_gitrunner": {"result": [0.0024727474665269256], "stats": [{"ci_99": [0.002299980027601123, 0.0028357277624309063], "q_25": 0.0024040493881329894, "q_75": 0.002599651401396841, "min": 0.002299980027601123, "max": 0.0028357277624309063, "mean": 0.0025127304950729014, "std": 0.00016050954024173894, "repeat": 10, "number": 4}]}, "core.startup.time_help_np": {"result": [0.5775452521629632], "stats": [{"ci_99": [0.5163337858393788, 0.6378574874252081], "q_25": 0.5665810247883201, "q_75": 0.5962792239151895, "min": 0.5163337858393788, "max": 0.6378574874252081, "mean": 0.5775141410529614, "std": 0.031881424729583184, "repeat": 10, "number": 1}]}, "core.startup.time_import": {"result": [0.17916640313342214], "stats": [{"ci_99": [0.1282626986503601, 0.2000182019546628], "q_25": 0.15788661362603307, "q_75": 0.19341135839931667, "min": 0.1282626986503601, "max": 0.2000182019546628, "mean": 0.17432689983397723, "std": 0.022528195288562366, "repeat": 10, "number": 1}]}, "core.startup.time_import_api": {"result": [0.5055836043320596], "stats": [{"ci_99": [0.4490857692435384, 0.5522443661466241], "q_25": 0.4967150595039129, "q_75": 0.5140782569069415, "min": 0.4490857692435384, "max": 0.5522443661466241, "mean": 0.5010572878643871, "std": 0.029978503500445744, "repeat": 10, "number": 1}]}, "support.path.get_parent_paths.time_allsubmods_toplevel": null, "support.path.get_parent_paths.time_allsubmods_toplevel_only": null, "support.path.get_parent_paths.time_no_submods": null, "support.path.get_parent_paths.time_one_submod_subdir": null, "support.path.get_parent_paths.time_one_submod_toplevel": null, "usecases.study_forrest.time_make_studyforrest_mockup": {"result": [26.425852433778346], "stats": [{"ci_99": [25.59082148876041, 27.26088337879628], "q_25": 26.417502124328166, "q_75": 26.434202743228525, "min": 26.409151814877987, "max": 26.442553052678704, "mean": 26.425852433778346, "std": 0.016700618900358677, "repeat": 2, "number": 1}]}, "core.runner.track_overhead_100ms": 1.32, "core.runner.track_overhead_echo": 33.47, "core.runner.track_overhead_heavyout": -0.12, "core.runner.track_overhead_heavyout_online_process": -0.77, "core.runner.track_overhead_heavyout_online_through": 22.44}, "params": {"arch": "x86_64", "cpu": "Intel(R) Xeon(R) CPU E5-1607 v2 @ 3.00GHz",