{"results": {"api.supers.time_createadd": {"result": [1.2750786119140685], "stats": [{"ci_99": [1.2579245250672102, 1.311910661868751], "q_25": 1.2633359194733202, "q_75": 1.2823737894650549, "min": 1.2579245250672102, "max": 1.311910661868751, "mean": 1.2763835589401424, "std": 0.01627160378933207, "repeat": 10, "number": 1}]}, "api.supers.time_createadd_to_dataset": {"result": [1.2102927621454], "stats": [{"ci_99": [1.2041175598278642, 1.2279469761997461], "q_25": 1.2088699729647487, "q_75": 1.2139108823612332, "min": 1.2041175598278642, "max": 1.2279469761997461, "mean": 1.2121447406709194, "std": 0.006258340037942695, "repeat": 10, "number": 1}]}, "api.supers.time_diff": null, "api.supers.time_diff_recursive": null, "api.supers.time_installr": {"result": [6.314319280907512], "stats": [{"ci_99": [6.1437041983008385, 6.484934363514185], "q_25": 6.312613130081445, "q_75": 6.316025431733578, "min": 6.310906979255378, "max": 6.317731582559645, "mean": 6.314319280907512, "std": 0.003412301652133465, "repeat": 2, "number": 1}]}, "api.supers.time_ls": {"result": [0.19413044583052397], "stats": [{"ci_99": [0.1922735469415784, 0.20098130870610476], "q_25": 0.19265073584392667, "q_75": 0.19555432628840208, "min": 0.1922735469415784, "max": 0.20098130870610476, "mean": 0.19470728803426027, "std": 0.002525839560419089, "repeat": 10, "number": 1}]}, "api.supers.time_ls_recursive": {"result": [1.9071518438868225], "stats": [{"ci_99": [1.9004759062081575, 1.9625353403389454], "q_25": 1.9033933002501726, "q_75": 1.9229299330618232, "min": 1.9004759062081575, "max": 1.9625353403389454, "mean": 1.917151151690632, "std": 0.020132607609892442, "repeat": 8, "number": 1}]}, "api.supers.time_ls_recursive_long_all": {"result": [2.0674146451056004], "stats": [{"ci_99": [2.0238495990633965, 2.082500181160867], "q_25": 2.0537584028206766, "q_75": 2.0729085884522647, "min": 2.0238495990633965, "max": 2.082500181160867, "mean": 2.0594861805438995, "std": 0.020937152402541633, "repeat": 8, "number": 1}]}, "api.supers.time_remove": null, "api.supers.time_status": {"result": [0.7513309088535607], "stats": [{"ci_99": [0.7400433253496885, 0.757990793325007], "q_25": 0.7444572648964822, "q_75": 0.7543188172858208, "min": 0.7400433253496885, "max": 0.757990793325007, "mean": 0.7496941415593028, "std": 0.00570025703073075, "repeat": 10, "number": 1}]}, "api.supers.time_status_recursive": {"result": [1.4015368982218206], "stats": [{"ci_99": [1.3964554546400905, 1.4364881571382284], "q_25": 1.4003524370491505, "q_75": 1.403997377725318, "min": 1.3964554546400905, "max": 1.4364881571382284, "mean": 1.407883929554373, "std": 0.014021418855273587, "repeat": 10, "number": 1}]}, "api.supers.time_subdatasets": {"result": [0.10931596718728542], "stats": [{"ci_99": [0.10766118206083775, 0.11137066129595041], "q_25": 0.10874294699169695, "q_75": 0.11026591877453029, "min": 0.10766118206083775, "max": 0.11137066129595041, "mean": 0.10942003643140197, "std": 0.0011238963383634034, "repeat": 10, "number": 1}]}, "api.supers.time_subdatasets_recursive": {"result": [0.44560728408396244], "stats": [{"ci_99": [0.44249741453677416, 0.45976734161376953], "q_25": 0.443008346715942, "q_75": 0.4497358051594347, "min": 0.44249741453677416, "max": 0.45976734161376953, "mean": 0.4474449555389583, "std": 0.005468211463715672, "repeat": 10, "number": 1}]}, "api.supers.time_subdatasets_recursive_first": {"result": [0.11081683542579412], "stats": [{"ci_99": [0.1077125882729888, 0.12597990129143], "q_25": 0.1095322472974658, "q_75": 0.11336289835162461, "min": 0.1077125882729888, "max": 0.12597990129143, "mean": 0.11308461837470532, "std": 0.0058877021983408636, "repeat": 10, "number": 1}]}, "api.supers.time_uninstall": {"result": [4.178311604540795], "stats": [{"ci_99": [3.918674872412536, 4.456341479283567], "q_25": 4.105269692372531, "q_75": 4.260550088016316, "min": 4.083463602699339, "max": 4.309945891611278, "mean": 4.187508175848052, "std": 0.09305596847345801, "repeat": 4, "number": 1}]}, "repo.gitrepo.time_get_content_info": {"result": [0.016295315697789192], "stats": [{"ci_99": [0.014995256438851357, 0.01980026252567768], "q_25": 0.015417107380926609, "q_75": 0.01744055259041488, "min": 0.014995256438851357, "max": 0.01980026252567768, "mean": 0.016629358939826488, "std": 0.0014711168875191551, "repeat": 10, "number": 1}]}, "api.testds.time_create_test_dataset1": {"result": [0.6013702321797609], "stats": [{"ci_99": [0.5936626484617591, 0.6203287011012435], "q_25": 0.5990160165820271, "q_75": 0.6068556285463274, "min": 0.5936626484617591, "max": 0.6203287011012435, "mean": 0.6036351733841002, "std": 0.007242552597457508, "repeat": 10, "number": 1}]}, "api.testds.time_create_test_dataset2x2": {"result": [3.5728509738110006], "stats": [{"ci_99": [3.5216134188273602, 3.604311883678133], "q_25": 3.562482762383297, "q_75": 3.57333086268045, "min": 3.5325568793341517, "max": 3.5735917780548334, "mean": 3.5629626512527466, "std": 0.017559583681233382, "repeat": 4, "number": 1}]}, "core.runner.time_echo": {"result": [0.0021279908716678618], "stats": [{"ci_99": [0.0019599700346589087, 0.0022840596735477447], "q_25": 0.0020181731320917605, "q_75": 0.002226965362206101, "min": 0.0019599700346589087, "max": 0.0022840596735477447, "mean": 0.0021240065246820447, "std": 0.00011178422839408621, "repeat": 10, "number": 5}]}, "core.runner.time_echo_gitrunner": {"result": [0.002483466058038175], "stats": [{"ci_99": [0.0020791366696357727, 0.002842846792191267], "q_25": 0.002104851882904768, "q_75": 0.0027500188443809748, "min": 0.0020791366696357727, "max": 0.002842846792191267, "mean": 0.0024490241659805177, "std": 0.00031387721856890343, "repeat": 10, "number": 4}]}, "core.startup.time_help_np": {"result": [0.6016391413286328], "stats": [{"ci_99": [0.5126786585897207, 0.6308905193582177], "q_25": 0.5785242076963186, "q_75": 0.6212766044773161, "min": 0.5126786585897207, "max": 0.6308905193582177, "mean": 0.5936910012736917, "std": 0.034640075212659174, "repeat": 10, "number": 1}]}, "core.startup.time_import": {"result": [0.1863707909360528], "stats": [{"ci_99": [0.13058579619973898, 0.2070286087691784], "q_25": 0.1413812329992652, "q_75": 0.19389042491093278, "min": 0.13058579619973898, "max": 0.2070286087691784, "mean": 0.17167327161878349, "std": 0.028137452813750363, "repeat": 10, "number": 1}]}, "core.startup.time_import_api": {"result": [0.4975084927864373], "stats": [{"ci_99": [0.45884188916534185, 0.5579343307763338], "q_25": 0.4920622268691659, "q_75": 0.49978090124204755, "min": 0.45884188916534185, "max": 0.5579343307763338, "mean": 0.49987338911741974, "std": 0.024312916068827746, "repeat": 10, "number": 1}]}, "support.path.get_parent_paths.time_allsubmods_toplevel": {"result": [0.006881966721266508], "stats": [{"ci_99": [0.006620301865041256, 0.008316775318235159], "q_25": 0.006709133740514517, "q_75": 0.007379482383839786, "min": 0.006620301865041256, "max": 0.008316775318235159, "mean": 0.007119827019050717, "std": 0.0005454539434264545, "repeat": 10, "number": 2}]}, "support.path.get_parent_paths.time_allsubmods_toplevel_only": {"result": [0.0065249858889728785], "stats": [{"ci_99": [0.00592596223577857, 0.008043427485972643], "q_25": 0.005977429100312293, "q_75": 0.007083571865223348, "min": 0.00592596223577857, "max": 0.008043427485972643, "mean": 0.006647610198706388, "std": 0.0007033499223392073, "repeat": 10, "number": 2}]}, "support.path.get_parent_paths.time_no_submods": {"result": [2.9135979845995344e-07], "stats": [{"ci_99": [2.750748592098308e-07, 3.688887820443222e-07], "q_25": 2.7606910817130596e-07, "q_75": 3.273742354467997e-07, "min": 2.750748592098308e-07, "max": 3.688887820443222e-07, "mean": 3.0545658150070756e-07, "std": 3.3478365337039695e-08, "repeat": 10, "number": 38647}]}, "support.path.get_parent_paths.time_one_submod_subdir": {"result": [0.0054590459913015366], "stats": [{"ci_99": [0.0052507189102470875, 0.006941686850041151], "q_25": 0.005261862184852362,