{"results": {"api.supers.time_createadd": {"result": [1.7383538619615138], "stats": [{"ci_99": [1.7230860702693462, 1.7528463024646044], "q_25": 1.7345700762234628, "q_75": 1.7410865179263055, "min": 1.7230860702693462, "max": 1.7528463024646044, "mean": 1.7382341106422246, "std": 0.0074923691419806464, "repeat": 10, "number": 1}]}, "api.supers.time_createadd_to_dataset": {"result": [1.6311928662471473], "stats": [{"ci_99": [1.621427608653903, 1.6674695210531354], "q_25": 1.6239832798019052, "q_75": 1.6418795988429338, "min": 1.621427608653903, "max": 1.6674695210531354, "mean": 1.6352364440448581, "std": 0.013757919660846845, "repeat": 10, "number": 1}]}, "api.supers.time_diff": null, "api.supers.time_diff_recursive": null, "api.supers.time_installr": {"result": [9.395086907316], "stats": [{"ci_99": [9.266784626524895, 9.523389188107103], "q_25": 9.393803884508088, "q_75": 9.39636993012391, "min": 9.392520861700177, "max": 9.397652952931821, "mean": 9.395086907316, "std": 0.002566045615822077, "repeat": 2, "number": 1}]}, "api.supers.time_ls": {"result": [0.25662603694945574], "stats": [{"ci_99": [0.2521659918129444, 0.2669166876003146], "q_25": 0.25428842660039663, "q_75": 0.2594058585818857, "min": 0.2521659918129444, "max": 0.2669166876003146, "mean": 0.25728317685425284, "std": 0.004030532864379973, "repeat": 10, "number": 1}]}, "api.supers.time_ls_recursive": {"result": [2.6176639711484313], "stats": [{"ci_99": [2.6072214180603623, 2.6220832619682217], "q_25": 2.6116275552194566, "q_75": 2.618028357392177, "min": 2.6072214180603623, "max": 2.6190211987122893, "mean": 2.6148892991865673, "std": 0.004624736417237354, "repeat": 6, "number": 1}]}, "api.supers.time_ls_recursive_long_all": {"result": [2.7759433896280825], "stats": [{"ci_99": [2.7642399075716195, 2.7836926920995655], "q_25": 2.7688082593958825, "q_75": 2.7777417111210525, "min": 2.7654406782239676, "max": 2.7816993072628975, "mean": 2.7739662998355925, "std": 0.005979936403435861, "repeat": 6, "number": 1}]}, "api.supers.time_remove": {"result": [8.298626746051013], "stats": [{"ci_99": [7.326185674406588, 9.271067817695439], "q_25": 8.28890233533457, "q_75": 8.308351156767458, "min": 8.279177924618125, "max": 8.318075567483902, "mean": 8.298626746051013, "std": 0.019448821432888508, "repeat": 2, "number": 1}]}, "api.supers.time_status": {"result": [0.8960045543499291], "stats": [{"ci_99": [0.8892162572592497, 0.9003012189641595], "q_25": 0.8951782588846982, "q_75": 0.8967791602481157, "min": 0.8892162572592497, "max": 0.9003012189641595, "mean": 0.895655965153128, "std": 0.0027876018596302396, "repeat": 10, "number": 1}]}, "api.supers.time_status_recursive": {"result": [2.3857845650054514], "stats": [{"ci_99": [2.3745744824409485, 2.4041879596188664], "q_25": 2.3822893295437098, "q_75": 2.3887920908164233, "min": 2.3745744824409485, "max": 2.4041879596188664, "mean": 2.386588395689614, "std": 0.00846406979705943, "repeat": 8, "number": 1}]}, "api.supers.time_subdatasets": {"result": [0.21298095164820552], "stats": [{"ci_99": [0.20928944554179907, 0.21966110821813345], "q_25": 0.2118268075864762, "q_75": 0.21799480030313134, "min": 0.20928944554179907, "max": 0.21966110821813345, "mean": 0.2143371243029833, "std": 0.003572424820465095, "repeat": 10, "number": 1}]}, "api.supers.time_subdatasets_recursive": {"result": [0.669654306024313], "stats": [{"ci_99": [0.6638058265671134, 0.6756557766348124], "q_25": 0.6686562073882669, "q_75": 0.6724262796342373, "min": 0.6638058265671134, "max": 0.6756557766348124, "mean": 0.6700865377672016, "std": 0.003313450146372583, "repeat": 10, "number": 1}]}, "api.supers.time_subdatasets_recursive_first": {"result": [0.18768706638365984], "stats": [{"ci_99": [0.18320761900395155, 0.19430935196578503], "q_25": 0.18523039505816996, "q_75": 0.18939202977344394, "min": 0.18320761900395155, "max": 0.19430935196578503, "mean": 0.1876751652918756, "std": 0.003175850430989066, "repeat": 10, "number": 1}]}, "api.supers.time_uninstall": {"result": [8.113835277035832], "stats": [{"ci_99": [5.6846958957612514, 10.542974658310412], "q_25": 8.089543883223087, "q_75": 8.138126670848578, "min": 8.06525248941034, "max": 8.162418064661324, "mean": 8.113835277035832, "std": 0.04858278762549162, "repeat": 2, "number": 1}]}, "repo.gitrepo.time_get_content_info": {"result": [0.014772042632102966], "stats": [{"ci_99": [0.01425301656126976, 0.015500804409384727], "q_25": 0.014578028582036495, "q_75": 0.014949506148695946, "min": 0.01425301656126976, "max": 0.015500804409384727, "mean": 0.014762042369693518, "std": 0.0003458640231866006, "repeat": 10, "number": 1}]}, "api.testds.time_create_test_dataset1": {"result": [0.9746954338625073], "stats": [{"ci_99": [0.9619965916499496, 1.003270716406405], "q_25": 0.965072562219575, "q_75": 0.9924999661743641, "min": 0.9619965916499496, "max": 1.003270716406405, "mean": 0.9786343950778246, "std": 0.015078193054603225, "repeat": 10, "number": 1}]}, "api.testds.time_create_test_dataset2x2": {"result": [5.033353534992784], "stats": [{"ci_99": [4.983047517482191, 5.083659552503377], "q_25": 5.032850474817678, "q_75": 5.03385659516789, "min": 5.032347414642572, "max": 5.034359655342996, "mean": 5.033353534992784, "std": 0.0010061203502118587, "repeat": 2, "number": 1}]}, "core.runner.time_echo": {"result": [0.0017251181416213512], "stats": [{"ci_99": [0.0017069343787928422, 0.001841978169977665], "q_25": 0.0017118050018325448, "q_75": 0.0017503504641354084, "min": 0.0017069343787928422, "max": 0.001841978169977665, "mean": 0.0017450651153922078, "std": 4.6359883500132945e-05, "repeat": 10, "number": 6}]}, "core.runner.time_echo_gitrunner": {"result": [0.0027844341238960624], "stats": [{"ci_99": [0.0025277261156588793, 0.0032008402049541473], "q_25": 0.0026916954666376114, "q_75": 0.002938350662589073, "min": 0.0025277261156588793, "max": 0.0032008402049541473, "mean": 0.002820078423246741, "std": 0.00019018623317971947, "repeat": 10, "number": 4}]}, "core.startup.time_help_np": {"result": [0.5649785697460175], "stats": [{"ci_99": [0.5152465663850307, 0.6229769112542272], "q_25": 0.5515610268339515, "q_75": 0.5899098829831928, "min": 0.5152465663850307, "max": 0.6229769112542272, "mean": 0.5703419835306704, "std": 0.033562041220734376, "repeat": 10, "number": 1}]}, "core.startup.time_import": {"result": [0.16423704707995057], "stats": [{"ci_99": [0.11863991152495146, 0.203915037214756], "q_25": 0.15269015193916857, "q_75": 0.17491497215814888, "min": 0.11863991152495146, "max": 0.203915037214756, "mean": 0.16387338880449534, "std": 0.025083329947017643, "repeat": 10, "number": 1}]}, "core.startup.time_import_api": {"result": [0.5426856470294297], "stats": [{"ci_99": [0.49938943330198526, 0.5756964571774006], "q_25": 0.5044722363818437, "q_75": 0.5666827980894595, "min": 0.49938943330198526, "max": 0.5756964571774006, "mean": 0.5379539164714515, "std": 0.031327061675673146, "repeat": 10, "number": 1}]}, "support.path.get_parent_paths.time_allsubmods_toplevel": {"result": [0.0076896315440535545], "stats": [{"ci_99": [0.006982419174164534, 0.00881529739126563], "q_25": 0.007289910572580993, "q_75": 0.00818962580524385, "min": 0.006982419174164534, "max": 0.00881529739126563, "mean": 0.007768815895542502, "std": 0.0005808166604510183, "repeat": 10, "number": 2}]}, "support.path.get_parent_paths.time_allsubmods_toplevel_only": {"result": [0.006695684278383851], "stats": [{"ci_99": [0.006218976806849241, 0.007640235126018524], "q_25": 0.006392600596882403, "q_75": 0.007046109647490084, "min": 0.006218976806849241, "max": 0.007640235126018524, "mean": 0.006770302774384618, "std": 0.0004429455456698634, "repeat": 10, "number": 2}]}, "support.path.get_parent_paths.time_no_submods": {"result": [3.193954350363478e-07], "stats": [{"ci_99": [2.9266748756213313e-07, 3.5933255409194164e-07], "q_25": 3.093130127560773e-07, "q_75": 3.333136866060684e-07, "min": 2.9266748756213313e-07, "max": 3.5933255409194164e-07, "mean": 3.2205149064735383e-07,