{"results": {"api.supers.time_createadd": {"result": [1.0474510421045125], "stats": [{"ci_99": [1.0333390701562166, 1.0601815283298492], "q_25": 1.0351673047989607, "q_75": 1.0566176192369312, "min": 1.0333390701562166, "max": 1.0601815283298492, "mean": 1.0464343276806176, "std": 0.010691957465602895, "repeat": 10, "number": 1}]}, "api.supers.time_createadd_to_dataset": {"result": [1.0461677643470466], "stats": [{"ci_99": [1.0292171109467745, 1.0541192321106791], "q_25": 1.0362801649607718, "q_75": 1.0500319490674883, "min": 1.0292171109467745, "max": 1.0541192321106791, "mean": 1.0434097200632095, "std": 0.008677538512239371, "repeat": 10, "number": 1}]}, "api.supers.time_diff": null, "api.supers.time_diff_recursive": null, "api.supers.time_installr": {"result": [4.0101599101908505], "stats": [{"ci_99": [3.8987957804790287, 4.127446335055813], "q_25": 3.975888298591599, "q_75": 4.047392669366673, "min": 3.9715444101020694, "max": 4.060620000585914, "mean": 4.013121057767421, "std": 0.039233556514094735, "repeat": 4, "number": 1}]}, "api.supers.time_ls": {"result": [0.1158494520932436], "stats": [{"ci_99": [0.11208163108676672, 0.12239440064877272], "q_25": 0.11330324201844633, "q_75": 0.11814706725999713, "min": 0.11208163108676672, "max": 0.12239440064877272, "mean": 0.1160557116381824, "std": 0.003138950918243556, "repeat": 10, "number": 1}]}, "api.supers.time_ls_recursive": {"result": [1.064267763402313], "stats": [{"ci_99": [1.051609250716865, 1.0828301645815372], "q_25": 1.0605676188133657, "q_75": 1.0691458829678595, "min": 1.051609250716865, "max": 1.0828301645815372, "mean": 1.0647766840644182, "std": 0.008423145635228679, "repeat": 10, "number": 1}]}, "api.supers.time_ls_recursive_long_all": {"result": [1.2292793141677976], "stats": [{"ci_99": [1.21554362680763, 1.250580876134336], "q_25": 1.2193540334701538, "q_75": 1.2312792944721878, "min": 1.21554362680763, "max": 1.250580876134336, "mean": 1.2280006769113243, "std": 0.009786559990242086, "repeat": 10, "number": 1}]}, "api.supers.time_remove": {"result": [1.9740566448308527], "stats": [{"ci_99": [1.9577639335766435, 1.994320210069418], "q_25": 1.9676150970626622, "q_75": 1.984368667472154, "min": 1.9577639335766435, "max": 1.994320210069418, "mean": 1.975256497389637, "std": 0.012378452623535688, "repeat": 8, "number": 1}]}, "api.supers.time_status": {"result": [0.6824957430362701], "stats": [{"ci_99": [0.67737109772861, 0.6908191489055753], "q_25": 0.6812131654005498, "q_75": 0.6846594067756087, "min": 0.67737109772861, "max": 0.6908191489055753, "mean": 0.6828594415448606, "std": 0.0035862164241196068, "repeat": 10, "number": 1}]}, "api.supers.time_status_recursive": {"result": [1.1434425432235003], "stats": [{"ci_99": [1.136077105998993, 1.1504136268049479], "q_25": 1.140698979375884, "q_75": 1.1463422493543476, "min": 1.136077105998993, "max": 1.1504136268049479, "mean": 1.1433639206923545, "std": 0.0042736204970935275, "repeat": 10, "number": 1}]}, "api.supers.time_subdatasets": {"result": [0.06781670590862632], "stats": [{"ci_99": [0.06058876030147076, 0.0774021977558732], "q_25": 0.06501898379065096, "q_75": 0.07151565817184746, "min": 0.06058876030147076, "max": 0.0774021977558732, "mean": 0.06798903280869126, "std": 0.004902985670665651, "repeat": 10, "number": 1}]}, "api.supers.time_subdatasets_recursive": {"result": [0.2416648892685771], "stats": [{"ci_99": [0.237812508828938, 0.24616785161197186], "q_25": 0.24049371690489352, "q_75": 0.24353109556250274, "min": 0.237812508828938, "max": 0.24616785161197186, "mean": 0.24190706191584468, "std": 0.002667348602336107, "repeat": 10, "number": 1}]}, "api.supers.time_subdatasets_recursive_first": {"result": [0.06752728996798396], "stats": [{"ci_99": [0.06147236842662096, 0.07628677133470774], "q_25": 0.06487195892259479, "q_75": 0.06927770702168345, "min": 0.06147236842662096, "max": 0.07628677133470774, "mean": 0.06749460278078914, "std": 0.003969252702083342, "repeat": 10, "number": 1}]}, "api.supers.time_uninstall": {"result": [1.9339244849979877], "stats": [{"ci_99": [1.9263488138094544, 1.9444044595584273], "q_25": 1.929505908396095, "q_75": 1.9345863286871463, "min": 1.9263488138094544, "max": 1.9444044595584273, "mean": 1.9339720020070672, "std": 0.005596991071009831, "repeat": 10, "number": 1}]}, "repo.gitrepo.time_get_content_info": {"result": [0.020174839533865452], "stats": [{"ci_99": [0.015249775722622871, 0.021794804371893406], "q_25": 0.019023372791707516, "q_75": 0.020817441400140524, "min": 0.015249775722622871, "max": 0.021794804371893406, "mean": 0.01960129840299487, "std": 0.0019315250562989515, "repeat": 10, "number": 1}]}, "api.testds.time_create_test_dataset1": {"result": [0.43153075221925974], "stats": [{"ci_99": [0.4274730384349823, 0.4442344317212701], "q_25": 0.42859803745523095, "q_75": 0.43366183200851083, "min": 0.4274730384349823, "max": 0.4442344317212701, "mean": 0.43253863845020535, "std": 0.004939766446101245, "repeat": 10, "number": 1}]}, "api.testds.time_create_test_dataset2x2": {"result": [2.872247925493866], "stats": [{"ci_99": [2.798120058466042, 2.9671395871027855], "q_25": 2.837995271664113, "q_75": 2.9294818425551057, "min": 2.8280367935076356, "max": 2.948108756914735, "mean": 2.882629822784414, "std": 0.04904150602618564, "repeat": 6, "number": 1}]}, "core.runner.time_echo": {"result": [0.0019273512686292331], "stats": [{"ci_99": [0.0017392681911587715, 0.0022119757098456225], "q_25": 0.001778970278489093, "q_75": 0.0021150180837139487, "min": 0.0017392681911587715, "max": 0.0022119757098456225, "mean": 0.0019497916723291077, "std": 0.00017340447711259116, "repeat": 10, "number": 6}]}, "core.runner.time_echo_gitrunner": {"result": [0.0021100274287164213], "stats": [{"ci_99": [0.00209486149251461, 0.002165502868592739], "q_25": 0.002097686706110835, "q_75": 0.002122658817097545, "min": 0.00209486149251461, "max": 0.002165502868592739, "mean": 0.002115810364484786, "std": 2.1826384341262705e-05, "repeat": 10, "number": 5}]}, "core.startup.time_help_np": {"result": [0.5296700187027454], "stats": [{"ci_99": [0.5147476121783257, 0.5983505127951503], "q_25": 0.5188179109245539, "q_75": 0.5699575850740075, "min": 0.5147476121783257, "max": 0.5983505127951503, "mean": 0.5450914292596281, "std": 0.03134562094318982, "repeat": 10, "number": 1}]}, "core.startup.time_import": {"result": [0.1352179036475718], "stats": [{"ci_99": [0.11713415291160345, 0.19946458749473095], "q_25": 0.11952756042592227, "q_75": 0.16679447144269943, "min": 0.11713415291160345, "max": 0.19946458749473095, "mean": 0.14492620518431068, "std": 0.028246999904070078, "repeat": 10, "number": 1}]}, "core.startup.time_import_api": {"result": [0.4927135123871267], "stats": [{"ci_99": [0.4547538012266159, 0.5517305554822087], "q_25": 0.465976825915277, "q_75": 0.511276084696874, "min": 0.4547538012266159, "max": 0.5517305554822087, "mean": 0.4955054808408022, "std": 0.03327165879715339, "repeat": 10, "number": 1}]}, "support.path.get_parent_paths.time_allsubmods_toplevel": {"result": [0.006868742639198899], "stats": [{"ci_99": [0.006830847356468439, 0.007144538685679436], "q_25": 0.0068613241892308, "q_75": 0.006898018764331937, "min": 0.006830847356468439, "max": 0.007144538685679436, "mean": 0.006911212159320712, "std": 9.551159798718951e-05, "repeat": 10, "number": 2}]}, "support.path.get_parent_paths.time_allsubmods_toplevel_only": {"result": [0.006185302510857582], "stats": [{"ci_99": [0.006127903237938881, 0.007342412602156401], "q_25": 0.006171638844534755, "q_75": 0.006612823577597737, "min": 0.006127903237938881, "max": 0.007342412602156401, "mean": 0.006445933924987912, "std": 0.0004051672007863119, "repeat": 10, "number": 2}]}, "support.path.get_parent_paths.time_no_submods": {"result": [2.979475811959309e-07], "stats": [{"ci_99": [2.75701691832617e-07, 3.722266957519702e-07], "q_25": 2.7694659499321843e-07, "q_75": 3.35163688236132e-07, "min": 2.75701691832617e-07, "max": 3.722266957519702e-07,