{"results": {"api.supers.time_createadd": {"result": [1.3528294204734266], "stats": [{"ci_99": [1.3231930043548346, 1.3753479588776827], "q_25": 1.34445921308361, "q_75": 1.3577157144900411, "min": 1.3231930043548346, "max": 1.3753479588776827, "mean": 1.3518304239027201, "std": 0.014461584471072144, "repeat": 10, "number": 1}]}, "api.supers.time_createadd_to_dataset": {"result": [1.1164814103394747], "stats": [{"ci_99": [1.0962429018691182, 1.1393693555146456], "q_25": 1.106953697744757, "q_75": 1.1189800405409187, "min": 1.0962429018691182, "max": 1.1393693555146456, "mean": 1.1157782319933176, "std": 0.012745369359486126, "repeat": 10, "number": 1}]}, "api.supers.time_diff": {"result": [0.09624890051782131], "stats": [{"ci_99": [0.08926027175039053, 0.10864913463592529], "q_25": 0.09316366817802191, "q_75": 0.1005064572673291, "min": 0.08926027175039053, "max": 0.10864913463592529, "mean": 0.09700929112732411, "std": 0.005746831422077492, "repeat": 10, "number": 1}]}, "api.supers.time_diff_recursive": {"result": [0.30956384958699346], "stats": [{"ci_99": [0.30165915470570326, 0.31629941426217556], "q_25": 0.304691988741979, "q_75": 0.311458335025236, "min": 0.30165915470570326, "max": 0.31629941426217556, "mean": 0.30864727301523087, "std": 0.004628361334767142, "repeat": 10, "number": 1}]}, "api.supers.time_installr": {"result": [3.943549135699868], "stats": [{"ci_99": [3.6985285480278156, 4.186253122728824], "q_25": 3.8604263379238546, "q_75": 4.025513633154333, "min": 3.85619084071368, "max": 4.02627422939986, "mean": 3.942390835378319, "std": 0.08340100406511661, "repeat": 4, "number": 1}]}, "api.supers.time_ls": {"result": [0.7187352553009987], "stats": [{"ci_99": [0.6848961543291807, 0.745557738468051], "q_25": 0.6999499197117984, "q_75": 0.7307296972721815, "min": 0.6848961543291807, "max": 0.745557738468051, "mean": 0.71608105879277, "std": 0.01941502833481786, "repeat": 10, "number": 1}]}, "api.supers.time_ls_recursive": {"result": [2.7578850388526917], "stats": [{"ci_99": [2.5639722822245936, 2.9671192302667135], "q_25": 2.6547766625881195, "q_75": 2.864131286740303, "min": 2.6445036455988884, "max": 2.913046907633543, "mean": 2.7655457562456527, "std": 0.11533657918954261, "repeat": 6, "number": 1}]}, "api.supers.time_ls_recursive_long_all": {"result": [2.853994930163026], "stats": [{"ci_99": [2.7477160951189243, 3.04193829651922], "q_25": 2.8157163015566766, "q_75": 2.9514413769356906, "min": 2.8119064597412944, "max": 3.04193829651922, "mean": 2.891452483522395, "std": 0.08822592677319922, "repeat": 6, "number": 1}]}, "api.supers.time_remove": {"result": [2.0924238404259086], "stats": [{"ci_99": [2.0777354165911674, 2.1375141693279147], "q_25": 2.0915084732696414, "q_75": 2.1043267471250147, "min": 2.0777354165911674, "max": 2.1375141693279147, "mean": 2.0994936083443463, "std": 0.017073363734804625, "repeat": 8, "number": 1}]}, "api.supers.time_status": {"result": [0.68935706326738], "stats": [{"ci_99": [0.6813019262626767, 0.698045707307756], "q_25": 0.6883072690106928, "q_75": 0.6942320615053177, "min": 0.6813019262626767, "max": 0.698045707307756, "mean": 0.690302187949419, "std": 0.00508964526053808, "repeat": 10, "number": 1}]}, "api.supers.time_status_recursive": {"result": [1.1496268259361386], "stats": [{"ci_99": [1.142048543319106, 1.158768244087696], "q_25": 1.1450126278214157, "q_75": 1.1508799819275737, "min": 1.142048543319106, "max": 1.158768244087696, "mean": 1.1487632114440203, "std": 0.004686118374498915, "repeat": 10, "number": 1}]}, "api.supers.time_subdatasets": {"result": [0.054631744511425495], "stats": [{"ci_99": [0.0497533343732357, 0.06539470981806517], "q_25": 0.052241591503843665, "q_75": 0.0556639542337507, "min": 0.0497533343732357, "max": 0.06539470981806517, "mean": 0.05490449536591768, "std": 0.004224785262827268, "repeat": 10, "number": 1}]}, "api.supers.time_subdatasets_recursive": {"result": [0.12625334225594997], "stats": [{"ci_99": [0.11627610772848129, 0.16421178169548512], "q_25": 0.12487937184050679, "q_75": 0.1307718155439943, "min": 0.11627610772848129, "max": 0.16421178169548512, "mean": 0.12978152139112353, "std": 0.01222832580991755, "repeat": 10, "number": 1}]}, "api.supers.time_subdatasets_recursive_first": {"result": [0.052712544333189726], "stats": [{"ci_99": [0.048985499888658524, 0.05900835059583187], "q_25": 0.050658368738368154, "q_75": 0.054701653541997075, "min": 0.048985499888658524, "max": 0.05900835059583187, "mean": 0.05309085194021464, "std": 0.003087875813724962, "repeat": 10, "number": 1}]}, "api.supers.time_uninstall": {"result": [2.188170420471579], "stats": [{"ci_99": [2.1726385690271854, 2.2490389328449965], "q_25": 2.1773276964668185, "q_75": 2.20588287897408, "min": 2.1726385690271854, "max": 2.2490389328449965, "mean": 2.1975140150170773, "std": 0.02609988718127985, "repeat": 8, "number": 1}]}, "repo.gitrepo.time_get_content_info": {"result": [0.021912990137934685], "stats": [{"ci_99": [0.018895529210567474, 0.02503624651581049], "q_25": 0.020244691288098693, "q_75": 0.02271082391962409, "min": 0.018895529210567474, "max": 0.02503624651581049, "mean": 0.021694049518555403, "std": 0.0017092621434062747, "repeat": 10, "number": 1}]}, "api.testds.time_create_test_dataset1": {"result": [0.4407270890660584], "stats": [{"ci_99": [0.4379589771851897, 0.4562420630827546], "q_25": 0.43903353763744235, "q_75": 0.4475645406637341, "min": 0.4379589771851897, "max": 0.4562420630827546, "mean": 0.44404433546587824, "std": 0.006483861402220711, "repeat": 10, "number": 1}]}, "api.testds.time_create_test_dataset2x2": {"result": [2.7650690358132124], "stats": [{"ci_99": [2.738818509733133, 2.8008167082443833], "q_25": 2.754756892565638, "q_75": 2.773722241865471, "min": 2.7438082713633776, "max": 2.8008167082443833, "mean": 2.7671148677666983, "std": 0.018234934195526693, "repeat": 6, "number": 1}]}, "core.runner.time_echo": {"result": [0.0018262983455012243], "stats": [{"ci_99": [0.0017326921224594116, 0.0022829496301710606], "q_25": 0.0017448702516655128, "q_75": 0.002042570927490791, "min": 0.0017326921224594116, "max": 0.0022829496301710606, "mean": 0.001908968854695559, "std": 0.00019140112545752746, "repeat": 10, "number": 6}]}, "core.runner.time_echo_gitrunner": {"result": [0.0025324003072455525], "stats": [{"ci_99": [0.002240445464849472, 0.0029560416005551815], "q_25": 0.0023839702480472624, "q_75": 0.0026462411042302847, "min": 0.002240445464849472, "max": 0.0029560416005551815, "mean": 0.002539285086095333, "std": 0.00021081067613767595, "repeat": 10, "number": 4}]}, "core.startup.time_help_np": {"result": [0.5942767658270895], "stats": [{"ci_99": [0.5591357685625553, 0.6286601843312383], "q_25": 0.5781403137370944, "q_75": 0.6151427326258272, "min": 0.5591357685625553, "max": 0.6286601843312383, "mean": 0.5958275597542524, "std": 0.022608764157311754, "repeat": 10, "number": 1}]}, "core.startup.time_import": {"result": [0.16077826777473092], "stats": [{"ci_99": [0.11435708496719599, 0.17520436365157366], "q_25": 0.15102891344577074, "q_75": 0.16871956596150994, "min": 0.11435708496719599, "max": 0.17520436365157366, "mean": 0.15478107566013932, "std": 0.020646185251625527, "repeat": 10, "number": 1}]}, "core.startup.time_import_api": {"result": [0.4943638197146356], "stats": [{"ci_99": [0.47995361033827066, 0.5085812285542488], "q_25": 0.49029189674183726, "q_75": 0.5043858173303306, "min": 0.47995361033827066, "max": 0.5085812285542488, "mean": 0.495993110165, "std": 0.008818402780083421, "repeat": 10, "number": 1}]}, "support.path.get_parent_paths.time_allsubmods_toplevel": null, "support.path.get_parent_paths.time_allsubmods_toplevel_only": null, "support.path.get_parent_paths.time_no_submods": null, "support.path.get_parent_paths.time_one_submod_subdir": null, "support.path.get_parent_paths.time_one_submod_toplevel": null, "usecases.study_forrest.time_make_studyforrest_mockup": {"result": [35.4399748002179],