{"results": {"api.supers.time_createadd": {"result": [1.2641782141290605], "stats": [{"ci_99": [1.2586820041760802, 1.2876209188252687], "q_25": 1.2610970516689122, "q_75": 1.2707684317138046, "min": 1.2586820041760802, "max": 1.2876209188252687, "mean": 1.2679270574823023, "std": 0.00924255156544521, "repeat": 10, "number": 1}]}, "api.supers.time_createadd_to_dataset": {"result": [1.226855706423521], "stats": [{"ci_99": [1.2108808383345604, 1.2617423553019762], "q_25": 1.2229228776413947, "q_75": 1.2360723579768091, "min": 1.2108808383345604, "max": 1.2617423553019762, "mean": 1.2314898022450507, "std": 0.014800975817104295, "repeat": 10, "number": 1}]}, "api.supers.time_diff": null, "api.supers.time_diff_recursive": null, "api.supers.time_installr": {"result": [5.025327035225928], "stats": [{"ci_99": [3.692432136274874, 6.358221934176981], "q_25": 5.011998086236417, "q_75": 5.038655984215438, "min": 4.998669137246907, "max": 5.051984933204949, "mean": 5.025327035225928, "std": 0.026657897979021072, "repeat": 2, "number": 1}]}, "api.supers.time_ls": {"result": [0.18222363898530602], "stats": [{"ci_99": [0.1797317499294877, 0.1960483705624938], "q_25": 0.181424098322168, "q_75": 0.1857486239168793, "min": 0.1797317499294877, "max": 0.1960483705624938, "mean": 0.1849816839210689, "std": 0.005637418070053276, "repeat": 10, "number": 1}]}, "api.supers.time_ls_recursive": {"result": [1.7686644117347896], "stats": [{"ci_99": [1.7636313186958432, 1.786583747714758], "q_25": 1.7656201820354909, "q_75": 1.7801068148110062, "min": 1.7636313186958432, "max": 1.786583747714758, "mean": 1.7723302918486297, "std": 0.008327747832729967, "repeat": 10, "number": 1}]}, "api.supers.time_ls_recursive_long_all": {"result": [1.9457002845592797], "stats": [{"ci_99": [1.9293523952364922, 1.9705869760364294], "q_25": 1.932014212012291, "q_75": 1.9529751252848655, "min": 1.9293523952364922, "max": 1.9705869760364294, "mean": 1.9450359095353633, "std": 0.013279596978923437, "repeat": 8, "number": 1}]}, "api.supers.time_remove": null, "api.supers.time_status": {"result": [0.722008800599724], "stats": [{"ci_99": [0.7146965190768242, 0.735760054551065], "q_25": 0.7174090673215687, "q_75": 0.7274164117407054, "min": 0.7146965190768242, "max": 0.735760054551065, "mean": 0.7236089706420898, "std": 0.007210447319699382, "repeat": 10, "number": 1}]}, "api.supers.time_status_recursive": {"result": [1.3663374274037778], "stats": [{"ci_99": [1.3585048988461494, 1.3702355483546853], "q_25": 1.363980880472809, "q_75": 1.3676883592270315, "min": 1.3585048988461494, "max": 1.3702355483546853, "mean": 1.3657521408982576, "std": 0.003207497750331875, "repeat": 10, "number": 1}]}, "api.supers.time_subdatasets": {"result": [0.08168379589915276], "stats": [{"ci_99": [0.08069340232759714, 0.08464614395052195], "q_25": 0.08090904634445906, "q_75": 0.0834351028315723, "min": 0.08069340232759714, "max": 0.08464614395052195, "mean": 0.08221658244729042, "std": 0.0014262792762996196, "repeat": 10, "number": 1}]}, "api.supers.time_subdatasets_recursive": {"result": [0.416652194224298], "stats": [{"ci_99": [0.413227666169405, 0.4208741020411253], "q_25": 0.41411559539847076, "q_75": 0.41848400328308344, "min": 0.413227666169405, "max": 0.4208741020411253, "mean": 0.4164989521726966, "std": 0.002518553864477197, "repeat": 10, "number": 1}]}, "api.supers.time_subdatasets_recursive_first": {"result": [0.08259124588221312], "stats": [{"ci_99": [0.08022257033735514, 0.0845386553555727], "q_25": 0.08140545571222901, "q_75": 0.08362443838268518, "min": 0.08022257033735514, "max": 0.0845386553555727, "mean": 0.08243927462026476, "std": 0.0013693231276621699, "repeat": 10, "number": 1}]}, "api.supers.time_uninstall": {"result": [4.1256999359466136], "stats": [{"ci_99": [4.115929991888321, 4.135989080698722], "q_25": 4.123985862592235, "q_75": 4.1276736096479, "min": 4.121043846011162, "max": 4.131394427269697, "mean": 4.1259595362935215, "std": 0.0037051514840902803, "repeat": 4, "number": 1}]}, "repo.gitrepo.time_get_content_info": {"result": [0.01613586349412799], "stats": [{"ci_99": [0.014694147743284702, 0.020950669422745705], "q_25": 0.014966042479500175, "q_75": 0.01750467694364488, "min": 0.014694147743284702, "max": 0.020950669422745705, "mean": 0.016811871994286777, "std": 0.002252954436305987, "repeat": 10, "number": 1}]}, "api.testds.time_create_test_dataset1": {"result": [0.6003634161315858], "stats": [{"ci_99": [0.5955229355022311, 0.6039447244256735], "q_25": 0.5986334339249879, "q_75": 0.6015412772540003, "min": 0.5955229355022311, "max": 0.6039447244256735, "mean": 0.6000127654522658, "std": 0.002642884974570363, "repeat": 10, "number": 1}]}, "api.testds.time_create_test_dataset2x2": {"result": [3.6823728131130338], "stats": [{"ci_99": [3.610590885724341, 3.749231571466262], "q_25": 3.664760299725458, "q_75": 3.6975237419828773, "min": 3.6443566735833883, "max": 3.71054261457175, "mean": 3.6799112285953015, "std": 0.02474012733949631, "repeat": 4, "number": 1}]}, "core.runner.time_echo": {"result": [0.0017884351933995881], "stats": [{"ci_99": [0.0017140827452143033, 0.0018823592302699883], "q_25": 0.0017349458454797666, "q_75": 0.0018176437976459663, "min": 0.0017140827452143033, "max": 0.0018823592302699883, "mean": 0.0017828874289989468, "std": 5.193728250451295e-05, "repeat": 10, "number": 6}]}, "core.runner.time_echo_gitrunner": {"result": [0.0023957956582307816], "stats": [{"ci_99": [0.0020853460300713778, 0.0029658384155482054], "q_25": 0.0022337842965498567, "q_75": 0.0026167926262132823, "min": 0.0020853460300713778, "max": 0.0029658384155482054, "mean": 0.0024460306158289313, "std": 0.0002723989080672787, "repeat": 10, "number": 4}]}, "core.startup.time_help_np": {"result": [0.5870436131954193], "stats": [{"ci_99": [0.5350998993963003, 0.6424538223072886], "q_25": 0.5786974595393986, "q_75": 0.6086036784108728, "min": 0.5350998993963003, "max": 0.6424538223072886, "mean": 0.5901118380017578, "std": 0.028303436951261474, "repeat": 10, "number": 1}]}, "core.startup.time_import": {"result": [0.15485410718247294], "stats": [{"ci_99": [0.113955307751894, 0.18114150036126375], "q_25": 0.14497677935287356, "q_75": 0.160295772831887, "min": 0.113955307751894, "max": 0.18114150036126375, "mean": 0.15215442124754192, "std": 0.0196164752395131, "repeat": 10, "number": 1}]}, "core.startup.time_import_api": {"result": [0.48489246843382716], "stats": [{"ci_99": [0.466032974421978, 0.5595687450841069], "q_25": 0.4676365368068218, "q_75": 0.5323336962610483, "min": 0.466032974421978, "max": 0.5595687450841069, "mean": 0.501516062580049, "std": 0.03717200742638477, "repeat": 10, "number": 1}]}, "support.path.get_parent_paths.time_allsubmods_toplevel": {"result": [0.0070447928737849], "stats": [{"ci_99": [0.006622158456593752, 0.008461595512926579], "q_25": 0.006742758676409721, "q_75": 0.007483069668523967, "min": 0.006622158456593752, "max": 0.008461595512926579, "mean": 0.007214901736006141, "std": 0.0005683629067385779, "repeat": 10, "number": 2}]}, "support.path.get_parent_paths.time_allsubmods_toplevel_only": {"result": [0.006255439016968012], "stats": [{"ci_99": [0.0058970688842237, 0.008131463080644608], "q_25": 0.006003926740959287, "q_75": 0.007171623990871012, "min": 0.0058970688842237, "max": 0.008131463080644608, "mean": 0.006616464210674166, "std": 0.0007555298910375644, "repeat": 10, "number": 2}]}, "support.path.get_parent_paths.time_no_submods": {"result": [2.7899741395536585e-07], "stats": [{"ci_99": [2.761145101465598e-07, 2.95100677207482e-07], "q_25": 2.768665789524342e-07, "q_75": 2.875142139364887e-07, "min": 2.761145101465598e-07, "max": 2.95100677207482e-07, "mean": 2.8242282927096717e-07, "std": 6.930773419561441e-09, "repeat": 10, "number": 33536}]}, "support.path.get_parent_paths.time_one_submod_subdir": {"result": [0.005164942238479853], "stats": [{"ci_99": [0.005051591899245977, 0.005201042629778385], "q_25": 0.005159469204954803, "q_75": 0.00518088333774358,