{"results": {"api.supers.time_createadd": {"result": [1.302243352867663], "stats": [{"ci_99": [1.2891937224194407, 1.3299010517075658], "q_25": 1.2963872149121016, "q_75": 1.3143090943340212, "min": 1.2891937224194407, "max": 1.3299010517075658, "mean": 1.3056947433389723, "std": 0.012418471224271824, "repeat": 10, "number": 1}]}, "api.supers.time_createadd_to_dataset": {"result": [1.245820292737335], "stats": [{"ci_99": [1.2357404194772243, 1.2681105639785528], "q_25": 1.2433581047225744, "q_75": 1.253506610635668, "min": 1.2357404194772243, "max": 1.2681105639785528, "mean": 1.2483819636516273, "std": 0.008719883596327548, "repeat": 10, "number": 1}]}, "api.supers.time_diff": null, "api.supers.time_diff_recursive": null, "api.supers.time_installr": {"result": [5.5239805723540485], "stats": [{"ci_99": [5.453953473363072, 5.594007671345025], "q_25": 5.523280301364139, "q_75": 5.524680843343958, "min": 5.522580030374229, "max": 5.525381114333868, "mean": 5.5239805723540485, "std": 0.0014005419798195362, "repeat": 2, "number": 1}]}, "api.supers.time_ls": {"result": [0.18348462181165814], "stats": [{"ci_99": [0.18084390182048082, 0.19587424490600824], "q_25": 0.1816605650819838, "q_75": 0.19025732576847076, "min": 0.18084390182048082, "max": 0.19587424490600824, "mean": 0.18583212476223707, "std": 0.005110696186709615, "repeat": 10, "number": 1}]}, "api.supers.time_ls_recursive": {"result": [1.7903822707012296], "stats": [{"ci_99": [1.783226733095944, 1.7972236787900329], "q_25": 1.7874085211660713, "q_75": 1.7923630399163812, "min": 1.783226733095944, "max": 1.7972236787900329, "mean": 1.7898760056123137, "std": 0.004262903372896032, "repeat": 10, "number": 1}]}, "api.supers.time_ls_recursive_long_all": {"result": [1.942316120956093], "stats": [{"ci_99": [1.940348220989108, 1.9632003651931882], "q_25": 1.9411539395805448, "q_75": 1.9589356044307351, "min": 1.940348220989108, "max": 1.9632003651931882, "mean": 1.948548918007873, "std": 0.00933740547186968, "repeat": 8, "number": 1}]}, "api.supers.time_remove": null, "api.supers.time_status": {"result": [0.7231916510500014], "stats": [{"ci_99": [0.7144735883921385, 0.7352971760556102], "q_25": 0.7218222143128514, "q_75": 0.7264467407949269, "min": 0.7144735883921385, "max": 0.7352971760556102, "mean": 0.7240154451690615, "std": 0.005286684932397285, "repeat": 10, "number": 1}]}, "api.supers.time_status_recursive": {"result": [1.3683958663605154], "stats": [{"ci_99": [1.3621001411229372, 1.387583983130753], "q_25": 1.365387104684487, "q_75": 1.3699082513339818, "min": 1.3621001411229372, "max": 1.387583983130753, "mean": 1.3691568810492754, "std": 0.0068190407179555875, "repeat": 10, "number": 1}]}, "api.supers.time_subdatasets": {"result": [0.09696260746568441], "stats": [{"ci_99": [0.09398037288337946, 0.09827129077166319], "q_25": 0.09581747348420322, "q_75": 0.09752031625248492, "min": 0.09398037288337946, "max": 0.09827129077166319, "mean": 0.09660780979320407, "std": 0.001205419959117465, "repeat": 10, "number": 1}]}, "api.supers.time_subdatasets_recursive": {"result": [0.4279586165212095], "stats": [{"ci_99": [0.42390966694802046, 0.43644624669104815], "q_25": 0.42516145505942404, "q_75": 0.4316218215972185, "min": 0.42390966694802046, "max": 0.43644624669104815, "mean": 0.4289010867476463, "std": 0.004374423769690926, "repeat": 10, "number": 1}]}, "api.supers.time_subdatasets_recursive_first": {"result": [0.09586436813697219], "stats": [{"ci_99": [0.09291988424956799, 0.10277963150292635], "q_25": 0.09492089110426605, "q_75": 0.09680692246183753, "min": 0.09291988424956799, "max": 0.10277963150292635, "mean": 0.09674314856529236, "std": 0.002986829199008899, "repeat": 10, "number": 1}]}, "api.supers.time_uninstall": {"result": [4.257893784437329], "stats": [{"ci_99": [4.233804539279379, 4.293601637272798], "q_25": 4.256047943141311, "q_75": 4.265548929572105, "min": 4.254293506033719, "max": 4.284731278195977, "mean": 4.263703088276088, "std": 0.012261743548262675, "repeat": 4, "number": 1}]}, "repo.gitrepo.time_get_content_info": {"result": [0.014971198979765177], "stats": [{"ci_99": [0.014101562090218067, 0.017329363152384758], "q_25": 0.014753431547433138, "q_75": 0.015683115227147937, "min": 0.014101562090218067, "max": 0.017329363152384758, "mean": 0.015251543745398522, "std": 0.0008608524044881636, "repeat": 10, "number": 1}]}, "api.testds.time_create_test_dataset1": {"result": [0.6145344879478216], "stats": [{"ci_99": [0.611020571552217, 0.6307813562452793], "q_25": 0.6130371312610805, "q_75": 0.6190445774700493, "min": 0.611020571552217, "max": 0.6307813562452793, "mean": 0.6170973950065672, "std": 0.005782848198005336, "repeat": 10, "number": 1}]}, "api.testds.time_create_test_dataset2x2": {"result": [3.8088721754029393], "stats": [{"ci_99": [3.751179447206104, 3.853352305205171], "q_25": 3.7942485997918993, "q_75": 3.816889451816678, "min": 3.77112062741071, "max": 3.8201985266059637, "mean": 3.802265876205638, "std": 0.01919965232897561, "repeat": 4, "number": 1}]}, "core.runner.time_echo": {"result": [0.0017044097850365298], "stats": [{"ci_99": [0.0016902600015912736, 0.0018219687044620514], "q_25": 0.0017005403393081254, "q_75": 0.0017274116565074238, "min": 0.0016902600015912736, "max": 0.0018219687044620514, "mean": 0.0017263093697173256, "std": 4.369581342662684e-05, "repeat": 10, "number": 7}]}, "core.runner.time_echo_gitrunner": {"result": [0.0026019911747425795], "stats": [{"ci_99": [0.002334194490686059, 0.0029029049910604954], "q_25": 0.0024575815186835825, "q_75": 0.0027309178840368986, "min": 0.002334194490686059, "max": 0.0029029049910604954, "mean": 0.0026047257939353584, "std": 0.00016811825274329472, "repeat": 10, "number": 4}]}, "core.startup.time_help_np": {"result": [0.5738998558372259], "stats": [{"ci_99": [0.5659044412896037, 0.667233849875629], "q_25": 0.5714429141953588, "q_75": 0.6042649315204471, "min": 0.5659044412896037, "max": 0.667233849875629, "mean": 0.5939280865713954, "std": 0.03286476123506618, "repeat": 10, "number": 1}]}, "core.startup.time_import": {"result": [0.1459340611472726], "stats": [{"ci_99": [0.11421553883701563, 0.2064515445381403], "q_25": 0.1251438253093511, "q_75": 0.163003948982805, "min": 0.11421553883701563, "max": 0.2064515445381403, "mean": 0.14863383825868368, "std": 0.028460630186373105, "repeat": 10, "number": 1}]}, "core.startup.time_import_api": {"result": [0.5176761467009783], "stats": [{"ci_99": [0.4529372313991189, 0.5738641992211342], "q_25": 0.47769703227095306, "q_75": 0.5283350460231304, "min": 0.4529372313991189, "max": 0.5738641992211342, "mean": 0.511828622687608, "std": 0.03926868091663393, "repeat": 10, "number": 1}]}, "support.path.get_parent_paths.time_allsubmods_toplevel": {"result": [0.006781772477552295], "stats": [{"ci_99": [0.006703635677695274, 0.0072902655228972435], "q_25": 0.006736792391166091, "q_75": 0.006820266367867589, "min": 0.006703635677695274, "max": 0.0072902655228972435, "mean": 0.006828532321378589, "std": 0.00016377717811764684, "repeat": 10, "number": 2}]}, "support.path.get_parent_paths.time_allsubmods_toplevel_only": {"result": [0.006272144382819533], "stats": [{"ci_99": [0.006000102031975985, 0.008033056277781725], "q_25": 0.006063380860723555, "q_75": 0.00705684965942055, "min": 0.006000102031975985, "max": 0.008033056277781725, "mean": 0.00661945347674191, "std": 0.0006878718209550203, "repeat": 10, "number": 2}]}, "support.path.get_parent_paths.time_no_submods": {"result": [2.9372904346489006e-07], "stats": [{"ci_99": [2.914040573986642e-07, 3.8496310633982757e-07], "q_25": 2.916602049711568e-07, "q_75": 3.131110196170423e-07, "min": 2.914040573986642e-07, "max": 3.8496310633982757e-07, "mean": 3.081336820987013e-07, "std": 2.8347747908667222e-08, "repeat": 10, "number": 28189}]}, "support.path.get_parent_paths.time_one_submod_subdir": {"result": [0.005483682034537196], "stats": [{"ci_99": [0.005213595926761627, 0.006828061770647764], "q_25": 0.005339192342944443,