{"results": {"api.supers.time_createadd": {"result": [1.3732890919782221], "stats": [{"ci_99": [1.3513513579964638, 1.3812031727284193], "q_25": 1.3704088211525232, "q_75": 1.3746932928916067, "min": 1.3513513579964638, "max": 1.3812031727284193, "mean": 1.371650685556233, "std": 0.0077571256395251465, "repeat": 10, "number": 1}]}, "api.supers.time_createadd_to_dataset": {"result": [1.126388777513057], "stats": [{"ci_99": [1.1095213619992137, 1.1472283778712153], "q_25": 1.1209407127462327, "q_75": 1.1318338802084327, "min": 1.1095213619992137, "max": 1.1472283778712153, "mean": 1.1268358406610788, "std": 0.01055343627684724, "repeat": 10, "number": 1}]}, "api.supers.time_diff": {"result": [0.1038001673296094], "stats": [{"ci_99": [0.0876307524740696, 0.11699285078793764], "q_25": 0.1013048633467406, "q_75": 0.11164186988025904, "min": 0.0876307524740696, "max": 0.11699285078793764, "mean": 0.1041054624132812, "std": 0.009064706260813177, "repeat": 10, "number": 1}]}, "api.supers.time_diff_recursive": {"result": [0.3160437890328467], "stats": [{"ci_99": [0.30116214137524366, 0.32832867093384266], "q_25": 0.3105946823488921, "q_75": 0.3219696457963437, "min": 0.30116214137524366, "max": 0.32832867093384266, "mean": 0.3153400464914739, "std": 0.008416233008495873, "repeat": 10, "number": 1}]}, "api.supers.time_installr": {"result": [3.939098797738552], "stats": [{"ci_99": [3.8602907549363437, 4.044342809472526], "q_25": 3.9276669553946704, "q_75": 3.963748624548316, "min": 3.919627924449742, "max": 4.011441608890891, "mean": 3.9523167822044343, "std": 0.035591212313387924, "repeat": 4, "number": 1}]}, "api.supers.time_ls": {"result": [0.1443997393362224], "stats": [{"ci_99": [0.1388553362339735, 0.18419346027076244], "q_25": 0.14313808642327785, "q_75": 0.1473850435577333, "min": 0.1388553362339735, "max": 0.18419346027076244, "mean": 0.14876243071630596, "std": 0.012329696637364064, "repeat": 10, "number": 1}]}, "api.supers.time_ls_recursive": {"result": [1.242655380629003], "stats": [{"ci_99": [1.2237973883748055, 1.2514709904789925], "q_25": 1.2359990207478404, "q_75": 1.245875553227961, "min": 1.2237973883748055, "max": 1.2514709904789925, "mean": 1.2404283434152603, "std": 0.008054715379311737, "repeat": 10, "number": 1}]}, "api.supers.time_ls_recursive_long_all": {"result": [1.392710693180561], "stats": [{"ci_99": [1.3792876964434981, 1.4029336515814066], "q_25": 1.3850828888826072, "q_75": 1.3971908984240144, "min": 1.3792876964434981, "max": 1.4029336515814066, "mean": 1.3916312801651656, "std": 0.007426484503560921, "repeat": 10, "number": 1}]}, "api.supers.time_remove": {"result": [2.12536418158561], "stats": [{"ci_99": [2.111343034543097, 2.1728209499269724], "q_25": 2.113903354620561, "q_75": 2.1383398855105042, "min": 2.111343034543097, "max": 2.1728209499269724, "mean": 2.1304070008918643, "std": 0.01966046663510785, "repeat": 8, "number": 1}]}, "api.supers.time_status": null, "api.supers.time_status_recursive": null, "api.supers.time_subdatasets": {"result": [0.05142601113766432], "stats": [{"ci_99": [0.047241128981113434, 0.05825080256909132], "q_25": 0.048408646835014224, "q_75": 0.054066133219748735, "min": 0.047241128981113434, "max": 0.05825080256909132, "mean": 0.05159597871825099, "std": 0.003584825727508297, "repeat": 10, "number": 1}]}, "api.supers.time_subdatasets_recursive": {"result": [0.12295358721166849], "stats": [{"ci_99": [0.11858910508453846, 0.13593876734375954], "q_25": 0.11948734149336815, "q_75": 0.12821321282535791, "min": 0.11858910508453846, "max": 0.13593876734375954, "mean": 0.12439487325027584, "std": 0.0057062491158602156, "repeat": 10, "number": 1}]}, "api.supers.time_subdatasets_recursive_first": {"result": [0.05590444942936301], "stats": [{"ci_99": [0.047074721194803715, 0.06142390798777342], "q_25": 0.052735480247065425, "q_75": 0.05785142001695931, "min": 0.047074721194803715, "max": 0.06142390798777342, "mean": 0.05500679826363921, "std": 0.0044336199306160935, "repeat": 10, "number": 1}]}, "api.supers.time_uninstall": {"result": [2.2375601110979915], "stats": [{"ci_99": [2.2038187412545085, 2.248419831506908], "q_25": 2.2260326168034226, "q_75": 2.2408599557820708, "min": 2.2038187412545085, "max": 2.248419831506908, "mean": 2.2322682794183493, "std": 0.014527941759772022, "repeat": 8, "number": 1}]}, "repo.gitrepo.time_get_content_info": null, "api.testds.time_create_test_dataset1": {"result": [0.43105889530852437], "stats": [{"ci_99": [0.42690648045390844, 0.4384855590760708], "q_25": 0.4274952544365078, "q_75": 0.4340065198484808, "min": 0.42690648045390844, "max": 0.4384855590760708, "mean": 0.4312439621426165, "std": 0.0038754503051066846, "repeat": 10, "number": 1}]}, "api.testds.time_create_test_dataset2x2": {"result": [3.29361295606941], "stats": [{"ci_99": [3.252804411703093, 3.3452980928122997], "q_25": 3.2736189304850996, "q_75": 3.3043097949121147, "min": 3.2633892111480236, "max": 3.3452980928122997, "mean": 3.2951238132081926, "std": 0.027243771727162004, "repeat": 6, "number": 1}]}, "core.runner.time_echo": {"result": [0.0019033412293841443], "stats": [{"ci_99": [0.0017334770721693833, 0.002303134649991989], "q_25": 0.0017470759339630604, "q_75": 0.0021399108227342367, "min": 0.0017334770721693833, "max": 0.002303134649991989, "mean": 0.0019540229657044016, "std": 0.00021418380630938458, "repeat": 10, "number": 6}]}, "core.runner.time_echo_gitrunner": {"result": [0.002410141285508871], "stats": [{"ci_99": [0.0021257998887449503, 0.002826584270223975], "q_25": 0.0022181804524734616, "q_75": 0.002576822182163596, "min": 0.0021257998887449503, "max": 0.002826584270223975, "mean": 0.0024277166463434695, "std": 0.00023790798681283382, "repeat": 10, "number": 4}]}, "core.startup.time_help_np": {"result": [0.5656754467636347], "stats": [{"ci_99": [0.5157291358336806, 0.6286287903785706], "q_25": 0.5494026180822402, "q_75": 0.6040312261320651, "min": 0.5157291358336806, "max": 0.6286287903785706, "mean": 0.573001769836992, "std": 0.03441135449076977, "repeat": 10, "number": 1}]}, "core.startup.time_import": {"result": [0.1566964448429644], "stats": [{"ci_99": [0.11209013406187296, 0.1924741379916668], "q_25": 0.12881786795333028, "q_75": 0.17921477719210088, "min": 0.11209013406187296, "max": 0.1924741379916668, "mean": 0.1541968395933509, "std": 0.026977132655250712, "repeat": 10, "number": 1}]}, "core.startup.time_import_api": {"result": [0.49326159758493304], "stats": [{"ci_99": [0.4642609218135476, 0.5584552520886064], "q_25": 0.480288204504177, "q_75": 0.5093205373268574, "min": 0.4642609218135476, "max": 0.5584552520886064, "mean": 0.4986921907402575, "std": 0.026357143247858858, "repeat": 10, "number": 1}]}, "support.path.get_parent_paths.time_allsubmods_toplevel": null, "support.path.get_parent_paths.time_allsubmods_toplevel_only": null, "support.path.get_parent_paths.time_no_submods": null, "support.path.get_parent_paths.time_one_submod_subdir": null, "support.path.get_parent_paths.time_one_submod_toplevel": null, "usecases.study_forrest.time_make_studyforrest_mockup": {"result": [36.3767080209218], "stats": [{"ci_99": [13.91272544534877, 58.84069059649481], "q_25": 36.152068195166066, "q_75": 36.60134784667753, "min": 35.927428369410336, "max": 36.82598767243326, "mean": 36.3767080209218, "std": 0.44927965151146054, "repeat": 2, "number": 1}]}, "core.runner.track_overhead_100ms": 1.07, "core.runner.track_overhead_echo": 35.71, "core.runner.track_overhead_heavyout": -3.08, "core.runner.track_overhead_heavyout_online_process": 1888.01, "core.runner.track_overhead_heavyout_online_through": 38.34}, "params": {"arch": "x86_64", "cpu": "Intel(R) Xeon(R) CPU E5-1607 v2 @ 3.00GHz", "machine": "drogon-neurodebian0.20200209.1", "os": "Linux 4.9.0-9-amd64", "ram": "65948008", "python": "3.7"}, "requirements": {}, "commit_hash": "fe59434cf45f7679e56e72dae9a53c32e6c6be19", "date": 1550716677000, "env_name": "virtualenv-py3.7", "python": "3.7", "profiles": {},